{"type": "FeatureCollection", "features": [{"type": "Feature", "geometry": {"type": "Polygon", "coordinates": [[[86.06, 26.965999999999998], [86.06, 26.964], [86.062, 26.964], [86.062, 26.965999999999998], [86.06, 26.965999999999998]]]}, "properties": {"class": "flood", "source": "UNOSAT S-1 2024-09-27"}}, {"type": "Feature", "geometry": {"type": "Polygon", "coordinates": [[[86.31400000000001, 26.964], [86.31400000000001, 26.962], [86.316, 26.962], [86.316, 26.964], [86.31400000000001, 26.964]]]}, "properties": {"class": "flood", "source": "UNOSAT S-1 2024-09-27"}}, {"type": "Feature", "geometry": {"type": "Polygon", "coordinates": [[[86.33800000000001, 26.964], [86.33800000000001, 26.962], [86.34, 26.962], [86.34, 26.964], [86.33800000000001, 26.964]]]}, "properties": {"class": "flood", "source": "UNOSAT S-1 2024-09-27"}}, {"type": "Feature", "geometry": {"type": "Polygon", "coordinates": [[[86.272, 26.954], [86.272, 26.951999999999998], [86.274, 26.951999999999998], [86.274, 26.954], [86.272, 26.954]]]}, "properties": {"class": "flood", "source": "UNOSAT S-1 2024-09-27"}}, {"type": "Feature", "geometry": {"type": "Polygon", "coordinates": [[[86.292, 26.951999999999998], [86.292, 26.95], [86.294, 26.95], [86.294, 26.951999999999998], [86.292, 26.951999999999998]]]}, "properties": {"class": "flood", "source": "UNOSAT S-1 2024-09-27"}}, {"type": "Feature", "geometry": {"type": "Polygon", "coordinates": [[[86.274, 26.945999999999998], [86.274, 26.944], [86.276, 26.944], [86.276, 26.945999999999998], [86.274, 26.945999999999998]]]}, "properties": {"class": "flood", "source": "UNOSAT S-1 2024-09-27"}}, {"type": "Feature", "geometry": {"type": "Polygon", "coordinates": [[[86.406, 26.933999999999997], [86.406, 26.932], [86.408, 26.932], [86.408, 26.933999999999997], [86.406, 26.933999999999997]]]}, "properties": {"class": "flood", "source": "UNOSAT S-1 2024-09-27"}}, {"type": "Feature", "geometry": {"type": "Polygon", "coordinates": [[[86.086, 26.932], [86.086, 26.93], [86.08800000000001, 26.93], [86.08800000000001, 26.932], [86.086, 26.932]]]}, "properties": {"class": "flood", "source": "UNOSAT S-1 2024-09-27"}}, {"type": "Feature", "geometry": {"type": "Polygon", "coordinates": [[[86.146, 26.927999999999997], [86.146, 26.926], [86.148, 26.926], [86.148, 26.927999999999997], [86.146, 26.927999999999997]]]}, "properties": {"class": "flood", "source": "UNOSAT S-1 2024-09-27"}}, {"type": "Feature", "geometry": {"type": "Polygon", "coordinates": [[[86.142, 26.926], [86.142, 26.924], [86.144, 26.924], [86.144, 26.926], [86.142, 26.926]]]}, "properties": {"class": "flood", "source": "UNOSAT S-1 2024-09-27"}}, {"type": "Feature", "geometry": {"type": "Polygon", "coordinates": [[[86.14, 26.924], [86.14, 26.922], [86.142, 26.922], [86.142, 26.924], [86.14, 26.924]]]}, "properties": {"class": "flood", "source": "UNOSAT S-1 2024-09-27"}}, {"type": "Feature", "geometry": {"type": "Polygon", "coordinates": [[[86.258, 26.924], [86.258, 26.922], [86.26, 26.922], [86.26, 26.924], [86.258, 26.924]]]}, "properties": {"class": "flood", "source": "UNOSAT S-1 2024-09-27"}}, {"type": "Feature", "geometry": {"type": "Polygon", "coordinates": [[[86.134, 26.919999999999998], [86.134, 26.918], [86.138, 26.918], [86.138, 26.919999999999998], [86.134, 26.919999999999998]]]}, "properties": {"class": "flood", "source": "UNOSAT S-1 2024-09-27"}}, {"type": "Feature", "geometry": {"type": "Polygon", "coordinates": [[[86.132, 26.916], [86.132, 26.913999999999998], [86.134, 26.913999999999998], [86.134, 26.916], [86.132, 26.916]]]}, "properties": {"class": "flood", "source": "UNOSAT S-1 2024-09-27"}}, {"type": "Feature", "geometry": {"type": "Polygon", "coordinates": [[[86.132, 26.91], [86.132, 26.907999999999998], [86.134, 26.907999999999998], [86.134, 26.91], [86.132, 26.91]]]}, "properties": {"class": "flood", "source": "UNOSAT S-1 2024-09-27"}}, {"type": "Feature", "geometry": {"type": "Polygon", "coordinates": [[[86.136, 26.906], [86.136, 26.904], [86.138, 26.904], [86.138, 26.906], [86.136, 26.906]]]}, "properties": {"class": "flood", "source": "UNOSAT S-1 2024-09-27"}}, {"type": "Feature", "geometry": {"type": "Polygon", "coordinates": [[[86.134, 26.901999999999997], [86.136, 26.898], [86.138, 26.898], [86.138, 26.901999999999997], [86.134, 26.901999999999997]]]}, "properties": {"class": "flood", "source": "UNOSAT S-1 2024-09-27"}}, {"type": "Feature", "geometry": {"type": "Polygon", "coordinates": [[[86.206, 26.9], [86.206, 26.898], [86.21000000000001, 26.898], [86.21000000000001, 26.9], [86.206, 26.9]]]}, "properties": {"class": "flood", "source": "UNOSAT S-1 2024-09-27"}}, {"type": "Feature", "geometry": {"type": "Polygon", "coordinates": [[[86.138, 26.898], [86.138, 26.895999999999997], [86.14, 26.895999999999997], [86.14, 26.898], [86.138, 26.898]]]}, "properties": {"class": "flood", "source": "UNOSAT S-1 2024-09-27"}}, {"type": "Feature", "geometry": {"type": "Polygon", "coordinates": [[[86.138, 26.894], [86.138, 26.892], [86.14, 26.892], [86.14, 26.894], [86.138, 26.894]]]}, "properties": {"class": "flood", "source": "UNOSAT S-1 2024-09-27"}}, {"type": "Feature", "geometry": {"type": "Polygon", "coordinates": [[[86.104, 26.88], [86.104, 26.878], [86.10600000000001, 26.878], [86.10600000000001, 26.88], [86.104, 26.88]]]}, "properties": {"class": "flood", "source": "UNOSAT S-1 2024-09-27"}}, {"type": "Feature", "geometry": {"type": "Polygon", "coordinates": [[[86.108, 26.878], [86.108, 26.875999999999998], [86.11, 26.875999999999998], [86.11, 26.878], [86.108, 26.878]]]}, "properties": {"class": "flood", "source": "UNOSAT S-1 2024-09-27"}}, {"type": "Feature", "geometry": {"type": "Polygon", "coordinates": [[[86.142, 26.863999999999997], [86.142, 26.86], [86.146, 26.86], [86.144, 26.863999999999997], [86.142, 26.863999999999997]]]}, "properties": {"class": "flood", "source": "UNOSAT S-1 2024-09-27"}}, {"type": "Feature", "geometry": {"type": "Polygon", "coordinates": [[[86.144, 26.858], [86.144, 26.855999999999998], [86.146, 26.855999999999998], [86.146, 26.858], [86.144, 26.858]]]}, "properties": {"class": "flood", "source": "UNOSAT S-1 2024-09-27"}}, {"type": "Feature", "geometry": {"type": "Polygon", "coordinates": [[[86.142, 26.855999999999998], [86.142, 26.854], [86.144, 26.854], [86.144, 26.855999999999998], [86.142, 26.855999999999998]]]}, "properties": {"class": "flood", "source": "UNOSAT S-1 2024-09-27"}}, {"type": "Feature", "geometry": {"type": "Polygon", "coordinates": [[[86.142, 26.849999999999998], [86.142, 26.848], [86.144, 26.848], [86.144, 26.849999999999998], [86.142, 26.849999999999998]]]}, "properties": {"class": "flood", "source": "UNOSAT S-1 2024-09-27"}}, {"type": "Feature", "geometry": {"type": "Polygon", "coordinates": [[[86.146, 26.849999999999998], [86.146, 26.848], [86.148, 26.848], [86.148, 26.849999999999998], [86.146, 26.849999999999998]]]}, "properties": {"class": "flood", "source": "UNOSAT S-1 2024-09-27"}}, {"type": "Feature", "geometry": {"type": "Polygon", "coordinates": [[[86.144, 26.848], [86.144, 26.846], [86.146, 26.846], [86.146, 26.848], [86.144, 26.848]]]}, "properties": {"class": "flood", "source": "UNOSAT S-1 2024-09-27"}}, {"type": "Feature", "geometry": {"type": "Polygon", "coordinates": [[[86.144, 26.836], [86.144, 26.831999999999997], [86.148, 26.831999999999997], [86.148, 26.834], [86.144, 26.836]]]}, "properties": {"class": "flood", "source": "UNOSAT S-1 2024-09-27"}}, {"type": "Feature", "geometry": {"type": "Polygon", "coordinates": [[[86.146, 26.83], [86.146, 26.828], [86.148, 26.828], [86.148, 26.83], [86.146, 26.83]]]}, "properties": {"class": "flood", "source": "UNOSAT S-1 2024-09-27"}}, {"type": "Feature", "geometry": {"type": "Polygon", "coordinates": [[[86.148, 26.823999999999998], [86.148, 26.82], [86.15, 26.82], [86.15, 26.823999999999998], [86.148, 26.823999999999998]]]}, "properties": {"class": "flood", "source": "UNOSAT S-1 2024-09-27"}}, {"type": "Feature", "geometry": {"type": "Polygon", "coordinates": [[[87.138, 26.82], [87.138, 26.817999999999998], [87.14, 26.817999999999998], [87.14, 26.82], [87.138, 26.82]]]}, "properties": {"class": "flood", "source": "UNOSAT S-1 2024-09-27"}}, {"type": "Feature", "geometry": {"type": "Polygon", "coordinates": [[[86.148, 26.817999999999998], [86.148, 26.814], [86.15, 26.814], [86.15, 26.817999999999998], [86.148, 26.817999999999998]]]}, "properties": {"class": "flood", "source": "UNOSAT S-1 2024-09-27"}}, {"type": "Feature", "geometry": {"type": "Polygon", "coordinates": [[[87.146, 26.816], [87.146, 26.814], [87.15, 26.814], [87.15, 26.816], [87.146, 26.816]]]}, "properties": {"class": "flood", "source": "UNOSAT S-1 2024-09-27"}}, {"type": "Feature", "geometry": {"type": "Polygon", "coordinates": [[[87.138, 26.814], [87.138, 26.811999999999998], [87.14, 26.811999999999998], [87.14, 26.814], [87.138, 26.814]]]}, "properties": {"class": "flood", "source": "UNOSAT S-1 2024-09-27"}}, {"type": "Feature", "geometry": {"type": "Polygon", "coordinates": [[[86.148, 26.811999999999998], [86.148, 26.81], [86.15, 26.81], [86.15, 26.811999999999998], [86.148, 26.811999999999998]]]}, "properties": {"class": "flood", "source": "UNOSAT S-1 2024-09-27"}}, {"type": "Feature", "geometry": {"type": "Polygon", "coordinates": [[[87.134, 26.811999999999998], [87.134, 26.81], [87.136, 26.81], [87.136, 26.811999999999998], [87.134, 26.811999999999998]]]}, "properties": {"class": "flood", "source": "UNOSAT S-1 2024-09-27"}}, {"type": "Feature", "geometry": {"type": "Polygon", "coordinates": [[[87.144, 26.811999999999998], [87.144, 26.808], [87.146, 26.808], [87.146, 26.811999999999998], [87.144, 26.811999999999998]]]}, "properties": {"class": "flood", "source": "UNOSAT S-1 2024-09-27"}}, {"type": "Feature", "geometry": {"type": "Polygon", "coordinates": [[[86.624, 26.808], [86.624, 26.805999999999997], [86.626, 26.805999999999997], [86.626, 26.808], [86.624, 26.808]]]}, "properties": {"class": "flood", "source": "UNOSAT S-1 2024-09-27"}}, {"type": "Feature", "geometry": {"type": "Polygon", "coordinates": [[[87.134, 26.808], [87.134, 26.805999999999997], [87.138, 26.805999999999997], [87.138, 26.808], [87.134, 26.808]]]}, "properties": {"class": "flood", "source": "UNOSAT S-1 2024-09-27"}}, {"type": "Feature", "geometry": {"type": "Polygon", "coordinates": [[[86.668, 26.805999999999997], [86.668, 26.804], [86.67, 26.804], [86.67, 26.805999999999997], [86.668, 26.805999999999997]]]}, "properties": {"class": "flood", "source": "UNOSAT S-1 2024-09-27"}}, {"type": "Feature", "geometry": {"type": "Polygon", "coordinates": [[[87.132, 26.805999999999997], [87.132, 26.804], [87.134, 26.804], [87.134, 26.805999999999997], [87.132, 26.805999999999997]]]}, "properties": {"class": "flood", "source": "UNOSAT S-1 2024-09-27"}}, {"type": "Feature", "geometry": {"type": "Polygon", "coordinates": [[[86.148, 26.808], [86.15, 26.802], [86.152, 26.802], [86.152, 26.808], [86.148, 26.808]]]}, "properties": {"class": "flood", "source": "UNOSAT S-1 2024-09-27"}}, {"type": "Feature", "geometry": {"type": "Polygon", "coordinates": [[[86.152, 26.802], [86.152, 26.799999999999997], [86.154, 26.799999999999997], [86.154, 26.802], [86.152, 26.802]]]}, "properties": {"class": "flood", "source": "UNOSAT S-1 2024-09-27"}}, {"type": "Feature", "geometry": {"type": "Polygon", "coordinates": [[[87.032, 26.802], [87.032, 26.799999999999997], [87.034, 26.799999999999997], [87.034, 26.802], [87.032, 26.802]]]}, "properties": {"class": "flood", "source": "UNOSAT S-1 2024-09-27"}}, {"type": "Feature", "geometry": {"type": "Polygon", "coordinates": [[[87.13, 26.804], [87.128, 26.796], [87.132, 26.796], [87.13, 26.799999999999997], [87.134, 26.802], [87.13, 26.804]]]}, "properties": {"class": "flood", "source": "UNOSAT S-1 2024-09-27"}}, {"type": "Feature", "geometry": {"type": "Polygon", "coordinates": [[[86.84, 26.796], [86.84, 26.794], [86.842, 26.794], [86.842, 26.796], [86.84, 26.796]]]}, "properties": {"class": "flood", "source": "UNOSAT S-1 2024-09-27"}}, {"type": "Feature", "geometry": {"type": "Polygon", "coordinates": [[[87.142, 26.796], [87.142, 26.794], [87.144, 26.794], [87.144, 26.796], [87.142, 26.796]]]}, "properties": {"class": "flood", "source": "UNOSAT S-1 2024-09-27"}}, {"type": "Feature", "geometry": {"type": "Polygon", "coordinates": [[[86.822, 26.794], [86.822, 26.791999999999998], [86.824, 26.791999999999998], [86.824, 26.794], [86.822, 26.794]]]}, "properties": {"class": "flood", "source": "UNOSAT S-1 2024-09-27"}}, {"type": "Feature", "geometry": {"type": "Polygon", "coordinates": [[[86.842, 26.794], [86.842, 26.791999999999998], [86.84400000000001, 26.791999999999998], [86.84400000000001, 26.794], [86.842, 26.794]]]}, "properties": {"class": "flood", "source": "UNOSAT S-1 2024-09-27"}}, {"type": "Feature", "geometry": {"type": "Polygon", "coordinates": [[[87.14, 26.794], [87.14, 26.791999999999998], [87.142, 26.791999999999998], [87.142, 26.794], [87.14, 26.794]]]}, "properties": {"class": "flood", "source": "UNOSAT S-1 2024-09-27"}}, {"type": "Feature", "geometry": {"type": "Polygon", "coordinates": [[[86.812, 26.791999999999998], [86.812, 26.79], [86.81400000000001, 26.79], [86.81400000000001, 26.791999999999998], [86.812, 26.791999999999998]]]}, "properties": {"class": "flood", "source": "UNOSAT S-1 2024-09-27"}}, {"type": "Feature", "geometry": {"type": "Polygon", "coordinates": [[[87.136, 26.791999999999998], [87.136, 26.79], [87.14, 26.79], [87.14, 26.791999999999998], [87.136, 26.791999999999998]]]}, "properties": {"class": "flood", "source": "UNOSAT S-1 2024-09-27"}}, {"type": "Feature", "geometry": {"type": "Polygon", "coordinates": [[[86.15, 26.796], [86.15, 26.791999999999998], [86.148, 26.788], [86.152, 26.79], [86.15, 26.796]]]}, "properties": {"class": "flood", "source": "UNOSAT S-1 2024-09-27"}}, {"type": "Feature", "geometry": {"type": "Polygon", "coordinates": [[[86.142, 26.79], [86.142, 26.788], [86.144, 26.788], [86.144, 26.79], [86.142, 26.79]]]}, "properties": {"class": "flood", "source": "UNOSAT S-1 2024-09-27"}}, {"type": "Feature", "geometry": {"type": "Polygon", "coordinates": [[[86.808, 26.79], [86.808, 26.788], [86.81, 26.788], [86.81, 26.79], [86.808, 26.79]]]}, "properties": {"class": "flood", "source": "UNOSAT S-1 2024-09-27"}}, {"type": "Feature", "geometry": {"type": "Polygon", "coordinates": [[[86.846, 26.79], [86.846, 26.788], [86.85000000000001, 26.788], [86.85000000000001, 26.79], [86.846, 26.79]]]}, "properties": {"class": "flood", "source": "UNOSAT S-1 2024-09-27"}}, {"type": "Feature", "geometry": {"type": "Polygon", "coordinates": [[[86.688, 26.788], [86.688, 26.785999999999998], [86.69, 26.785999999999998], [86.69, 26.788], [86.688, 26.788]]]}, "properties": {"class": "flood", "source": "UNOSAT S-1 2024-09-27"}}, {"type": "Feature", "geometry": {"type": "Polygon", "coordinates": [[[86.804, 26.788], [86.804, 26.785999999999998], [86.806, 26.785999999999998], [86.806, 26.788], [86.804, 26.788]]]}, "properties": {"class": "flood", "source": "UNOSAT S-1 2024-09-27"}}, {"type": "Feature", "geometry": {"type": "Polygon", "coordinates": [[[86.85000000000001, 26.788], [86.85000000000001, 26.785999999999998], [86.852, 26.785999999999998], [86.852, 26.788], [86.85000000000001, 26.788]]]}, "properties": {"class": "flood", "source": "UNOSAT S-1 2024-09-27"}}, {"type": "Feature", "geometry": {"type": "Polygon", "coordinates": [[[86.69, 26.785999999999998], [86.69, 26.784], [86.69200000000001, 26.784], [86.69200000000001, 26.785999999999998], [86.69, 26.785999999999998]]]}, "properties": {"class": "flood", "source": "UNOSAT S-1 2024-09-27"}}, {"type": "Feature", "geometry": {"type": "Polygon", "coordinates": [[[86.794, 26.785999999999998], [86.794, 26.784], [86.798, 26.784], [86.798, 26.785999999999998], [86.794, 26.785999999999998]]]}, "properties": {"class": "flood", "source": "UNOSAT S-1 2024-09-27"}}, {"type": "Feature", "geometry": {"type": "Polygon", "coordinates": [[[86.81, 26.785999999999998], [86.81, 26.784], [86.812, 26.784], [86.812, 26.785999999999998], [86.81, 26.785999999999998]]]}, "properties": {"class": "flood", "source": "UNOSAT S-1 2024-09-27"}}, {"type": "Feature", "geometry": {"type": "Polygon", "coordinates": [[[86.83, 26.785999999999998], [86.83, 26.784], [86.834, 26.784], [86.834, 26.785999999999998], [86.83, 26.785999999999998]]]}, "properties": {"class": "flood", "source": "UNOSAT S-1 2024-09-27"}}, {"type": "Feature", "geometry": {"type": "Polygon", "coordinates": [[[86.142, 26.784], [86.142, 26.782], [86.144, 26.782], [86.144, 26.784], [86.142, 26.784]]]}, "properties": {"class": "flood", "source": "UNOSAT S-1 2024-09-27"}}, {"type": "Feature", "geometry": {"type": "Polygon", "coordinates": [[[86.694, 26.784], [86.694, 26.782], [86.696, 26.782], [86.696, 26.784], [86.694, 26.784]]]}, "properties": {"class": "flood", "source": "UNOSAT S-1 2024-09-27"}}, {"type": "Feature", "geometry": {"type": "Polygon", "coordinates": [[[86.79, 26.784], [86.79, 26.782], [86.792, 26.782], [86.792, 26.784], [86.79, 26.784]]]}, "properties": {"class": "flood", "source": "UNOSAT S-1 2024-09-27"}}, {"type": "Feature", "geometry": {"type": "Polygon", "coordinates": [[[87.102, 26.784], [87.104, 26.779999999999998], [87.108, 26.782], [87.108, 26.784], [87.102, 26.784]]]}, "properties": {"class": "flood", "source": "UNOSAT S-1 2024-09-27"}}, {"type": "Feature", "geometry": {"type": "Polygon", "coordinates": [[[86.69800000000001, 26.782], [86.69800000000001, 26.779999999999998], [86.7, 26.779999999999998], [86.7, 26.782], [86.69800000000001, 26.782]]]}, "properties": {"class": "flood", "source": "UNOSAT S-1 2024-09-27"}}, {"type": "Feature", "geometry": {"type": "Polygon", "coordinates": [[[86.768, 26.782], [86.768, 26.779999999999998], [86.774, 26.779999999999998], [86.774, 26.782], [86.768, 26.782]]]}, "properties": {"class": "flood", "source": "UNOSAT S-1 2024-09-27"}}, {"type": "Feature", "geometry": {"type": "Polygon", "coordinates": [[[86.786, 26.782], [86.786, 26.779999999999998], [86.79, 26.779999999999998], [86.79, 26.782], [86.786, 26.782]]]}, "properties": {"class": "flood", "source": "UNOSAT S-1 2024-09-27"}}, {"type": "Feature", "geometry": {"type": "Polygon", "coordinates": [[[87.108, 26.782], [87.108, 26.779999999999998], [87.11, 26.779999999999998], [87.11, 26.782], [87.108, 26.782]]]}, "properties": {"class": "flood", "source": "UNOSAT S-1 2024-09-27"}}, {"type": "Feature", "geometry": {"type": "Polygon", "coordinates": [[[87.09400000000001, 26.782], [87.09400000000001, 26.778], [87.098, 26.778], [87.096, 26.782], [87.09400000000001, 26.782]]]}, "properties": {"class": "flood", "source": "UNOSAT S-1 2024-09-27"}}, {"type": "Feature", "geometry": {"type": "Polygon", "coordinates": [[[86.144, 26.779999999999998], [86.144, 26.778], [86.146, 26.778], [86.146, 26.779999999999998], [86.144, 26.779999999999998]]]}, "properties": {"class": "flood", "source": "UNOSAT S-1 2024-09-27"}}, {"type": "Feature", "geometry": {"type": "Polygon", "coordinates": [[[86.774, 26.779999999999998], [86.774, 26.778], [86.778, 26.778], [86.778, 26.779999999999998], [86.774, 26.779999999999998]]]}, "properties": {"class": "flood", "source": "UNOSAT S-1 2024-09-27"}}, {"type": "Feature", "geometry": {"type": "Polygon", "coordinates": [[[86.784, 26.779999999999998], [86.784, 26.778], [86.786, 26.778], [86.786, 26.779999999999998], [86.784, 26.779999999999998]]]}, "properties": {"class": "flood", "source": "UNOSAT S-1 2024-09-27"}}, {"type": "Feature", "geometry": {"type": "Polygon", "coordinates": [[[86.85600000000001, 26.779999999999998], [86.85600000000001, 26.778], [86.858, 26.778], [86.858, 26.779999999999998], [86.85600000000001, 26.779999999999998]]]}, "properties": {"class": "flood", "source": "UNOSAT S-1 2024-09-27"}}, {"type": "Feature", "geometry": {"type": "Polygon", "coordinates": [[[86.15, 26.778], [86.15, 26.776], [86.152, 26.776], [86.152, 26.778], [86.15, 26.778]]]}, "properties": {"class": "flood", "source": "UNOSAT S-1 2024-09-27"}}, {"type": "Feature", "geometry": {"type": "Polygon", "coordinates": [[[86.762, 26.778], [86.762, 26.776], [86.764, 26.776], [86.764, 26.778], [86.762, 26.778]]]}, "properties": {"class": "flood", "source": "UNOSAT S-1 2024-09-27"}}, {"type": "Feature", "geometry": {"type": "Polygon", "coordinates": [[[86.766, 26.778], [86.766, 26.776], [86.772, 26.776], [86.772, 26.778], [86.766, 26.778]]]}, "properties": {"class": "flood", "source": "UNOSAT S-1 2024-09-27"}}, {"type": "Feature", "geometry": {"type": "Polygon", "coordinates": [[[86.858, 26.778], [86.858, 26.776], [86.86, 26.776], [86.86, 26.778], [86.858, 26.778]]]}, "properties": {"class": "flood", "source": "UNOSAT S-1 2024-09-27"}}, {"type": "Feature", "geometry": {"type": "Polygon", "coordinates": [[[87.09, 26.778], [87.09, 26.776], [87.092, 26.776], [87.092, 26.778], [87.09, 26.778]]]}, "properties": {"class": "flood", "source": "UNOSAT S-1 2024-09-27"}}, {"type": "Feature", "geometry": {"type": "Polygon", "coordinates": [[[86.152, 26.776], [86.152, 26.773999999999997], [86.154, 26.773999999999997], [86.154, 26.776], [86.152, 26.776]]]}, "properties": {"class": "flood", "source": "UNOSAT S-1 2024-09-27"}}, {"type": "Feature", "geometry": {"type": "Polygon", "coordinates": [[[86.70400000000001, 26.776], [86.70400000000001, 26.773999999999997], [86.706, 26.773999999999997], [86.706, 26.776], [86.70400000000001, 26.776]]]}, "properties": {"class": "flood", "source": "UNOSAT S-1 2024-09-27"}}, {"type": "Feature", "geometry": {"type": "Polygon", "coordinates": [[[86.74000000000001, 26.776], [86.74000000000001, 26.773999999999997], [86.744, 26.773999999999997], [86.744, 26.776], [86.74000000000001, 26.776]]]}, "properties": {"class": "flood", "source": "UNOSAT S-1 2024-09-27"}}, {"type": "Feature", "geometry": {"type": "Polygon", "coordinates": [[[86.75, 26.776], [86.75, 26.773999999999997], [86.752, 26.773999999999997], [86.752, 26.776], [86.75, 26.776]]]}, "properties": {"class": "flood", "source": "UNOSAT S-1 2024-09-27"}}, {"type": "Feature", "geometry": {"type": "Polygon", "coordinates": [[[86.754, 26.776], [86.754, 26.773999999999997], [86.758, 26.773999999999997], [86.758, 26.776], [86.754, 26.776]]]}, "properties": {"class": "flood", "source": "UNOSAT S-1 2024-09-27"}}, {"type": "Feature", "geometry": {"type": "Polygon", "coordinates": [[[86.86, 26.776], [86.86, 26.773999999999997], [86.86200000000001, 26.773999999999997], [86.86200000000001, 26.776], [86.86, 26.776]]]}, "properties": {"class": "flood", "source": "UNOSAT S-1 2024-09-27"}}, {"type": "Feature", "geometry": {"type": "Polygon", "coordinates": [[[86.706, 26.773999999999997], [86.706, 26.772], [86.708, 26.772], [86.708, 26.773999999999997], [86.706, 26.773999999999997]]]}, "properties": {"class": "flood", "source": "UNOSAT S-1 2024-09-27"}}, {"type": "Feature", "geometry": {"type": "Polygon", "coordinates": [[[86.732, 26.772], [86.732, 26.77], [86.73400000000001, 26.77], [86.73400000000001, 26.772], [86.732, 26.772]]]}, "properties": {"class": "flood", "source": "UNOSAT S-1 2024-09-27"}}, {"type": "Feature", "geometry": {"type": "Polygon", "coordinates": [[[86.866, 26.772], [86.866, 26.77], [86.86800000000001, 26.77], [86.86800000000001, 26.772], [86.866, 26.772]]]}, "properties": {"class": "flood", "source": "UNOSAT S-1 2024-09-27"}}, {"type": "Feature", "geometry": {"type": "Polygon", "coordinates": [[[87.086, 26.773999999999997], [87.08800000000001, 26.767999999999997], [87.09, 26.767999999999997], [87.09, 26.773999999999997], [87.086, 26.773999999999997]]]}, "properties": {"class": "flood", "source": "UNOSAT S-1 2024-09-27"}}, {"type": "Feature", "geometry": {"type": "Polygon", "coordinates": [[[86.71600000000001, 26.77], [86.71600000000001, 26.767999999999997], [86.718, 26.767999999999997], [86.718, 26.77], [86.71600000000001, 26.77]]]}, "properties": {"class": "flood", "source": "UNOSAT S-1 2024-09-27"}}, {"type": "Feature", "geometry": {"type": "Polygon", "coordinates": [[[86.72200000000001, 26.77], [86.72200000000001, 26.767999999999997], [86.726, 26.767999999999997], [86.726, 26.77], [86.72200000000001, 26.77]]]}, "properties": {"class": "flood", "source": "UNOSAT S-1 2024-09-27"}}, {"type": "Feature", "geometry": {"type": "Polygon", "coordinates": [[[86.72800000000001, 26.77], [86.72800000000001, 26.767999999999997], [86.73, 26.767999999999997], [86.73, 26.77], [86.72800000000001, 26.77]]]}, "properties": {"class": "flood", "source": "UNOSAT S-1 2024-09-27"}}, {"type": "Feature", "geometry": {"type": "Polygon", "coordinates": [[[86.884, 26.77], [86.884, 26.767999999999997], [86.888, 26.767999999999997], [86.888, 26.77], [86.884, 26.77]]]}, "properties": {"class": "flood", "source": "UNOSAT S-1 2024-09-27"}}, {"type": "Feature", "geometry": {"type": "Polygon", "coordinates": [[[86.872, 26.772], [86.872, 26.767999999999997], [86.884, 26.766], [86.88, 26.77], [86.872, 26.772]]]}, "properties": {"class": "flood", "source": "UNOSAT S-1 2024-09-27"}}, {"type": "Feature", "geometry": {"type": "Polygon", "coordinates": [[[86.154, 26.77], [86.154, 26.766], [86.156, 26.766], [86.156, 26.77], [86.154, 26.77]]]}, "properties": {"class": "flood", "source": "UNOSAT S-1 2024-09-27"}}, {"type": "Feature", "geometry": {"type": "Polygon", "coordinates": [[[86.522, 26.767999999999997], [86.522, 26.766], [86.524, 26.766], [86.524, 26.767999999999997], [86.522, 26.767999999999997]]]}, "properties": {"class": "flood", "source": "UNOSAT S-1 2024-09-27"}}, {"type": "Feature", "geometry": {"type": "Polygon", "coordinates": [[[86.892, 26.767999999999997], [86.892, 26.766], [86.896, 26.766], [86.896, 26.767999999999997], [86.892, 26.767999999999997]]]}, "properties": {"class": "flood", "source": "UNOSAT S-1 2024-09-27"}}, {"type": "Feature", "geometry": {"type": "Polygon", "coordinates": [[[86.898, 26.767999999999997], [86.896, 26.764], [86.9, 26.764], [86.9, 26.767999999999997], [86.898, 26.767999999999997]]]}, "properties": {"class": "flood", "source": "UNOSAT S-1 2024-09-27"}}, {"type": "Feature", "geometry": {"type": "Polygon", "coordinates": [[[86.912, 26.766], [86.912, 26.764], [86.914, 26.764], [86.914, 26.766], [86.912, 26.766]]]}, "properties": {"class": "flood", "source": "UNOSAT S-1 2024-09-27"}}, {"type": "Feature", "geometry": {"type": "Polygon", "coordinates": [[[87.07000000000001, 26.766], [87.07000000000001, 26.764], [87.074, 26.764], [87.074, 26.766], [87.07000000000001, 26.766]]]}, "properties": {"class": "flood", "source": "UNOSAT S-1 2024-09-27"}}, {"type": "Feature", "geometry": {"type": "Polygon", "coordinates": [[[86.906, 26.764], [86.906, 26.762], [86.908, 26.762], [86.908, 26.764], [86.906, 26.764]]]}, "properties": {"class": "flood", "source": "UNOSAT S-1 2024-09-27"}}, {"type": "Feature", "geometry": {"type": "Polygon", "coordinates": [[[86.152, 26.764], [86.152, 26.759999999999998], [86.154, 26.759999999999998], [86.154, 26.764], [86.152, 26.764]]]}, "properties": {"class": "flood", "source": "UNOSAT S-1 2024-09-27"}}, {"type": "Feature", "geometry": {"type": "Polygon", "coordinates": [[[86.916, 26.762], [86.916, 26.759999999999998], [86.918, 26.759999999999998], [86.918, 26.762], [86.916, 26.762]]]}, "properties": {"class": "flood", "source": "UNOSAT S-1 2024-09-27"}}, {"type": "Feature", "geometry": {"type": "Polygon", "coordinates": [[[86.932, 26.762], [86.932, 26.759999999999998], [86.934, 26.759999999999998], [86.934, 26.762], [86.932, 26.762]]]}, "properties": {"class": "flood", "source": "UNOSAT S-1 2024-09-27"}}, {"type": "Feature", "geometry": {"type": "Polygon", "coordinates": [[[87.098, 26.762], [87.098, 26.759999999999998], [87.10000000000001, 26.759999999999998], [87.10000000000001, 26.762], [87.098, 26.762]]]}, "properties": {"class": "flood", "source": "UNOSAT S-1 2024-09-27"}}, {"type": "Feature", "geometry": {"type": "Polygon", "coordinates": [[[86.918, 26.759999999999998], [86.918, 26.758], [86.92, 26.758], [86.92, 26.759999999999998], [86.918, 26.759999999999998]]]}, "properties": {"class": "flood", "source": "UNOSAT S-1 2024-09-27"}}, {"type": "Feature", "geometry": {"type": "Polygon", "coordinates": [[[86.926, 26.759999999999998], [86.926, 26.758], [86.928, 26.758], [86.928, 26.759999999999998], [86.926, 26.759999999999998]]]}, "properties": {"class": "flood", "source": "UNOSAT S-1 2024-09-27"}}, {"type": "Feature", "geometry": {"type": "Polygon", "coordinates": [[[87.104, 26.759999999999998], [87.104, 26.758], [87.108, 26.758], [87.108, 26.759999999999998], [87.104, 26.759999999999998]]]}, "properties": {"class": "flood", "source": "UNOSAT S-1 2024-09-27"}}, {"type": "Feature", "geometry": {"type": "Polygon", "coordinates": [[[86.522, 26.758], [86.522, 26.756], [86.524, 26.756], [86.524, 26.758], [86.522, 26.758]]]}, "properties": {"class": "flood", "source": "UNOSAT S-1 2024-09-27"}}, {"type": "Feature", "geometry": {"type": "Polygon", "coordinates": [[[86.916, 26.758], [86.916, 26.756], [86.918, 26.756], [86.918, 26.758], [86.916, 26.758]]]}, "properties": {"class": "flood", "source": "UNOSAT S-1 2024-09-27"}}, {"type": "Feature", "geometry": {"type": "Polygon", "coordinates": [[[87.114, 26.758], [87.114, 26.756], [87.116, 26.756], [87.116, 26.758], [87.114, 26.758]]]}, "properties": {"class": "flood", "source": "UNOSAT S-1 2024-09-27"}}, {"type": "Feature", "geometry": {"type": "Polygon", "coordinates": [[[86.148, 26.758], [86.148, 26.753999999999998], [86.15, 26.753999999999998], [86.15, 26.758], [86.148, 26.758]]]}, "properties": {"class": "flood", "source": "UNOSAT S-1 2024-09-27"}}, {"type": "Feature", "geometry": {"type": "Polygon", "coordinates": [[[86.922, 26.756], [86.922, 26.753999999999998], [86.924, 26.753999999999998], [86.924, 26.756], [86.922, 26.756]]]}, "properties": {"class": "flood", "source": "UNOSAT S-1 2024-09-27"}}, {"type": "Feature", "geometry": {"type": "Polygon", "coordinates": [[[86.926, 26.753999999999998], [86.926, 26.75], [86.93, 26.752], [86.93, 26.753999999999998], [86.926, 26.753999999999998]]]}, "properties": {"class": "flood", "source": "UNOSAT S-1 2024-09-27"}}, {"type": "Feature", "geometry": {"type": "Polygon", "coordinates": [[[86.15, 26.752], [86.15, 26.75], [86.152, 26.75], [86.152, 26.752], [86.15, 26.752]]]}, "properties": {"class": "flood", "source": "UNOSAT S-1 2024-09-27"}}, {"type": "Feature", "geometry": {"type": "Polygon", "coordinates": [[[86.526, 26.752], [86.526, 26.75], [86.528, 26.75], [86.528, 26.752], [86.526, 26.752]]]}, "properties": {"class": "flood", "source": "UNOSAT S-1 2024-09-27"}}, {"type": "Feature", "geometry": {"type": "Polygon", "coordinates": [[[87.11200000000001, 26.752], [87.11200000000001, 26.75], [87.114, 26.75], [87.114, 26.752], [87.11200000000001, 26.752]]]}, "properties": {"class": "flood", "source": "UNOSAT S-1 2024-09-27"}}, {"type": "Feature", "geometry": {"type": "Polygon", "coordinates": [[[86.152, 26.75], [86.152, 26.747999999999998], [86.158, 26.747999999999998], [86.158, 26.75], [86.152, 26.75]]]}, "properties": {"class": "flood", "source": "UNOSAT S-1 2024-09-27"}}, {"type": "Feature", "geometry": {"type": "Polygon", "coordinates": [[[86.928, 26.75], [86.928, 26.746], [86.93, 26.746], [86.93, 26.75], [86.928, 26.75]]]}, "properties": {"class": "flood", "source": "UNOSAT S-1 2024-09-27"}}, {"type": "Feature", "geometry": {"type": "Polygon", "coordinates": [[[87.11200000000001, 26.747999999999998], [87.11200000000001, 26.746], [87.114, 26.746], [87.114, 26.747999999999998], [87.11200000000001, 26.747999999999998]]]}, "properties": {"class": "flood", "source": "UNOSAT S-1 2024-09-27"}}, {"type": "Feature", "geometry": {"type": "Polygon", "coordinates": [[[86.526, 26.746], [86.526, 26.744], [86.528, 26.744], [86.528, 26.746], [86.526, 26.746]]]}, "properties": {"class": "flood", "source": "UNOSAT S-1 2024-09-27"}}, {"type": "Feature", "geometry": {"type": "Polygon", "coordinates": [[[86.774, 26.746], [86.774, 26.744], [86.776, 26.744], [86.776, 26.746], [86.774, 26.746]]]}, "properties": {"class": "flood", "source": "UNOSAT S-1 2024-09-27"}}, {"type": "Feature", "geometry": {"type": "Polygon", "coordinates": [[[86.162, 26.75], [86.162, 26.746], [86.166, 26.741999999999997], [86.166, 26.747999999999998], [86.162, 26.75]]]}, "properties": {"class": "flood", "source": "UNOSAT S-1 2024-09-27"}}, {"type": "Feature", "geometry": {"type": "Polygon", "coordinates": [[[86.56, 26.744], [86.56, 26.741999999999997], [86.56400000000001, 26.741999999999997], [86.56400000000001, 26.744], [86.56, 26.744]]]}, "properties": {"class": "flood", "source": "UNOSAT S-1 2024-09-27"}}, {"type": "Feature", "geometry": {"type": "Polygon", "coordinates": [[[87.078, 26.746], [87.078, 26.74], [87.08200000000001, 26.74], [87.08200000000001, 26.744], [87.078, 26.746]]]}, "properties": {"class": "flood", "source": "UNOSAT S-1 2024-09-27"}}, {"type": "Feature", "geometry": {"type": "Polygon", "coordinates": [[[87.108, 26.746], [87.10600000000001, 26.744], [87.10600000000001, 26.74], [87.11200000000001, 26.741999999999997], [87.11200000000001, 26.746], [87.108, 26.746]]]}, "properties": {"class": "flood", "source": "UNOSAT S-1 2024-09-27"}}, {"type": "Feature", "geometry": {"type": "Polygon", "coordinates": [[[86.522, 26.741999999999997], [86.522, 26.74], [86.526, 26.74], [86.526, 26.741999999999997], [86.522, 26.741999999999997]]]}, "properties": {"class": "flood", "source": "UNOSAT S-1 2024-09-27"}}, {"type": "Feature", "geometry": {"type": "Polygon", "coordinates": [[[86.546, 26.741999999999997], [86.546, 26.74], [86.548, 26.74], [86.548, 26.741999999999997], [86.546, 26.741999999999997]]]}, "properties": {"class": "flood", "source": "UNOSAT S-1 2024-09-27"}}, {"type": "Feature", "geometry": {"type": "Polygon", "coordinates": [[[86.554, 26.741999999999997], [86.554, 26.74], [86.556, 26.74], [86.556, 26.741999999999997], [86.554, 26.741999999999997]]]}, "properties": {"class": "flood", "source": "UNOSAT S-1 2024-09-27"}}, {"type": "Feature", "geometry": {"type": "Polygon", "coordinates": [[[86.776, 26.741999999999997], [86.776, 26.74], [86.778, 26.74], [86.778, 26.741999999999997], [86.776, 26.741999999999997]]]}, "properties": {"class": "flood", "source": "UNOSAT S-1 2024-09-27"}}, {"type": "Feature", "geometry": {"type": "Polygon", "coordinates": [[[87.08800000000001, 26.741999999999997], [87.08800000000001, 26.74], [87.09, 26.74], [87.09, 26.741999999999997], [87.08800000000001, 26.741999999999997]]]}, "properties": {"class": "flood", "source": "UNOSAT S-1 2024-09-27"}}, {"type": "Feature", "geometry": {"type": "Polygon", "coordinates": [[[87.098, 26.741999999999997], [87.098, 26.74], [87.10000000000001, 26.74], [87.10000000000001, 26.741999999999997], [87.098, 26.741999999999997]]]}, "properties": {"class": "flood", "source": "UNOSAT S-1 2024-09-27"}}, {"type": "Feature", "geometry": {"type": "Polygon", "coordinates": [[[86.60000000000001, 26.741999999999997], [86.60000000000001, 26.738], [86.602, 26.738], [86.602, 26.741999999999997], [86.60000000000001, 26.741999999999997]]]}, "properties": {"class": "flood", "source": "UNOSAT S-1 2024-09-27"}}, {"type": "Feature", "geometry": {"type": "Polygon", "coordinates": [[[86.514, 26.74], [86.514, 26.738], [86.52, 26.738], [86.52, 26.74], [86.514, 26.74]]]}, "properties": {"class": "flood", "source": "UNOSAT S-1 2024-09-27"}}, {"type": "Feature", "geometry": {"type": "Polygon", "coordinates": [[[86.542, 26.74], [86.542, 26.738], [86.544, 26.738], [86.544, 26.74], [86.542, 26.74]]]}, "properties": {"class": "flood", "source": "UNOSAT S-1 2024-09-27"}}, {"type": "Feature", "geometry": {"type": "Polygon", "coordinates": [[[86.932, 26.74], [86.932, 26.738], [86.936, 26.738], [86.936, 26.74], [86.932, 26.74]]]}, "properties": {"class": "flood", "source": "UNOSAT S-1 2024-09-27"}}, {"type": "Feature", "geometry": {"type": "Polygon", "coordinates": [[[87.066, 26.74], [87.066, 26.738], [87.068, 26.738], [87.068, 26.74], [87.066, 26.74]]]}, "properties": {"class": "flood", "source": "UNOSAT S-1 2024-09-27"}}, {"type": "Feature", "geometry": {"type": "Polygon", "coordinates": [[[87.084, 26.74], [87.084, 26.738], [87.086, 26.738], [87.086, 26.74], [87.084, 26.74]]]}, "properties": {"class": "flood", "source": "UNOSAT S-1 2024-09-27"}}, {"type": "Feature", "geometry": {"type": "Polygon", "coordinates": [[[87.104, 26.74], [87.104, 26.738], [87.10600000000001, 26.738], [87.10600000000001, 26.74], [87.104, 26.74]]]}, "properties": {"class": "flood", "source": "UNOSAT S-1 2024-09-27"}}, {"type": "Feature", "geometry": {"type": "Polygon", "coordinates": [[[87.11, 26.74], [87.11, 26.738], [87.114, 26.738], [87.114, 26.74], [87.11, 26.74]]]}, "properties": {"class": "flood", "source": "UNOSAT S-1 2024-09-27"}}, {"type": "Feature", "geometry": {"type": "Polygon", "coordinates": [[[86.164, 26.738], [86.164, 26.735999999999997], [86.166, 26.735999999999997], [86.166, 26.738], [86.164, 26.738]]]}, "properties": {"class": "flood", "source": "UNOSAT S-1 2024-09-27"}}, {"type": "Feature", "geometry": {"type": "Polygon", "coordinates": [[[86.51, 26.738], [86.51, 26.735999999999997], [86.512, 26.735999999999997], [86.512, 26.738], [86.51, 26.738]]]}, "properties": {"class": "flood", "source": "UNOSAT S-1 2024-09-27"}}, {"type": "Feature", "geometry": {"type": "Polygon", "coordinates": [[[86.524, 26.738], [86.524, 26.735999999999997], [86.534, 26.735999999999997], [86.534, 26.738], [86.524, 26.738]]]}, "properties": {"class": "flood", "source": "UNOSAT S-1 2024-09-27"}}, {"type": "Feature", "geometry": {"type": "Polygon", "coordinates": [[[86.538, 26.738], [86.538, 26.735999999999997], [86.54, 26.735999999999997], [86.54, 26.738], [86.538, 26.738]]]}, "properties": {"class": "flood", "source": "UNOSAT S-1 2024-09-27"}}, {"type": "Feature", "geometry": {"type": "Polygon", "coordinates": [[[86.59400000000001, 26.738], [86.59400000000001, 26.735999999999997], [86.596, 26.735999999999997], [86.596, 26.738], [86.59400000000001, 26.738]]]}, "properties": {"class": "flood", "source": "UNOSAT S-1 2024-09-27"}}, {"type": "Feature", "geometry": {"type": "Polygon", "coordinates": [[[86.598, 26.738], [86.598, 26.735999999999997], [86.60000000000001, 26.735999999999997], [86.60000000000001, 26.738], [86.598, 26.738]]]}, "properties": {"class": "flood", "source": "UNOSAT S-1 2024-09-27"}}, {"type": "Feature", "geometry": {"type": "Polygon", "coordinates": [[[86.936, 26.738], [86.936, 26.735999999999997], [86.938, 26.735999999999997], [86.938, 26.738], [86.936, 26.738]]]}, "properties": {"class": "flood", "source": "UNOSAT S-1 2024-09-27"}}, {"type": "Feature", "geometry": {"type": "Polygon", "coordinates": [[[86.508, 26.735999999999997], [86.508, 26.733999999999998], [86.51, 26.733999999999998], [86.51, 26.735999999999997], [86.508, 26.735999999999997]]]}, "properties": {"class": "flood", "source": "UNOSAT S-1 2024-09-27"}}, {"type": "Feature", "geometry": {"type": "Polygon", "coordinates": [[[86.94, 26.735999999999997], [86.94, 26.733999999999998], [86.94200000000001, 26.733999999999998], [86.94200000000001, 26.735999999999997], [86.94, 26.735999999999997]]]}, "properties": {"class": "flood", "source": "UNOSAT S-1 2024-09-27"}}, {"type": "Feature", "geometry": {"type": "Polygon", "coordinates": [[[87.07000000000001, 26.735999999999997], [87.07000000000001, 26.733999999999998], [87.072, 26.733999999999998], [87.072, 26.735999999999997], [87.07000000000001, 26.735999999999997]]]}, "properties": {"class": "flood", "source": "UNOSAT S-1 2024-09-27"}}, {"type": "Feature", "geometry": {"type": "Polygon", "coordinates": [[[87.10000000000001, 26.735999999999997], [87.10000000000001, 26.733999999999998], [87.102, 26.733999999999998], [87.102, 26.735999999999997], [87.10000000000001, 26.735999999999997]]]}, "properties": {"class": "flood", "source": "UNOSAT S-1 2024-09-27"}}, {"type": "Feature", "geometry": {"type": "Polygon", "coordinates": [[[86.174, 26.733999999999998], [86.174, 26.732], [86.176, 26.732], [86.176, 26.733999999999998], [86.174, 26.733999999999998]]]}, "properties": {"class": "flood", "source": "UNOSAT S-1 2024-09-27"}}, {"type": "Feature", "geometry": {"type": "Polygon", "coordinates": [[[86.946, 26.733999999999998], [86.946, 26.732], [86.95, 26.732], [86.95, 26.733999999999998], [86.946, 26.733999999999998]]]}, "properties": {"class": "flood", "source": "UNOSAT S-1 2024-09-27"}}, {"type": "Feature", "geometry": {"type": "Polygon", "coordinates": [[[86.956, 26.733999999999998], [86.956, 26.732], [86.96000000000001, 26.732], [86.96000000000001, 26.733999999999998], [86.956, 26.733999999999998]]]}, "properties": {"class": "flood", "source": "UNOSAT S-1 2024-09-27"}}, {"type": "Feature", "geometry": {"type": "Polygon", "coordinates": [[[87.10600000000001, 26.735999999999997], [87.10600000000001, 26.73], [87.11200000000001, 26.732], [87.11200000000001, 26.733999999999998], [87.10600000000001, 26.735999999999997]]]}, "properties": {"class": "flood", "source": "UNOSAT S-1 2024-09-27"}}, {"type": "Feature", "geometry": {"type": "Polygon", "coordinates": [[[86.97, 26.732], [86.97, 26.73], [86.97200000000001, 26.73], [86.97200000000001, 26.732], [86.97, 26.732]]]}, "properties": {"class": "flood", "source": "UNOSAT S-1 2024-09-27"}}, {"type": "Feature", "geometry": {"type": "Polygon", "coordinates": [[[86.96600000000001, 26.733999999999998], [86.96600000000001, 26.727999999999998], [86.97, 26.727999999999998], [86.97, 26.733999999999998], [86.96600000000001, 26.733999999999998]]]}, "properties": {"class": "flood", "source": "UNOSAT S-1 2024-09-27"}}, {"type": "Feature", "geometry": {"type": "Polygon", "coordinates": [[[86.506, 26.732], [86.506, 26.727999999999998], [86.508, 26.727999999999998], [86.508, 26.732], [86.506, 26.732]]]}, "properties": {"class": "flood", "source": "UNOSAT S-1 2024-09-27"}}, {"type": "Feature", "geometry": {"type": "Polygon", "coordinates": [[[86.202, 26.73], [86.202, 26.727999999999998], [86.20400000000001, 26.727999999999998], [86.20400000000001, 26.73], [86.202, 26.73]]]}, "properties": {"class": "flood", "source": "UNOSAT S-1 2024-09-27"}}, {"type": "Feature", "geometry": {"type": "Polygon", "coordinates": [[[86.97200000000001, 26.73], [86.97200000000001, 26.727999999999998], [86.974, 26.727999999999998], [86.974, 26.73], [86.97200000000001, 26.73]]]}, "properties": {"class": "flood", "source": "UNOSAT S-1 2024-09-27"}}, {"type": "Feature", "geometry": {"type": "Polygon", "coordinates": [[[87.10000000000001, 26.73], [87.10000000000001, 26.727999999999998], [87.102, 26.727999999999998], [87.102, 26.73], [87.10000000000001, 26.73]]]}, "properties": {"class": "flood", "source": "UNOSAT S-1 2024-09-27"}}, {"type": "Feature", "geometry": {"type": "Polygon", "coordinates": [[[86.858, 26.727999999999998], [86.858, 26.726], [86.86, 26.726], [86.86, 26.727999999999998], [86.858, 26.727999999999998]]]}, "properties": {"class": "flood", "source": "UNOSAT S-1 2024-09-27"}}, {"type": "Feature", "geometry": {"type": "Polygon", "coordinates": [[[87.074, 26.727999999999998], [87.074, 26.726], [87.07600000000001, 26.726], [87.07600000000001, 26.727999999999998], [87.074, 26.727999999999998]]]}, "properties": {"class": "flood", "source": "UNOSAT S-1 2024-09-27"}}, {"type": "Feature", "geometry": {"type": "Polygon", "coordinates": [[[87.104, 26.727999999999998], [87.104, 26.726], [87.10600000000001, 26.726], [87.10600000000001, 26.727999999999998], [87.104, 26.727999999999998]]]}, "properties": {"class": "flood", "source": "UNOSAT S-1 2024-09-27"}}, {"type": "Feature", "geometry": {"type": "Polygon", "coordinates": [[[87.09, 26.732], [87.09, 26.724], [87.092, 26.724], [87.09400000000001, 26.73], [87.09, 26.732]]]}, "properties": {"class": "flood", "source": "UNOSAT S-1 2024-09-27"}}, {"type": "Feature", "geometry": {"type": "Polygon", "coordinates": [[[86.18, 26.726], [86.18, 26.724], [86.182, 26.724], [86.182, 26.726], [86.18, 26.726]]]}, "properties": {"class": "flood", "source": "UNOSAT S-1 2024-09-27"}}, {"type": "Feature", "geometry": {"type": "Polygon", "coordinates": [[[87.098, 26.726], [87.098, 26.724], [87.10000000000001, 26.724], [87.10000000000001, 26.726], [87.098, 26.726]]]}, "properties": {"class": "flood", "source": "UNOSAT S-1 2024-09-27"}}, {"type": "Feature", "geometry": {"type": "Polygon", "coordinates": [[[87.10600000000001, 26.726], [87.10600000000001, 26.724], [87.108, 26.724], [87.108, 26.726], [87.10600000000001, 26.726]]]}, "properties": {"class": "flood", "source": "UNOSAT S-1 2024-09-27"}}, {"type": "Feature", "geometry": {"type": "Polygon", "coordinates": [[[86.504, 26.726], [86.504, 26.721999999999998], [86.506, 26.721999999999998], [86.506, 26.726], [86.504, 26.726]]]}, "properties": {"class": "flood", "source": "UNOSAT S-1 2024-09-27"}}, {"type": "Feature", "geometry": {"type": "Polygon", "coordinates": [[[86.974, 26.726], [86.974, 26.721999999999998], [86.976, 26.721999999999998], [86.976, 26.726], [86.974, 26.726]]]}, "properties": {"class": "flood", "source": "UNOSAT S-1 2024-09-27"}}, {"type": "Feature", "geometry": {"type": "Polygon", "coordinates": [[[86.182, 26.724], [86.182, 26.721999999999998], [86.184, 26.721999999999998], [86.184, 26.724], [86.182, 26.724]]]}, "properties": {"class": "flood", "source": "UNOSAT S-1 2024-09-27"}}, {"type": "Feature", "geometry": {"type": "Polygon", "coordinates": [[[86.97, 26.724], [86.97, 26.721999999999998], [86.97200000000001, 26.721999999999998], [86.97200000000001, 26.724], [86.97, 26.724]]]}, "properties": {"class": "flood", "source": "UNOSAT S-1 2024-09-27"}}, {"type": "Feature", "geometry": {"type": "Polygon", "coordinates": [[[87.08800000000001, 26.724], [87.08800000000001, 26.72], [87.09, 26.72], [87.09, 26.724], [87.08800000000001, 26.724]]]}, "properties": {"class": "flood", "source": "UNOSAT S-1 2024-09-27"}}, {"type": "Feature", "geometry": {"type": "Polygon", "coordinates": [[[86.184, 26.721999999999998], [86.184, 26.72], [86.186, 26.72], [86.186, 26.721999999999998], [86.184, 26.721999999999998]]]}, "properties": {"class": "flood", "source": "UNOSAT S-1 2024-09-27"}}, {"type": "Feature", "geometry": {"type": "Polygon", "coordinates": [[[86.502, 26.721999999999998], [86.502, 26.72], [86.504, 26.72], [86.504, 26.721999999999998], [86.502, 26.721999999999998]]]}, "properties": {"class": "flood", "source": "UNOSAT S-1 2024-09-27"}}, {"type": "Feature", "geometry": {"type": "Polygon", "coordinates": [[[86.188, 26.721999999999998], [86.188, 26.72], [86.186, 26.718], [86.19, 26.718], [86.188, 26.721999999999998]]]}, "properties": {"class": "flood", "source": "UNOSAT S-1 2024-09-27"}}, {"type": "Feature", "geometry": {"type": "Polygon", "coordinates": [[[87.084, 26.72], [87.084, 26.718], [87.086, 26.718], [87.086, 26.72], [87.084, 26.72]]]}, "properties": {"class": "flood", "source": "UNOSAT S-1 2024-09-27"}}, {"type": "Feature", "geometry": {"type": "Polygon", "coordinates": [[[86.502, 26.718], [86.502, 26.715999999999998], [86.504, 26.715999999999998], [86.504, 26.718], [86.502, 26.718]]]}, "properties": {"class": "flood", "source": "UNOSAT S-1 2024-09-27"}}, {"type": "Feature", "geometry": {"type": "Polygon", "coordinates": [[[87.07000000000001, 26.718], [87.07000000000001, 26.715999999999998], [87.072, 26.715999999999998], [87.072, 26.718], [87.07000000000001, 26.718]]]}, "properties": {"class": "flood", "source": "UNOSAT S-1 2024-09-27"}}, {"type": "Feature", "geometry": {"type": "Polygon", "coordinates": [[[86.97, 26.718], [86.97, 26.714], [86.974, 26.714], [86.974, 26.718], [86.97, 26.718]]]}, "properties": {"class": "flood", "source": "UNOSAT S-1 2024-09-27"}}, {"type": "Feature", "geometry": {"type": "Polygon", "coordinates": [[[86.504, 26.715999999999998], [86.504, 26.714], [86.508, 26.714], [86.508, 26.715999999999998], [86.504, 26.715999999999998]]]}, "properties": {"class": "flood", "source": "UNOSAT S-1 2024-09-27"}}, {"type": "Feature", "geometry": {"type": "Polygon", "coordinates": [[[86.506, 26.712], [86.506, 26.709999999999997], [86.51, 26.709999999999997], [86.51, 26.712], [86.506, 26.712]]]}, "properties": {"class": "flood", "source": "UNOSAT S-1 2024-09-27"}}, {"type": "Feature", "geometry": {"type": "Polygon", "coordinates": [[[86.974, 26.714], [86.97200000000001, 26.709999999999997], [86.97800000000001, 26.712], [86.97800000000001, 26.714], [86.974, 26.714]]]}, "properties": {"class": "flood", "source": "UNOSAT S-1 2024-09-27"}}, {"type": "Feature", "geometry": {"type": "Polygon", "coordinates": [[[86.19, 26.718], [86.19200000000001, 26.708], [86.194, 26.708], [86.194, 26.718], [86.19, 26.718]]]}, "properties": {"class": "flood", "source": "UNOSAT S-1 2024-09-27"}}, {"type": "Feature", "geometry": {"type": "Polygon", "coordinates": [[[86.97800000000001, 26.712], [86.97800000000001, 26.709999999999997], [86.976, 26.708], [86.98, 26.708], [86.97800000000001, 26.712]]]}, "properties": {"class": "flood", "source": "UNOSAT S-1 2024-09-27"}}, {"type": "Feature", "geometry": {"type": "Polygon", "coordinates": [[[86.98400000000001, 26.709999999999997], [86.98400000000001, 26.708], [86.986, 26.708], [86.986, 26.709999999999997], [86.98400000000001, 26.709999999999997]]]}, "properties": {"class": "flood", "source": "UNOSAT S-1 2024-09-27"}}, {"type": "Feature", "geometry": {"type": "Polygon", "coordinates": [[[87.056, 26.709999999999997], [87.056, 26.708], [87.058, 26.708], [87.058, 26.709999999999997], [87.056, 26.709999999999997]]]}, "properties": {"class": "flood", "source": "UNOSAT S-1 2024-09-27"}}, {"type": "Feature", "geometry": {"type": "Polygon", "coordinates": [[[86.19, 26.708], [86.19, 26.706], [86.19200000000001, 26.706], [86.19200000000001, 26.708], [86.19, 26.708]]]}, "properties": {"class": "flood", "source": "UNOSAT S-1 2024-09-27"}}, {"type": "Feature", "geometry": {"type": "Polygon", "coordinates": [[[86.508, 26.708], [86.508, 26.706], [86.51, 26.706], [86.51, 26.708], [86.508, 26.708]]]}, "properties": {"class": "flood", "source": "UNOSAT S-1 2024-09-27"}}, {"type": "Feature", "geometry": {"type": "Polygon", "coordinates": [[[86.986, 26.708], [86.986, 26.706], [86.988, 26.706], [86.988, 26.708], [86.986, 26.708]]]}, "properties": {"class": "flood", "source": "UNOSAT S-1 2024-09-27"}}, {"type": "Feature", "geometry": {"type": "Polygon", "coordinates": [[[87.06400000000001, 26.708], [87.06400000000001, 26.706], [87.066, 26.706], [87.066, 26.708], [87.06400000000001, 26.708]]]}, "properties": {"class": "flood", "source": "UNOSAT S-1 2024-09-27"}}, {"type": "Feature", "geometry": {"type": "Polygon", "coordinates": [[[87.062, 26.704], [87.062, 26.701999999999998], [87.06400000000001, 26.701999999999998], [87.06400000000001, 26.704], [87.062, 26.704]]]}, "properties": {"class": "flood", "source": "UNOSAT S-1 2024-09-27"}}, {"type": "Feature", "geometry": {"type": "Polygon", "coordinates": [[[86.188, 26.701999999999998], [86.188, 26.7], [86.19, 26.7], [86.19, 26.701999999999998], [86.188, 26.701999999999998]]]}, "properties": {"class": "flood", "source": "UNOSAT S-1 2024-09-27"}}, {"type": "Feature", "geometry": {"type": "Polygon", "coordinates": [[[86.92, 26.701999999999998], [86.92, 26.7], [86.922, 26.7], [86.922, 26.701999999999998], [86.92, 26.701999999999998]]]}, "properties": {"class": "flood", "source": "UNOSAT S-1 2024-09-27"}}, {"type": "Feature", "geometry": {"type": "Polygon", "coordinates": [[[86.924, 26.701999999999998], [86.924, 26.7], [86.926, 26.7], [86.926, 26.701999999999998], [86.924, 26.701999999999998]]]}, "properties": {"class": "flood", "source": "UNOSAT S-1 2024-09-27"}}, {"type": "Feature", "geometry": {"type": "Polygon", "coordinates": [[[87.052, 26.701999999999998], [87.052, 26.7], [87.054, 26.7], [87.054, 26.701999999999998], [87.052, 26.701999999999998]]]}, "properties": {"class": "flood", "source": "UNOSAT S-1 2024-09-27"}}, {"type": "Feature", "geometry": {"type": "Polygon", "coordinates": [[[86.986, 26.7], [86.986, 26.698], [86.988, 26.698], [86.988, 26.7], [86.986, 26.7]]]}, "properties": {"class": "flood", "source": "UNOSAT S-1 2024-09-27"}}, {"type": "Feature", "geometry": {"type": "Polygon", "coordinates": [[[86.19, 26.7], [86.19, 26.695999999999998], [86.19200000000001, 26.695999999999998], [86.19200000000001, 26.7], [86.19, 26.7]]]}, "properties": {"class": "flood", "source": "UNOSAT S-1 2024-09-27"}}, {"type": "Feature", "geometry": {"type": "Polygon", "coordinates": [[[86.508, 26.698], [86.508, 26.695999999999998], [86.51, 26.695999999999998], [86.51, 26.698], [86.508, 26.698]]]}, "properties": {"class": "flood", "source": "UNOSAT S-1 2024-09-27"}}, {"type": "Feature", "geometry": {"type": "Polygon", "coordinates": [[[86.976, 26.698], [86.976, 26.695999999999998], [86.97800000000001, 26.695999999999998], [86.97800000000001, 26.698], [86.976, 26.698]]]}, "properties": {"class": "flood", "source": "UNOSAT S-1 2024-09-27"}}, {"type": "Feature", "geometry": {"type": "Polygon", "coordinates": [[[86.98, 26.698], [86.98, 26.695999999999998], [86.982, 26.695999999999998], [86.982, 26.698], [86.98, 26.698]]]}, "properties": {"class": "flood", "source": "UNOSAT S-1 2024-09-27"}}, {"type": "Feature", "geometry": {"type": "Polygon", "coordinates": [[[87.034, 26.698], [87.034, 26.695999999999998], [87.036, 26.695999999999998], [87.036, 26.698], [87.034, 26.698]]]}, "properties": {"class": "flood", "source": "UNOSAT S-1 2024-09-27"}}, {"type": "Feature", "geometry": {"type": "Polygon", "coordinates": [[[87.04, 26.701999999999998], [87.036, 26.698], [87.042, 26.698], [87.042, 26.694], [87.05, 26.698], [87.05, 26.701999999999998], [87.04, 26.701999999999998]]]}, "properties": {"class": "flood", "source": "UNOSAT S-1 2024-09-27"}}, {"type": "Feature", "geometry": {"type": "Polygon", "coordinates": [[[87.068, 26.695999999999998], [87.068, 26.694], [87.07000000000001, 26.694], [87.07000000000001, 26.695999999999998], [87.068, 26.695999999999998]]]}, "properties": {"class": "flood", "source": "UNOSAT S-1 2024-09-27"}}, {"type": "Feature", "geometry": {"type": "Polygon", "coordinates": [[[86.97200000000001, 26.695999999999998], [86.97200000000001, 26.692], [86.974, 26.692], [86.974, 26.695999999999998], [86.97200000000001, 26.695999999999998]]]}, "properties": {"class": "flood", "source": "UNOSAT S-1 2024-09-27"}}, {"type": "Feature", "geometry": {"type": "Polygon", "coordinates": [[[87.062, 26.695999999999998], [87.062, 26.692], [87.06400000000001, 26.692], [87.06400000000001, 26.695999999999998], [87.062, 26.695999999999998]]]}, "properties": {"class": "flood", "source": "UNOSAT S-1 2024-09-27"}}, {"type": "Feature", "geometry": {"type": "Polygon", "coordinates": [[[86.508, 26.694], [86.508, 26.692], [86.51, 26.692], [86.51, 26.694], [86.508, 26.694]]]}, "properties": {"class": "flood", "source": "UNOSAT S-1 2024-09-27"}}, {"type": "Feature", "geometry": {"type": "Polygon", "coordinates": [[[87.066, 26.694], [87.066, 26.692], [87.068, 26.692], [87.068, 26.694], [87.066, 26.694]]]}, "properties": {"class": "flood", "source": "UNOSAT S-1 2024-09-27"}}, {"type": "Feature", "geometry": {"type": "Polygon", "coordinates": [[[87.028, 26.694], [87.028, 26.692], [87.034, 26.689999999999998], [87.034, 26.694], [87.028, 26.694]]]}, "properties": {"class": "flood", "source": "UNOSAT S-1 2024-09-27"}}, {"type": "Feature", "geometry": {"type": "Polygon", "coordinates": [[[86.19, 26.692], [86.19, 26.689999999999998], [86.19200000000001, 26.689999999999998], [86.19200000000001, 26.692], [86.19, 26.692]]]}, "properties": {"class": "flood", "source": "UNOSAT S-1 2024-09-27"}}, {"type": "Feature", "geometry": {"type": "Polygon", "coordinates": [[[86.97, 26.692], [86.97, 26.689999999999998], [86.97200000000001, 26.689999999999998], [86.97200000000001, 26.692], [86.97, 26.692]]]}, "properties": {"class": "flood", "source": "UNOSAT S-1 2024-09-27"}}, {"type": "Feature", "geometry": {"type": "Polygon", "coordinates": [[[86.974, 26.692], [86.974, 26.689999999999998], [86.976, 26.689999999999998], [86.976, 26.692], [86.974, 26.692]]]}, "properties": {"class": "flood", "source": "UNOSAT S-1 2024-09-27"}}, {"type": "Feature", "geometry": {"type": "Polygon", "coordinates": [[[86.97800000000001, 26.689999999999998], [86.97800000000001, 26.688], [86.98, 26.688], [86.98, 26.689999999999998], [86.97800000000001, 26.689999999999998]]]}, "properties": {"class": "flood", "source": "UNOSAT S-1 2024-09-27"}}, {"type": "Feature", "geometry": {"type": "Polygon", "coordinates": [[[87.034, 26.689999999999998], [87.034, 26.688], [87.036, 26.688], [87.036, 26.689999999999998], [87.034, 26.689999999999998]]]}, "properties": {"class": "flood", "source": "UNOSAT S-1 2024-09-27"}}, {"type": "Feature", "geometry": {"type": "Polygon", "coordinates": [[[87.052, 26.689999999999998], [87.052, 26.688], [87.054, 26.688], [87.054, 26.689999999999998], [87.052, 26.689999999999998]]]}, "properties": {"class": "flood", "source": "UNOSAT S-1 2024-09-27"}}, {"type": "Feature", "geometry": {"type": "Polygon", "coordinates": [[[87.07000000000001, 26.689999999999998], [87.07000000000001, 26.688], [87.072, 26.688], [87.072, 26.689999999999998], [87.07000000000001, 26.689999999999998]]]}, "properties": {"class": "flood", "source": "UNOSAT S-1 2024-09-27"}}, {"type": "Feature", "geometry": {"type": "Polygon", "coordinates": [[[87.036, 26.692], [87.038, 26.686], [87.04, 26.686], [87.042, 26.692], [87.036, 26.692]]]}, "properties": {"class": "flood", "source": "UNOSAT S-1 2024-09-27"}}, {"type": "Feature", "geometry": {"type": "Polygon", "coordinates": [[[86.18, 26.689999999999998], [86.18, 26.686], [86.182, 26.686], [86.182, 26.689999999999998], [86.18, 26.689999999999998]]]}, "properties": {"class": "flood", "source": "UNOSAT S-1 2024-09-27"}}, {"type": "Feature", "geometry": {"type": "Polygon", "coordinates": [[[86.97200000000001, 26.688], [86.97200000000001, 26.686], [86.974, 26.686], [86.974, 26.688], [86.97200000000001, 26.688]]]}, "properties": {"class": "flood", "source": "UNOSAT S-1 2024-09-27"}}, {"type": "Feature", "geometry": {"type": "Polygon", "coordinates": [[[87.03, 26.688], [87.03, 26.686], [87.032, 26.686], [87.032, 26.688], [87.03, 26.688]]]}, "properties": {"class": "flood", "source": "UNOSAT S-1 2024-09-27"}}, {"type": "Feature", "geometry": {"type": "Polygon", "coordinates": [[[87.024, 26.692], [87.024, 26.683999999999997], [87.026, 26.683999999999997], [87.028, 26.692], [87.024, 26.692]]]}, "properties": {"class": "flood", "source": "UNOSAT S-1 2024-09-27"}}, {"type": "Feature", "geometry": {"type": "Polygon", "coordinates": [[[86.19200000000001, 26.689999999999998], [86.19200000000001, 26.682], [86.194, 26.682], [86.194, 26.689999999999998], [86.19200000000001, 26.689999999999998]]]}, "properties": {"class": "flood", "source": "UNOSAT S-1 2024-09-27"}}, {"type": "Feature", "geometry": {"type": "Polygon", "coordinates": [[[87.022, 26.683999999999997], [87.022, 26.682], [87.024, 26.682], [87.024, 26.683999999999997], [87.022, 26.683999999999997]]]}, "properties": {"class": "flood", "source": "UNOSAT S-1 2024-09-27"}}, {"type": "Feature", "geometry": {"type": "Polygon", "coordinates": [[[87.026, 26.683999999999997], [87.026, 26.682], [87.028, 26.682], [87.028, 26.683999999999997], [87.026, 26.683999999999997]]]}, "properties": {"class": "flood", "source": "UNOSAT S-1 2024-09-27"}}, {"type": "Feature", "geometry": {"type": "Polygon", "coordinates": [[[87.06400000000001, 26.683999999999997], [87.06400000000001, 26.682], [87.066, 26.682], [87.066, 26.683999999999997], [87.06400000000001, 26.683999999999997]]]}, "properties": {"class": "flood", "source": "UNOSAT S-1 2024-09-27"}}, {"type": "Feature", "geometry": {"type": "Polygon", "coordinates": [[[86.502, 26.686], [86.502, 26.68], [86.504, 26.68], [86.504, 26.686], [86.502, 26.686]]]}, "properties": {"class": "flood", "source": "UNOSAT S-1 2024-09-27"}}, {"type": "Feature", "geometry": {"type": "Polygon", "coordinates": [[[86.194, 26.682], [86.194, 26.68], [86.196, 26.68], [86.196, 26.682], [86.194, 26.682]]]}, "properties": {"class": "flood", "source": "UNOSAT S-1 2024-09-27"}}, {"type": "Feature", "geometry": {"type": "Polygon", "coordinates": [[[87.02, 26.682], [87.02, 26.68], [87.022, 26.68], [87.022, 26.682], [87.02, 26.682]]]}, "properties": {"class": "flood", "source": "UNOSAT S-1 2024-09-27"}}, {"type": "Feature", "geometry": {"type": "Polygon", "coordinates": [[[87.048, 26.682], [87.048, 26.68], [87.05, 26.68], [87.05, 26.682], [87.048, 26.682]]]}, "properties": {"class": "flood", "source": "UNOSAT S-1 2024-09-27"}}, {"type": "Feature", "geometry": {"type": "Polygon", "coordinates": [[[87.06, 26.682], [87.06, 26.68], [87.06400000000001, 26.68], [87.06400000000001, 26.682], [87.06, 26.682]]]}, "properties": {"class": "flood", "source": "UNOSAT S-1 2024-09-27"}}, {"type": "Feature", "geometry": {"type": "Polygon", "coordinates": [[[86.208, 26.68], [86.208, 26.677999999999997], [86.21000000000001, 26.677999999999997], [86.21000000000001, 26.68], [86.208, 26.68]]]}, "properties": {"class": "flood", "source": "UNOSAT S-1 2024-09-27"}}, {"type": "Feature", "geometry": {"type": "Polygon", "coordinates": [[[87.018, 26.68], [87.018, 26.677999999999997], [87.02, 26.677999999999997], [87.02, 26.68], [87.018, 26.68]]]}, "properties": {"class": "flood", "source": "UNOSAT S-1 2024-09-27"}}, {"type": "Feature", "geometry": {"type": "Polygon", "coordinates": [[[87.028, 26.68], [87.028, 26.677999999999997], [87.03, 26.677999999999997], [87.03, 26.68], [87.028, 26.68]]]}, "properties": {"class": "flood", "source": "UNOSAT S-1 2024-09-27"}}, {"type": "Feature", "geometry": {"type": "Polygon", "coordinates": [[[86.504, 26.677999999999997], [86.504, 26.676], [86.506, 26.676], [86.506, 26.677999999999997], [86.504, 26.677999999999997]]]}, "properties": {"class": "flood", "source": "UNOSAT S-1 2024-09-27"}}, {"type": "Feature", "geometry": {"type": "Polygon", "coordinates": [[[87.054, 26.682], [87.054, 26.677999999999997], [87.052, 26.676], [87.058, 26.677999999999997], [87.058, 26.682], [87.054, 26.682]]]}, "properties": {"class": "flood", "source": "UNOSAT S-1 2024-09-27"}}, {"type": "Feature", "geometry": {"type": "Polygon", "coordinates": [[[87.048, 26.677999999999997], [87.048, 26.674], [87.052, 26.674], [87.052, 26.676], [87.048, 26.677999999999997]]]}, "properties": {"class": "flood", "source": "UNOSAT S-1 2024-09-27"}}, {"type": "Feature", "geometry": {"type": "Polygon", "coordinates": [[[86.506, 26.676], [86.506, 26.674], [86.508, 26.674], [86.508, 26.676], [86.506, 26.676]]]}, "properties": {"class": "flood", "source": "UNOSAT S-1 2024-09-27"}}, {"type": "Feature", "geometry": {"type": "Polygon", "coordinates": [[[86.976, 26.676], [86.976, 26.674], [86.97800000000001, 26.674], [86.97800000000001, 26.676], [86.976, 26.676]]]}, "properties": {"class": "flood", "source": "UNOSAT S-1 2024-09-27"}}, {"type": "Feature", "geometry": {"type": "Polygon", "coordinates": [[[86.19200000000001, 26.674], [86.19200000000001, 26.672], [86.194, 26.672], [86.194, 26.674], [86.19200000000001, 26.674]]]}, "properties": {"class": "flood", "source": "UNOSAT S-1 2024-09-27"}}, {"type": "Feature", "geometry": {"type": "Polygon", "coordinates": [[[86.926, 26.674], [86.926, 26.672], [86.928, 26.672], [86.928, 26.674], [86.926, 26.674]]]}, "properties": {"class": "flood", "source": "UNOSAT S-1 2024-09-27"}}, {"type": "Feature", "geometry": {"type": "Polygon", "coordinates": [[[86.194, 26.672], [86.194, 26.669999999999998], [86.196, 26.669999999999998], [86.196, 26.672], [86.194, 26.672]]]}, "properties": {"class": "flood", "source": "UNOSAT S-1 2024-09-27"}}, {"type": "Feature", "geometry": {"type": "Polygon", "coordinates": [[[86.508, 26.672], [86.508, 26.669999999999998], [86.51, 26.669999999999998], [86.51, 26.672], [86.508, 26.672]]]}, "properties": {"class": "flood", "source": "UNOSAT S-1 2024-09-27"}}, {"type": "Feature", "geometry": {"type": "Polygon", "coordinates": [[[86.922, 26.672], [86.922, 26.669999999999998], [86.924, 26.669999999999998], [86.924, 26.672], [86.922, 26.672]]]}, "properties": {"class": "flood", "source": "UNOSAT S-1 2024-09-27"}}, {"type": "Feature", "geometry": {"type": "Polygon", "coordinates": [[[86.93, 26.672], [86.93, 26.669999999999998], [86.932, 26.669999999999998], [86.932, 26.672], [86.93, 26.672]]]}, "properties": {"class": "flood", "source": "UNOSAT S-1 2024-09-27"}}, {"type": "Feature", "geometry": {"type": "Polygon", "coordinates": [[[86.98, 26.672], [86.98, 26.668], [86.982, 26.668], [86.982, 26.672], [86.98, 26.672]]]}, "properties": {"class": "flood", "source": "UNOSAT S-1 2024-09-27"}}, {"type": "Feature", "geometry": {"type": "Polygon", "coordinates": [[[86.186, 26.669999999999998], [86.186, 26.668], [86.188, 26.668], [86.188, 26.669999999999998], [86.186, 26.669999999999998]]]}, "properties": {"class": "flood", "source": "UNOSAT S-1 2024-09-27"}}, {"type": "Feature", "geometry": {"type": "Polygon", "coordinates": [[[87.022, 26.68], [87.018, 26.676], [87.018, 26.666], [87.022, 26.669999999999998], [87.022, 26.676], [87.026, 26.676], [87.022, 26.68]]]}, "properties": {"class": "flood", "source": "UNOSAT S-1 2024-09-27"}}, {"type": "Feature", "geometry": {"type": "Polygon", "coordinates": [[[86.508, 26.668], [86.508, 26.666], [86.51, 26.666], [86.51, 26.668], [86.508, 26.668]]]}, "properties": {"class": "flood", "source": "UNOSAT S-1 2024-09-27"}}, {"type": "Feature", "geometry": {"type": "Polygon", "coordinates": [[[86.964, 26.668], [86.964, 26.666], [86.968, 26.666], [86.968, 26.668], [86.964, 26.668]]]}, "properties": {"class": "flood", "source": "UNOSAT S-1 2024-09-27"}}, {"type": "Feature", "geometry": {"type": "Polygon", "coordinates": [[[87.008, 26.668], [87.008, 26.666], [87.01, 26.666], [87.01, 26.668], [87.008, 26.668]]]}, "properties": {"class": "flood", "source": "UNOSAT S-1 2024-09-27"}}, {"type": "Feature", "geometry": {"type": "Polygon", "coordinates": [[[87.022, 26.668], [87.022, 26.663999999999998], [87.024, 26.663999999999998], [87.026, 26.668], [87.022, 26.668]]]}, "properties": {"class": "flood", "source": "UNOSAT S-1 2024-09-27"}}, {"type": "Feature", "geometry": {"type": "Polygon", "coordinates": [[[87.042, 26.666], [87.042, 26.663999999999998], [87.044, 26.663999999999998], [87.044, 26.666], [87.042, 26.666]]]}, "properties": {"class": "flood", "source": "UNOSAT S-1 2024-09-27"}}, {"type": "Feature", "geometry": {"type": "Polygon", "coordinates": [[[86.506, 26.663999999999998], [86.506, 26.662], [86.508, 26.662], [86.508, 26.663999999999998], [86.506, 26.663999999999998]]]}, "properties": {"class": "flood", "source": "UNOSAT S-1 2024-09-27"}}, {"type": "Feature", "geometry": {"type": "Polygon", "coordinates": [[[87.016, 26.663999999999998], [87.016, 26.662], [87.02, 26.662], [87.02, 26.663999999999998], [87.016, 26.663999999999998]]]}, "properties": {"class": "flood", "source": "UNOSAT S-1 2024-09-27"}}, {"type": "Feature", "geometry": {"type": "Polygon", "coordinates": [[[87.044, 26.663999999999998], [87.044, 26.662], [87.046, 26.662], [87.046, 26.663999999999998], [87.044, 26.663999999999998]]]}, "properties": {"class": "flood", "source": "UNOSAT S-1 2024-09-27"}}, {"type": "Feature", "geometry": {"type": "Polygon", "coordinates": [[[86.186, 26.662], [86.186, 26.66], [86.188, 26.66], [86.188, 26.662], [86.186, 26.662]]]}, "properties": {"class": "flood", "source": "UNOSAT S-1 2024-09-27"}}, {"type": "Feature", "geometry": {"type": "Polygon", "coordinates": [[[87.002, 26.662], [87.002, 26.66], [87.004, 26.66], [87.004, 26.662], [87.002, 26.662]]]}, "properties": {"class": "flood", "source": "UNOSAT S-1 2024-09-27"}}, {"type": "Feature", "geometry": {"type": "Polygon", "coordinates": [[[87.0, 26.66], [87.0, 26.657999999999998], [87.002, 26.657999999999998], [87.002, 26.66], [87.0, 26.66]]]}, "properties": {"class": "flood", "source": "UNOSAT S-1 2024-09-27"}}, {"type": "Feature", "geometry": {"type": "Polygon", "coordinates": [[[87.016, 26.66], [87.016, 26.657999999999998], [87.018, 26.657999999999998], [87.018, 26.66], [87.016, 26.66]]]}, "properties": {"class": "flood", "source": "UNOSAT S-1 2024-09-27"}}, {"type": "Feature", "geometry": {"type": "Polygon", "coordinates": [[[87.006, 26.666], [87.006, 26.656], [87.008, 26.656], [87.008, 26.666], [87.006, 26.666]]]}, "properties": {"class": "flood", "source": "UNOSAT S-1 2024-09-27"}}, {"type": "Feature", "geometry": {"type": "Polygon", "coordinates": [[[87.01, 26.666], [87.01, 26.656], [87.012, 26.656], [87.014, 26.663999999999998], [87.01, 26.666]]]}, "properties": {"class": "flood", "source": "UNOSAT S-1 2024-09-27"}}, {"type": "Feature", "geometry": {"type": "Polygon", "coordinates": [[[86.49600000000001, 26.657999999999998], [86.49600000000001, 26.656], [86.498, 26.656], [86.498, 26.657999999999998], [86.49600000000001, 26.657999999999998]]]}, "properties": {"class": "flood", "source": "UNOSAT S-1 2024-09-27"}}, {"type": "Feature", "geometry": {"type": "Polygon", "coordinates": [[[87.028, 26.662], [87.028, 26.657999999999998], [87.026, 26.656], [87.034, 26.66], [87.028, 26.662]]]}, "properties": {"class": "flood", "source": "UNOSAT S-1 2024-09-27"}}, {"type": "Feature", "geometry": {"type": "Polygon", "coordinates": [[[86.88, 26.656], [86.88, 26.654], [86.882, 26.654], [86.882, 26.656], [86.88, 26.656]]]}, "properties": {"class": "flood", "source": "UNOSAT S-1 2024-09-27"}}, {"type": "Feature", "geometry": {"type": "Polygon", "coordinates": [[[87.018, 26.656], [87.018, 26.654], [87.02, 26.654], [87.02, 26.656], [87.018, 26.656]]]}, "properties": {"class": "flood", "source": "UNOSAT S-1 2024-09-27"}}, {"type": "Feature", "geometry": {"type": "Polygon", "coordinates": [[[86.188, 26.654], [86.188, 26.651999999999997], [86.19, 26.651999999999997], [86.19, 26.654], [86.188, 26.654]]]}, "properties": {"class": "flood", "source": "UNOSAT S-1 2024-09-27"}}, {"type": "Feature", "geometry": {"type": "Polygon", "coordinates": [[[87.016, 26.654], [87.016, 26.651999999999997], [87.018, 26.651999999999997], [87.018, 26.654], [87.016, 26.654]]]}, "properties": {"class": "flood", "source": "UNOSAT S-1 2024-09-27"}}, {"type": "Feature", "geometry": {"type": "Polygon", "coordinates": [[[86.804, 26.656], [86.804, 26.65], [86.808, 26.65], [86.806, 26.656], [86.804, 26.656]]]}, "properties": {"class": "flood", "source": "UNOSAT S-1 2024-09-27"}}, {"type": "Feature", "geometry": {"type": "Polygon", "coordinates": [[[86.498, 26.654], [86.498, 26.65], [86.5, 26.65], [86.5, 26.654], [86.498, 26.654]]]}, "properties": {"class": "flood", "source": "UNOSAT S-1 2024-09-27"}}, {"type": "Feature", "geometry": {"type": "Polygon", "coordinates": [[[86.174, 26.651999999999997], [86.174, 26.65], [86.182, 26.65], [86.182, 26.651999999999997], [86.174, 26.651999999999997]]]}, "properties": {"class": "flood", "source": "UNOSAT S-1 2024-09-27"}}, {"type": "Feature", "geometry": {"type": "Polygon", "coordinates": [[[86.998, 26.651999999999997], [86.998, 26.65], [87.0, 26.65], [87.0, 26.651999999999997], [86.998, 26.651999999999997]]]}, "properties": {"class": "flood", "source": "UNOSAT S-1 2024-09-27"}}, {"type": "Feature", "geometry": {"type": "Polygon", "coordinates": [[[87.024, 26.651999999999997], [87.024, 26.65], [87.026, 26.65], [87.026, 26.651999999999997], [87.024, 26.651999999999997]]]}, "properties": {"class": "flood", "source": "UNOSAT S-1 2024-09-27"}}, {"type": "Feature", "geometry": {"type": "Polygon", "coordinates": [[[86.164, 26.65], [86.164, 26.648], [86.166, 26.648], [86.166, 26.65], [86.164, 26.65]]]}, "properties": {"class": "flood", "source": "UNOSAT S-1 2024-09-27"}}, {"type": "Feature", "geometry": {"type": "Polygon", "coordinates": [[[86.156, 26.648], [86.156, 26.645999999999997], [86.158, 26.645999999999997], [86.158, 26.648], [86.156, 26.648]]]}, "properties": {"class": "flood", "source": "UNOSAT S-1 2024-09-27"}}, {"type": "Feature", "geometry": {"type": "Polygon", "coordinates": [[[86.5, 26.648], [86.5, 26.645999999999997], [86.502, 26.645999999999997], [86.502, 26.648], [86.5, 26.648]]]}, "properties": {"class": "flood", "source": "UNOSAT S-1 2024-09-27"}}, {"type": "Feature", "geometry": {"type": "Polygon", "coordinates": [[[86.808, 26.648], [86.808, 26.645999999999997], [86.81, 26.645999999999997], [86.81, 26.648], [86.808, 26.648]]]}, "properties": {"class": "flood", "source": "UNOSAT S-1 2024-09-27"}}, {"type": "Feature", "geometry": {"type": "Polygon", "coordinates": [[[86.99600000000001, 26.648], [86.99600000000001, 26.645999999999997], [86.998, 26.645999999999997], [86.998, 26.648], [86.99600000000001, 26.648]]]}, "properties": {"class": "flood", "source": "UNOSAT S-1 2024-09-27"}}, {"type": "Feature", "geometry": {"type": "Polygon", "coordinates": [[[87.042, 26.662], [87.04, 26.65], [87.036, 26.645999999999997], [87.042, 26.648], [87.042, 26.662]]]}, "properties": {"class": "flood", "source": "UNOSAT S-1 2024-09-27"}}, {"type": "Feature", "geometry": {"type": "Polygon", "coordinates": [[[86.502, 26.645999999999997], [86.502, 26.644], [86.504, 26.644], [86.504, 26.645999999999997], [86.502, 26.645999999999997]]]}, "properties": {"class": "flood", "source": "UNOSAT S-1 2024-09-27"}}, {"type": "Feature", "geometry": {"type": "Polygon", "coordinates": [[[87.002, 26.651999999999997], [87.002, 26.648], [86.998, 26.644], [87.004, 26.645999999999997], [87.006, 26.651999999999997], [87.002, 26.651999999999997]]]}, "properties": {"class": "flood", "source": "UNOSAT S-1 2024-09-27"}}, {"type": "Feature", "geometry": {"type": "Polygon", "coordinates": [[[86.81400000000001, 26.642], [86.81400000000001, 26.64], [86.816, 26.64], [86.816, 26.642], [86.81400000000001, 26.642]]]}, "properties": {"class": "flood", "source": "UNOSAT S-1 2024-09-27"}}, {"type": "Feature", "geometry": {"type": "Polygon", "coordinates": [[[87.008, 26.642], [87.008, 26.64], [87.012, 26.64], [87.012, 26.642], [87.008, 26.642]]]}, "properties": {"class": "flood", "source": "UNOSAT S-1 2024-09-27"}}, {"type": "Feature", "geometry": {"type": "Polygon", "coordinates": [[[86.71000000000001, 26.64], [86.71000000000001, 26.637999999999998], [86.712, 26.637999999999998], [86.712, 26.64], [86.71000000000001, 26.64]]]}, "properties": {"class": "flood", "source": "UNOSAT S-1 2024-09-27"}}, {"type": "Feature", "geometry": {"type": "Polygon", "coordinates": [[[86.816, 26.64], [86.816, 26.637999999999998], [86.818, 26.637999999999998], [86.818, 26.64], [86.816, 26.64]]]}, "properties": {"class": "flood", "source": "UNOSAT S-1 2024-09-27"}}, {"type": "Feature", "geometry": {"type": "Polygon", "coordinates": [[[86.99000000000001, 26.64], [86.99000000000001, 26.637999999999998], [86.992, 26.637999999999998], [86.992, 26.64], [86.99000000000001, 26.64]]]}, "properties": {"class": "flood", "source": "UNOSAT S-1 2024-09-27"}}, {"type": "Feature", "geometry": {"type": "Polygon", "coordinates": [[[86.998, 26.64], [86.998, 26.637999999999998], [87.0, 26.637999999999998], [87.0, 26.64], [86.998, 26.64]]]}, "properties": {"class": "flood", "source": "UNOSAT S-1 2024-09-27"}}, {"type": "Feature", "geometry": {"type": "Polygon", "coordinates": [[[86.152, 26.637999999999998], [86.152, 26.636], [86.154, 26.636], [86.154, 26.637999999999998], [86.152, 26.637999999999998]]]}, "properties": {"class": "flood", "source": "UNOSAT S-1 2024-09-27"}}, {"type": "Feature", "geometry": {"type": "Polygon", "coordinates": [[[86.818, 26.637999999999998], [86.818, 26.636], [86.82000000000001, 26.636], [86.82000000000001, 26.637999999999998], [86.818, 26.637999999999998]]]}, "properties": {"class": "flood", "source": "UNOSAT S-1 2024-09-27"}}, {"type": "Feature", "geometry": {"type": "Polygon", "coordinates": [[[86.882, 26.637999999999998], [86.882, 26.636], [86.884, 26.636], [86.884, 26.637999999999998], [86.882, 26.637999999999998]]]}, "properties": {"class": "flood", "source": "UNOSAT S-1 2024-09-27"}}, {"type": "Feature", "geometry": {"type": "Polygon", "coordinates": [[[86.988, 26.637999999999998], [86.988, 26.636], [86.99000000000001, 26.636], [86.99000000000001, 26.637999999999998], [86.988, 26.637999999999998]]]}, "properties": {"class": "flood", "source": "UNOSAT S-1 2024-09-27"}}, {"type": "Feature", "geometry": {"type": "Polygon", "coordinates": [[[86.994, 26.637999999999998], [86.994, 26.636], [86.998, 26.636], [86.998, 26.637999999999998], [86.994, 26.637999999999998]]]}, "properties": {"class": "flood", "source": "UNOSAT S-1 2024-09-27"}}, {"type": "Feature", "geometry": {"type": "Polygon", "coordinates": [[[86.986, 26.636], [86.986, 26.634], [86.988, 26.634], [86.988, 26.636], [86.986, 26.636]]]}, "properties": {"class": "flood", "source": "UNOSAT S-1 2024-09-27"}}, {"type": "Feature", "geometry": {"type": "Polygon", "coordinates": [[[86.504, 26.642], [86.506, 26.634], [86.51, 26.631999999999998], [86.508, 26.64], [86.504, 26.642]]]}, "properties": {"class": "flood", "source": "UNOSAT S-1 2024-09-27"}}, {"type": "Feature", "geometry": {"type": "Polygon", "coordinates": [[[86.154, 26.634], [86.154, 26.631999999999998], [86.156, 26.631999999999998], [86.156, 26.634], [86.154, 26.634]]]}, "properties": {"class": "flood", "source": "UNOSAT S-1 2024-09-27"}}, {"type": "Feature", "geometry": {"type": "Polygon", "coordinates": [[[86.824, 26.634], [86.824, 26.631999999999998], [86.82600000000001, 26.631999999999998], [86.82600000000001, 26.634], [86.824, 26.634]]]}, "properties": {"class": "flood", "source": "UNOSAT S-1 2024-09-27"}}, {"type": "Feature", "geometry": {"type": "Polygon", "coordinates": [[[86.99600000000001, 26.634], [86.99600000000001, 26.631999999999998], [86.998, 26.631999999999998], [86.998, 26.634], [86.99600000000001, 26.634]]]}, "properties": {"class": "flood", "source": "UNOSAT S-1 2024-09-27"}}, {"type": "Feature", "geometry": {"type": "Polygon", "coordinates": [[[87.016, 26.634], [87.016, 26.631999999999998], [87.018, 26.631999999999998], [87.018, 26.634], [87.016, 26.634]]]}, "properties": {"class": "flood", "source": "UNOSAT S-1 2024-09-27"}}, {"type": "Feature", "geometry": {"type": "Polygon", "coordinates": [[[86.83200000000001, 26.631999999999998], [86.83200000000001, 26.63], [86.84, 26.63], [86.84, 26.631999999999998], [86.83200000000001, 26.631999999999998]]]}, "properties": {"class": "flood", "source": "UNOSAT S-1 2024-09-27"}}, {"type": "Feature", "geometry": {"type": "Polygon", "coordinates": [[[86.94200000000001, 26.631999999999998], [86.94200000000001, 26.63], [86.944, 26.63], [86.944, 26.631999999999998], [86.94200000000001, 26.631999999999998]]]}, "properties": {"class": "flood", "source": "UNOSAT S-1 2024-09-27"}}, {"type": "Feature", "geometry": {"type": "Polygon", "coordinates": [[[86.98400000000001, 26.631999999999998], [86.98400000000001, 26.63], [86.986, 26.63], [86.986, 26.631999999999998], [86.98400000000001, 26.631999999999998]]]}, "properties": {"class": "flood", "source": "UNOSAT S-1 2024-09-27"}}, {"type": "Feature", "geometry": {"type": "Polygon", "coordinates": [[[86.842, 26.63], [86.842, 26.628], [86.846, 26.628], [86.846, 26.63], [86.842, 26.63]]]}, "properties": {"class": "flood", "source": "UNOSAT S-1 2024-09-27"}}, {"type": "Feature", "geometry": {"type": "Polygon", "coordinates": [[[86.506, 26.63], [86.506, 26.625999999999998], [86.508, 26.625999999999998], [86.508, 26.63], [86.506, 26.63]]]}, "properties": {"class": "flood", "source": "UNOSAT S-1 2024-09-27"}}, {"type": "Feature", "geometry": {"type": "Polygon", "coordinates": [[[86.846, 26.628], [86.846, 26.625999999999998], [86.848, 26.625999999999998], [86.848, 26.628], [86.846, 26.628]]]}, "properties": {"class": "flood", "source": "UNOSAT S-1 2024-09-27"}}, {"type": "Feature", "geometry": {"type": "Polygon", "coordinates": [[[86.85000000000001, 26.628], [86.85000000000001, 26.625999999999998], [86.852, 26.625999999999998], [86.852, 26.628], [86.85000000000001, 26.628]]]}, "properties": {"class": "flood", "source": "UNOSAT S-1 2024-09-27"}}, {"type": "Feature", "geometry": {"type": "Polygon", "coordinates": [[[87.002, 26.628], [87.002, 26.625999999999998], [87.004, 26.625999999999998], [87.004, 26.628], [87.002, 26.628]]]}, "properties": {"class": "flood", "source": "UNOSAT S-1 2024-09-27"}}, {"type": "Feature", "geometry": {"type": "Polygon", "coordinates": [[[86.888, 26.625999999999998], [86.888, 26.624], [86.89, 26.624], [86.89, 26.625999999999998], [86.888, 26.625999999999998]]]}, "properties": {"class": "flood", "source": "UNOSAT S-1 2024-09-27"}}, {"type": "Feature", "geometry": {"type": "Polygon", "coordinates": [[[86.154, 26.624], [86.154, 26.622], [86.156, 26.622], [86.156, 26.624], [86.154, 26.624]]]}, "properties": {"class": "flood", "source": "UNOSAT S-1 2024-09-27"}}, {"type": "Feature", "geometry": {"type": "Polygon", "coordinates": [[[86.506, 26.624], [86.506, 26.622], [86.508, 26.622], [86.508, 26.624], [86.506, 26.624]]]}, "properties": {"class": "flood", "source": "UNOSAT S-1 2024-09-27"}}, {"type": "Feature", "geometry": {"type": "Polygon", "coordinates": [[[86.854, 26.624], [86.854, 26.622], [86.85600000000001, 26.622], [86.85600000000001, 26.624], [86.854, 26.624]]]}, "properties": {"class": "flood", "source": "UNOSAT S-1 2024-09-27"}}, {"type": "Feature", "geometry": {"type": "Polygon", "coordinates": [[[86.97, 26.624], [86.97, 26.622], [86.97200000000001, 26.622], [86.97200000000001, 26.624], [86.97, 26.624]]]}, "properties": {"class": "flood", "source": "UNOSAT S-1 2024-09-27"}}, {"type": "Feature", "geometry": {"type": "Polygon", "coordinates": [[[86.51, 26.619999999999997], [86.51, 26.618], [86.512, 26.618], [86.512, 26.619999999999997], [86.51, 26.619999999999997]]]}, "properties": {"class": "flood", "source": "UNOSAT S-1 2024-09-27"}}, {"type": "Feature", "geometry": {"type": "Polygon", "coordinates": [[[86.85600000000001, 26.619999999999997], [86.85600000000001, 26.618], [86.858, 26.618], [86.858, 26.619999999999997], [86.85600000000001, 26.619999999999997]]]}, "properties": {"class": "flood", "source": "UNOSAT S-1 2024-09-27"}}, {"type": "Feature", "geometry": {"type": "Polygon", "coordinates": [[[86.152, 26.619999999999997], [86.152, 26.616], [86.154, 26.616], [86.154, 26.619999999999997], [86.152, 26.619999999999997]]]}, "properties": {"class": "flood", "source": "UNOSAT S-1 2024-09-27"}}, {"type": "Feature", "geometry": {"type": "Polygon", "coordinates": [[[86.864, 26.618], [86.866, 26.613999999999997], [86.87, 26.616], [86.87, 26.618], [86.864, 26.618]]]}, "properties": {"class": "flood", "source": "UNOSAT S-1 2024-09-27"}}, {"type": "Feature", "geometry": {"type": "Polygon", "coordinates": [[[86.926, 26.616], [86.926, 26.613999999999997], [86.928, 26.613999999999997], [86.928, 26.616], [86.926, 26.616]]]}, "properties": {"class": "flood", "source": "UNOSAT S-1 2024-09-27"}}, {"type": "Feature", "geometry": {"type": "Polygon", "coordinates": [[[86.506, 26.616], [86.506, 26.612], [86.508, 26.612], [86.508, 26.616], [86.506, 26.616]]]}, "properties": {"class": "flood", "source": "UNOSAT S-1 2024-09-27"}}, {"type": "Feature", "geometry": {"type": "Polygon", "coordinates": [[[87.0, 26.613999999999997], [87.0, 26.612], [87.002, 26.612], [87.002, 26.613999999999997], [87.0, 26.613999999999997]]]}, "properties": {"class": "flood", "source": "UNOSAT S-1 2024-09-27"}}, {"type": "Feature", "geometry": {"type": "Polygon", "coordinates": [[[86.51, 26.612], [86.51, 26.61], [86.512, 26.61], [86.512, 26.612], [86.51, 26.612]]]}, "properties": {"class": "flood", "source": "UNOSAT S-1 2024-09-27"}}, {"type": "Feature", "geometry": {"type": "Polygon", "coordinates": [[[86.726, 26.612], [86.726, 26.61], [86.72800000000001, 26.61], [86.72800000000001, 26.612], [86.726, 26.612]]]}, "properties": {"class": "flood", "source": "UNOSAT S-1 2024-09-27"}}, {"type": "Feature", "geometry": {"type": "Polygon", "coordinates": [[[86.864, 26.61], [86.864, 26.608], [86.866, 26.608], [86.866, 26.61], [86.864, 26.61]]]}, "properties": {"class": "flood", "source": "UNOSAT S-1 2024-09-27"}}, {"type": "Feature", "geometry": {"type": "Polygon", "coordinates": [[[86.926, 26.61], [86.926, 26.608], [86.928, 26.608], [86.928, 26.61], [86.926, 26.61]]]}, "properties": {"class": "flood", "source": "UNOSAT S-1 2024-09-27"}}, {"type": "Feature", "geometry": {"type": "Polygon", "coordinates": [[[86.866, 26.605999999999998], [86.866, 26.604], [86.86800000000001, 26.604], [86.86800000000001, 26.605999999999998], [86.866, 26.605999999999998]]]}, "properties": {"class": "flood", "source": "UNOSAT S-1 2024-09-27"}}, {"type": "Feature", "geometry": {"type": "Polygon", "coordinates": [[[86.922, 26.605999999999998], [86.922, 26.604], [86.924, 26.604], [86.924, 26.605999999999998], [86.922, 26.605999999999998]]]}, "properties": {"class": "flood", "source": "UNOSAT S-1 2024-09-27"}}, {"type": "Feature", "geometry": {"type": "Polygon", "coordinates": [[[86.96600000000001, 26.605999999999998], [86.96600000000001, 26.604], [86.968, 26.604], [86.968, 26.605999999999998], [86.96600000000001, 26.605999999999998]]]}, "properties": {"class": "flood", "source": "UNOSAT S-1 2024-09-27"}}, {"type": "Feature", "geometry": {"type": "Polygon", "coordinates": [[[86.506, 26.608], [86.506, 26.602], [86.508, 26.602], [86.508, 26.608], [86.506, 26.608]]]}, "properties": {"class": "flood", "source": "UNOSAT S-1 2024-09-27"}}, {"type": "Feature", "geometry": {"type": "Polygon", "coordinates": [[[86.148, 26.605999999999998], [86.148, 26.602], [86.15, 26.602], [86.15, 26.605999999999998], [86.148, 26.605999999999998]]]}, "properties": {"class": "flood", "source": "UNOSAT S-1 2024-09-27"}}, {"type": "Feature", "geometry": {"type": "Polygon", "coordinates": [[[86.502, 26.604], [86.502, 26.602], [86.504, 26.602], [86.504, 26.604], [86.502, 26.604]]]}, "properties": {"class": "flood", "source": "UNOSAT S-1 2024-09-27"}}, {"type": "Feature", "geometry": {"type": "Polygon", "coordinates": [[[86.88, 26.604], [86.88, 26.602], [86.882, 26.602], [86.882, 26.604], [86.88, 26.604]]]}, "properties": {"class": "flood", "source": "UNOSAT S-1 2024-09-27"}}, {"type": "Feature", "geometry": {"type": "Polygon", "coordinates": [[[86.92, 26.604], [86.92, 26.602], [86.922, 26.602], [86.922, 26.604], [86.92, 26.604]]]}, "properties": {"class": "flood", "source": "UNOSAT S-1 2024-09-27"}}, {"type": "Feature", "geometry": {"type": "Polygon", "coordinates": [[[86.964, 26.604], [86.964, 26.602], [86.96600000000001, 26.602], [86.96600000000001, 26.604], [86.964, 26.604]]]}, "properties": {"class": "flood", "source": "UNOSAT S-1 2024-09-27"}}, {"type": "Feature", "geometry": {"type": "Polygon", "coordinates": [[[86.504, 26.602], [86.504, 26.599999999999998], [86.506, 26.599999999999998], [86.506, 26.602], [86.504, 26.602]]]}, "properties": {"class": "flood", "source": "UNOSAT S-1 2024-09-27"}}, {"type": "Feature", "geometry": {"type": "Polygon", "coordinates": [[[86.736, 26.602], [86.736, 26.599999999999998], [86.738, 26.599999999999998], [86.738, 26.602], [86.736, 26.602]]]}, "properties": {"class": "flood", "source": "UNOSAT S-1 2024-09-27"}}, {"type": "Feature", "geometry": {"type": "Polygon", "coordinates": [[[86.146, 26.602], [86.146, 26.598], [86.148, 26.598], [86.148, 26.602], [86.146, 26.602]]]}, "properties": {"class": "flood", "source": "UNOSAT S-1 2024-09-27"}}, {"type": "Feature", "geometry": {"type": "Polygon", "coordinates": [[[86.74000000000001, 26.599999999999998], [86.74000000000001, 26.598], [86.742, 26.598], [86.742, 26.599999999999998], [86.74000000000001, 26.599999999999998]]]}, "properties": {"class": "flood", "source": "UNOSAT S-1 2024-09-27"}}, {"type": "Feature", "geometry": {"type": "Polygon", "coordinates": [[[86.872, 26.599999999999998], [86.872, 26.598], [86.874, 26.598], [86.874, 26.599999999999998], [86.872, 26.599999999999998]]]}, "properties": {"class": "flood", "source": "UNOSAT S-1 2024-09-27"}}, {"type": "Feature", "geometry": {"type": "Polygon", "coordinates": [[[86.884, 26.599999999999998], [86.884, 26.598], [86.89, 26.598], [86.89, 26.599999999999998], [86.884, 26.599999999999998]]]}, "properties": {"class": "flood", "source": "UNOSAT S-1 2024-09-27"}}, {"type": "Feature", "geometry": {"type": "Polygon", "coordinates": [[[86.96000000000001, 26.599999999999998], [86.96000000000001, 26.598], [86.962, 26.598], [86.962, 26.599999999999998], [86.96000000000001, 26.599999999999998]]]}, "properties": {"class": "flood", "source": "UNOSAT S-1 2024-09-27"}}, {"type": "Feature", "geometry": {"type": "Polygon", "coordinates": [[[86.874, 26.598], [86.874, 26.596], [86.88, 26.596], [86.88, 26.598], [86.874, 26.598]]]}, "properties": {"class": "flood", "source": "UNOSAT S-1 2024-09-27"}}, {"type": "Feature", "geometry": {"type": "Polygon", "coordinates": [[[86.882, 26.598], [86.882, 26.596], [86.884, 26.596], [86.884, 26.598], [86.882, 26.598]]]}, "properties": {"class": "flood", "source": "UNOSAT S-1 2024-09-27"}}, {"type": "Feature", "geometry": {"type": "Polygon", "coordinates": [[[86.99000000000001, 26.598], [86.99000000000001, 26.596], [86.992, 26.596], [86.992, 26.598], [86.99000000000001, 26.598]]]}, "properties": {"class": "flood", "source": "UNOSAT S-1 2024-09-27"}}, {"type": "Feature", "geometry": {"type": "Polygon", "coordinates": [[[86.998, 26.598], [86.998, 26.596], [87.0, 26.596], [87.0, 26.598], [86.998, 26.598]]]}, "properties": {"class": "flood", "source": "UNOSAT S-1 2024-09-27"}}, {"type": "Feature", "geometry": {"type": "Polygon", "coordinates": [[[86.926, 26.596], [86.926, 26.593999999999998], [86.928, 26.593999999999998], [86.928, 26.596], [86.926, 26.596]]]}, "properties": {"class": "flood", "source": "UNOSAT S-1 2024-09-27"}}, {"type": "Feature", "geometry": {"type": "Polygon", "coordinates": [[[86.994, 26.596], [86.994, 26.593999999999998], [86.99600000000001, 26.593999999999998], [86.99600000000001, 26.596], [86.994, 26.596]]]}, "properties": {"class": "flood", "source": "UNOSAT S-1 2024-09-27"}}, {"type": "Feature", "geometry": {"type": "Polygon", "coordinates": [[[86.142, 26.593999999999998], [86.142, 26.592], [86.146, 26.592], [86.146, 26.593999999999998], [86.142, 26.593999999999998]]]}, "properties": {"class": "flood", "source": "UNOSAT S-1 2024-09-27"}}, {"type": "Feature", "geometry": {"type": "Polygon", "coordinates": [[[86.914, 26.593999999999998], [86.914, 26.592], [86.916, 26.592], [86.916, 26.593999999999998], [86.914, 26.593999999999998]]]}, "properties": {"class": "flood", "source": "UNOSAT S-1 2024-09-27"}}, {"type": "Feature", "geometry": {"type": "Polygon", "coordinates": [[[86.89, 26.593999999999998], [86.89, 26.59], [86.892, 26.59], [86.892, 26.593999999999998], [86.89, 26.593999999999998]]]}, "properties": {"class": "flood", "source": "UNOSAT S-1 2024-09-27"}}, {"type": "Feature", "geometry": {"type": "Polygon", "coordinates": [[[86.5, 26.592], [86.5, 26.59], [86.502, 26.59], [86.502, 26.592], [86.5, 26.592]]]}, "properties": {"class": "flood", "source": "UNOSAT S-1 2024-09-27"}}, {"type": "Feature", "geometry": {"type": "Polygon", "coordinates": [[[86.912, 26.592], [86.912, 26.59], [86.914, 26.59], [86.914, 26.592], [86.912, 26.592]]]}, "properties": {"class": "flood", "source": "UNOSAT S-1 2024-09-27"}}, {"type": "Feature", "geometry": {"type": "Polygon", "coordinates": [[[86.96000000000001, 26.592], [86.96000000000001, 26.59], [86.962, 26.59], [86.962, 26.592], [86.96000000000001, 26.592]]]}, "properties": {"class": "flood", "source": "UNOSAT S-1 2024-09-27"}}, {"type": "Feature", "geometry": {"type": "Polygon", "coordinates": [[[86.97, 26.592], [86.97, 26.59], [86.974, 26.59], [86.974, 26.592], [86.97, 26.592]]]}, "properties": {"class": "flood", "source": "UNOSAT S-1 2024-09-27"}}, {"type": "Feature", "geometry": {"type": "Polygon", "coordinates": [[[86.98, 26.592], [86.98, 26.59], [86.982, 26.59], [86.982, 26.592], [86.98, 26.592]]]}, "properties": {"class": "flood", "source": "UNOSAT S-1 2024-09-27"}}, {"type": "Feature", "geometry": {"type": "Polygon", "coordinates": [[[86.89, 26.587999999999997], [86.89, 26.586], [86.892, 26.586], [86.892, 26.587999999999997], [86.89, 26.587999999999997]]]}, "properties": {"class": "flood", "source": "UNOSAT S-1 2024-09-27"}}, {"type": "Feature", "geometry": {"type": "Polygon", "coordinates": [[[86.144, 26.587999999999997], [86.144, 26.584], [86.146, 26.584], [86.146, 26.587999999999997], [86.144, 26.587999999999997]]]}, "properties": {"class": "flood", "source": "UNOSAT S-1 2024-09-27"}}, {"type": "Feature", "geometry": {"type": "Polygon", "coordinates": [[[86.892, 26.586], [86.892, 26.584], [86.894, 26.584], [86.894, 26.586], [86.892, 26.586]]]}, "properties": {"class": "flood", "source": "UNOSAT S-1 2024-09-27"}}, {"type": "Feature", "geometry": {"type": "Polygon", "coordinates": [[[86.988, 26.586], [86.988, 26.581999999999997], [86.99000000000001, 26.581999999999997], [86.99000000000001, 26.586], [86.988, 26.586]]]}, "properties": {"class": "flood", "source": "UNOSAT S-1 2024-09-27"}}, {"type": "Feature", "geometry": {"type": "Polygon", "coordinates": [[[86.914, 26.584], [86.914, 26.581999999999997], [86.916, 26.581999999999997], [86.916, 26.584], [86.914, 26.584]]]}, "properties": {"class": "flood", "source": "UNOSAT S-1 2024-09-27"}}, {"type": "Feature", "geometry": {"type": "Polygon", "coordinates": [[[86.95, 26.584], [86.95, 26.581999999999997], [86.952, 26.581999999999997], [86.952, 26.584], [86.95, 26.584]]]}, "properties": {"class": "flood", "source": "UNOSAT S-1 2024-09-27"}}, {"type": "Feature", "geometry": {"type": "Polygon", "coordinates": [[[86.91, 26.584], [86.91, 26.58], [86.912, 26.58], [86.912, 26.584], [86.91, 26.584]]]}, "properties": {"class": "flood", "source": "UNOSAT S-1 2024-09-27"}}, {"type": "Feature", "geometry": {"type": "Polygon", "coordinates": [[[86.144, 26.581999999999997], [86.144, 26.58], [86.146, 26.58], [86.146, 26.581999999999997], [86.144, 26.581999999999997]]]}, "properties": {"class": "flood", "source": "UNOSAT S-1 2024-09-27"}}, {"type": "Feature", "geometry": {"type": "Polygon", "coordinates": [[[86.498, 26.587999999999997], [86.498, 26.58], [86.502, 26.58], [86.502, 26.587999999999997], [86.498, 26.587999999999997]]]}, "properties": {"class": "flood", "source": "UNOSAT S-1 2024-09-27"}}, {"type": "Feature", "geometry": {"type": "Polygon", "coordinates": [[[86.762, 26.581999999999997], [86.762, 26.58], [86.764, 26.58], [86.764, 26.581999999999997], [86.762, 26.581999999999997]]]}, "properties": {"class": "flood", "source": "UNOSAT S-1 2024-09-27"}}, {"type": "Feature", "geometry": {"type": "Polygon", "coordinates": [[[86.918, 26.581999999999997], [86.918, 26.58], [86.92, 26.58], [86.92, 26.581999999999997], [86.918, 26.581999999999997]]]}, "properties": {"class": "flood", "source": "UNOSAT S-1 2024-09-27"}}, {"type": "Feature", "geometry": {"type": "Polygon", "coordinates": [[[86.94800000000001, 26.581999999999997], [86.94800000000001, 26.58], [86.95, 26.58], [86.95, 26.581999999999997], [86.94800000000001, 26.581999999999997]]]}, "properties": {"class": "flood", "source": "UNOSAT S-1 2024-09-27"}}, {"type": "Feature", "geometry": {"type": "Polygon", "coordinates": [[[86.986, 26.581999999999997], [86.986, 26.58], [86.988, 26.58], [86.988, 26.581999999999997], [86.986, 26.581999999999997]]]}, "properties": {"class": "flood", "source": "UNOSAT S-1 2024-09-27"}}, {"type": "Feature", "geometry": {"type": "Polygon", "coordinates": [[[86.96600000000001, 26.59], [86.958, 26.584], [86.956, 26.58], [86.962, 26.581999999999997], [86.964, 26.578], [86.964, 26.584], [86.968, 26.586], [86.96600000000001, 26.59]]]}, "properties": {"class": "flood", "source": "UNOSAT S-1 2024-09-27"}}, {"type": "Feature", "geometry": {"type": "Polygon", "coordinates": [[[86.764, 26.58], [86.764, 26.578], [86.766, 26.578], [86.766, 26.58], [86.764, 26.58]]]}, "properties": {"class": "flood", "source": "UNOSAT S-1 2024-09-27"}}, {"type": "Feature", "geometry": {"type": "Polygon", "coordinates": [[[86.944, 26.58], [86.944, 26.578], [86.946, 26.578], [86.946, 26.58], [86.944, 26.58]]]}, "properties": {"class": "flood", "source": "UNOSAT S-1 2024-09-27"}}, {"type": "Feature", "geometry": {"type": "Polygon", "coordinates": [[[86.952, 26.58], [86.952, 26.578], [86.95400000000001, 26.578], [86.95400000000001, 26.58], [86.952, 26.58]]]}, "properties": {"class": "flood", "source": "UNOSAT S-1 2024-09-27"}}, {"type": "Feature", "geometry": {"type": "Polygon", "coordinates": [[[87.06, 26.58], [87.06, 26.578], [87.062, 26.578], [87.062, 26.58], [87.06, 26.58]]]}, "properties": {"class": "flood", "source": "UNOSAT S-1 2024-09-27"}}, {"type": "Feature", "geometry": {"type": "Polygon", "coordinates": [[[86.49600000000001, 26.58], [86.49600000000001, 26.576], [86.5, 26.576], [86.5, 26.578], [86.49600000000001, 26.58]]]}, "properties": {"class": "flood", "source": "UNOSAT S-1 2024-09-27"}}, {"type": "Feature", "geometry": {"type": "Polygon", "coordinates": [[[86.146, 26.578], [86.146, 26.576], [86.148, 26.576], [86.148, 26.578], [86.146, 26.578]]]}, "properties": {"class": "flood", "source": "UNOSAT S-1 2024-09-27"}}, {"type": "Feature", "geometry": {"type": "Polygon", "coordinates": [[[86.904, 26.578], [86.904, 26.576], [86.906, 26.576], [86.906, 26.578], [86.904, 26.578]]]}, "properties": {"class": "flood", "source": "UNOSAT S-1 2024-09-27"}}, {"type": "Feature", "geometry": {"type": "Polygon", "coordinates": [[[86.916, 26.578], [86.916, 26.576], [86.918, 26.576], [86.918, 26.578], [86.916, 26.578]]]}, "properties": {"class": "flood", "source": "UNOSAT S-1 2024-09-27"}}, {"type": "Feature", "geometry": {"type": "Polygon", "coordinates": [[[86.94200000000001, 26.578], [86.94200000000001, 26.576], [86.944, 26.576], [86.944, 26.578], [86.94200000000001, 26.578]]]}, "properties": {"class": "flood", "source": "UNOSAT S-1 2024-09-27"}}, {"type": "Feature", "geometry": {"type": "Polygon", "coordinates": [[[86.97200000000001, 26.578], [86.97200000000001, 26.576], [86.974, 26.576], [86.974, 26.578], [86.97200000000001, 26.578]]]}, "properties": {"class": "flood", "source": "UNOSAT S-1 2024-09-27"}}, {"type": "Feature", "geometry": {"type": "Polygon", "coordinates": [[[86.98400000000001, 26.578], [86.98400000000001, 26.576], [86.986, 26.576], [86.986, 26.578], [86.98400000000001, 26.578]]]}, "properties": {"class": "flood", "source": "UNOSAT S-1 2024-09-27"}}, {"type": "Feature", "geometry": {"type": "Polygon", "coordinates": [[[86.896, 26.578], [86.896, 26.573999999999998], [86.898, 26.573999999999998], [86.898, 26.578], [86.896, 26.578]]]}, "properties": {"class": "flood", "source": "UNOSAT S-1 2024-09-27"}}, {"type": "Feature", "geometry": {"type": "Polygon", "coordinates": [[[86.148, 26.576], [86.148, 26.573999999999998], [86.15, 26.573999999999998], [86.15, 26.576], [86.148, 26.576]]]}, "properties": {"class": "flood", "source": "UNOSAT S-1 2024-09-27"}}, {"type": "Feature", "geometry": {"type": "Polygon", "coordinates": [[[86.492, 26.576], [86.492, 26.572], [86.49600000000001, 26.573999999999998], [86.49600000000001, 26.576], [86.492, 26.576]]]}, "properties": {"class": "flood", "source": "UNOSAT S-1 2024-09-27"}}, {"type": "Feature", "geometry": {"type": "Polygon", "coordinates": [[[86.906, 26.576], [86.906, 26.572], [86.908, 26.572], [86.908, 26.576], [86.906, 26.576]]]}, "properties": {"class": "flood", "source": "UNOSAT S-1 2024-09-27"}}, {"type": "Feature", "geometry": {"type": "Polygon", "coordinates": [[[86.15, 26.573999999999998], [86.15, 26.572], [86.152, 26.572], [86.152, 26.573999999999998], [86.15, 26.573999999999998]]]}, "properties": {"class": "flood", "source": "UNOSAT S-1 2024-09-27"}}, {"type": "Feature", "geometry": {"type": "Polygon", "coordinates": [[[86.974, 26.576], [86.97200000000001, 26.572], [86.97800000000001, 26.573999999999998], [86.97800000000001, 26.576], [86.974, 26.576]]]}, "properties": {"class": "flood", "source": "UNOSAT S-1 2024-09-27"}}, {"type": "Feature", "geometry": {"type": "Polygon", "coordinates": [[[86.94, 26.576], [86.94, 26.57], [86.94200000000001, 26.57], [86.94200000000001, 26.576], [86.94, 26.576]]]}, "properties": {"class": "flood", "source": "UNOSAT S-1 2024-09-27"}}, {"type": "Feature", "geometry": {"type": "Polygon", "coordinates": [[[86.824, 26.573999999999998], [86.824, 26.57], [86.82600000000001, 26.57], [86.82600000000001, 26.573999999999998], [86.824, 26.573999999999998]]]}, "properties": {"class": "flood", "source": "UNOSAT S-1 2024-09-27"}}, {"type": "Feature", "geometry": {"type": "Polygon", "coordinates": [[[86.152, 26.572], [86.152, 26.57], [86.154, 26.57], [86.154, 26.572], [86.152, 26.572]]]}, "properties": {"class": "flood", "source": "UNOSAT S-1 2024-09-27"}}, {"type": "Feature", "geometry": {"type": "Polygon", "coordinates": [[[86.902, 26.572], [86.902, 26.57], [86.906, 26.57], [86.906, 26.572], [86.902, 26.572]]]}, "properties": {"class": "flood", "source": "UNOSAT S-1 2024-09-27"}}, {"type": "Feature", "geometry": {"type": "Polygon", "coordinates": [[[86.908, 26.572], [86.908, 26.57], [86.912, 26.57], [86.912, 26.572], [86.908, 26.572]]]}, "properties": {"class": "flood", "source": "UNOSAT S-1 2024-09-27"}}, {"type": "Feature", "geometry": {"type": "Polygon", "coordinates": [[[86.956, 26.572], [86.956, 26.57], [86.958, 26.57], [86.958, 26.572], [86.956, 26.572]]]}, "properties": {"class": "flood", "source": "UNOSAT S-1 2024-09-27"}}, {"type": "Feature", "geometry": {"type": "Polygon", "coordinates": [[[86.156, 26.57], [86.156, 26.567999999999998], [86.158, 26.567999999999998], [86.158, 26.57], [86.156, 26.57]]]}, "properties": {"class": "flood", "source": "UNOSAT S-1 2024-09-27"}}, {"type": "Feature", "geometry": {"type": "Polygon", "coordinates": [[[86.914, 26.576], [86.914, 26.57], [86.912, 26.567999999999998], [86.916, 26.567999999999998], [86.914, 26.576]]]}, "properties": {"class": "flood", "source": "UNOSAT S-1 2024-09-27"}}, {"type": "Feature", "geometry": {"type": "Polygon", "coordinates": [[[86.962, 26.57], [86.962, 26.567999999999998], [86.964, 26.567999999999998], [86.964, 26.57], [86.962, 26.57]]]}, "properties": {"class": "flood", "source": "UNOSAT S-1 2024-09-27"}}, {"type": "Feature", "geometry": {"type": "Polygon", "coordinates": [[[86.968, 26.57], [86.968, 26.567999999999998], [86.97, 26.567999999999998], [86.97, 26.57], [86.968, 26.57]]]}, "properties": {"class": "flood", "source": "UNOSAT S-1 2024-09-27"}}, {"type": "Feature", "geometry": {"type": "Polygon", "coordinates": [[[86.494, 26.57], [86.494, 26.566], [86.49600000000001, 26.566], [86.49600000000001, 26.57], [86.494, 26.57]]]}, "properties": {"class": "flood", "source": "UNOSAT S-1 2024-09-27"}}, {"type": "Feature", "geometry": {"type": "Polygon", "coordinates": [[[86.776, 26.57], [86.776, 26.567999999999998], [86.78, 26.566], [86.78, 26.57], [86.776, 26.57]]]}, "properties": {"class": "flood", "source": "UNOSAT S-1 2024-09-27"}}, {"type": "Feature", "geometry": {"type": "Polygon", "coordinates": [[[86.158, 26.567999999999998], [86.158, 26.566], [86.16, 26.566], [86.16, 26.567999999999998], [86.158, 26.567999999999998]]]}, "properties": {"class": "flood", "source": "UNOSAT S-1 2024-09-27"}}, {"type": "Feature", "geometry": {"type": "Polygon", "coordinates": [[[87.058, 26.567999999999998], [87.058, 26.566], [87.06, 26.566], [87.06, 26.567999999999998], [87.058, 26.567999999999998]]]}, "properties": {"class": "flood", "source": "UNOSAT S-1 2024-09-27"}}, {"type": "Feature", "geometry": {"type": "Polygon", "coordinates": [[[86.16, 26.566], [86.16, 26.564], [86.162, 26.564], [86.162, 26.566], [86.16, 26.566]]]}, "properties": {"class": "flood", "source": "UNOSAT S-1 2024-09-27"}}, {"type": "Feature", "geometry": {"type": "Polygon", "coordinates": [[[86.96000000000001, 26.566], [86.96000000000001, 26.564], [86.962, 26.564], [86.962, 26.566], [86.96000000000001, 26.566]]]}, "properties": {"class": "flood", "source": "UNOSAT S-1 2024-09-27"}}, {"type": "Feature", "geometry": {"type": "Polygon", "coordinates": [[[87.06, 26.566], [87.06, 26.564], [87.062, 26.564], [87.062, 26.566], [87.06, 26.566]]]}, "properties": {"class": "flood", "source": "UNOSAT S-1 2024-09-27"}}, {"type": "Feature", "geometry": {"type": "Polygon", "coordinates": [[[86.82600000000001, 26.566], [86.82600000000001, 26.561999999999998], [86.828, 26.561999999999998], [86.828, 26.566], [86.82600000000001, 26.566]]]}, "properties": {"class": "flood", "source": "UNOSAT S-1 2024-09-27"}}, {"type": "Feature", "geometry": {"type": "Polygon", "coordinates": [[[86.94200000000001, 26.564], [86.94200000000001, 26.561999999999998], [86.944, 26.561999999999998], [86.944, 26.564], [86.94200000000001, 26.564]]]}, "properties": {"class": "flood", "source": "UNOSAT S-1 2024-09-27"}}, {"type": "Feature", "geometry": {"type": "Polygon", "coordinates": [[[86.964, 26.566], [86.962, 26.561999999999998], [86.96600000000001, 26.561999999999998], [86.968, 26.566], [86.964, 26.566]]]}, "properties": {"class": "flood", "source": "UNOSAT S-1 2024-09-27"}}, {"type": "Feature", "geometry": {"type": "Polygon", "coordinates": [[[86.914, 26.566], [86.914, 26.56], [86.916, 26.56], [86.916, 26.566], [86.914, 26.566]]]}, "properties": {"class": "flood", "source": "UNOSAT S-1 2024-09-27"}}, {"type": "Feature", "geometry": {"type": "Polygon", "coordinates": [[[86.494, 26.561999999999998], [86.494, 26.56], [86.49600000000001, 26.56], [86.49600000000001, 26.561999999999998], [86.494, 26.561999999999998]]]}, "properties": {"class": "flood", "source": "UNOSAT S-1 2024-09-27"}}, {"type": "Feature", "geometry": {"type": "Polygon", "coordinates": [[[86.782, 26.561999999999998], [86.782, 26.56], [86.784, 26.56], [86.784, 26.561999999999998], [86.782, 26.561999999999998]]]}, "properties": {"class": "flood", "source": "UNOSAT S-1 2024-09-27"}}, {"type": "Feature", "geometry": {"type": "Polygon", "coordinates": [[[86.898, 26.561999999999998], [86.898, 26.56], [86.9, 26.56], [86.9, 26.561999999999998], [86.898, 26.561999999999998]]]}, "properties": {"class": "flood", "source": "UNOSAT S-1 2024-09-27"}}, {"type": "Feature", "geometry": {"type": "Polygon", "coordinates": [[[86.97, 26.561999999999998], [86.97, 26.56], [86.97200000000001, 26.56], [86.97200000000001, 26.561999999999998], [86.97, 26.561999999999998]]]}, "properties": {"class": "flood", "source": "UNOSAT S-1 2024-09-27"}}, {"type": "Feature", "geometry": {"type": "Polygon", "coordinates": [[[86.162, 26.564], [86.162, 26.56], [86.166, 26.558], [86.166, 26.561999999999998], [86.162, 26.564]]]}, "properties": {"class": "flood", "source": "UNOSAT S-1 2024-09-27"}}, {"type": "Feature", "geometry": {"type": "Polygon", "coordinates": [[[86.828, 26.56], [86.828, 26.558], [86.83, 26.558], [86.83, 26.56], [86.828, 26.56]]]}, "properties": {"class": "flood", "source": "UNOSAT S-1 2024-09-27"}}, {"type": "Feature", "geometry": {"type": "Polygon", "coordinates": [[[86.912, 26.56], [86.912, 26.558], [86.914, 26.558], [86.914, 26.56], [86.912, 26.56]]]}, "properties": {"class": "flood", "source": "UNOSAT S-1 2024-09-27"}}, {"type": "Feature", "geometry": {"type": "Polygon", "coordinates": [[[86.94200000000001, 26.56], [86.94200000000001, 26.558], [86.944, 26.558], [86.944, 26.56], [86.94200000000001, 26.56]]]}, "properties": {"class": "flood", "source": "UNOSAT S-1 2024-09-27"}}, {"type": "Feature", "geometry": {"type": "Polygon", "coordinates": [[[87.062, 26.56], [87.062, 26.555999999999997], [87.066, 26.555999999999997], [87.066, 26.56], [87.062, 26.56]]]}, "properties": {"class": "flood", "source": "UNOSAT S-1 2024-09-27"}}, {"type": "Feature", "geometry": {"type": "Polygon", "coordinates": [[[86.834, 26.558], [86.834, 26.555999999999997], [86.836, 26.555999999999997], [86.836, 26.558], [86.834, 26.558]]]}, "properties": {"class": "flood", "source": "UNOSAT S-1 2024-09-27"}}, {"type": "Feature", "geometry": {"type": "Polygon", "coordinates": [[[86.938, 26.558], [86.938, 26.554], [86.94200000000001, 26.555999999999997], [86.94200000000001, 26.558], [86.938, 26.558]]]}, "properties": {"class": "flood", "source": "UNOSAT S-1 2024-09-27"}}, {"type": "Feature", "geometry": {"type": "Polygon", "coordinates": [[[86.494, 26.555999999999997], [86.494, 26.554], [86.49600000000001, 26.554], [86.49600000000001, 26.555999999999997], [86.494, 26.555999999999997]]]}, "properties": {"class": "flood", "source": "UNOSAT S-1 2024-09-27"}}, {"type": "Feature", "geometry": {"type": "Polygon", "coordinates": [[[86.9, 26.555999999999997], [86.9, 26.554], [86.902, 26.554], [86.902, 26.555999999999997], [86.9, 26.555999999999997]]]}, "properties": {"class": "flood", "source": "UNOSAT S-1 2024-09-27"}}, {"type": "Feature", "geometry": {"type": "Polygon", "coordinates": [[[86.91, 26.555999999999997], [86.91, 26.554], [86.912, 26.554], [86.912, 26.555999999999997], [86.91, 26.555999999999997]]]}, "properties": {"class": "flood", "source": "UNOSAT S-1 2024-09-27"}}, {"type": "Feature", "geometry": {"type": "Polygon", "coordinates": [[[86.93, 26.555999999999997], [86.93, 26.554], [86.932, 26.554], [86.932, 26.555999999999997], [86.93, 26.555999999999997]]]}, "properties": {"class": "flood", "source": "UNOSAT S-1 2024-09-27"}}, {"type": "Feature", "geometry": {"type": "Polygon", "coordinates": [[[86.48400000000001, 26.554], [86.48400000000001, 26.552], [86.486, 26.552], [86.486, 26.554], [86.48400000000001, 26.554]]]}, "properties": {"class": "flood", "source": "UNOSAT S-1 2024-09-27"}}, {"type": "Feature", "geometry": {"type": "Polygon", "coordinates": [[[86.49000000000001, 26.554], [86.49000000000001, 26.552], [86.492, 26.552], [86.492, 26.554], [86.49000000000001, 26.554]]]}, "properties": {"class": "flood", "source": "UNOSAT S-1 2024-09-27"}}, {"type": "Feature", "geometry": {"type": "Polygon", "coordinates": [[[86.956, 26.554], [86.956, 26.552], [86.958, 26.552], [86.958, 26.554], [86.956, 26.554]]]}, "properties": {"class": "flood", "source": "UNOSAT S-1 2024-09-27"}}, {"type": "Feature", "geometry": {"type": "Polygon", "coordinates": [[[87.096, 26.554], [87.096, 26.552], [87.098, 26.552], [87.098, 26.554], [87.096, 26.554]]]}, "properties": {"class": "flood", "source": "UNOSAT S-1 2024-09-27"}}, {"type": "Feature", "geometry": {"type": "Polygon", "coordinates": [[[86.962, 26.555999999999997], [86.962, 26.549999999999997], [86.964, 26.549999999999997], [86.964, 26.555999999999997], [86.962, 26.555999999999997]]]}, "properties": {"class": "flood", "source": "UNOSAT S-1 2024-09-27"}}, {"type": "Feature", "geometry": {"type": "Polygon", "coordinates": [[[86.784, 26.552], [86.784, 26.549999999999997], [86.786, 26.549999999999997], [86.786, 26.552], [86.784, 26.552]]]}, "properties": {"class": "flood", "source": "UNOSAT S-1 2024-09-27"}}, {"type": "Feature", "geometry": {"type": "Polygon", "coordinates": [[[86.842, 26.552], [86.842, 26.549999999999997], [86.84400000000001, 26.549999999999997], [86.84400000000001, 26.552], [86.842, 26.552]]]}, "properties": {"class": "flood", "source": "UNOSAT S-1 2024-09-27"}}, {"type": "Feature", "geometry": {"type": "Polygon", "coordinates": [[[86.926, 26.552], [86.926, 26.549999999999997], [86.928, 26.549999999999997], [86.928, 26.552], [86.926, 26.552]]]}, "properties": {"class": "flood", "source": "UNOSAT S-1 2024-09-27"}}, {"type": "Feature", "geometry": {"type": "Polygon", "coordinates": [[[86.93, 26.552], [86.93, 26.549999999999997], [86.932, 26.549999999999997], [86.932, 26.552], [86.93, 26.552]]]}, "properties": {"class": "flood", "source": "UNOSAT S-1 2024-09-27"}}, {"type": "Feature", "geometry": {"type": "Polygon", "coordinates": [[[87.09400000000001, 26.552], [87.09400000000001, 26.549999999999997], [87.096, 26.549999999999997], [87.096, 26.552], [87.09400000000001, 26.552]]]}, "properties": {"class": "flood", "source": "UNOSAT S-1 2024-09-27"}}, {"type": "Feature", "geometry": {"type": "Polygon", "coordinates": [[[86.914, 26.549999999999997], [86.914, 26.548], [86.916, 26.548], [86.916, 26.549999999999997], [86.914, 26.549999999999997]]]}, "properties": {"class": "flood", "source": "UNOSAT S-1 2024-09-27"}}, {"type": "Feature", "geometry": {"type": "Polygon", "coordinates": [[[86.928, 26.549999999999997], [86.928, 26.548], [86.93, 26.548], [86.93, 26.549999999999997], [86.928, 26.549999999999997]]]}, "properties": {"class": "flood", "source": "UNOSAT S-1 2024-09-27"}}, {"type": "Feature", "geometry": {"type": "Polygon", "coordinates": [[[86.164, 26.549999999999997], [86.164, 26.548], [86.162, 26.546], [86.166, 26.546], [86.164, 26.549999999999997]]]}, "properties": {"class": "flood", "source": "UNOSAT S-1 2024-09-27"}}, {"type": "Feature", "geometry": {"type": "Polygon", "coordinates": [[[86.95400000000001, 26.548], [86.95400000000001, 26.546], [86.956, 26.546], [86.956, 26.548], [86.95400000000001, 26.548]]]}, "properties": {"class": "flood", "source": "UNOSAT S-1 2024-09-27"}}, {"type": "Feature", "geometry": {"type": "Polygon", "coordinates": [[[86.488, 26.552], [86.488, 26.544], [86.49000000000001, 26.544], [86.49000000000001, 26.552], [86.488, 26.552]]]}, "properties": {"class": "flood", "source": "UNOSAT S-1 2024-09-27"}}, {"type": "Feature", "geometry": {"type": "Polygon", "coordinates": [[[86.898, 26.554], [86.896, 26.548], [86.904, 26.544], [86.906, 26.549999999999997], [86.898, 26.554]]]}, "properties": {"class": "flood", "source": "UNOSAT S-1 2024-09-27"}}, {"type": "Feature", "geometry": {"type": "Polygon", "coordinates": [[[86.924, 26.548], [86.924, 26.544], [86.926, 26.544], [86.928, 26.548], [86.924, 26.548]]]}, "properties": {"class": "flood", "source": "UNOSAT S-1 2024-09-27"}}, {"type": "Feature", "geometry": {"type": "Polygon", "coordinates": [[[86.786, 26.546], [86.786, 26.541999999999998], [86.788, 26.541999999999998], [86.788, 26.546], [86.786, 26.546]]]}, "properties": {"class": "flood", "source": "UNOSAT S-1 2024-09-27"}}, {"type": "Feature", "geometry": {"type": "Polygon", "coordinates": [[[86.486, 26.544], [86.486, 26.541999999999998], [86.488, 26.541999999999998], [86.488, 26.544], [86.486, 26.544]]]}, "properties": {"class": "flood", "source": "UNOSAT S-1 2024-09-27"}}, {"type": "Feature", "geometry": {"type": "Polygon", "coordinates": [[[86.918, 26.544], [86.918, 26.541999999999998], [86.92, 26.541999999999998], [86.92, 26.544], [86.918, 26.544]]]}, "properties": {"class": "flood", "source": "UNOSAT S-1 2024-09-27"}}, {"type": "Feature", "geometry": {"type": "Polygon", "coordinates": [[[86.906, 26.546], [86.904, 26.544], [86.906, 26.54], [86.912, 26.541999999999998], [86.91, 26.546], [86.906, 26.546]]]}, "properties": {"class": "flood", "source": "UNOSAT S-1 2024-09-27"}}, {"type": "Feature", "geometry": {"type": "Polygon", "coordinates": [[[86.164, 26.541999999999998], [86.164, 26.54], [86.166, 26.54], [86.166, 26.541999999999998], [86.164, 26.541999999999998]]]}, "properties": {"class": "flood", "source": "UNOSAT S-1 2024-09-27"}}, {"type": "Feature", "geometry": {"type": "Polygon", "coordinates": [[[86.848, 26.541999999999998], [86.848, 26.54], [86.852, 26.54], [86.852, 26.541999999999998], [86.848, 26.541999999999998]]]}, "properties": {"class": "flood", "source": "UNOSAT S-1 2024-09-27"}}, {"type": "Feature", "geometry": {"type": "Polygon", "coordinates": [[[86.952, 26.541999999999998], [86.952, 26.54], [86.95400000000001, 26.54], [86.95400000000001, 26.541999999999998], [86.952, 26.541999999999998]]]}, "properties": {"class": "flood", "source": "UNOSAT S-1 2024-09-27"}}, {"type": "Feature", "geometry": {"type": "Polygon", "coordinates": [[[86.96600000000001, 26.541999999999998], [86.96600000000001, 26.54], [86.968, 26.54], [86.968, 26.541999999999998], [86.96600000000001, 26.541999999999998]]]}, "properties": {"class": "flood", "source": "UNOSAT S-1 2024-09-27"}}, {"type": "Feature", "geometry": {"type": "Polygon", "coordinates": [[[87.09400000000001, 26.548], [87.09400000000001, 26.541999999999998], [87.09, 26.541999999999998], [87.09, 26.538], [87.10000000000001, 26.54], [87.098, 26.541999999999998], [87.10000000000001, 26.546], [87.09400000000001, 26.548]]]}, "properties": {"class": "flood", "source": "UNOSAT S-1 2024-09-27"}}, {"type": "Feature", "geometry": {"type": "Polygon", "coordinates": [[[86.91, 26.54], [86.91, 26.538], [86.912, 26.538], [86.912, 26.54], [86.91, 26.54]]]}, "properties": {"class": "flood", "source": "UNOSAT S-1 2024-09-27"}}, {"type": "Feature", "geometry": {"type": "Polygon", "coordinates": [[[86.48, 26.541999999999998], [86.48, 26.535999999999998], [86.482, 26.535999999999998], [86.482, 26.541999999999998], [86.48, 26.541999999999998]]]}, "properties": {"class": "flood", "source": "UNOSAT S-1 2024-09-27"}}, {"type": "Feature", "geometry": {"type": "Polygon", "coordinates": [[[86.788, 26.54], [86.788, 26.535999999999998], [86.79, 26.535999999999998], [86.79, 26.54], [86.788, 26.54]]]}, "properties": {"class": "flood", "source": "UNOSAT S-1 2024-09-27"}}, {"type": "Feature", "geometry": {"type": "Polygon", "coordinates": [[[86.914, 26.54], [86.914, 26.535999999999998], [86.92, 26.535999999999998], [86.92, 26.54], [86.914, 26.54]]]}, "properties": {"class": "flood", "source": "UNOSAT S-1 2024-09-27"}}, {"type": "Feature", "geometry": {"type": "Polygon", "coordinates": [[[86.166, 26.538], [86.166, 26.535999999999998], [86.168, 26.535999999999998], [86.168, 26.538], [86.166, 26.538]]]}, "properties": {"class": "flood", "source": "UNOSAT S-1 2024-09-27"}}, {"type": "Feature", "geometry": {"type": "Polygon", "coordinates": [[[86.956, 26.538], [86.956, 26.535999999999998], [86.958, 26.535999999999998], [86.958, 26.538], [86.956, 26.538]]]}, "properties": {"class": "flood", "source": "UNOSAT S-1 2024-09-27"}}, {"type": "Feature", "geometry": {"type": "Polygon", "coordinates": [[[87.06, 26.538], [87.06, 26.534], [87.06400000000001, 26.535999999999998], [87.06400000000001, 26.538], [87.06, 26.538]]]}, "properties": {"class": "flood", "source": "UNOSAT S-1 2024-09-27"}}, {"type": "Feature", "geometry": {"type": "Polygon", "coordinates": [[[86.834, 26.535999999999998], [86.834, 26.534], [86.84, 26.534], [86.84, 26.535999999999998], [86.834, 26.535999999999998]]]}, "properties": {"class": "flood", "source": "UNOSAT S-1 2024-09-27"}}, {"type": "Feature", "geometry": {"type": "Polygon", "coordinates": [[[86.85600000000001, 26.535999999999998], [86.85600000000001, 26.534], [86.858, 26.534], [86.858, 26.535999999999998], [86.85600000000001, 26.535999999999998]]]}, "properties": {"class": "flood", "source": "UNOSAT S-1 2024-09-27"}}, {"type": "Feature", "geometry": {"type": "Polygon", "coordinates": [[[86.952, 26.535999999999998], [86.952, 26.534], [86.95400000000001, 26.534], [86.95400000000001, 26.535999999999998], [86.952, 26.535999999999998]]]}, "properties": {"class": "flood", "source": "UNOSAT S-1 2024-09-27"}}, {"type": "Feature", "geometry": {"type": "Polygon", "coordinates": [[[86.922, 26.544], [86.92, 26.532], [86.924, 26.532], [86.926, 26.538], [86.922, 26.544]]]}, "properties": {"class": "flood", "source": "UNOSAT S-1 2024-09-27"}}, {"type": "Feature", "geometry": {"type": "Polygon", "coordinates": [[[86.168, 26.534], [86.168, 26.532], [86.17, 26.532], [86.17, 26.534], [86.168, 26.534]]]}, "properties": {"class": "flood", "source": "UNOSAT S-1 2024-09-27"}}, {"type": "Feature", "geometry": {"type": "Polygon", "coordinates": [[[87.10000000000001, 26.538], [87.098, 26.534], [87.104, 26.529999999999998], [87.10600000000001, 26.534], [87.10000000000001, 26.538]]]}, "properties": {"class": "flood", "source": "UNOSAT S-1 2024-09-27"}}, {"type": "Feature", "geometry": {"type": "Polygon", "coordinates": [[[86.47800000000001, 26.534], [86.47800000000001, 26.529999999999998], [86.48, 26.529999999999998], [86.48, 26.534], [86.47800000000001, 26.534]]]}, "properties": {"class": "flood", "source": "UNOSAT S-1 2024-09-27"}}, {"type": "Feature", "geometry": {"type": "Polygon", "coordinates": [[[86.866, 26.534], [86.866, 26.529999999999998], [86.86800000000001, 26.529999999999998], [86.86800000000001, 26.534], [86.866, 26.534]]]}, "properties": {"class": "flood", "source": "UNOSAT S-1 2024-09-27"}}, {"type": "Feature", "geometry": {"type": "Polygon", "coordinates": [[[87.07000000000001, 26.534], [87.07000000000001, 26.529999999999998], [87.074, 26.529999999999998], [87.074, 26.532], [87.07000000000001, 26.534]]]}, "properties": {"class": "flood", "source": "UNOSAT S-1 2024-09-27"}}, {"type": "Feature", "geometry": {"type": "Polygon", "coordinates": [[[86.17, 26.532], [86.17, 26.529999999999998], [86.172, 26.529999999999998], [86.172, 26.532], [86.17, 26.532]]]}, "properties": {"class": "flood", "source": "UNOSAT S-1 2024-09-27"}}, {"type": "Feature", "geometry": {"type": "Polygon", "coordinates": [[[86.788, 26.532], [86.788, 26.529999999999998], [86.79, 26.529999999999998], [86.79, 26.532], [86.788, 26.532]]]}, "properties": {"class": "flood", "source": "UNOSAT S-1 2024-09-27"}}, {"type": "Feature", "geometry": {"type": "Polygon", "coordinates": [[[87.108, 26.534], [87.10600000000001, 26.532], [87.10600000000001, 26.529999999999998], [87.11, 26.529999999999998], [87.108, 26.534]]]}, "properties": {"class": "flood", "source": "UNOSAT S-1 2024-09-27"}}, {"type": "Feature", "geometry": {"type": "Polygon", "coordinates": [[[86.816, 26.529999999999998], [86.816, 26.528], [86.82000000000001, 26.528], [86.82000000000001, 26.529999999999998], [86.816, 26.529999999999998]]]}, "properties": {"class": "flood", "source": "UNOSAT S-1 2024-09-27"}}, {"type": "Feature", "geometry": {"type": "Polygon", "coordinates": [[[86.84, 26.529999999999998], [86.84, 26.528], [86.842, 26.528], [86.842, 26.529999999999998], [86.84, 26.529999999999998]]]}, "properties": {"class": "flood", "source": "UNOSAT S-1 2024-09-27"}}, {"type": "Feature", "geometry": {"type": "Polygon", "coordinates": [[[86.84400000000001, 26.529999999999998], [86.84400000000001, 26.528], [86.848, 26.528], [86.848, 26.529999999999998], [86.84400000000001, 26.529999999999998]]]}, "properties": {"class": "flood", "source": "UNOSAT S-1 2024-09-27"}}, {"type": "Feature", "geometry": {"type": "Polygon", "coordinates": [[[86.168, 26.529999999999998], [86.168, 26.526], [86.17, 26.526], [86.17, 26.529999999999998], [86.168, 26.529999999999998]]]}, "properties": {"class": "flood", "source": "UNOSAT S-1 2024-09-27"}}, {"type": "Feature", "geometry": {"type": "Polygon", "coordinates": [[[86.86200000000001, 26.528], [86.86200000000001, 26.526], [86.864, 26.526], [86.864, 26.528], [86.86200000000001, 26.528]]]}, "properties": {"class": "flood", "source": "UNOSAT S-1 2024-09-27"}}, {"type": "Feature", "geometry": {"type": "Polygon", "coordinates": [[[87.074, 26.529999999999998], [87.074, 26.523999999999997], [87.07600000000001, 26.523999999999997], [87.07600000000001, 26.529999999999998], [87.074, 26.529999999999998]]]}, "properties": {"class": "flood", "source": "UNOSAT S-1 2024-09-27"}}, {"type": "Feature", "geometry": {"type": "Polygon", "coordinates": [[[86.858, 26.526], [86.858, 26.523999999999997], [86.86, 26.523999999999997], [86.86, 26.526], [86.858, 26.526]]]}, "properties": {"class": "flood", "source": "UNOSAT S-1 2024-09-27"}}, {"type": "Feature", "geometry": {"type": "Polygon", "coordinates": [[[86.818, 26.523999999999997], [86.818, 26.522], [86.82000000000001, 26.522], [86.82000000000001, 26.523999999999997], [86.818, 26.523999999999997]]]}, "properties": {"class": "flood", "source": "UNOSAT S-1 2024-09-27"}}, {"type": "Feature", "geometry": {"type": "Polygon", "coordinates": [[[87.08800000000001, 26.534], [87.09, 26.522], [87.09400000000001, 26.52], [87.098, 26.526], [87.092, 26.526], [87.08800000000001, 26.534]]]}, "properties": {"class": "flood", "source": "UNOSAT S-1 2024-09-27"}}, {"type": "Feature", "geometry": {"type": "Polygon", "coordinates": [[[86.168, 26.522], [86.168, 26.52], [86.17, 26.52], [86.17, 26.522], [86.168, 26.522]]]}, "properties": {"class": "flood", "source": "UNOSAT S-1 2024-09-27"}}, {"type": "Feature", "geometry": {"type": "Polygon", "coordinates": [[[86.906, 26.522], [86.906, 26.52], [86.908, 26.52], [86.908, 26.522], [86.906, 26.522]]]}, "properties": {"class": "flood", "source": "UNOSAT S-1 2024-09-27"}}, {"type": "Feature", "geometry": {"type": "Polygon", "coordinates": [[[86.916, 26.523999999999997], [86.914, 26.52], [86.918, 26.52], [86.918, 26.523999999999997], [86.916, 26.523999999999997]]]}, "properties": {"class": "flood", "source": "UNOSAT S-1 2024-09-27"}}, {"type": "Feature", "geometry": {"type": "Polygon", "coordinates": [[[86.85600000000001, 26.52], [86.85600000000001, 26.517999999999997], [86.858, 26.517999999999997], [86.858, 26.52], [86.85600000000001, 26.52]]]}, "properties": {"class": "flood", "source": "UNOSAT S-1 2024-09-27"}}, {"type": "Feature", "geometry": {"type": "Polygon", "coordinates": [[[86.87, 26.52], [86.87, 26.517999999999997], [86.872, 26.517999999999997], [86.872, 26.52], [86.87, 26.52]]]}, "properties": {"class": "flood", "source": "UNOSAT S-1 2024-09-27"}}, {"type": "Feature", "geometry": {"type": "Polygon", "coordinates": [[[86.9, 26.52], [86.9, 26.517999999999997], [86.902, 26.517999999999997], [86.902, 26.52], [86.9, 26.52]]]}, "properties": {"class": "flood", "source": "UNOSAT S-1 2024-09-27"}}, {"type": "Feature", "geometry": {"type": "Polygon", "coordinates": [[[86.91, 26.52], [86.91, 26.517999999999997], [86.914, 26.517999999999997], [86.914, 26.52], [86.91, 26.52]]]}, "properties": {"class": "flood", "source": "UNOSAT S-1 2024-09-27"}}, {"type": "Feature", "geometry": {"type": "Polygon", "coordinates": [[[86.94, 26.52], [86.94, 26.517999999999997], [86.94200000000001, 26.517999999999997], [86.94200000000001, 26.52], [86.94, 26.52]]]}, "properties": {"class": "flood", "source": "UNOSAT S-1 2024-09-27"}}, {"type": "Feature", "geometry": {"type": "Polygon", "coordinates": [[[86.846, 26.523999999999997], [86.846, 26.516], [86.848, 26.516], [86.85000000000001, 26.52], [86.846, 26.523999999999997]]]}, "properties": {"class": "flood", "source": "UNOSAT S-1 2024-09-27"}}, {"type": "Feature", "geometry": {"type": "Polygon", "coordinates": [[[86.17, 26.517999999999997], [86.17, 26.516], [86.172, 26.516], [86.172, 26.517999999999997], [86.17, 26.517999999999997]]]}, "properties": {"class": "flood", "source": "UNOSAT S-1 2024-09-27"}}, {"type": "Feature", "geometry": {"type": "Polygon", "coordinates": [[[86.47800000000001, 26.517999999999997], [86.47800000000001, 26.516], [86.48, 26.516], [86.48, 26.517999999999997], [86.47800000000001, 26.517999999999997]]]}, "properties": {"class": "flood", "source": "UNOSAT S-1 2024-09-27"}}, {"type": "Feature", "geometry": {"type": "Polygon", "coordinates": [[[86.898, 26.517999999999997], [86.898, 26.516], [86.9, 26.516], [86.9, 26.517999999999997], [86.898, 26.517999999999997]]]}, "properties": {"class": "flood", "source": "UNOSAT S-1 2024-09-27"}}, {"type": "Feature", "geometry": {"type": "Polygon", "coordinates": [[[86.174, 26.516], [86.174, 26.514], [86.176, 26.514], [86.176, 26.516], [86.174, 26.516]]]}, "properties": {"class": "flood", "source": "UNOSAT S-1 2024-09-27"}}, {"type": "Feature", "geometry": {"type": "Polygon", "coordinates": [[[86.84400000000001, 26.516], [86.84400000000001, 26.514], [86.846, 26.514], [86.846, 26.516], [86.84400000000001, 26.516]]]}, "properties": {"class": "flood", "source": "UNOSAT S-1 2024-09-27"}}, {"type": "Feature", "geometry": {"type": "Polygon", "coordinates": [[[86.85000000000001, 26.516], [86.85000000000001, 26.514], [86.852, 26.514], [86.852, 26.516], [86.85000000000001, 26.516]]]}, "properties": {"class": "flood", "source": "UNOSAT S-1 2024-09-27"}}, {"type": "Feature", "geometry": {"type": "Polygon", "coordinates": [[[86.934, 26.516], [86.934, 26.514], [86.936, 26.514], [86.936, 26.516], [86.934, 26.516]]]}, "properties": {"class": "flood", "source": "UNOSAT S-1 2024-09-27"}}, {"type": "Feature", "geometry": {"type": "Polygon", "coordinates": [[[86.922, 26.52], [86.924, 26.512], [86.926, 26.512], [86.926, 26.52], [86.922, 26.52]]]}, "properties": {"class": "flood", "source": "UNOSAT S-1 2024-09-27"}}, {"type": "Feature", "geometry": {"type": "Polygon", "coordinates": [[[86.892, 26.516], [86.892, 26.512], [86.894, 26.512], [86.894, 26.516], [86.892, 26.516]]]}, "properties": {"class": "flood", "source": "UNOSAT S-1 2024-09-27"}}, {"type": "Feature", "geometry": {"type": "Polygon", "coordinates": [[[86.92, 26.514], [86.92, 26.512], [86.922, 26.512], [86.922, 26.514], [86.92, 26.514]]]}, "properties": {"class": "flood", "source": "UNOSAT S-1 2024-09-27"}}, {"type": "Feature", "geometry": {"type": "Polygon", "coordinates": [[[86.932, 26.514], [86.932, 26.509999999999998], [86.934, 26.509999999999998], [86.934, 26.514], [86.932, 26.514]]]}, "properties": {"class": "flood", "source": "UNOSAT S-1 2024-09-27"}}, {"type": "Feature", "geometry": {"type": "Polygon", "coordinates": [[[87.068, 26.514], [87.068, 26.509999999999998], [87.074, 26.509999999999998], [87.072, 26.514], [87.068, 26.514]]]}, "properties": {"class": "flood", "source": "UNOSAT S-1 2024-09-27"}}, {"type": "Feature", "geometry": {"type": "Polygon", "coordinates": [[[86.822, 26.512], [86.822, 26.509999999999998], [86.824, 26.509999999999998], [86.824, 26.512], [86.822, 26.512]]]}, "properties": {"class": "flood", "source": "UNOSAT S-1 2024-09-27"}}, {"type": "Feature", "geometry": {"type": "Polygon", "coordinates": [[[86.89, 26.512], [86.89, 26.509999999999998], [86.892, 26.509999999999998], [86.892, 26.512], [86.89, 26.512]]]}, "properties": {"class": "flood", "source": "UNOSAT S-1 2024-09-27"}}, {"type": "Feature", "geometry": {"type": "Polygon", "coordinates": [[[86.906, 26.517999999999997], [86.906, 26.508], [86.908, 26.508], [86.908, 26.517999999999997], [86.906, 26.517999999999997]]]}, "properties": {"class": "flood", "source": "UNOSAT S-1 2024-09-27"}}, {"type": "Feature", "geometry": {"type": "Polygon", "coordinates": [[[86.18, 26.509999999999998], [86.18, 26.508], [86.182, 26.508], [86.182, 26.509999999999998], [86.18, 26.509999999999998]]]}, "properties": {"class": "flood", "source": "UNOSAT S-1 2024-09-27"}}, {"type": "Feature", "geometry": {"type": "Polygon", "coordinates": [[[86.92, 26.509999999999998], [86.92, 26.508], [86.922, 26.508], [86.922, 26.509999999999998], [86.92, 26.509999999999998]]]}, "properties": {"class": "flood", "source": "UNOSAT S-1 2024-09-27"}}, {"type": "Feature", "geometry": {"type": "Polygon", "coordinates": [[[86.182, 26.508], [86.182, 26.506], [86.184, 26.506], [86.184, 26.508], [86.182, 26.508]]]}, "properties": {"class": "flood", "source": "UNOSAT S-1 2024-09-27"}}, {"type": "Feature", "geometry": {"type": "Polygon", "coordinates": [[[86.922, 26.508], [86.922, 26.506], [86.924, 26.506], [86.924, 26.508], [86.922, 26.508]]]}, "properties": {"class": "flood", "source": "UNOSAT S-1 2024-09-27"}}, {"type": "Feature", "geometry": {"type": "Polygon", "coordinates": [[[86.476, 26.512], [86.476, 26.503999999999998], [86.47800000000001, 26.503999999999998], [86.47800000000001, 26.512], [86.476, 26.512]]]}, "properties": {"class": "flood", "source": "UNOSAT S-1 2024-09-27"}}, {"type": "Feature", "geometry": {"type": "Polygon", "coordinates": [[[86.846, 26.508], [86.846, 26.503999999999998], [86.848, 26.503999999999998], [86.848, 26.508], [86.846, 26.508]]]}, "properties": {"class": "flood", "source": "UNOSAT S-1 2024-09-27"}}, {"type": "Feature", "geometry": {"type": "Polygon", "coordinates": [[[86.85000000000001, 26.508], [86.85000000000001, 26.503999999999998], [86.852, 26.503999999999998], [86.854, 26.508], [86.85000000000001, 26.508]]]}, "properties": {"class": "flood", "source": "UNOSAT S-1 2024-09-27"}}, {"type": "Feature", "geometry": {"type": "Polygon", "coordinates": [[[86.184, 26.506], [86.184, 26.503999999999998], [86.188, 26.503999999999998], [86.188, 26.506], [86.184, 26.506]]]}, "properties": {"class": "flood", "source": "UNOSAT S-1 2024-09-27"}}, {"type": "Feature", "geometry": {"type": "Polygon", "coordinates": [[[86.78, 26.506], [86.78, 26.503999999999998], [86.782, 26.503999999999998], [86.782, 26.506], [86.78, 26.506]]]}, "properties": {"class": "flood", "source": "UNOSAT S-1 2024-09-27"}}, {"type": "Feature", "geometry": {"type": "Polygon", "coordinates": [[[86.816, 26.506], [86.816, 26.503999999999998], [86.818, 26.503999999999998], [86.818, 26.506], [86.816, 26.506]]]}, "properties": {"class": "flood", "source": "UNOSAT S-1 2024-09-27"}}, {"type": "Feature", "geometry": {"type": "Polygon", "coordinates": [[[86.886, 26.506], [86.886, 26.503999999999998], [86.888, 26.503999999999998], [86.888, 26.506], [86.886, 26.506]]]}, "properties": {"class": "flood", "source": "UNOSAT S-1 2024-09-27"}}, {"type": "Feature", "geometry": {"type": "Polygon", "coordinates": [[[86.19200000000001, 26.503999999999998], [86.19200000000001, 26.502], [86.194, 26.502], [86.194, 26.503999999999998], [86.19200000000001, 26.503999999999998]]]}, "properties": {"class": "flood", "source": "UNOSAT S-1 2024-09-27"}}, {"type": "Feature", "geometry": {"type": "Polygon", "coordinates": [[[86.47800000000001, 26.503999999999998], [86.47800000000001, 26.502], [86.48, 26.502], [86.48, 26.503999999999998], [86.47800000000001, 26.503999999999998]]]}, "properties": {"class": "flood", "source": "UNOSAT S-1 2024-09-27"}}, {"type": "Feature", "geometry": {"type": "Polygon", "coordinates": [[[86.852, 26.503999999999998], [86.852, 26.502], [86.854, 26.502], [86.854, 26.503999999999998], [86.852, 26.503999999999998]]]}, "properties": {"class": "flood", "source": "UNOSAT S-1 2024-09-27"}}, {"type": "Feature", "geometry": {"type": "Polygon", "coordinates": [[[86.97800000000001, 26.503999999999998], [86.97800000000001, 26.5], [86.98, 26.5], [86.98, 26.503999999999998], [86.97800000000001, 26.503999999999998]]]}, "properties": {"class": "flood", "source": "UNOSAT S-1 2024-09-27"}}, {"type": "Feature", "geometry": {"type": "Polygon", "coordinates": [[[86.482, 26.502], [86.482, 26.5], [86.486, 26.5], [86.486, 26.502], [86.482, 26.502]]]}, "properties": {"class": "flood", "source": "UNOSAT S-1 2024-09-27"}}, {"type": "Feature", "geometry": {"type": "Polygon", "coordinates": [[[86.776, 26.502], [86.776, 26.5], [86.778, 26.5], [86.778, 26.502], [86.776, 26.502]]]}, "properties": {"class": "flood", "source": "UNOSAT S-1 2024-09-27"}}, {"type": "Feature", "geometry": {"type": "Polygon", "coordinates": [[[86.194, 26.502], [86.194, 26.497999999999998], [86.196, 26.497999999999998], [86.196, 26.502], [86.194, 26.502]]]}, "properties": {"class": "flood", "source": "UNOSAT S-1 2024-09-27"}}, {"type": "Feature", "geometry": {"type": "Polygon", "coordinates": [[[86.812, 26.502], [86.812, 26.497999999999998], [86.81400000000001, 26.497999999999998], [86.81400000000001, 26.502], [86.812, 26.502]]]}, "properties": {"class": "flood", "source": "UNOSAT S-1 2024-09-27"}}, {"type": "Feature", "geometry": {"type": "Polygon", "coordinates": [[[86.92, 26.502], [86.92, 26.497999999999998], [86.922, 26.497999999999998], [86.922, 26.502], [86.92, 26.502]]]}, "properties": {"class": "flood", "source": "UNOSAT S-1 2024-09-27"}}, {"type": "Feature", "geometry": {"type": "Polygon", "coordinates": [[[86.85600000000001, 26.5], [86.85600000000001, 26.496], [86.858, 26.496], [86.858, 26.5], [86.85600000000001, 26.5]]]}, "properties": {"class": "flood", "source": "UNOSAT S-1 2024-09-27"}}, {"type": "Feature", "geometry": {"type": "Polygon", "coordinates": [[[86.816, 26.497999999999998], [86.816, 26.496], [86.818, 26.496], [86.818, 26.497999999999998], [86.816, 26.497999999999998]]]}, "properties": {"class": "flood", "source": "UNOSAT S-1 2024-09-27"}}, {"type": "Feature", "geometry": {"type": "Polygon", "coordinates": [[[86.852, 26.497999999999998], [86.852, 26.496], [86.854, 26.496], [86.854, 26.497999999999998], [86.852, 26.497999999999998]]]}, "properties": {"class": "flood", "source": "UNOSAT S-1 2024-09-27"}}, {"type": "Feature", "geometry": {"type": "Polygon", "coordinates": [[[86.914, 26.497999999999998], [86.914, 26.496], [86.916, 26.496], [86.916, 26.497999999999998], [86.914, 26.497999999999998]]]}, "properties": {"class": "flood", "source": "UNOSAT S-1 2024-09-27"}}, {"type": "Feature", "geometry": {"type": "Polygon", "coordinates": [[[87.024, 26.497999999999998], [87.024, 26.496], [87.028, 26.496], [87.028, 26.497999999999998], [87.024, 26.497999999999998]]]}, "properties": {"class": "flood", "source": "UNOSAT S-1 2024-09-27"}}, {"type": "Feature", "geometry": {"type": "Polygon", "coordinates": [[[86.908, 26.5], [86.908, 26.494], [86.91, 26.494], [86.91, 26.5], [86.908, 26.5]]]}, "properties": {"class": "flood", "source": "UNOSAT S-1 2024-09-27"}}, {"type": "Feature", "geometry": {"type": "Polygon", "coordinates": [[[86.898, 26.497999999999998], [86.898, 26.494], [86.904, 26.496], [86.904, 26.497999999999998], [86.898, 26.497999999999998]]]}, "properties": {"class": "flood", "source": "UNOSAT S-1 2024-09-27"}}, {"type": "Feature", "geometry": {"type": "Polygon", "coordinates": [[[86.84, 26.496], [86.84, 26.494], [86.842, 26.494], [86.842, 26.496], [86.84, 26.496]]]}, "properties": {"class": "flood", "source": "UNOSAT S-1 2024-09-27"}}, {"type": "Feature", "geometry": {"type": "Polygon", "coordinates": [[[86.866, 26.496], [86.866, 26.494], [86.86800000000001, 26.494], [86.86800000000001, 26.496], [86.866, 26.496]]]}, "properties": {"class": "flood", "source": "UNOSAT S-1 2024-09-27"}}, {"type": "Feature", "geometry": {"type": "Polygon", "coordinates": [[[86.48400000000001, 26.494], [86.48400000000001, 26.491999999999997], [86.486, 26.491999999999997], [86.486, 26.494], [86.48400000000001, 26.494]]]}, "properties": {"class": "flood", "source": "UNOSAT S-1 2024-09-27"}}, {"type": "Feature", "geometry": {"type": "Polygon", "coordinates": [[[86.834, 26.494], [86.834, 26.491999999999997], [86.83800000000001, 26.491999999999997], [86.83800000000001, 26.494], [86.834, 26.494]]]}, "properties": {"class": "flood", "source": "UNOSAT S-1 2024-09-27"}}, {"type": "Feature", "geometry": {"type": "Polygon", "coordinates": [[[86.914, 26.494], [86.914, 26.491999999999997], [86.916, 26.491999999999997], [86.916, 26.494], [86.914, 26.494]]]}, "properties": {"class": "flood", "source": "UNOSAT S-1 2024-09-27"}}, {"type": "Feature", "geometry": {"type": "Polygon", "coordinates": [[[86.918, 26.497999999999998], [86.918, 26.49], [86.92, 26.49], [86.92, 26.497999999999998], [86.918, 26.497999999999998]]]}, "properties": {"class": "flood", "source": "UNOSAT S-1 2024-09-27"}}, {"type": "Feature", "geometry": {"type": "Polygon", "coordinates": [[[86.194, 26.494], [86.194, 26.49], [86.196, 26.49], [86.196, 26.494], [86.194, 26.494]]]}, "properties": {"class": "flood", "source": "UNOSAT S-1 2024-09-27"}}, {"type": "Feature", "geometry": {"type": "Polygon", "coordinates": [[[86.906, 26.494], [86.906, 26.49], [86.908, 26.49], [86.908, 26.494], [86.906, 26.494]]]}, "properties": {"class": "flood", "source": "UNOSAT S-1 2024-09-27"}}, {"type": "Feature", "geometry": {"type": "Polygon", "coordinates": [[[86.48, 26.491999999999997], [86.48, 26.49], [86.482, 26.49], [86.482, 26.491999999999997], [86.48, 26.491999999999997]]]}, "properties": {"class": "flood", "source": "UNOSAT S-1 2024-09-27"}}, {"type": "Feature", "geometry": {"type": "Polygon", "coordinates": [[[86.812, 26.491999999999997], [86.812, 26.49], [86.81400000000001, 26.49], [86.81400000000001, 26.491999999999997], [86.812, 26.491999999999997]]]}, "properties": {"class": "flood", "source": "UNOSAT S-1 2024-09-27"}}, {"type": "Feature", "geometry": {"type": "Polygon", "coordinates": [[[86.852, 26.491999999999997], [86.852, 26.49], [86.854, 26.49], [86.854, 26.491999999999997], [86.852, 26.491999999999997]]]}, "properties": {"class": "flood", "source": "UNOSAT S-1 2024-09-27"}}, {"type": "Feature", "geometry": {"type": "Polygon", "coordinates": [[[86.858, 26.491999999999997], [86.858, 26.49], [86.86, 26.49], [86.86, 26.491999999999997], [86.858, 26.491999999999997]]]}, "properties": {"class": "flood", "source": "UNOSAT S-1 2024-09-27"}}, {"type": "Feature", "geometry": {"type": "Polygon", "coordinates": [[[86.866, 26.491999999999997], [86.866, 26.49], [86.87, 26.49], [86.87, 26.491999999999997], [86.866, 26.491999999999997]]]}, "properties": {"class": "flood", "source": "UNOSAT S-1 2024-09-27"}}, {"type": "Feature", "geometry": {"type": "Polygon", "coordinates": [[[86.47800000000001, 26.49], [86.47800000000001, 26.488], [86.48, 26.488], [86.48, 26.49], [86.47800000000001, 26.49]]]}, "properties": {"class": "flood", "source": "UNOSAT S-1 2024-09-27"}}, {"type": "Feature", "geometry": {"type": "Polygon", "coordinates": [[[86.84400000000001, 26.49], [86.84400000000001, 26.488], [86.848, 26.488], [86.848, 26.49], [86.84400000000001, 26.49]]]}, "properties": {"class": "flood", "source": "UNOSAT S-1 2024-09-27"}}, {"type": "Feature", "geometry": {"type": "Polygon", "coordinates": [[[86.19200000000001, 26.488], [86.19200000000001, 26.485999999999997], [86.194, 26.485999999999997], [86.194, 26.488], [86.19200000000001, 26.488]]]}, "properties": {"class": "flood", "source": "UNOSAT S-1 2024-09-27"}}, {"type": "Feature", "geometry": {"type": "Polygon", "coordinates": [[[86.824, 26.491999999999997], [86.82000000000001, 26.485999999999997], [86.82600000000001, 26.483999999999998], [86.82600000000001, 26.491999999999997], [86.824, 26.491999999999997]]]}, "properties": {"class": "flood", "source": "UNOSAT S-1 2024-09-27"}}, {"type": "Feature", "geometry": {"type": "Polygon", "coordinates": [[[86.208, 26.485999999999997], [86.208, 26.483999999999998], [86.214, 26.483999999999998], [86.214, 26.485999999999997], [86.208, 26.485999999999997]]]}, "properties": {"class": "flood", "source": "UNOSAT S-1 2024-09-27"}}, {"type": "Feature", "geometry": {"type": "Polygon", "coordinates": [[[86.846, 26.485999999999997], [86.846, 26.483999999999998], [86.85000000000001, 26.483999999999998], [86.85000000000001, 26.485999999999997], [86.846, 26.485999999999997]]]}, "properties": {"class": "flood", "source": "UNOSAT S-1 2024-09-27"}}, {"type": "Feature", "geometry": {"type": "Polygon", "coordinates": [[[86.904, 26.485999999999997], [86.904, 26.483999999999998], [86.906, 26.483999999999998], [86.906, 26.485999999999997], [86.904, 26.485999999999997]]]}, "properties": {"class": "flood", "source": "UNOSAT S-1 2024-09-27"}}, {"type": "Feature", "geometry": {"type": "Polygon", "coordinates": [[[87.024, 26.485999999999997], [87.024, 26.483999999999998], [87.026, 26.483999999999998], [87.026, 26.485999999999997], [87.024, 26.485999999999997]]]}, "properties": {"class": "flood", "source": "UNOSAT S-1 2024-09-27"}}, {"type": "Feature", "geometry": {"type": "Polygon", "coordinates": [[[87.03, 26.485999999999997], [87.03, 26.483999999999998], [87.032, 26.483999999999998], [87.032, 26.485999999999997], [87.03, 26.485999999999997]]]}, "properties": {"class": "flood", "source": "UNOSAT S-1 2024-09-27"}}, {"type": "Feature", "geometry": {"type": "Polygon", "coordinates": [[[86.81400000000001, 26.483999999999998], [86.81400000000001, 26.482], [86.816, 26.482], [86.816, 26.483999999999998], [86.81400000000001, 26.483999999999998]]]}, "properties": {"class": "flood", "source": "UNOSAT S-1 2024-09-27"}}, {"type": "Feature", "geometry": {"type": "Polygon", "coordinates": [[[86.82000000000001, 26.483999999999998], [86.82000000000001, 26.482], [86.822, 26.482], [86.822, 26.483999999999998], [86.82000000000001, 26.483999999999998]]]}, "properties": {"class": "flood", "source": "UNOSAT S-1 2024-09-27"}}, {"type": "Feature", "geometry": {"type": "Polygon", "coordinates": [[[86.936, 26.512], [86.93, 26.506], [86.928, 26.491999999999997], [86.932, 26.488], [86.932, 26.48], [86.936, 26.48], [86.934, 26.485999999999997], [86.938, 26.483999999999998], [86.938, 26.49], [86.94200000000001, 26.491999999999997], [86.94, 26.494], [86.94200000000001, 26.503999999999998], [86.938, 26.5], [86.94, 26.508], [86.936, 26.512]]]}, "properties": {"class": "flood", "source": "UNOSAT S-1 2024-09-27"}}, {"type": "Feature", "geometry": {"type": "Polygon", "coordinates": [[[86.806, 26.482], [86.806, 26.48], [86.808, 26.48], [86.808, 26.482], [86.806, 26.482]]]}, "properties": {"class": "flood", "source": "UNOSAT S-1 2024-09-27"}}, {"type": "Feature", "geometry": {"type": "Polygon", "coordinates": [[[86.83200000000001, 26.48], [86.83200000000001, 26.477999999999998], [86.834, 26.477999999999998], [86.834, 26.48], [86.83200000000001, 26.48]]]}, "properties": {"class": "flood", "source": "UNOSAT S-1 2024-09-27"}}, {"type": "Feature", "geometry": {"type": "Polygon", "coordinates": [[[86.476, 26.477999999999998], [86.476, 26.476], [86.47800000000001, 26.476], [86.47800000000001, 26.477999999999998], [86.476, 26.477999999999998]]]}, "properties": {"class": "flood", "source": "UNOSAT S-1 2024-09-27"}}, {"type": "Feature", "geometry": {"type": "Polygon", "coordinates": [[[86.822, 26.477999999999998], [86.822, 26.476], [86.82600000000001, 26.476], [86.82600000000001, 26.477999999999998], [86.822, 26.477999999999998]]]}, "properties": {"class": "flood", "source": "UNOSAT S-1 2024-09-27"}}, {"type": "Feature", "geometry": {"type": "Polygon", "coordinates": [[[86.94200000000001, 26.477999999999998], [86.94200000000001, 26.476], [86.944, 26.476], [86.944, 26.477999999999998], [86.94200000000001, 26.477999999999998]]]}, "properties": {"class": "flood", "source": "UNOSAT S-1 2024-09-27"}}, {"type": "Feature", "geometry": {"type": "Polygon", "coordinates": [[[87.03, 26.477999999999998], [87.03, 26.476], [87.032, 26.476], [87.032, 26.477999999999998], [87.03, 26.477999999999998]]]}, "properties": {"class": "flood", "source": "UNOSAT S-1 2024-09-27"}}, {"type": "Feature", "geometry": {"type": "Polygon", "coordinates": [[[86.922, 26.49], [86.924, 26.483999999999998], [86.922, 26.474], [86.926, 26.474], [86.926, 26.488], [86.922, 26.49]]]}, "properties": {"class": "flood", "source": "UNOSAT S-1 2024-09-27"}}, {"type": "Feature", "geometry": {"type": "Polygon", "coordinates": [[[86.22200000000001, 26.476], [86.22200000000001, 26.474], [86.224, 26.474], [86.224, 26.476], [86.22200000000001, 26.476]]]}, "properties": {"class": "flood", "source": "UNOSAT S-1 2024-09-27"}}, {"type": "Feature", "geometry": {"type": "Polygon", "coordinates": [[[86.82000000000001, 26.476], [86.82000000000001, 26.474], [86.822, 26.474], [86.822, 26.476], [86.82000000000001, 26.476]]]}, "properties": {"class": "flood", "source": "UNOSAT S-1 2024-09-27"}}, {"type": "Feature", "geometry": {"type": "Polygon", "coordinates": [[[86.94, 26.476], [86.94, 26.474], [86.94200000000001, 26.474], [86.94200000000001, 26.476], [86.94, 26.476]]]}, "properties": {"class": "flood", "source": "UNOSAT S-1 2024-09-27"}}, {"type": "Feature", "geometry": {"type": "Polygon", "coordinates": [[[87.062, 26.48], [87.062, 26.476], [87.066, 26.471999999999998], [87.066, 26.477999999999998], [87.062, 26.48]]]}, "properties": {"class": "flood", "source": "UNOSAT S-1 2024-09-27"}}, {"type": "Feature", "geometry": {"type": "Polygon", "coordinates": [[[86.744, 26.474], [86.744, 26.471999999999998], [86.74600000000001, 26.471999999999998], [86.74600000000001, 26.474], [86.744, 26.474]]]}, "properties": {"class": "flood", "source": "UNOSAT S-1 2024-09-27"}}, {"type": "Feature", "geometry": {"type": "Polygon", "coordinates": [[[86.808, 26.474], [86.808, 26.471999999999998], [86.81, 26.471999999999998], [86.81, 26.474], [86.808, 26.474]]]}, "properties": {"class": "flood", "source": "UNOSAT S-1 2024-09-27"}}, {"type": "Feature", "geometry": {"type": "Polygon", "coordinates": [[[87.056, 26.474], [87.056, 26.47], [87.058, 26.47], [87.058, 26.474], [87.056, 26.474]]]}, "properties": {"class": "flood", "source": "UNOSAT S-1 2024-09-27"}}, {"type": "Feature", "geometry": {"type": "Polygon", "coordinates": [[[86.224, 26.471999999999998], [86.224, 26.47], [86.226, 26.47], [86.226, 26.471999999999998], [86.224, 26.471999999999998]]]}, "properties": {"class": "flood", "source": "UNOSAT S-1 2024-09-27"}}, {"type": "Feature", "geometry": {"type": "Polygon", "coordinates": [[[86.48, 26.471999999999998], [86.48, 26.47], [86.482, 26.47], [86.482, 26.471999999999998], [86.48, 26.471999999999998]]]}, "properties": {"class": "flood", "source": "UNOSAT S-1 2024-09-27"}}, {"type": "Feature", "geometry": {"type": "Polygon", "coordinates": [[[86.83200000000001, 26.471999999999998], [86.83200000000001, 26.47], [86.834, 26.47], [86.834, 26.471999999999998], [86.83200000000001, 26.471999999999998]]]}, "properties": {"class": "flood", "source": "UNOSAT S-1 2024-09-27"}}, {"type": "Feature", "geometry": {"type": "Polygon", "coordinates": [[[86.94200000000001, 26.471999999999998], [86.94200000000001, 26.47], [86.944, 26.47], [86.944, 26.471999999999998], [86.94200000000001, 26.471999999999998]]]}, "properties": {"class": "flood", "source": "UNOSAT S-1 2024-09-27"}}, {"type": "Feature", "geometry": {"type": "Polygon", "coordinates": [[[86.99000000000001, 26.471999999999998], [86.99000000000001, 26.47], [86.992, 26.47], [86.992, 26.471999999999998], [86.99000000000001, 26.471999999999998]]]}, "properties": {"class": "flood", "source": "UNOSAT S-1 2024-09-27"}}, {"type": "Feature", "geometry": {"type": "Polygon", "coordinates": [[[86.226, 26.47], [86.226, 26.468], [86.22800000000001, 26.468], [86.22800000000001, 26.47], [86.226, 26.47]]]}, "properties": {"class": "flood", "source": "UNOSAT S-1 2024-09-27"}}, {"type": "Feature", "geometry": {"type": "Polygon", "coordinates": [[[86.74600000000001, 26.47], [86.74600000000001, 26.468], [86.75, 26.468], [86.75, 26.47], [86.74600000000001, 26.47]]]}, "properties": {"class": "flood", "source": "UNOSAT S-1 2024-09-27"}}, {"type": "Feature", "geometry": {"type": "Polygon", "coordinates": [[[86.762, 26.47], [86.762, 26.468], [86.764, 26.468], [86.764, 26.47], [86.762, 26.47]]]}, "properties": {"class": "flood", "source": "UNOSAT S-1 2024-09-27"}}, {"type": "Feature", "geometry": {"type": "Polygon", "coordinates": [[[86.804, 26.48], [86.804, 26.476], [86.796, 26.468], [86.806, 26.47], [86.806, 26.476], [86.81, 26.476], [86.804, 26.48]]]}, "properties": {"class": "flood", "source": "UNOSAT S-1 2024-09-27"}}, {"type": "Feature", "geometry": {"type": "Polygon", "coordinates": [[[86.924, 26.47], [86.924, 26.468], [86.926, 26.468], [86.926, 26.47], [86.924, 26.47]]]}, "properties": {"class": "flood", "source": "UNOSAT S-1 2024-09-27"}}, {"type": "Feature", "geometry": {"type": "Polygon", "coordinates": [[[87.05, 26.47], [87.05, 26.468], [87.052, 26.468], [87.052, 26.47], [87.05, 26.47]]]}, "properties": {"class": "flood", "source": "UNOSAT S-1 2024-09-27"}}, {"type": "Feature", "geometry": {"type": "Polygon", "coordinates": [[[86.804, 26.468], [86.804, 26.465999999999998], [86.806, 26.465999999999998], [86.806, 26.468], [86.804, 26.468]]]}, "properties": {"class": "flood", "source": "UNOSAT S-1 2024-09-27"}}, {"type": "Feature", "geometry": {"type": "Polygon", "coordinates": [[[86.82000000000001, 26.468], [86.82000000000001, 26.465999999999998], [86.822, 26.465999999999998], [86.822, 26.468], [86.82000000000001, 26.468]]]}, "properties": {"class": "flood", "source": "UNOSAT S-1 2024-09-27"}}, {"type": "Feature", "geometry": {"type": "Polygon", "coordinates": [[[86.916, 26.468], [86.916, 26.465999999999998], [86.918, 26.465999999999998], [86.918, 26.468], [86.916, 26.468]]]}, "properties": {"class": "flood", "source": "UNOSAT S-1 2024-09-27"}}, {"type": "Feature", "geometry": {"type": "Polygon", "coordinates": [[[86.922, 26.468], [86.922, 26.465999999999998], [86.924, 26.465999999999998], [86.924, 26.468], [86.922, 26.468]]]}, "properties": {"class": "flood", "source": "UNOSAT S-1 2024-09-27"}}, {"type": "Feature", "geometry": {"type": "Polygon", "coordinates": [[[86.94800000000001, 26.468], [86.94800000000001, 26.465999999999998], [86.95, 26.465999999999998], [86.95, 26.468], [86.94800000000001, 26.468]]]}, "properties": {"class": "flood", "source": "UNOSAT S-1 2024-09-27"}}, {"type": "Feature", "geometry": {"type": "Polygon", "coordinates": [[[87.06, 26.468], [87.06, 26.465999999999998], [87.062, 26.465999999999998], [87.062, 26.468], [87.06, 26.468]]]}, "properties": {"class": "flood", "source": "UNOSAT S-1 2024-09-27"}}, {"type": "Feature", "geometry": {"type": "Polygon", "coordinates": [[[86.81, 26.47], [86.812, 26.464], [86.81400000000001, 26.464], [86.81400000000001, 26.47], [86.81, 26.47]]]}, "properties": {"class": "flood", "source": "UNOSAT S-1 2024-09-27"}}, {"type": "Feature", "geometry": {"type": "Polygon", "coordinates": [[[86.934, 26.468], [86.934, 26.465999999999998], [86.938, 26.464], [86.938, 26.468], [86.934, 26.468]]]}, "properties": {"class": "flood", "source": "UNOSAT S-1 2024-09-27"}}, {"type": "Feature", "geometry": {"type": "Polygon", "coordinates": [[[86.22800000000001, 26.465999999999998], [86.22800000000001, 26.464], [86.23, 26.464], [86.23, 26.465999999999998], [86.22800000000001, 26.465999999999998]]]}, "properties": {"class": "flood", "source": "UNOSAT S-1 2024-09-27"}}, {"type": "Feature", "geometry": {"type": "Polygon", "coordinates": [[[86.828, 26.465999999999998], [86.828, 26.464], [86.83, 26.464], [86.83, 26.465999999999998], [86.828, 26.465999999999998]]]}, "properties": {"class": "flood", "source": "UNOSAT S-1 2024-09-27"}}, {"type": "Feature", "geometry": {"type": "Polygon", "coordinates": [[[86.854, 26.465999999999998], [86.854, 26.464], [86.85600000000001, 26.464], [86.85600000000001, 26.465999999999998], [86.854, 26.465999999999998]]]}, "properties": {"class": "flood", "source": "UNOSAT S-1 2024-09-27"}}, {"type": "Feature", "geometry": {"type": "Polygon", "coordinates": [[[86.914, 26.465999999999998], [86.914, 26.464], [86.916, 26.464], [86.916, 26.465999999999998], [86.914, 26.465999999999998]]]}, "properties": {"class": "flood", "source": "UNOSAT S-1 2024-09-27"}}, {"type": "Feature", "geometry": {"type": "Polygon", "coordinates": [[[86.93, 26.465999999999998], [86.93, 26.464], [86.932, 26.464], [86.932, 26.465999999999998], [86.93, 26.465999999999998]]]}, "properties": {"class": "flood", "source": "UNOSAT S-1 2024-09-27"}}, {"type": "Feature", "geometry": {"type": "Polygon", "coordinates": [[[86.914, 26.49], [86.916, 26.485999999999997], [86.91, 26.483999999999998], [86.91, 26.48], [86.902, 26.48], [86.904, 26.47], [86.9, 26.464], [86.904, 26.462], [86.908, 26.47], [86.916, 26.47], [86.918, 26.49], [86.914, 26.49]]]}, "properties": {"class": "flood", "source": "UNOSAT S-1 2024-09-27"}}, {"type": "Feature", "geometry": {"type": "Polygon", "coordinates": [[[86.81, 26.464], [86.81, 26.462], [86.812, 26.462], [86.812, 26.464], [86.81, 26.464]]]}, "properties": {"class": "flood", "source": "UNOSAT S-1 2024-09-27"}}, {"type": "Feature", "geometry": {"type": "Polygon", "coordinates": [[[86.82000000000001, 26.464], [86.82000000000001, 26.462], [86.824, 26.462], [86.824, 26.464], [86.82000000000001, 26.464]]]}, "properties": {"class": "flood", "source": "UNOSAT S-1 2024-09-27"}}, {"type": "Feature", "geometry": {"type": "Polygon", "coordinates": [[[86.758, 26.462], [86.758, 26.459999999999997], [86.76, 26.459999999999997], [86.76, 26.462], [86.758, 26.462]]]}, "properties": {"class": "flood", "source": "UNOSAT S-1 2024-09-27"}}, {"type": "Feature", "geometry": {"type": "Polygon", "coordinates": [[[86.816, 26.462], [86.816, 26.459999999999997], [86.818, 26.459999999999997], [86.818, 26.462], [86.816, 26.462]]]}, "properties": {"class": "flood", "source": "UNOSAT S-1 2024-09-27"}}, {"type": "Feature", "geometry": {"type": "Polygon", "coordinates": [[[86.486, 26.462], [86.486, 26.458], [86.488, 26.458], [86.488, 26.462], [86.486, 26.462]]]}, "properties": {"class": "flood", "source": "UNOSAT S-1 2024-09-27"}}, {"type": "Feature", "geometry": {"type": "Polygon", "coordinates": [[[86.94, 26.462], [86.94, 26.458], [86.94200000000001, 26.458], [86.94200000000001, 26.462], [86.94, 26.462]]]}, "properties": {"class": "flood", "source": "UNOSAT S-1 2024-09-27"}}, {"type": "Feature", "geometry": {"type": "Polygon", "coordinates": [[[86.842, 26.459999999999997], [86.842, 26.458], [86.84400000000001, 26.458], [86.84400000000001, 26.459999999999997], [86.842, 26.459999999999997]]]}, "properties": {"class": "flood", "source": "UNOSAT S-1 2024-09-27"}}, {"type": "Feature", "geometry": {"type": "Polygon", "coordinates": [[[86.23400000000001, 26.458], [86.23400000000001, 26.456], [86.236, 26.456], [86.236, 26.458], [86.23400000000001, 26.458]]]}, "properties": {"class": "flood", "source": "UNOSAT S-1 2024-09-27"}}, {"type": "Feature", "geometry": {"type": "Polygon", "coordinates": [[[86.48400000000001, 26.456], [86.48400000000001, 26.454], [86.486, 26.454], [86.486, 26.456], [86.48400000000001, 26.456]]]}, "properties": {"class": "flood", "source": "UNOSAT S-1 2024-09-27"}}, {"type": "Feature", "geometry": {"type": "Polygon", "coordinates": [[[86.818, 26.456], [86.818, 26.454], [86.82000000000001, 26.454], [86.82000000000001, 26.456], [86.818, 26.456]]]}, "properties": {"class": "flood", "source": "UNOSAT S-1 2024-09-27"}}, {"type": "Feature", "geometry": {"type": "Polygon", "coordinates": [[[86.896, 26.456], [86.896, 26.454], [86.898, 26.454], [86.898, 26.456], [86.896, 26.456]]]}, "properties": {"class": "flood", "source": "UNOSAT S-1 2024-09-27"}}, {"type": "Feature", "geometry": {"type": "Polygon", "coordinates": [[[86.936, 26.456], [86.936, 26.454], [86.938, 26.454], [86.938, 26.456], [86.936, 26.456]]]}, "properties": {"class": "flood", "source": "UNOSAT S-1 2024-09-27"}}, {"type": "Feature", "geometry": {"type": "Polygon", "coordinates": [[[86.754, 26.454], [86.754, 26.451999999999998], [86.756, 26.451999999999998], [86.756, 26.454], [86.754, 26.454]]]}, "properties": {"class": "flood", "source": "UNOSAT S-1 2024-09-27"}}, {"type": "Feature", "geometry": {"type": "Polygon", "coordinates": [[[86.766, 26.454], [86.766, 26.451999999999998], [86.768, 26.451999999999998], [86.768, 26.454], [86.766, 26.454]]]}, "properties": {"class": "flood", "source": "UNOSAT S-1 2024-09-27"}}, {"type": "Feature", "geometry": {"type": "Polygon", "coordinates": [[[86.796, 26.454], [86.796, 26.451999999999998], [86.798, 26.451999999999998], [86.798, 26.454], [86.796, 26.454]]]}, "properties": {"class": "flood", "source": "UNOSAT S-1 2024-09-27"}}, {"type": "Feature", "geometry": {"type": "Polygon", "coordinates": [[[86.81400000000001, 26.454], [86.81400000000001, 26.451999999999998], [86.816, 26.451999999999998], [86.816, 26.454], [86.81400000000001, 26.454]]]}, "properties": {"class": "flood", "source": "UNOSAT S-1 2024-09-27"}}, {"type": "Feature", "geometry": {"type": "Polygon", "coordinates": [[[86.83200000000001, 26.454], [86.83200000000001, 26.451999999999998], [86.834, 26.451999999999998], [86.834, 26.454], [86.83200000000001, 26.454]]]}, "properties": {"class": "flood", "source": "UNOSAT S-1 2024-09-27"}}, {"type": "Feature", "geometry": {"type": "Polygon", "coordinates": [[[86.89, 26.454], [86.89, 26.451999999999998], [86.896, 26.451999999999998], [86.896, 26.454], [86.89, 26.454]]]}, "properties": {"class": "flood", "source": "UNOSAT S-1 2024-09-27"}}, {"type": "Feature", "geometry": {"type": "Polygon", "coordinates": [[[86.882, 26.451999999999998], [86.882, 26.45], [86.888, 26.45], [86.888, 26.451999999999998], [86.882, 26.451999999999998]]]}, "properties": {"class": "flood", "source": "UNOSAT S-1 2024-09-27"}}, {"type": "Feature", "geometry": {"type": "Polygon", "coordinates": [[[86.936, 26.451999999999998], [86.936, 26.45], [86.938, 26.45], [86.938, 26.451999999999998], [86.936, 26.451999999999998]]]}, "properties": {"class": "flood", "source": "UNOSAT S-1 2024-09-27"}}, {"type": "Feature", "geometry": {"type": "Polygon", "coordinates": [[[87.068, 26.462], [87.066, 26.456], [87.066, 26.448], [87.07000000000001, 26.45], [87.07000000000001, 26.454], [87.07600000000001, 26.456], [87.068, 26.462]]]}, "properties": {"class": "flood", "source": "UNOSAT S-1 2024-09-27"}}, {"type": "Feature", "geometry": {"type": "Polygon", "coordinates": [[[86.492, 26.45], [86.492, 26.448], [86.49600000000001, 26.448], [86.49600000000001, 26.45], [86.492, 26.45]]]}, "properties": {"class": "flood", "source": "UNOSAT S-1 2024-09-27"}}, {"type": "Feature", "geometry": {"type": "Polygon", "coordinates": [[[86.83, 26.45], [86.83, 26.448], [86.83200000000001, 26.448], [86.83200000000001, 26.45], [86.83, 26.45]]]}, "properties": {"class": "flood", "source": "UNOSAT S-1 2024-09-27"}}, {"type": "Feature", "geometry": {"type": "Polygon", "coordinates": [[[86.928, 26.45], [86.928, 26.445999999999998], [86.93, 26.445999999999998], [86.932, 26.45], [86.928, 26.45]]]}, "properties": {"class": "flood", "source": "UNOSAT S-1 2024-09-27"}}, {"type": "Feature", "geometry": {"type": "Polygon", "coordinates": [[[87.084, 26.45], [87.084, 26.445999999999998], [87.086, 26.445999999999998], [87.086, 26.45], [87.084, 26.45]]]}, "properties": {"class": "flood", "source": "UNOSAT S-1 2024-09-27"}}, {"type": "Feature", "geometry": {"type": "Polygon", "coordinates": [[[86.81400000000001, 26.448], [86.81400000000001, 26.445999999999998], [86.816, 26.445999999999998], [86.816, 26.448], [86.81400000000001, 26.448]]]}, "properties": {"class": "flood", "source": "UNOSAT S-1 2024-09-27"}}, {"type": "Feature", "geometry": {"type": "Polygon", "coordinates": [[[86.5, 26.445999999999998], [86.5, 26.444], [86.502, 26.444], [86.502, 26.445999999999998], [86.5, 26.445999999999998]]]}, "properties": {"class": "flood", "source": "UNOSAT S-1 2024-09-27"}}, {"type": "Feature", "geometry": {"type": "Polygon", "coordinates": [[[87.066, 26.445999999999998], [87.066, 26.444], [87.068, 26.444], [87.068, 26.445999999999998], [87.066, 26.445999999999998]]]}, "properties": {"class": "flood", "source": "UNOSAT S-1 2024-09-27"}}, {"type": "Feature", "geometry": {"type": "Polygon", "coordinates": [[[87.074, 26.448], [87.074, 26.442], [87.07600000000001, 26.442], [87.07600000000001, 26.448], [87.074, 26.448]]]}, "properties": {"class": "flood", "source": "UNOSAT S-1 2024-09-27"}}, {"type": "Feature", "geometry": {"type": "Polygon", "coordinates": [[[86.798, 26.444], [86.798, 26.442], [86.8, 26.442], [86.8, 26.444], [86.798, 26.444]]]}, "properties": {"class": "flood", "source": "UNOSAT S-1 2024-09-27"}}, {"type": "Feature", "geometry": {"type": "Polygon", "coordinates": [[[86.81400000000001, 26.444], [86.81400000000001, 26.442], [86.816, 26.442], [86.816, 26.444], [86.81400000000001, 26.444]]]}, "properties": {"class": "flood", "source": "UNOSAT S-1 2024-09-27"}}, {"type": "Feature", "geometry": {"type": "Polygon", "coordinates": [[[87.086, 26.444], [87.086, 26.442], [87.08800000000001, 26.442], [87.08800000000001, 26.444], [87.086, 26.444]]]}, "properties": {"class": "flood", "source": "UNOSAT S-1 2024-09-27"}}, {"type": "Feature", "geometry": {"type": "Polygon", "coordinates": [[[86.502, 26.442], [86.502, 26.439999999999998], [86.504, 26.439999999999998], [86.504, 26.442], [86.502, 26.442]]]}, "properties": {"class": "flood", "source": "UNOSAT S-1 2024-09-27"}}, {"type": "Feature", "geometry": {"type": "Polygon", "coordinates": [[[86.77, 26.442], [86.77, 26.439999999999998], [86.772, 26.439999999999998], [86.772, 26.442], [86.77, 26.442]]]}, "properties": {"class": "flood", "source": "UNOSAT S-1 2024-09-27"}}, {"type": "Feature", "geometry": {"type": "Polygon", "coordinates": [[[86.906, 26.444], [86.906, 26.438], [86.908, 26.438], [86.91, 26.442], [86.906, 26.444]]]}, "properties": {"class": "flood", "source": "UNOSAT S-1 2024-09-27"}}, {"type": "Feature", "geometry": {"type": "Polygon", "coordinates": [[[86.766, 26.445999999999998], [86.764, 26.439999999999998], [86.768, 26.438], [86.77, 26.444], [86.766, 26.445999999999998]]]}, "properties": {"class": "flood", "source": "UNOSAT S-1 2024-09-27"}}, {"type": "Feature", "geometry": {"type": "Polygon", "coordinates": [[[86.888, 26.442], [86.888, 26.438], [86.89, 26.438], [86.89, 26.442], [86.888, 26.442]]]}, "properties": {"class": "flood", "source": "UNOSAT S-1 2024-09-27"}}, {"type": "Feature", "geometry": {"type": "Polygon", "coordinates": [[[86.702, 26.439999999999998], [86.702, 26.438], [86.70400000000001, 26.438], [86.70400000000001, 26.439999999999998], [86.702, 26.439999999999998]]]}, "properties": {"class": "flood", "source": "UNOSAT S-1 2024-09-27"}}, {"type": "Feature", "geometry": {"type": "Polygon", "coordinates": [[[86.762, 26.439999999999998], [86.762, 26.438], [86.764, 26.438], [86.764, 26.439999999999998], [86.762, 26.439999999999998]]]}, "properties": {"class": "flood", "source": "UNOSAT S-1 2024-09-27"}}, {"type": "Feature", "geometry": {"type": "Polygon", "coordinates": [[[86.792, 26.439999999999998], [86.792, 26.438], [86.794, 26.438], [86.794, 26.439999999999998], [86.792, 26.439999999999998]]]}, "properties": {"class": "flood", "source": "UNOSAT S-1 2024-09-27"}}, {"type": "Feature", "geometry": {"type": "Polygon", "coordinates": [[[86.892, 26.439999999999998], [86.892, 26.438], [86.894, 26.438], [86.894, 26.439999999999998], [86.892, 26.439999999999998]]]}, "properties": {"class": "flood", "source": "UNOSAT S-1 2024-09-27"}}, {"type": "Feature", "geometry": {"type": "Polygon", "coordinates": [[[86.928, 26.439999999999998], [86.928, 26.438], [86.93, 26.438], [86.93, 26.439999999999998], [86.928, 26.439999999999998]]]}, "properties": {"class": "flood", "source": "UNOSAT S-1 2024-09-27"}}, {"type": "Feature", "geometry": {"type": "Polygon", "coordinates": [[[86.248, 26.439999999999998], [86.248, 26.436], [86.25, 26.436], [86.25, 26.439999999999998], [86.248, 26.439999999999998]]]}, "properties": {"class": "flood", "source": "UNOSAT S-1 2024-09-27"}}, {"type": "Feature", "geometry": {"type": "Polygon", "coordinates": [[[87.068, 26.442], [87.066, 26.438], [87.07000000000001, 26.436], [87.072, 26.442], [87.068, 26.442]]]}, "properties": {"class": "flood", "source": "UNOSAT S-1 2024-09-27"}}, {"type": "Feature", "geometry": {"type": "Polygon", "coordinates": [[[86.678, 26.438], [86.678, 26.436], [86.68, 26.436], [86.68, 26.438], [86.678, 26.438]]]}, "properties": {"class": "flood", "source": "UNOSAT S-1 2024-09-27"}}, {"type": "Feature", "geometry": {"type": "Polygon", "coordinates": [[[86.74000000000001, 26.438], [86.74000000000001, 26.436], [86.742, 26.436], [86.742, 26.438], [86.74000000000001, 26.438]]]}, "properties": {"class": "flood", "source": "UNOSAT S-1 2024-09-27"}}, {"type": "Feature", "geometry": {"type": "Polygon", "coordinates": [[[86.764, 26.438], [86.764, 26.436], [86.766, 26.436], [86.766, 26.438], [86.764, 26.438]]]}, "properties": {"class": "flood", "source": "UNOSAT S-1 2024-09-27"}}, {"type": "Feature", "geometry": {"type": "Polygon", "coordinates": [[[86.774, 26.438], [86.774, 26.436], [86.776, 26.436], [86.776, 26.438], [86.774, 26.438]]]}, "properties": {"class": "flood", "source": "UNOSAT S-1 2024-09-27"}}, {"type": "Feature", "geometry": {"type": "Polygon", "coordinates": [[[86.786, 26.438], [86.786, 26.436], [86.788, 26.436], [86.788, 26.438], [86.786, 26.438]]]}, "properties": {"class": "flood", "source": "UNOSAT S-1 2024-09-27"}}, {"type": "Feature", "geometry": {"type": "Polygon", "coordinates": [[[86.89, 26.438], [86.89, 26.436], [86.892, 26.436], [86.892, 26.438], [86.89, 26.438]]]}, "properties": {"class": "flood", "source": "UNOSAT S-1 2024-09-27"}}, {"type": "Feature", "geometry": {"type": "Polygon", "coordinates": [[[86.934, 26.438], [86.934, 26.436], [86.936, 26.436], [86.936, 26.438], [86.934, 26.438]]]}, "properties": {"class": "flood", "source": "UNOSAT S-1 2024-09-27"}}, {"type": "Feature", "geometry": {"type": "Polygon", "coordinates": [[[86.938, 26.438], [86.938, 26.436], [86.94, 26.436], [86.94, 26.438], [86.938, 26.438]]]}, "properties": {"class": "flood", "source": "UNOSAT S-1 2024-09-27"}}, {"type": "Feature", "geometry": {"type": "Polygon", "coordinates": [[[87.072, 26.438], [87.072, 26.436], [87.074, 26.436], [87.074, 26.438], [87.072, 26.438]]]}, "properties": {"class": "flood", "source": "UNOSAT S-1 2024-09-27"}}, {"type": "Feature", "geometry": {"type": "Polygon", "coordinates": [[[87.08200000000001, 26.438], [87.08200000000001, 26.436], [87.084, 26.436], [87.084, 26.438], [87.08200000000001, 26.438]]]}, "properties": {"class": "flood", "source": "UNOSAT S-1 2024-09-27"}}, {"type": "Feature", "geometry": {"type": "Polygon", "coordinates": [[[86.898, 26.439999999999998], [86.898, 26.433999999999997], [86.904, 26.436], [86.904, 26.439999999999998], [86.898, 26.439999999999998]]]}, "properties": {"class": "flood", "source": "UNOSAT S-1 2024-09-27"}}, {"type": "Feature", "geometry": {"type": "Polygon", "coordinates": [[[86.93, 26.438], [86.93, 26.433999999999997], [86.932, 26.433999999999997], [86.932, 26.438], [86.93, 26.438]]]}, "properties": {"class": "flood", "source": "UNOSAT S-1 2024-09-27"}}, {"type": "Feature", "geometry": {"type": "Polygon", "coordinates": [[[86.7, 26.436], [86.7, 26.433999999999997], [86.702, 26.433999999999997], [86.702, 26.436], [86.7, 26.436]]]}, "properties": {"class": "flood", "source": "UNOSAT S-1 2024-09-27"}}, {"type": "Feature", "geometry": {"type": "Polygon", "coordinates": [[[86.736, 26.436], [86.736, 26.433999999999997], [86.738, 26.433999999999997], [86.738, 26.436], [86.736, 26.436]]]}, "properties": {"class": "flood", "source": "UNOSAT S-1 2024-09-27"}}, {"type": "Feature", "geometry": {"type": "Polygon", "coordinates": [[[86.772, 26.436], [86.772, 26.433999999999997], [86.774, 26.433999999999997], [86.774, 26.436], [86.772, 26.436]]]}, "properties": {"class": "flood", "source": "UNOSAT S-1 2024-09-27"}}, {"type": "Feature", "geometry": {"type": "Polygon", "coordinates": [[[86.796, 26.436], [86.796, 26.433999999999997], [86.798, 26.433999999999997], [86.798, 26.436], [86.796, 26.436]]]}, "properties": {"class": "flood", "source": "UNOSAT S-1 2024-09-27"}}, {"type": "Feature", "geometry": {"type": "Polygon", "coordinates": [[[86.936, 26.436], [86.936, 26.433999999999997], [86.938, 26.433999999999997], [86.938, 26.436], [86.936, 26.436]]]}, "properties": {"class": "flood", "source": "UNOSAT S-1 2024-09-27"}}, {"type": "Feature", "geometry": {"type": "Polygon", "coordinates": [[[86.94200000000001, 26.436], [86.94200000000001, 26.433999999999997], [86.944, 26.433999999999997], [86.944, 26.436], [86.94200000000001, 26.436]]]}, "properties": {"class": "flood", "source": "UNOSAT S-1 2024-09-27"}}, {"type": "Feature", "geometry": {"type": "Polygon", "coordinates": [[[87.128, 26.436], [87.128, 26.433999999999997], [87.13, 26.433999999999997], [87.13, 26.436], [87.128, 26.436]]]}, "properties": {"class": "flood", "source": "UNOSAT S-1 2024-09-27"}}, {"type": "Feature", "geometry": {"type": "Polygon", "coordinates": [[[86.916, 26.436], [86.918, 26.432], [86.928, 26.433999999999997], [86.928, 26.436], [86.916, 26.436]]]}, "properties": {"class": "flood", "source": "UNOSAT S-1 2024-09-27"}}, {"type": "Feature", "geometry": {"type": "Polygon", "coordinates": [[[87.188, 26.433999999999997], [87.188, 26.432], [87.19, 26.432], [87.19, 26.433999999999997], [87.188, 26.433999999999997]]]}, "properties": {"class": "flood", "source": "UNOSAT S-1 2024-09-27"}}, {"type": "Feature", "geometry": {"type": "Polygon", "coordinates": [[[86.756, 26.445999999999998], [86.756, 26.442], [86.75, 26.442], [86.748, 26.436], [86.744, 26.436], [86.748, 26.433999999999997], [86.748, 26.43], [86.754, 26.43], [86.762, 26.436], [86.76, 26.444], [86.756, 26.445999999999998]], [[86.752, 26.439999999999998], [86.754, 26.439999999999998], [86.754, 26.438], [86.752, 26.438], [86.752, 26.439999999999998]]]}, "properties": {"class": "flood", "source": "UNOSAT S-1 2024-09-27"}}, {"type": "Feature", "geometry": {"type": "Polygon", "coordinates": [[[86.884, 26.436], [86.884, 26.432], [86.888, 26.43], [86.894, 26.432], [86.894, 26.436], [86.892, 26.433999999999997], [86.884, 26.436]]]}, "properties": {"class": "flood", "source": "UNOSAT S-1 2024-09-27"}}, {"type": "Feature", "geometry": {"type": "Polygon", "coordinates": [[[86.776, 26.436], [86.774, 26.433999999999997], [86.774, 26.43], [86.778, 26.432], [86.776, 26.436]]]}, "properties": {"class": "flood", "source": "UNOSAT S-1 2024-09-27"}}, {"type": "Feature", "geometry": {"type": "Polygon", "coordinates": [[[86.672, 26.432], [86.672, 26.43], [86.674, 26.43], [86.674, 26.432], [86.672, 26.432]]]}, "properties": {"class": "flood", "source": "UNOSAT S-1 2024-09-27"}}, {"type": "Feature", "geometry": {"type": "Polygon", "coordinates": [[[86.702, 26.432], [86.702, 26.43], [86.70400000000001, 26.43], [86.70400000000001, 26.432], [86.702, 26.432]]]}, "properties": {"class": "flood", "source": "UNOSAT S-1 2024-09-27"}}, {"type": "Feature", "geometry": {"type": "Polygon", "coordinates": [[[86.724, 26.432], [86.724, 26.43], [86.726, 26.43], [86.726, 26.432], [86.724, 26.432]]]}, "properties": {"class": "flood", "source": "UNOSAT S-1 2024-09-27"}}, {"type": "Feature", "geometry": {"type": "Polygon", "coordinates": [[[86.73, 26.432], [86.73, 26.43], [86.732, 26.43], [86.732, 26.432], [86.73, 26.432]]]}, "properties": {"class": "flood", "source": "UNOSAT S-1 2024-09-27"}}, {"type": "Feature", "geometry": {"type": "Polygon", "coordinates": [[[86.73400000000001, 26.432], [86.73400000000001, 26.43], [86.736, 26.43], [86.736, 26.432], [86.73400000000001, 26.432]]]}, "properties": {"class": "flood", "source": "UNOSAT S-1 2024-09-27"}}, {"type": "Feature", "geometry": {"type": "Polygon", "coordinates": [[[86.848, 26.432], [86.848, 26.43], [86.852, 26.43], [86.852, 26.432], [86.848, 26.432]]]}, "properties": {"class": "flood", "source": "UNOSAT S-1 2024-09-27"}}, {"type": "Feature", "geometry": {"type": "Polygon", "coordinates": [[[86.906, 26.433999999999997], [86.904, 26.43], [86.912, 26.432], [86.912, 26.433999999999997], [86.906, 26.433999999999997]]]}, "properties": {"class": "flood", "source": "UNOSAT S-1 2024-09-27"}}, {"type": "Feature", "geometry": {"type": "Polygon", "coordinates": [[[86.916, 26.432], [86.916, 26.43], [86.918, 26.43], [86.918, 26.432], [86.916, 26.432]]]}, "properties": {"class": "flood", "source": "UNOSAT S-1 2024-09-27"}}, {"type": "Feature", "geometry": {"type": "Polygon", "coordinates": [[[87.128, 26.432], [87.128, 26.43], [87.132, 26.43], [87.132, 26.432], [87.128, 26.432]]]}, "properties": {"class": "flood", "source": "UNOSAT S-1 2024-09-27"}}, {"type": "Feature", "geometry": {"type": "Polygon", "coordinates": [[[87.164, 26.432], [87.164, 26.43], [87.166, 26.43], [87.166, 26.432], [87.164, 26.432]]]}, "properties": {"class": "flood", "source": "UNOSAT S-1 2024-09-27"}}, {"type": "Feature", "geometry": {"type": "Polygon", "coordinates": [[[86.5, 26.432], [86.5, 26.427999999999997], [86.502, 26.427999999999997], [86.502, 26.432], [86.5, 26.432]]]}, "properties": {"class": "flood", "source": "UNOSAT S-1 2024-09-27"}}, {"type": "Feature", "geometry": {"type": "Polygon", "coordinates": [[[86.732, 26.43], [86.732, 26.427999999999997], [86.73400000000001, 26.427999999999997], [86.73400000000001, 26.43], [86.732, 26.43]]]}, "properties": {"class": "flood", "source": "UNOSAT S-1 2024-09-27"}}, {"type": "Feature", "geometry": {"type": "Polygon", "coordinates": [[[86.74000000000001, 26.43], [86.74000000000001, 26.427999999999997], [86.742, 26.427999999999997], [86.742, 26.43], [86.74000000000001, 26.43]]]}, "properties": {"class": "flood", "source": "UNOSAT S-1 2024-09-27"}}, {"type": "Feature", "geometry": {"type": "Polygon", "coordinates": [[[87.126, 26.43], [87.126, 26.427999999999997], [87.128, 26.427999999999997], [87.128, 26.43], [87.126, 26.43]]]}, "properties": {"class": "flood", "source": "UNOSAT S-1 2024-09-27"}}, {"type": "Feature", "geometry": {"type": "Polygon", "coordinates": [[[87.17, 26.43], [87.17, 26.427999999999997], [87.172, 26.427999999999997], [87.172, 26.43], [87.17, 26.43]]]}, "properties": {"class": "flood", "source": "UNOSAT S-1 2024-09-27"}}, {"type": "Feature", "geometry": {"type": "Polygon", "coordinates": [[[87.456, 26.43], [87.456, 26.427999999999997], [87.458, 26.427999999999997], [87.458, 26.43], [87.456, 26.43]]]}, "properties": {"class": "flood", "source": "UNOSAT S-1 2024-09-27"}}, {"type": "Feature", "geometry": {"type": "Polygon", "coordinates": [[[87.174, 26.43], [87.174, 26.426], [87.176, 26.426], [87.176, 26.43], [87.174, 26.43]]]}, "properties": {"class": "flood", "source": "UNOSAT S-1 2024-09-27"}}, {"type": "Feature", "geometry": {"type": "Polygon", "coordinates": [[[86.726, 26.427999999999997], [86.726, 26.426], [86.72800000000001, 26.426], [86.72800000000001, 26.427999999999997], [86.726, 26.427999999999997]]]}, "properties": {"class": "flood", "source": "UNOSAT S-1 2024-09-27"}}, {"type": "Feature", "geometry": {"type": "Polygon", "coordinates": [[[86.73400000000001, 26.427999999999997], [86.73400000000001, 26.426], [86.736, 26.426], [86.736, 26.427999999999997], [86.73400000000001, 26.427999999999997]]]}, "properties": {"class": "flood", "source": "UNOSAT S-1 2024-09-27"}}, {"type": "Feature", "geometry": {"type": "Polygon", "coordinates": [[[86.744, 26.427999999999997], [86.744, 26.426], [86.74600000000001, 26.426], [86.74600000000001, 26.427999999999997], [86.744, 26.427999999999997]]]}, "properties": {"class": "flood", "source": "UNOSAT S-1 2024-09-27"}}, {"type": "Feature", "geometry": {"type": "Polygon", "coordinates": [[[86.774, 26.427999999999997], [86.774, 26.426], [86.776, 26.426], [86.776, 26.427999999999997], [86.774, 26.427999999999997]]]}, "properties": {"class": "flood", "source": "UNOSAT S-1 2024-09-27"}}, {"type": "Feature", "geometry": {"type": "Polygon", "coordinates": [[[86.854, 26.427999999999997], [86.854, 26.426], [86.85600000000001, 26.426], [86.85600000000001, 26.427999999999997], [86.854, 26.427999999999997]]]}, "properties": {"class": "flood", "source": "UNOSAT S-1 2024-09-27"}}, {"type": "Feature", "geometry": {"type": "Polygon", "coordinates": [[[86.664, 26.426], [86.664, 26.424], [86.666, 26.424], [86.666, 26.426], [86.664, 26.426]]]}, "properties": {"class": "flood", "source": "UNOSAT S-1 2024-09-27"}}, {"type": "Feature", "geometry": {"type": "Polygon", "coordinates": [[[86.72800000000001, 26.426], [86.72800000000001, 26.424], [86.73, 26.424], [86.73, 26.426], [86.72800000000001, 26.426]]]}, "properties": {"class": "flood", "source": "UNOSAT S-1 2024-09-27"}}, {"type": "Feature", "geometry": {"type": "Polygon", "coordinates": [[[86.732, 26.426], [86.732, 26.424], [86.73400000000001, 26.424], [86.73400000000001, 26.426], [86.732, 26.426]]]}, "properties": {"class": "flood", "source": "UNOSAT S-1 2024-09-27"}}, {"type": "Feature", "geometry": {"type": "Polygon", "coordinates": [[[86.86, 26.426], [86.86, 26.424], [86.86200000000001, 26.424], [86.86200000000001, 26.426], [86.86, 26.426]]]}, "properties": {"class": "flood", "source": "UNOSAT S-1 2024-09-27"}}, {"type": "Feature", "geometry": {"type": "Polygon", "coordinates": [[[86.878, 26.426], [86.878, 26.424], [86.88, 26.424], [86.88, 26.426], [86.878, 26.426]]]}, "properties": {"class": "flood", "source": "UNOSAT S-1 2024-09-27"}}, {"type": "Feature", "geometry": {"type": "Polygon", "coordinates": [[[86.498, 26.426], [86.498, 26.422], [86.5, 26.422], [86.5, 26.426], [86.498, 26.426]]]}, "properties": {"class": "flood", "source": "UNOSAT S-1 2024-09-27"}}, {"type": "Feature", "geometry": {"type": "Polygon", "coordinates": [[[86.658, 26.426], [86.658, 26.422], [86.66, 26.422], [86.66, 26.426], [86.658, 26.426]]]}, "properties": {"class": "flood", "source": "UNOSAT S-1 2024-09-27"}}, {"type": "Feature", "geometry": {"type": "Polygon", "coordinates": [[[86.72, 26.426], [86.72, 26.422], [86.724, 26.424], [86.724, 26.426], [86.72, 26.426]]]}, "properties": {"class": "flood", "source": "UNOSAT S-1 2024-09-27"}}, {"type": "Feature", "geometry": {"type": "Polygon", "coordinates": [[[86.25, 26.424], [86.25, 26.422], [86.252, 26.422], [86.252, 26.424], [86.25, 26.424]]]}, "properties": {"class": "flood", "source": "UNOSAT S-1 2024-09-27"}}, {"type": "Feature", "geometry": {"type": "Polygon", "coordinates": [[[86.684, 26.424], [86.684, 26.422], [86.686, 26.422], [86.686, 26.424], [86.684, 26.424]]]}, "properties": {"class": "flood", "source": "UNOSAT S-1 2024-09-27"}}, {"type": "Feature", "geometry": {"type": "Polygon", "coordinates": [[[86.702, 26.424], [86.702, 26.422], [86.70400000000001, 26.422], [86.70400000000001, 26.424], [86.702, 26.424]]]}, "properties": {"class": "flood", "source": "UNOSAT S-1 2024-09-27"}}, {"type": "Feature", "geometry": {"type": "Polygon", "coordinates": [[[86.822, 26.424], [86.822, 26.422], [86.824, 26.422], [86.824, 26.424], [86.822, 26.424]]]}, "properties": {"class": "flood", "source": "UNOSAT S-1 2024-09-27"}}, {"type": "Feature", "geometry": {"type": "Polygon", "coordinates": [[[86.86800000000001, 26.424], [86.86800000000001, 26.422], [86.87, 26.422], [86.87, 26.424], [86.86800000000001, 26.424]]]}, "properties": {"class": "flood", "source": "UNOSAT S-1 2024-09-27"}}, {"type": "Feature", "geometry": {"type": "Polygon", "coordinates": [[[87.45400000000001, 26.424], [87.45400000000001, 26.422], [87.456, 26.422], [87.456, 26.424], [87.45400000000001, 26.424]]]}, "properties": {"class": "flood", "source": "UNOSAT S-1 2024-09-27"}}, {"type": "Feature", "geometry": {"type": "Polygon", "coordinates": [[[86.75, 26.43], [86.74600000000001, 26.426], [86.74600000000001, 26.419999999999998], [86.758, 26.419999999999998], [86.754, 26.422], [86.756, 26.426], [86.75, 26.43]]]}, "properties": {"class": "flood", "source": "UNOSAT S-1 2024-09-27"}}, {"type": "Feature", "geometry": {"type": "Polygon", "coordinates": [[[86.82600000000001, 26.424], [86.828, 26.419999999999998], [86.83, 26.419999999999998], [86.83, 26.424], [86.82600000000001, 26.424]]]}, "properties": {"class": "flood", "source": "UNOSAT S-1 2024-09-27"}}, {"type": "Feature", "geometry": {"type": "Polygon", "coordinates": [[[86.888, 26.424], [86.888, 26.419999999999998], [86.89, 26.419999999999998], [86.89, 26.424], [86.888, 26.424]]]}, "properties": {"class": "flood", "source": "UNOSAT S-1 2024-09-27"}}, {"type": "Feature", "geometry": {"type": "Polygon", "coordinates": [[[86.49600000000001, 26.422], [86.49600000000001, 26.419999999999998], [86.498, 26.419999999999998], [86.498, 26.422], [86.49600000000001, 26.422]]]}, "properties": {"class": "flood", "source": "UNOSAT S-1 2024-09-27"}}, {"type": "Feature", "geometry": {"type": "Polygon", "coordinates": [[[86.654, 26.422], [86.654, 26.419999999999998], [86.658, 26.419999999999998], [86.658, 26.422], [86.654, 26.422]]]}, "properties": {"class": "flood", "source": "UNOSAT S-1 2024-09-27"}}, {"type": "Feature", "geometry": {"type": "Polygon", "coordinates": [[[86.666, 26.422], [86.666, 26.419999999999998], [86.668, 26.419999999999998], [86.668, 26.422], [86.666, 26.422]]]}, "properties": {"class": "flood", "source": "UNOSAT S-1 2024-09-27"}}, {"type": "Feature", "geometry": {"type": "Polygon", "coordinates": [[[86.68, 26.422], [86.68, 26.419999999999998], [86.684, 26.419999999999998], [86.684, 26.422], [86.68, 26.422]]]}, "properties": {"class": "flood", "source": "UNOSAT S-1 2024-09-27"}}, {"type": "Feature", "geometry": {"type": "Polygon", "coordinates": [[[86.694, 26.422], [86.694, 26.419999999999998], [86.696, 26.419999999999998], [86.696, 26.422], [86.694, 26.422]]]}, "properties": {"class": "flood", "source": "UNOSAT S-1 2024-09-27"}}, {"type": "Feature", "geometry": {"type": "Polygon", "coordinates": [[[86.7, 26.422], [86.7, 26.419999999999998], [86.702, 26.419999999999998], [86.702, 26.422], [86.7, 26.422]]]}, "properties": {"class": "flood", "source": "UNOSAT S-1 2024-09-27"}}, {"type": "Feature", "geometry": {"type": "Polygon", "coordinates": [[[86.852, 26.422], [86.852, 26.419999999999998], [86.854, 26.419999999999998], [86.854, 26.422], [86.852, 26.422]]]}, "properties": {"class": "flood", "source": "UNOSAT S-1 2024-09-27"}}, {"type": "Feature", "geometry": {"type": "Polygon", "coordinates": [[[86.876, 26.422], [86.876, 26.419999999999998], [86.878, 26.419999999999998], [86.878, 26.422], [86.876, 26.422]]]}, "properties": {"class": "flood", "source": "UNOSAT S-1 2024-09-27"}}, {"type": "Feature", "geometry": {"type": "Polygon", "coordinates": [[[86.662, 26.424], [86.662, 26.418], [86.664, 26.418], [86.664, 26.424], [86.662, 26.424]]]}, "properties": {"class": "flood", "source": "UNOSAT S-1 2024-09-27"}}, {"type": "Feature", "geometry": {"type": "Polygon", "coordinates": [[[86.774, 26.422], [86.774, 26.418], [86.776, 26.418], [86.776, 26.422], [86.774, 26.422]]]}, "properties": {"class": "flood", "source": "UNOSAT S-1 2024-09-27"}}, {"type": "Feature", "geometry": {"type": "Polygon", "coordinates": [[[87.188, 26.422], [87.188, 26.418], [87.19, 26.418], [87.19, 26.422], [87.188, 26.422]]]}, "properties": {"class": "flood", "source": "UNOSAT S-1 2024-09-27"}}, {"type": "Feature", "geometry": {"type": "Polygon", "coordinates": [[[86.678, 26.419999999999998], [86.678, 26.418], [86.68, 26.418], [86.68, 26.419999999999998], [86.678, 26.419999999999998]]]}, "properties": {"class": "flood", "source": "UNOSAT S-1 2024-09-27"}}, {"type": "Feature", "geometry": {"type": "Polygon", "coordinates": [[[86.684, 26.419999999999998], [86.684, 26.418], [86.686, 26.418], [86.686, 26.419999999999998], [86.684, 26.419999999999998]]]}, "properties": {"class": "flood", "source": "UNOSAT S-1 2024-09-27"}}, {"type": "Feature", "geometry": {"type": "Polygon", "coordinates": [[[86.696, 26.419999999999998], [86.696, 26.418], [86.69800000000001, 26.418], [86.69800000000001, 26.419999999999998], [86.696, 26.419999999999998]]]}, "properties": {"class": "flood", "source": "UNOSAT S-1 2024-09-27"}}, {"type": "Feature", "geometry": {"type": "Polygon", "coordinates": [[[86.72, 26.419999999999998], [86.72, 26.418], [86.72200000000001, 26.418], [86.72200000000001, 26.419999999999998], [86.72, 26.419999999999998]]]}, "properties": {"class": "flood", "source": "UNOSAT S-1 2024-09-27"}}, {"type": "Feature", "geometry": {"type": "Polygon", "coordinates": [[[86.736, 26.422], [86.736, 26.419999999999998], [86.73, 26.418], [86.738, 26.418], [86.736, 26.422]]]}, "properties": {"class": "flood", "source": "UNOSAT S-1 2024-09-27"}}, {"type": "Feature", "geometry": {"type": "Polygon", "coordinates": [[[86.798, 26.419999999999998], [86.798, 26.418], [86.8, 26.418], [86.8, 26.419999999999998], [86.798, 26.419999999999998]]]}, "properties": {"class": "flood", "source": "UNOSAT S-1 2024-09-27"}}, {"type": "Feature", "geometry": {"type": "Polygon", "coordinates": [[[86.85000000000001, 26.419999999999998], [86.85000000000001, 26.418], [86.852, 26.418], [86.852, 26.419999999999998], [86.85000000000001, 26.419999999999998]]]}, "properties": {"class": "flood", "source": "UNOSAT S-1 2024-09-27"}}, {"type": "Feature", "geometry": {"type": "Polygon", "coordinates": [[[86.858, 26.419999999999998], [86.858, 26.418], [86.86, 26.418], [86.86, 26.419999999999998], [86.858, 26.419999999999998]]]}, "properties": {"class": "flood", "source": "UNOSAT S-1 2024-09-27"}}, {"type": "Feature", "geometry": {"type": "Polygon", "coordinates": [[[87.11200000000001, 26.419999999999998], [87.11200000000001, 26.418], [87.114, 26.418], [87.114, 26.419999999999998], [87.11200000000001, 26.419999999999998]]]}, "properties": {"class": "flood", "source": "UNOSAT S-1 2024-09-27"}}, {"type": "Feature", "geometry": {"type": "Polygon", "coordinates": [[[87.172, 26.422], [87.17, 26.418], [87.174, 26.418], [87.174, 26.422], [87.172, 26.422]]]}, "properties": {"class": "flood", "source": "UNOSAT S-1 2024-09-27"}}, {"type": "Feature", "geometry": {"type": "Polygon", "coordinates": [[[87.456, 26.419999999999998], [87.456, 26.416], [87.458, 26.416], [87.458, 26.419999999999998], [87.456, 26.419999999999998]]]}, "properties": {"class": "flood", "source": "UNOSAT S-1 2024-09-27"}}, {"type": "Feature", "geometry": {"type": "Polygon", "coordinates": [[[86.5, 26.418], [86.5, 26.416], [86.502, 26.416], [86.502, 26.418], [86.5, 26.418]]]}, "properties": {"class": "flood", "source": "UNOSAT S-1 2024-09-27"}}, {"type": "Feature", "geometry": {"type": "Polygon", "coordinates": [[[86.686, 26.418], [86.686, 26.416], [86.688, 26.416], [86.688, 26.418], [86.686, 26.418]]]}, "properties": {"class": "flood", "source": "UNOSAT S-1 2024-09-27"}}, {"type": "Feature", "geometry": {"type": "Polygon", "coordinates": [[[86.752, 26.418], [86.752, 26.416], [86.754, 26.416], [86.754, 26.418], [86.752, 26.418]]]}, "properties": {"class": "flood", "source": "UNOSAT S-1 2024-09-27"}}, {"type": "Feature", "geometry": {"type": "Polygon", "coordinates": [[[86.762, 26.418], [86.762, 26.416], [86.766, 26.416], [86.766, 26.418], [86.762, 26.418]]]}, "properties": {"class": "flood", "source": "UNOSAT S-1 2024-09-27"}}, {"type": "Feature", "geometry": {"type": "Polygon", "coordinates": [[[86.848, 26.418], [86.848, 26.416], [86.85000000000001, 26.416], [86.85000000000001, 26.418], [86.848, 26.418]]]}, "properties": {"class": "flood", "source": "UNOSAT S-1 2024-09-27"}}, {"type": "Feature", "geometry": {"type": "Polygon", "coordinates": [[[86.85600000000001, 26.418], [86.85600000000001, 26.416], [86.858, 26.416], [86.858, 26.418], [86.85600000000001, 26.418]]]}, "properties": {"class": "flood", "source": "UNOSAT S-1 2024-09-27"}}, {"type": "Feature", "geometry": {"type": "Polygon", "coordinates": [[[86.668, 26.418], [86.668, 26.413999999999998], [86.67, 26.413999999999998], [86.67, 26.418], [86.668, 26.418]]]}, "properties": {"class": "flood", "source": "UNOSAT S-1 2024-09-27"}}, {"type": "Feature", "geometry": {"type": "Polygon", "coordinates": [[[86.682, 26.418], [86.682, 26.413999999999998], [86.686, 26.413999999999998], [86.686, 26.416], [86.682, 26.418]]]}, "properties": {"class": "flood", "source": "UNOSAT S-1 2024-09-27"}}, {"type": "Feature", "geometry": {"type": "Polygon", "coordinates": [[[86.708, 26.418], [86.71000000000001, 26.413999999999998], [86.71600000000001, 26.416], [86.71600000000001, 26.418], [86.708, 26.418]]]}, "properties": {"class": "flood", "source": "UNOSAT S-1 2024-09-27"}}, {"type": "Feature", "geometry": {"type": "Polygon", "coordinates": [[[86.724, 26.418], [86.724, 26.413999999999998], [86.726, 26.413999999999998], [86.726, 26.418], [86.724, 26.418]]]}, "properties": {"class": "flood", "source": "UNOSAT S-1 2024-09-27"}}, {"type": "Feature", "geometry": {"type": "Polygon", "coordinates": [[[86.738, 26.424], [86.74000000000001, 26.422], [86.738, 26.413999999999998], [86.74600000000001, 26.413999999999998], [86.744, 26.424], [86.738, 26.424]]]}, "properties": {"class": "flood", "source": "UNOSAT S-1 2024-09-27"}}, {"type": "Feature", "geometry": {"type": "Polygon", "coordinates": [[[86.51, 26.416], [86.51, 26.413999999999998], [86.512, 26.413999999999998], [86.512, 26.416], [86.51, 26.416]]]}, "properties": {"class": "flood", "source": "UNOSAT S-1 2024-09-27"}}, {"type": "Feature", "geometry": {"type": "Polygon", "coordinates": [[[86.84400000000001, 26.416], [86.84400000000001, 26.413999999999998], [86.848, 26.413999999999998], [86.848, 26.416], [86.84400000000001, 26.416]]]}, "properties": {"class": "flood", "source": "UNOSAT S-1 2024-09-27"}}, {"type": "Feature", "geometry": {"type": "Polygon", "coordinates": [[[87.104, 26.416], [87.104, 26.413999999999998], [87.108, 26.413999999999998], [87.108, 26.416], [87.104, 26.416]]]}, "properties": {"class": "flood", "source": "UNOSAT S-1 2024-09-27"}}, {"type": "Feature", "geometry": {"type": "Polygon", "coordinates": [[[87.168, 26.416], [87.168, 26.413999999999998], [87.17, 26.413999999999998], [87.17, 26.416], [87.168, 26.416]]]}, "properties": {"class": "flood", "source": "UNOSAT S-1 2024-09-27"}}, {"type": "Feature", "geometry": {"type": "Polygon", "coordinates": [[[87.188, 26.416], [87.188, 26.413999999999998], [87.19, 26.413999999999998], [87.19, 26.416], [87.188, 26.416]]]}, "properties": {"class": "flood", "source": "UNOSAT S-1 2024-09-27"}}, {"type": "Feature", "geometry": {"type": "Polygon", "coordinates": [[[87.45400000000001, 26.416], [87.45400000000001, 26.413999999999998], [87.456, 26.413999999999998], [87.456, 26.416], [87.45400000000001, 26.416]]]}, "properties": {"class": "flood", "source": "UNOSAT S-1 2024-09-27"}}, {"type": "Feature", "geometry": {"type": "Polygon", "coordinates": [[[86.674, 26.416], [86.676, 26.412], [86.68, 26.413999999999998], [86.68, 26.416], [86.674, 26.416]]]}, "properties": {"class": "flood", "source": "UNOSAT S-1 2024-09-27"}}, {"type": "Feature", "geometry": {"type": "Polygon", "coordinates": [[[87.45, 26.416], [87.45, 26.412], [87.452, 26.412], [87.452, 26.416], [87.45, 26.416]]]}, "properties": {"class": "flood", "source": "UNOSAT S-1 2024-09-27"}}, {"type": "Feature", "geometry": {"type": "Polygon", "coordinates": [[[86.67, 26.413999999999998], [86.67, 26.412], [86.672, 26.412], [86.672, 26.413999999999998], [86.67, 26.413999999999998]]]}, "properties": {"class": "flood", "source": "UNOSAT S-1 2024-09-27"}}, {"type": "Feature", "geometry": {"type": "Polygon", "coordinates": [[[86.726, 26.413999999999998], [86.726, 26.412], [86.72800000000001, 26.412], [86.72800000000001, 26.413999999999998], [86.726, 26.413999999999998]]]}, "properties": {"class": "flood", "source": "UNOSAT S-1 2024-09-27"}}, {"type": "Feature", "geometry": {"type": "Polygon", "coordinates": [[[86.756, 26.413999999999998], [86.756, 26.412], [86.758, 26.412], [86.758, 26.413999999999998], [86.756, 26.413999999999998]]]}, "properties": {"class": "flood", "source": "UNOSAT S-1 2024-09-27"}}, {"type": "Feature", "geometry": {"type": "Polygon", "coordinates": [[[86.778, 26.416], [86.778, 26.413999999999998], [86.776, 26.412], [86.78, 26.412], [86.778, 26.416]]]}, "properties": {"class": "flood", "source": "UNOSAT S-1 2024-09-27"}}, {"type": "Feature", "geometry": {"type": "Polygon", "coordinates": [[[87.102, 26.413999999999998], [87.102, 26.412], [87.104, 26.412], [87.104, 26.413999999999998], [87.102, 26.413999999999998]]]}, "properties": {"class": "flood", "source": "UNOSAT S-1 2024-09-27"}}, {"type": "Feature", "geometry": {"type": "Polygon", "coordinates": [[[87.108, 26.413999999999998], [87.108, 26.412], [87.11, 26.412], [87.11, 26.413999999999998], [87.108, 26.413999999999998]]]}, "properties": {"class": "flood", "source": "UNOSAT S-1 2024-09-27"}}, {"type": "Feature", "geometry": {"type": "Polygon", "coordinates": [[[86.834, 26.422], [86.828, 26.416], [86.83, 26.41], [86.836, 26.418], [86.834, 26.422]]]}, "properties": {"class": "flood", "source": "UNOSAT S-1 2024-09-27"}}, {"type": "Feature", "geometry": {"type": "Polygon", "coordinates": [[[86.74600000000001, 26.413999999999998], [86.74600000000001, 26.41], [86.748, 26.41], [86.75, 26.413999999999998], [86.74600000000001, 26.413999999999998]]]}, "properties": {"class": "flood", "source": "UNOSAT S-1 2024-09-27"}}, {"type": "Feature", "geometry": {"type": "Polygon", "coordinates": [[[86.248, 26.412], [86.248, 26.41], [86.25, 26.41], [86.25, 26.412], [86.248, 26.412]]]}, "properties": {"class": "flood", "source": "UNOSAT S-1 2024-09-27"}}, {"type": "Feature", "geometry": {"type": "Polygon", "coordinates": [[[86.658, 26.412], [86.658, 26.41], [86.664, 26.41], [86.664, 26.412], [86.658, 26.412]]]}, "properties": {"class": "flood", "source": "UNOSAT S-1 2024-09-27"}}, {"type": "Feature", "geometry": {"type": "Polygon", "coordinates": [[[86.666, 26.412], [86.666, 26.41], [86.668, 26.41], [86.668, 26.412], [86.666, 26.412]]]}, "properties": {"class": "flood", "source": "UNOSAT S-1 2024-09-27"}}, {"type": "Feature", "geometry": {"type": "Polygon", "coordinates": [[[86.678, 26.412], [86.678, 26.41], [86.68, 26.41], [86.68, 26.412], [86.678, 26.412]]]}, "properties": {"class": "flood", "source": "UNOSAT S-1 2024-09-27"}}, {"type": "Feature", "geometry": {"type": "Polygon", "coordinates": [[[86.69200000000001, 26.412], [86.69200000000001, 26.41], [86.694, 26.41], [86.694, 26.412], [86.69200000000001, 26.412]]]}, "properties": {"class": "flood", "source": "UNOSAT S-1 2024-09-27"}}, {"type": "Feature", "geometry": {"type": "Polygon", "coordinates": [[[86.696, 26.412], [86.696, 26.41], [86.69800000000001, 26.41], [86.69800000000001, 26.412], [86.696, 26.412]]]}, "properties": {"class": "flood", "source": "UNOSAT S-1 2024-09-27"}}, {"type": "Feature", "geometry": {"type": "Polygon", "coordinates": [[[86.754, 26.412], [86.754, 26.41], [86.756, 26.41], [86.756, 26.412], [86.754, 26.412]]]}, "properties": {"class": "flood", "source": "UNOSAT S-1 2024-09-27"}}, {"type": "Feature", "geometry": {"type": "Polygon", "coordinates": [[[86.766, 26.412], [86.766, 26.41], [86.768, 26.41], [86.768, 26.412], [86.766, 26.412]]]}, "properties": {"class": "flood", "source": "UNOSAT S-1 2024-09-27"}}, {"type": "Feature", "geometry": {"type": "Polygon", "coordinates": [[[86.84, 26.412], [86.84, 26.41], [86.842, 26.41], [86.842, 26.412], [86.84, 26.412]]]}, "properties": {"class": "flood", "source": "UNOSAT S-1 2024-09-27"}}, {"type": "Feature", "geometry": {"type": "Polygon", "coordinates": [[[87.06400000000001, 26.412], [87.06400000000001, 26.41], [87.07000000000001, 26.41], [87.07000000000001, 26.412], [87.06400000000001, 26.412]]]}, "properties": {"class": "flood", "source": "UNOSAT S-1 2024-09-27"}}, {"type": "Feature", "geometry": {"type": "Polygon", "coordinates": [[[87.104, 26.412], [87.104, 26.41], [87.108, 26.41], [87.108, 26.412], [87.104, 26.412]]]}, "properties": {"class": "flood", "source": "UNOSAT S-1 2024-09-27"}}, {"type": "Feature", "geometry": {"type": "Polygon", "coordinates": [[[86.718, 26.418], [86.718, 26.413999999999998], [86.712, 26.413999999999998], [86.714, 26.407999999999998], [86.71600000000001, 26.412], [86.72, 26.412], [86.718, 26.418]]]}, "properties": {"class": "flood", "source": "UNOSAT S-1 2024-09-27"}}, {"type": "Feature", "geometry": {"type": "Polygon", "coordinates": [[[86.684, 26.412], [86.684, 26.407999999999998], [86.686, 26.407999999999998], [86.688, 26.412], [86.684, 26.412]]]}, "properties": {"class": "flood", "source": "UNOSAT S-1 2024-09-27"}}, {"type": "Feature", "geometry": {"type": "Polygon", "coordinates": [[[86.702, 26.412], [86.70400000000001, 26.407999999999998], [86.708, 26.407999999999998], [86.708, 26.412], [86.702, 26.412]]]}, "properties": {"class": "flood", "source": "UNOSAT S-1 2024-09-27"}}, {"type": "Feature", "geometry": {"type": "Polygon", "coordinates": [[[86.648, 26.41], [86.648, 26.407999999999998], [86.65, 26.407999999999998], [86.65, 26.41], [86.648, 26.41]]]}, "properties": {"class": "flood", "source": "UNOSAT S-1 2024-09-27"}}, {"type": "Feature", "geometry": {"type": "Polygon", "coordinates": [[[86.68, 26.41], [86.68, 26.407999999999998], [86.682, 26.407999999999998], [86.682, 26.41], [86.68, 26.41]]]}, "properties": {"class": "flood", "source": "UNOSAT S-1 2024-09-27"}}, {"type": "Feature", "geometry": {"type": "Polygon", "coordinates": [[[86.818, 26.41], [86.818, 26.407999999999998], [86.82000000000001, 26.407999999999998], [86.82000000000001, 26.41], [86.818, 26.41]]]}, "properties": {"class": "flood", "source": "UNOSAT S-1 2024-09-27"}}, {"type": "Feature", "geometry": {"type": "Polygon", "coordinates": [[[87.174, 26.41], [87.174, 26.407999999999998], [87.176, 26.407999999999998], [87.176, 26.41], [87.174, 26.41]]]}, "properties": {"class": "flood", "source": "UNOSAT S-1 2024-09-27"}}, {"type": "Feature", "geometry": {"type": "Polygon", "coordinates": [[[87.178, 26.41], [87.178, 26.407999999999998], [87.18, 26.407999999999998], [87.18, 26.41], [87.178, 26.41]]]}, "properties": {"class": "flood", "source": "UNOSAT S-1 2024-09-27"}}, {"type": "Feature", "geometry": {"type": "Polygon", "coordinates": [[[86.652, 26.407999999999998], [86.652, 26.406], [86.654, 26.406], [86.654, 26.407999999999998], [86.652, 26.407999999999998]]]}, "properties": {"class": "flood", "source": "UNOSAT S-1 2024-09-27"}}, {"type": "Feature", "geometry": {"type": "Polygon", "coordinates": [[[86.67, 26.407999999999998], [86.67, 26.406], [86.672, 26.406], [86.672, 26.407999999999998], [86.67, 26.407999999999998]]]}, "properties": {"class": "flood", "source": "UNOSAT S-1 2024-09-27"}}, {"type": "Feature", "geometry": {"type": "Polygon", "coordinates": [[[87.068, 26.407999999999998], [87.068, 26.406], [87.07000000000001, 26.406], [87.07000000000001, 26.407999999999998], [87.068, 26.407999999999998]]]}, "properties": {"class": "flood", "source": "UNOSAT S-1 2024-09-27"}}, {"type": "Feature", "geometry": {"type": "Polygon", "coordinates": [[[87.08800000000001, 26.407999999999998], [87.08800000000001, 26.406], [87.09, 26.406], [87.09, 26.407999999999998], [87.08800000000001, 26.407999999999998]]]}, "properties": {"class": "flood", "source": "UNOSAT S-1 2024-09-27"}}, {"type": "Feature", "geometry": {"type": "Polygon", "coordinates": [[[87.108, 26.407999999999998], [87.108, 26.406], [87.11, 26.406], [87.11, 26.407999999999998], [87.108, 26.407999999999998]]]}, "properties": {"class": "flood", "source": "UNOSAT S-1 2024-09-27"}}, {"type": "Feature", "geometry": {"type": "Polygon", "coordinates": [[[87.45, 26.41], [87.45, 26.404], [87.452, 26.404], [87.452, 26.41], [87.45, 26.41]]]}, "properties": {"class": "flood", "source": "UNOSAT S-1 2024-09-27"}}, {"type": "Feature", "geometry": {"type": "Polygon", "coordinates": [[[86.726, 26.407999999999998], [86.72800000000001, 26.404], [86.732, 26.404], [86.732, 26.407999999999998], [86.726, 26.407999999999998]]]}, "properties": {"class": "flood", "source": "UNOSAT S-1 2024-09-27"}}, {"type": "Feature", "geometry": {"type": "Polygon", "coordinates": [[[86.688, 26.406], [86.688, 26.404], [86.69, 26.404], [86.69, 26.406], [86.688, 26.406]]]}, "properties": {"class": "flood", "source": "UNOSAT S-1 2024-09-27"}}, {"type": "Feature", "geometry": {"type": "Polygon", "coordinates": [[[86.72200000000001, 26.406], [86.72200000000001, 26.404], [86.724, 26.404], [86.724, 26.406], [86.72200000000001, 26.406]]]}, "properties": {"class": "flood", "source": "UNOSAT S-1 2024-09-27"}}, {"type": "Feature", "geometry": {"type": "Polygon", "coordinates": [[[86.742, 26.406], [86.742, 26.404], [86.744, 26.404], [86.744, 26.406], [86.742, 26.406]]]}, "properties": {"class": "flood", "source": "UNOSAT S-1 2024-09-27"}}, {"type": "Feature", "geometry": {"type": "Polygon", "coordinates": [[[87.17, 26.406], [87.17, 26.404], [87.172, 26.404], [87.172, 26.406], [87.17, 26.406]]]}, "properties": {"class": "flood", "source": "UNOSAT S-1 2024-09-27"}}, {"type": "Feature", "geometry": {"type": "Polygon", "coordinates": [[[87.182, 26.406], [87.182, 26.404], [87.184, 26.404], [87.184, 26.406], [87.182, 26.406]]]}, "properties": {"class": "flood", "source": "UNOSAT S-1 2024-09-27"}}, {"type": "Feature", "geometry": {"type": "Polygon", "coordinates": [[[87.20400000000001, 26.406], [87.20400000000001, 26.404], [87.206, 26.404], [87.206, 26.406], [87.20400000000001, 26.406]]]}, "properties": {"class": "flood", "source": "UNOSAT S-1 2024-09-27"}}, {"type": "Feature", "geometry": {"type": "Polygon", "coordinates": [[[86.646, 26.406], [86.648, 26.401999999999997], [86.65, 26.401999999999997], [86.65, 26.406], [86.646, 26.406]]]}, "properties": {"class": "flood", "source": "UNOSAT S-1 2024-09-27"}}, {"type": "Feature", "geometry": {"type": "Polygon", "coordinates": [[[86.668, 26.406], [86.668, 26.401999999999997], [86.67, 26.401999999999997], [86.67, 26.406], [86.668, 26.406]]]}, "properties": {"class": "flood", "source": "UNOSAT S-1 2024-09-27"}}, {"type": "Feature", "geometry": {"type": "Polygon", "coordinates": [[[86.71000000000001, 26.404], [86.71000000000001, 26.401999999999997], [86.712, 26.401999999999997], [86.712, 26.404], [86.71000000000001, 26.404]]]}, "properties": {"class": "flood", "source": "UNOSAT S-1 2024-09-27"}}, {"type": "Feature", "geometry": {"type": "Polygon", "coordinates": [[[86.73400000000001, 26.404], [86.73400000000001, 26.401999999999997], [86.736, 26.401999999999997], [86.736, 26.404], [86.73400000000001, 26.404]]]}, "properties": {"class": "flood", "source": "UNOSAT S-1 2024-09-27"}}, {"type": "Feature", "geometry": {"type": "Polygon", "coordinates": [[[86.74000000000001, 26.404], [86.74000000000001, 26.401999999999997], [86.742, 26.401999999999997], [86.742, 26.404], [86.74000000000001, 26.404]]]}, "properties": {"class": "flood", "source": "UNOSAT S-1 2024-09-27"}}, {"type": "Feature", "geometry": {"type": "Polygon", "coordinates": [[[86.818, 26.404], [86.818, 26.401999999999997], [86.82000000000001, 26.401999999999997], [86.82000000000001, 26.404], [86.818, 26.404]]]}, "properties": {"class": "flood", "source": "UNOSAT S-1 2024-09-27"}}, {"type": "Feature", "geometry": {"type": "Polygon", "coordinates": [[[87.07600000000001, 26.404], [87.07600000000001, 26.401999999999997], [87.08, 26.401999999999997], [87.08, 26.404], [87.07600000000001, 26.404]]]}, "properties": {"class": "flood", "source": "UNOSAT S-1 2024-09-27"}}, {"type": "Feature", "geometry": {"type": "Polygon", "coordinates": [[[87.098, 26.404], [87.098, 26.401999999999997], [87.10000000000001, 26.401999999999997], [87.10000000000001, 26.404], [87.098, 26.404]]]}, "properties": {"class": "flood", "source": "UNOSAT S-1 2024-09-27"}}, {"type": "Feature", "geometry": {"type": "Polygon", "coordinates": [[[87.452, 26.404], [87.452, 26.401999999999997], [87.45400000000001, 26.401999999999997], [87.45400000000001, 26.404], [87.452, 26.404]]]}, "properties": {"class": "flood", "source": "UNOSAT S-1 2024-09-27"}}, {"type": "Feature", "geometry": {"type": "Polygon", "coordinates": [[[87.104, 26.407999999999998], [87.102, 26.401999999999997], [87.10600000000001, 26.4], [87.10600000000001, 26.407999999999998], [87.104, 26.407999999999998]]]}, "properties": {"class": "flood", "source": "UNOSAT S-1 2024-09-27"}}, {"type": "Feature", "geometry": {"type": "Polygon", "coordinates": [[[86.69200000000001, 26.404], [86.69200000000001, 26.4], [86.696, 26.4], [86.696, 26.404], [86.69200000000001, 26.404]]]}, "properties": {"class": "flood", "source": "UNOSAT S-1 2024-09-27"}}, {"type": "Feature", "geometry": {"type": "Polygon", "coordinates": [[[87.208, 26.404], [87.208, 26.4], [87.21000000000001, 26.4], [87.21000000000001, 26.404], [87.208, 26.404]]]}, "properties": {"class": "flood", "source": "UNOSAT S-1 2024-09-27"}}, {"type": "Feature", "geometry": {"type": "Polygon", "coordinates": [[[86.652, 26.401999999999997], [86.652, 26.4], [86.654, 26.4], [86.654, 26.401999999999997], [86.652, 26.401999999999997]]]}, "properties": {"class": "flood", "source": "UNOSAT S-1 2024-09-27"}}, {"type": "Feature", "geometry": {"type": "Polygon", "coordinates": [[[86.67, 26.401999999999997], [86.67, 26.4], [86.672, 26.4], [86.672, 26.401999999999997], [86.67, 26.401999999999997]]]}, "properties": {"class": "flood", "source": "UNOSAT S-1 2024-09-27"}}, {"type": "Feature", "geometry": {"type": "Polygon", "coordinates": [[[86.684, 26.401999999999997], [86.684, 26.4], [86.686, 26.4], [86.686, 26.401999999999997], [86.684, 26.401999999999997]]]}, "properties": {"class": "flood", "source": "UNOSAT S-1 2024-09-27"}}, {"type": "Feature", "geometry": {"type": "Polygon", "coordinates": [[[86.828, 26.401999999999997], [86.828, 26.4], [86.83, 26.4], [86.83, 26.401999999999997], [86.828, 26.401999999999997]]]}, "properties": {"class": "flood", "source": "UNOSAT S-1 2024-09-27"}}, {"type": "Feature", "geometry": {"type": "Polygon", "coordinates": [[[87.068, 26.401999999999997], [87.068, 26.4], [87.07000000000001, 26.4], [87.07000000000001, 26.401999999999997], [87.068, 26.401999999999997]]]}, "properties": {"class": "flood", "source": "UNOSAT S-1 2024-09-27"}}, {"type": "Feature", "geometry": {"type": "Polygon", "coordinates": [[[87.45400000000001, 26.401999999999997], [87.45400000000001, 26.4], [87.456, 26.4], [87.456, 26.401999999999997], [87.45400000000001, 26.401999999999997]]]}, "properties": {"class": "flood", "source": "UNOSAT S-1 2024-09-27"}}, {"type": "Feature", "geometry": {"type": "Polygon", "coordinates": [[[86.706, 26.404], [86.70400000000001, 26.4], [86.708, 26.398], [86.71000000000001, 26.401999999999997], [86.706, 26.404]]]}, "properties": {"class": "flood", "source": "UNOSAT S-1 2024-09-27"}}, {"type": "Feature", "geometry": {"type": "Polygon", "coordinates": [[[86.736, 26.401999999999997], [86.736, 26.398], [86.74000000000001, 26.4], [86.74000000000001, 26.401999999999997], [86.736, 26.401999999999997]]]}, "properties": {"class": "flood", "source": "UNOSAT S-1 2024-09-27"}}, {"type": "Feature", "geometry": {"type": "Polygon", "coordinates": [[[86.642, 26.4], [86.642, 26.398], [86.644, 26.398], [86.644, 26.4], [86.642, 26.4]]]}, "properties": {"class": "flood", "source": "UNOSAT S-1 2024-09-27"}}, {"type": "Feature", "geometry": {"type": "Polygon", "coordinates": [[[86.646, 26.4], [86.646, 26.398], [86.648, 26.398], [86.648, 26.4], [86.646, 26.4]]]}, "properties": {"class": "flood", "source": "UNOSAT S-1 2024-09-27"}}, {"type": "Feature", "geometry": {"type": "Polygon", "coordinates": [[[86.688, 26.4], [86.688, 26.398], [86.69, 26.398], [86.69, 26.4], [86.688, 26.4]]]}, "properties": {"class": "flood", "source": "UNOSAT S-1 2024-09-27"}}, {"type": "Feature", "geometry": {"type": "Polygon", "coordinates": [[[86.702, 26.4], [86.702, 26.398], [86.70400000000001, 26.398], [86.70400000000001, 26.4], [86.702, 26.4]]]}, "properties": {"class": "flood", "source": "UNOSAT S-1 2024-09-27"}}, {"type": "Feature", "geometry": {"type": "Polygon", "coordinates": [[[86.71000000000001, 26.4], [86.71000000000001, 26.398], [86.712, 26.398], [86.712, 26.4], [86.71000000000001, 26.4]]]}, "properties": {"class": "flood", "source": "UNOSAT S-1 2024-09-27"}}, {"type": "Feature", "geometry": {"type": "Polygon", "coordinates": [[[87.456, 26.4], [87.456, 26.398], [87.458, 26.398], [87.458, 26.4], [87.456, 26.4]]]}, "properties": {"class": "flood", "source": "UNOSAT S-1 2024-09-27"}}, {"type": "Feature", "geometry": {"type": "Polygon", "coordinates": [[[86.512, 26.412], [86.512, 26.395999999999997], [86.514, 26.395999999999997], [86.514, 26.412], [86.512, 26.412]]]}, "properties": {"class": "flood", "source": "UNOSAT S-1 2024-09-27"}}, {"type": "Feature", "geometry": {"type": "Polygon", "coordinates": [[[86.712, 26.406], [86.71600000000001, 26.401999999999997], [86.71600000000001, 26.395999999999997], [86.72, 26.395999999999997], [86.72, 26.404], [86.712, 26.406]]]}, "properties": {"class": "flood", "source": "UNOSAT S-1 2024-09-27"}}, {"type": "Feature", "geometry": {"type": "Polygon", "coordinates": [[[86.662, 26.398], [86.662, 26.395999999999997], [86.664, 26.395999999999997], [86.664, 26.398], [86.662, 26.398]]]}, "properties": {"class": "flood", "source": "UNOSAT S-1 2024-09-27"}}, {"type": "Feature", "geometry": {"type": "Polygon", "coordinates": [[[86.69, 26.398], [86.69, 26.395999999999997], [86.69200000000001, 26.395999999999997], [86.69200000000001, 26.398], [86.69, 26.398]]]}, "properties": {"class": "flood", "source": "UNOSAT S-1 2024-09-27"}}, {"type": "Feature", "geometry": {"type": "Polygon", "coordinates": [[[86.708, 26.398], [86.708, 26.395999999999997], [86.71000000000001, 26.395999999999997], [86.71000000000001, 26.398], [86.708, 26.398]]]}, "properties": {"class": "flood", "source": "UNOSAT S-1 2024-09-27"}}, {"type": "Feature", "geometry": {"type": "Polygon", "coordinates": [[[86.72200000000001, 26.398], [86.72200000000001, 26.395999999999997], [86.724, 26.395999999999997], [86.724, 26.398], [86.72200000000001, 26.398]]]}, "properties": {"class": "flood", "source": "UNOSAT S-1 2024-09-27"}}, {"type": "Feature", "geometry": {"type": "Polygon", "coordinates": [[[87.108, 26.398], [87.108, 26.395999999999997], [87.11, 26.395999999999997], [87.11, 26.398], [87.108, 26.398]]]}, "properties": {"class": "flood", "source": "UNOSAT S-1 2024-09-27"}}, {"type": "Feature", "geometry": {"type": "Polygon", "coordinates": [[[87.19800000000001, 26.398], [87.19800000000001, 26.395999999999997], [87.2, 26.395999999999997], [87.2, 26.398], [87.19800000000001, 26.398]]]}, "properties": {"class": "flood", "source": "UNOSAT S-1 2024-09-27"}}, {"type": "Feature", "geometry": {"type": "Polygon", "coordinates": [[[87.21000000000001, 26.398], [87.21000000000001, 26.395999999999997], [87.214, 26.395999999999997], [87.214, 26.398], [87.21000000000001, 26.398]]]}, "properties": {"class": "flood", "source": "UNOSAT S-1 2024-09-27"}}, {"type": "Feature", "geometry": {"type": "Polygon", "coordinates": [[[87.458, 26.398], [87.458, 26.394], [87.46000000000001, 26.394], [87.46000000000001, 26.398], [87.458, 26.398]]]}, "properties": {"class": "flood", "source": "UNOSAT S-1 2024-09-27"}}, {"type": "Feature", "geometry": {"type": "Polygon", "coordinates": [[[86.514, 26.395999999999997], [86.514, 26.394], [86.516, 26.394], [86.516, 26.395999999999997], [86.514, 26.395999999999997]]]}, "properties": {"class": "flood", "source": "UNOSAT S-1 2024-09-27"}}, {"type": "Feature", "geometry": {"type": "Polygon", "coordinates": [[[86.644, 26.395999999999997], [86.644, 26.394], [86.646, 26.394], [86.646, 26.395999999999997], [86.644, 26.395999999999997]]]}, "properties": {"class": "flood", "source": "UNOSAT S-1 2024-09-27"}}, {"type": "Feature", "geometry": {"type": "Polygon", "coordinates": [[[86.67, 26.395999999999997], [86.67, 26.394], [86.672, 26.394], [86.672, 26.395999999999997], [86.67, 26.395999999999997]]]}, "properties": {"class": "flood", "source": "UNOSAT S-1 2024-09-27"}}, {"type": "Feature", "geometry": {"type": "Polygon", "coordinates": [[[86.702, 26.395999999999997], [86.702, 26.394], [86.70400000000001, 26.394], [86.70400000000001, 26.395999999999997], [86.702, 26.395999999999997]]]}, "properties": {"class": "flood", "source": "UNOSAT S-1 2024-09-27"}}, {"type": "Feature", "geometry": {"type": "Polygon", "coordinates": [[[86.81400000000001, 26.401999999999997], [86.812, 26.394], [86.824, 26.394], [86.824, 26.398], [86.818, 26.395999999999997], [86.82000000000001, 26.4], [86.81400000000001, 26.401999999999997]]]}, "properties": {"class": "flood", "source": "UNOSAT S-1 2024-09-27"}}, {"type": "Feature", "geometry": {"type": "Polygon", "coordinates": [[[87.066, 26.395999999999997], [87.066, 26.394], [87.068, 26.394], [87.068, 26.395999999999997], [87.066, 26.395999999999997]]]}, "properties": {"class": "flood", "source": "UNOSAT S-1 2024-09-27"}}, {"type": "Feature", "geometry": {"type": "Polygon", "coordinates": [[[87.20400000000001, 26.395999999999997], [87.20400000000001, 26.394], [87.206, 26.394], [87.206, 26.395999999999997], [87.20400000000001, 26.395999999999997]]]}, "properties": {"class": "flood", "source": "UNOSAT S-1 2024-09-27"}}, {"type": "Feature", "geometry": {"type": "Polygon", "coordinates": [[[86.516, 26.394], [86.516, 26.392], [86.518, 26.392], [86.518, 26.394], [86.516, 26.394]]]}, "properties": {"class": "flood", "source": "UNOSAT S-1 2024-09-27"}}, {"type": "Feature", "geometry": {"type": "Polygon", "coordinates": [[[86.724, 26.394], [86.724, 26.392], [86.726, 26.392], [86.726, 26.394], [86.724, 26.394]]]}, "properties": {"class": "flood", "source": "UNOSAT S-1 2024-09-27"}}, {"type": "Feature", "geometry": {"type": "Polygon", "coordinates": [[[87.074, 26.394], [87.074, 26.392], [87.07600000000001, 26.392], [87.07600000000001, 26.394], [87.074, 26.394]]]}, "properties": {"class": "flood", "source": "UNOSAT S-1 2024-09-27"}}, {"type": "Feature", "geometry": {"type": "Polygon", "coordinates": [[[87.184, 26.394], [87.184, 26.392], [87.186, 26.392], [87.186, 26.394], [87.184, 26.394]]]}, "properties": {"class": "flood", "source": "UNOSAT S-1 2024-09-27"}}, {"type": "Feature", "geometry": {"type": "Polygon", "coordinates": [[[87.098, 26.4], [87.096, 26.392], [87.102, 26.39], [87.104, 26.394], [87.10000000000001, 26.394], [87.098, 26.4]]]}, "properties": {"class": "flood", "source": "UNOSAT S-1 2024-09-27"}}, {"type": "Feature", "geometry": {"type": "Polygon", "coordinates": [[[86.65, 26.395999999999997], [86.646, 26.392], [86.654, 26.39], [86.654, 26.395999999999997], [86.65, 26.395999999999997]]]}, "properties": {"class": "flood", "source": "UNOSAT S-1 2024-09-27"}}, {"type": "Feature", "geometry": {"type": "Polygon", "coordinates": [[[86.24600000000001, 26.392], [86.24600000000001, 26.39], [86.248, 26.39], [86.248, 26.392], [86.24600000000001, 26.392]]]}, "properties": {"class": "flood", "source": "UNOSAT S-1 2024-09-27"}}, {"type": "Feature", "geometry": {"type": "Polygon", "coordinates": [[[86.686, 26.392], [86.686, 26.39], [86.688, 26.39], [86.688, 26.392], [86.686, 26.392]]]}, "properties": {"class": "flood", "source": "UNOSAT S-1 2024-09-27"}}, {"type": "Feature", "geometry": {"type": "Polygon", "coordinates": [[[86.71000000000001, 26.392], [86.71000000000001, 26.39], [86.714, 26.39], [86.714, 26.392], [86.71000000000001, 26.392]]]}, "properties": {"class": "flood", "source": "UNOSAT S-1 2024-09-27"}}, {"type": "Feature", "geometry": {"type": "Polygon", "coordinates": [[[86.72, 26.392], [86.72, 26.39], [86.72200000000001, 26.39], [86.72200000000001, 26.392], [86.72, 26.392]]]}, "properties": {"class": "flood", "source": "UNOSAT S-1 2024-09-27"}}, {"type": "Feature", "geometry": {"type": "Polygon", "coordinates": [[[87.07000000000001, 26.392], [87.07000000000001, 26.39], [87.072, 26.39], [87.072, 26.392], [87.07000000000001, 26.392]]]}, "properties": {"class": "flood", "source": "UNOSAT S-1 2024-09-27"}}, {"type": "Feature", "geometry": {"type": "Polygon", "coordinates": [[[87.208, 26.392], [87.208, 26.39], [87.21000000000001, 26.39], [87.21000000000001, 26.392], [87.208, 26.392]]]}, "properties": {"class": "flood", "source": "UNOSAT S-1 2024-09-27"}}, {"type": "Feature", "geometry": {"type": "Polygon", "coordinates": [[[87.46000000000001, 26.394], [87.46000000000001, 26.387999999999998], [87.462, 26.387999999999998], [87.462, 26.394], [87.46000000000001, 26.394]]]}, "properties": {"class": "flood", "source": "UNOSAT S-1 2024-09-27"}}, {"type": "Feature", "geometry": {"type": "Polygon", "coordinates": [[[87.104, 26.392], [87.104, 26.39], [87.108, 26.387999999999998], [87.108, 26.392], [87.104, 26.392]]]}, "properties": {"class": "flood", "source": "UNOSAT S-1 2024-09-27"}}, {"type": "Feature", "geometry": {"type": "Polygon", "coordinates": [[[86.656, 26.39], [86.656, 26.387999999999998], [86.658, 26.387999999999998], [86.658, 26.39], [86.656, 26.39]]]}, "properties": {"class": "flood", "source": "UNOSAT S-1 2024-09-27"}}, {"type": "Feature", "geometry": {"type": "Polygon", "coordinates": [[[86.66, 26.39], [86.66, 26.387999999999998], [86.662, 26.387999999999998], [86.662, 26.39], [86.66, 26.39]]]}, "properties": {"class": "flood", "source": "UNOSAT S-1 2024-09-27"}}, {"type": "Feature", "geometry": {"type": "Polygon", "coordinates": [[[86.718, 26.39], [86.718, 26.387999999999998], [86.72, 26.387999999999998], [86.72, 26.39], [86.718, 26.39]]]}, "properties": {"class": "flood", "source": "UNOSAT S-1 2024-09-27"}}, {"type": "Feature", "geometry": {"type": "Polygon", "coordinates": [[[86.782, 26.39], [86.782, 26.387999999999998], [86.784, 26.387999999999998], [86.784, 26.39], [86.782, 26.39]]]}, "properties": {"class": "flood", "source": "UNOSAT S-1 2024-09-27"}}, {"type": "Feature", "geometry": {"type": "Polygon", "coordinates": [[[86.804, 26.39], [86.804, 26.387999999999998], [86.806, 26.387999999999998], [86.806, 26.39], [86.804, 26.39]]]}, "properties": {"class": "flood", "source": "UNOSAT S-1 2024-09-27"}}, {"type": "Feature", "geometry": {"type": "Polygon", "coordinates": [[[87.21000000000001, 26.39], [87.21000000000001, 26.387999999999998], [87.212, 26.387999999999998], [87.212, 26.39], [87.21000000000001, 26.39]]]}, "properties": {"class": "flood", "source": "UNOSAT S-1 2024-09-27"}}, {"type": "Feature", "geometry": {"type": "Polygon", "coordinates": [[[87.218, 26.39], [87.218, 26.387999999999998], [87.22, 26.387999999999998], [87.22, 26.39], [87.218, 26.39]]]}, "properties": {"class": "flood", "source": "UNOSAT S-1 2024-09-27"}}, {"type": "Feature", "geometry": {"type": "Polygon", "coordinates": [[[87.068, 26.39], [87.068, 26.386], [87.07000000000001, 26.386], [87.07000000000001, 26.39], [87.068, 26.39]]]}, "properties": {"class": "flood", "source": "UNOSAT S-1 2024-09-27"}}, {"type": "Feature", "geometry": {"type": "Polygon", "coordinates": [[[86.636, 26.394], [86.638, 26.387999999999998], [86.634, 26.386], [86.64, 26.386], [86.64, 26.392], [86.636, 26.394]]]}, "properties": {"class": "flood", "source": "UNOSAT S-1 2024-09-27"}}, {"type": "Feature", "geometry": {"type": "Polygon", "coordinates": [[[86.764, 26.387999999999998], [86.764, 26.386], [86.766, 26.386], [86.766, 26.387999999999998], [86.764, 26.387999999999998]]]}, "properties": {"class": "flood", "source": "UNOSAT S-1 2024-09-27"}}, {"type": "Feature", "geometry": {"type": "Polygon", "coordinates": [[[86.778, 26.387999999999998], [86.778, 26.386], [86.78, 26.386], [86.78, 26.387999999999998], [86.778, 26.387999999999998]]]}, "properties": {"class": "flood", "source": "UNOSAT S-1 2024-09-27"}}, {"type": "Feature", "geometry": {"type": "Polygon", "coordinates": [[[87.108, 26.387999999999998], [87.108, 26.386], [87.11200000000001, 26.386], [87.11200000000001, 26.387999999999998], [87.108, 26.387999999999998]]]}, "properties": {"class": "flood", "source": "UNOSAT S-1 2024-09-27"}}, {"type": "Feature", "geometry": {"type": "Polygon", "coordinates": [[[87.114, 26.387999999999998], [87.114, 26.386], [87.11800000000001, 26.386], [87.11800000000001, 26.387999999999998], [87.114, 26.387999999999998]]]}, "properties": {"class": "flood", "source": "UNOSAT S-1 2024-09-27"}}, {"type": "Feature", "geometry": {"type": "Polygon", "coordinates": [[[86.684, 26.387999999999998], [86.684, 26.384], [86.686, 26.384], [86.686, 26.387999999999998], [86.684, 26.387999999999998]]]}, "properties": {"class": "flood", "source": "UNOSAT S-1 2024-09-27"}}, {"type": "Feature", "geometry": {"type": "Polygon", "coordinates": [[[87.458, 26.387999999999998], [87.458, 26.384], [87.46000000000001, 26.384], [87.46000000000001, 26.387999999999998], [87.458, 26.387999999999998]]]}, "properties": {"class": "flood", "source": "UNOSAT S-1 2024-09-27"}}, {"type": "Feature", "geometry": {"type": "Polygon", "coordinates": [[[86.666, 26.386], [86.666, 26.384], [86.668, 26.384], [86.668, 26.386], [86.666, 26.386]]]}, "properties": {"class": "flood", "source": "UNOSAT S-1 2024-09-27"}}, {"type": "Feature", "geometry": {"type": "Polygon", "coordinates": [[[86.772, 26.386], [86.772, 26.384], [86.774, 26.384], [86.774, 26.386], [86.772, 26.386]]]}, "properties": {"class": "flood", "source": "UNOSAT S-1 2024-09-27"}}, {"type": "Feature", "geometry": {"type": "Polygon", "coordinates": [[[87.056, 26.386], [87.056, 26.384], [87.058, 26.384], [87.058, 26.386], [87.056, 26.386]]]}, "properties": {"class": "flood", "source": "UNOSAT S-1 2024-09-27"}}, {"type": "Feature", "geometry": {"type": "Polygon", "coordinates": [[[86.804, 26.401999999999997], [86.798, 26.392], [86.79, 26.39], [86.784, 26.384], [86.79, 26.381999999999998], [86.792, 26.387999999999998], [86.8, 26.39], [86.808, 26.4], [86.804, 26.401999999999997]]]}, "properties": {"class": "flood", "source": "UNOSAT S-1 2024-09-27"}}, {"type": "Feature", "geometry": {"type": "Polygon", "coordinates": [[[87.06400000000001, 26.386], [87.06400000000001, 26.381999999999998], [87.066, 26.381999999999998], [87.068, 26.386], [87.06400000000001, 26.386]]]}, "properties": {"class": "flood", "source": "UNOSAT S-1 2024-09-27"}}, {"type": "Feature", "geometry": {"type": "Polygon", "coordinates": [[[86.248, 26.384], [86.248, 26.381999999999998], [86.25, 26.381999999999998], [86.25, 26.384], [86.248, 26.384]]]}, "properties": {"class": "flood", "source": "UNOSAT S-1 2024-09-27"}}, {"type": "Feature", "geometry": {"type": "Polygon", "coordinates": [[[86.51, 26.384], [86.51, 26.381999999999998], [86.512, 26.381999999999998], [86.512, 26.384], [86.51, 26.384]]]}, "properties": {"class": "flood", "source": "UNOSAT S-1 2024-09-27"}}, {"type": "Feature", "geometry": {"type": "Polygon", "coordinates": [[[86.766, 26.384], [86.766, 26.381999999999998], [86.768, 26.381999999999998], [86.768, 26.384], [86.766, 26.384]]]}, "properties": {"class": "flood", "source": "UNOSAT S-1 2024-09-27"}}, {"type": "Feature", "geometry": {"type": "Polygon", "coordinates": [[[86.782, 26.384], [86.782, 26.381999999999998], [86.784, 26.381999999999998], [86.784, 26.384], [86.782, 26.384]]]}, "properties": {"class": "flood", "source": "UNOSAT S-1 2024-09-27"}}, {"type": "Feature", "geometry": {"type": "Polygon", "coordinates": [[[87.11200000000001, 26.384], [87.11200000000001, 26.381999999999998], [87.116, 26.381999999999998], [87.116, 26.384], [87.11200000000001, 26.384]]]}, "properties": {"class": "flood", "source": "UNOSAT S-1 2024-09-27"}}, {"type": "Feature", "geometry": {"type": "Polygon", "coordinates": [[[87.11800000000001, 26.384], [87.11800000000001, 26.381999999999998], [87.12, 26.381999999999998], [87.12, 26.384], [87.11800000000001, 26.384]]]}, "properties": {"class": "flood", "source": "UNOSAT S-1 2024-09-27"}}, {"type": "Feature", "geometry": {"type": "Polygon", "coordinates": [[[87.186, 26.384], [87.186, 26.381999999999998], [87.188, 26.381999999999998], [87.188, 26.384], [87.186, 26.384]]]}, "properties": {"class": "flood", "source": "UNOSAT S-1 2024-09-27"}}, {"type": "Feature", "geometry": {"type": "Polygon", "coordinates": [[[87.218, 26.384], [87.218, 26.381999999999998], [87.22, 26.381999999999998], [87.22, 26.384], [87.218, 26.384]]]}, "properties": {"class": "flood", "source": "UNOSAT S-1 2024-09-27"}}, {"type": "Feature", "geometry": {"type": "Polygon", "coordinates": [[[87.226, 26.384], [87.226, 26.381999999999998], [87.22800000000001, 26.381999999999998], [87.22800000000001, 26.384], [87.226, 26.384]]]}, "properties": {"class": "flood", "source": "UNOSAT S-1 2024-09-27"}}, {"type": "Feature", "geometry": {"type": "Polygon", "coordinates": [[[87.23400000000001, 26.384], [87.23400000000001, 26.381999999999998], [87.236, 26.381999999999998], [87.236, 26.384], [87.23400000000001, 26.384]]]}, "properties": {"class": "flood", "source": "UNOSAT S-1 2024-09-27"}}, {"type": "Feature", "geometry": {"type": "Polygon", "coordinates": [[[86.676, 26.384], [86.674, 26.38], [86.68, 26.381999999999998], [86.68, 26.384], [86.676, 26.384]]]}, "properties": {"class": "flood", "source": "UNOSAT S-1 2024-09-27"}}, {"type": "Feature", "geometry": {"type": "Polygon", "coordinates": [[[86.70400000000001, 26.381999999999998], [86.70400000000001, 26.38], [86.706, 26.38], [86.706, 26.381999999999998], [86.70400000000001, 26.381999999999998]]]}, "properties": {"class": "flood", "source": "UNOSAT S-1 2024-09-27"}}, {"type": "Feature", "geometry": {"type": "Polygon", "coordinates": [[[86.772, 26.381999999999998], [86.772, 26.38], [86.776, 26.38], [86.776, 26.381999999999998], [86.772, 26.381999999999998]]]}, "properties": {"class": "flood", "source": "UNOSAT S-1 2024-09-27"}}, {"type": "Feature", "geometry": {"type": "Polygon", "coordinates": [[[86.79, 26.381999999999998], [86.79, 26.38], [86.794, 26.38], [86.794, 26.381999999999998], [86.79, 26.381999999999998]]]}, "properties": {"class": "flood", "source": "UNOSAT S-1 2024-09-27"}}, {"type": "Feature", "geometry": {"type": "Polygon", "coordinates": [[[87.12, 26.381999999999998], [87.12, 26.38], [87.122, 26.38], [87.122, 26.381999999999998], [87.12, 26.381999999999998]]]}, "properties": {"class": "flood", "source": "UNOSAT S-1 2024-09-27"}}, {"type": "Feature", "geometry": {"type": "Polygon", "coordinates": [[[87.23, 26.381999999999998], [87.23, 26.38], [87.232, 26.38], [87.232, 26.381999999999998], [87.23, 26.381999999999998]]]}, "properties": {"class": "flood", "source": "UNOSAT S-1 2024-09-27"}}, {"type": "Feature", "geometry": {"type": "Polygon", "coordinates": [[[86.51, 26.38], [86.51, 26.378], [86.512, 26.378], [86.512, 26.38], [86.51, 26.38]]]}, "properties": {"class": "flood", "source": "UNOSAT S-1 2024-09-27"}}, {"type": "Feature", "geometry": {"type": "Polygon", "coordinates": [[[86.776, 26.38], [86.776, 26.378], [86.778, 26.378], [86.778, 26.38], [86.776, 26.38]]]}, "properties": {"class": "flood", "source": "UNOSAT S-1 2024-09-27"}}, {"type": "Feature", "geometry": {"type": "Polygon", "coordinates": [[[87.11, 26.38], [87.11, 26.378], [87.11200000000001, 26.378], [87.11200000000001, 26.38], [87.11, 26.38]]]}, "properties": {"class": "flood", "source": "UNOSAT S-1 2024-09-27"}}, {"type": "Feature", "geometry": {"type": "Polygon", "coordinates": [[[87.126, 26.38], [87.126, 26.378], [87.128, 26.378], [87.128, 26.38], [87.126, 26.38]]]}, "properties": {"class": "flood", "source": "UNOSAT S-1 2024-09-27"}}, {"type": "Feature", "geometry": {"type": "Polygon", "coordinates": [[[87.232, 26.38], [87.232, 26.378], [87.23400000000001, 26.378], [87.23400000000001, 26.38], [87.232, 26.38]]]}, "properties": {"class": "flood", "source": "UNOSAT S-1 2024-09-27"}}, {"type": "Feature", "geometry": {"type": "Polygon", "coordinates": [[[87.236, 26.38], [87.236, 26.378], [87.238, 26.378], [87.238, 26.38], [87.236, 26.38]]]}, "properties": {"class": "flood", "source": "UNOSAT S-1 2024-09-27"}}, {"type": "Feature", "geometry": {"type": "Polygon", "coordinates": [[[86.784, 26.38], [86.784, 26.375999999999998], [86.79, 26.378], [86.79, 26.38], [86.784, 26.38]]]}, "properties": {"class": "flood", "source": "UNOSAT S-1 2024-09-27"}}, {"type": "Feature", "geometry": {"type": "Polygon", "coordinates": [[[87.224, 26.38], [87.224, 26.375999999999998], [87.22800000000001, 26.375999999999998], [87.22800000000001, 26.378], [87.224, 26.38]]]}, "properties": {"class": "flood", "source": "UNOSAT S-1 2024-09-27"}}, {"type": "Feature", "geometry": {"type": "Polygon", "coordinates": [[[86.248, 26.378], [86.248, 26.375999999999998], [86.25, 26.375999999999998], [86.25, 26.378], [86.248, 26.378]]]}, "properties": {"class": "flood", "source": "UNOSAT S-1 2024-09-27"}}, {"type": "Feature", "geometry": {"type": "Polygon", "coordinates": [[[86.252, 26.378], [86.252, 26.375999999999998], [86.254, 26.375999999999998], [86.254, 26.378], [86.252, 26.378]]]}, "properties": {"class": "flood", "source": "UNOSAT S-1 2024-09-27"}}, {"type": "Feature", "geometry": {"type": "Polygon", "coordinates": [[[86.69800000000001, 26.378], [86.69800000000001, 26.375999999999998], [86.7, 26.375999999999998], [86.7, 26.378], [86.69800000000001, 26.378]]]}, "properties": {"class": "flood", "source": "UNOSAT S-1 2024-09-27"}}, {"type": "Feature", "geometry": {"type": "Polygon", "coordinates": [[[87.184, 26.378], [87.184, 26.375999999999998], [87.186, 26.375999999999998], [87.186, 26.378], [87.184, 26.378]]]}, "properties": {"class": "flood", "source": "UNOSAT S-1 2024-09-27"}}, {"type": "Feature", "geometry": {"type": "Polygon", "coordinates": [[[87.218, 26.378], [87.218, 26.375999999999998], [87.22, 26.375999999999998], [87.22, 26.378], [87.218, 26.378]]]}, "properties": {"class": "flood", "source": "UNOSAT S-1 2024-09-27"}}, {"type": "Feature", "geometry": {"type": "Polygon", "coordinates": [[[87.456, 26.378], [87.456, 26.375999999999998], [87.458, 26.375999999999998], [87.458, 26.378], [87.456, 26.378]]]}, "properties": {"class": "flood", "source": "UNOSAT S-1 2024-09-27"}}, {"type": "Feature", "geometry": {"type": "Polygon", "coordinates": [[[86.76, 26.375999999999998], [86.76, 26.374], [86.762, 26.374], [86.762, 26.375999999999998], [86.76, 26.375999999999998]]]}, "properties": {"class": "flood", "source": "UNOSAT S-1 2024-09-27"}}, {"type": "Feature", "geometry": {"type": "Polygon", "coordinates": [[[87.46000000000001, 26.375999999999998], [87.46000000000001, 26.374], [87.462, 26.374], [87.462, 26.375999999999998], [87.46000000000001, 26.375999999999998]]]}, "properties": {"class": "flood", "source": "UNOSAT S-1 2024-09-27"}}, {"type": "Feature", "geometry": {"type": "Polygon", "coordinates": [[[86.512, 26.375999999999998], [86.512, 26.372], [86.514, 26.372], [86.514, 26.375999999999998], [86.512, 26.375999999999998]]]}, "properties": {"class": "flood", "source": "UNOSAT S-1 2024-09-27"}}, {"type": "Feature", "geometry": {"type": "Polygon", "coordinates": [[[86.648, 26.374], [86.648, 26.372], [86.65, 26.372], [86.65, 26.374], [86.648, 26.374]]]}, "properties": {"class": "flood", "source": "UNOSAT S-1 2024-09-27"}}, {"type": "Feature", "geometry": {"type": "Polygon", "coordinates": [[[86.67, 26.374], [86.67, 26.372], [86.672, 26.372], [86.672, 26.374], [86.67, 26.374]]]}, "properties": {"class": "flood", "source": "UNOSAT S-1 2024-09-27"}}, {"type": "Feature", "geometry": {"type": "Polygon", "coordinates": [[[86.678, 26.374], [86.678, 26.372], [86.682, 26.372], [86.682, 26.374], [86.678, 26.374]]]}, "properties": {"class": "flood", "source": "UNOSAT S-1 2024-09-27"}}, {"type": "Feature", "geometry": {"type": "Polygon", "coordinates": [[[86.758, 26.374], [86.758, 26.372], [86.76, 26.372], [86.76, 26.374], [86.758, 26.374]]]}, "properties": {"class": "flood", "source": "UNOSAT S-1 2024-09-27"}}, {"type": "Feature", "geometry": {"type": "Polygon", "coordinates": [[[86.764, 26.375999999999998], [86.762, 26.372], [86.77, 26.374], [86.77, 26.375999999999998], [86.764, 26.375999999999998]]]}, "properties": {"class": "flood", "source": "UNOSAT S-1 2024-09-27"}}, {"type": "Feature", "geometry": {"type": "Polygon", "coordinates": [[[86.77, 26.374], [86.77, 26.372], [86.772, 26.372], [86.772, 26.374], [86.77, 26.374]]]}, "properties": {"class": "flood", "source": "UNOSAT S-1 2024-09-27"}}, {"type": "Feature", "geometry": {"type": "Polygon", "coordinates": [[[87.12, 26.374], [87.12, 26.372], [87.122, 26.372], [87.122, 26.374], [87.12, 26.374]]]}, "properties": {"class": "flood", "source": "UNOSAT S-1 2024-09-27"}}, {"type": "Feature", "geometry": {"type": "Polygon", "coordinates": [[[87.224, 26.374], [87.224, 26.372], [87.226, 26.372], [87.226, 26.374], [87.224, 26.374]]]}, "properties": {"class": "flood", "source": "UNOSAT S-1 2024-09-27"}}, {"type": "Feature", "geometry": {"type": "Polygon", "coordinates": [[[87.248, 26.374], [87.248, 26.372], [87.25, 26.372], [87.25, 26.374], [87.248, 26.374]]]}, "properties": {"class": "flood", "source": "UNOSAT S-1 2024-09-27"}}, {"type": "Feature", "geometry": {"type": "Polygon", "coordinates": [[[87.46600000000001, 26.374], [87.46600000000001, 26.372], [87.468, 26.372], [87.468, 26.374], [87.46600000000001, 26.374]]]}, "properties": {"class": "flood", "source": "UNOSAT S-1 2024-09-27"}}, {"type": "Feature", "geometry": {"type": "Polygon", "coordinates": [[[87.18, 26.374], [87.18, 26.372], [87.188, 26.369999999999997], [87.188, 26.374], [87.18, 26.374]]]}, "properties": {"class": "flood", "source": "UNOSAT S-1 2024-09-27"}}, {"type": "Feature", "geometry": {"type": "Polygon", "coordinates": [[[87.22800000000001, 26.374], [87.22800000000001, 26.369999999999997], [87.23, 26.369999999999997], [87.23, 26.374], [87.22800000000001, 26.374]]]}, "properties": {"class": "flood", "source": "UNOSAT S-1 2024-09-27"}}, {"type": "Feature", "geometry": {"type": "Polygon", "coordinates": [[[86.516, 26.372], [86.516, 26.369999999999997], [86.518, 26.369999999999997], [86.518, 26.372], [86.516, 26.372]]]}, "properties": {"class": "flood", "source": "UNOSAT S-1 2024-09-27"}}, {"type": "Feature", "geometry": {"type": "Polygon", "coordinates": [[[86.52, 26.372], [86.52, 26.369999999999997], [86.522, 26.369999999999997], [86.522, 26.372], [86.52, 26.372]]]}, "properties": {"class": "flood", "source": "UNOSAT S-1 2024-09-27"}}, {"type": "Feature", "geometry": {"type": "Polygon", "coordinates": [[[86.668, 26.372], [86.668, 26.369999999999997], [86.67, 26.369999999999997], [86.67, 26.372], [86.668, 26.372]]]}, "properties": {"class": "flood", "source": "UNOSAT S-1 2024-09-27"}}, {"type": "Feature", "geometry": {"type": "Polygon", "coordinates": [[[86.696, 26.372], [86.696, 26.369999999999997], [86.69800000000001, 26.369999999999997], [86.69800000000001, 26.372], [86.696, 26.372]]]}, "properties": {"class": "flood", "source": "UNOSAT S-1 2024-09-27"}}, {"type": "Feature", "geometry": {"type": "Polygon", "coordinates": [[[86.794, 26.372], [86.794, 26.369999999999997], [86.796, 26.369999999999997], [86.796, 26.372], [86.794, 26.372]]]}, "properties": {"class": "flood", "source": "UNOSAT S-1 2024-09-27"}}, {"type": "Feature", "geometry": {"type": "Polygon", "coordinates": [[[87.11, 26.372], [87.11, 26.369999999999997], [87.11200000000001, 26.369999999999997], [87.11200000000001, 26.372], [87.11, 26.372]]]}, "properties": {"class": "flood", "source": "UNOSAT S-1 2024-09-27"}}, {"type": "Feature", "geometry": {"type": "Polygon", "coordinates": [[[87.11800000000001, 26.372], [87.11800000000001, 26.369999999999997], [87.12, 26.369999999999997], [87.12, 26.372], [87.11800000000001, 26.372]]]}, "properties": {"class": "flood", "source": "UNOSAT S-1 2024-09-27"}}, {"type": "Feature", "geometry": {"type": "Polygon", "coordinates": [[[87.276, 26.374], [87.274, 26.369999999999997], [87.278, 26.369999999999997], [87.278, 26.374], [87.276, 26.374]]]}, "properties": {"class": "flood", "source": "UNOSAT S-1 2024-09-27"}}, {"type": "Feature", "geometry": {"type": "Polygon", "coordinates": [[[86.64, 26.369999999999997], [86.64, 26.368], [86.642, 26.368], [86.642, 26.369999999999997], [86.64, 26.369999999999997]]]}, "properties": {"class": "flood", "source": "UNOSAT S-1 2024-09-27"}}, {"type": "Feature", "geometry": {"type": "Polygon", "coordinates": [[[86.706, 26.369999999999997], [86.706, 26.368], [86.708, 26.368], [86.708, 26.369999999999997], [86.706, 26.369999999999997]]]}, "properties": {"class": "flood", "source": "UNOSAT S-1 2024-09-27"}}, {"type": "Feature", "geometry": {"type": "Polygon", "coordinates": [[[86.744, 26.369999999999997], [86.744, 26.368], [86.74600000000001, 26.368], [86.74600000000001, 26.369999999999997], [86.744, 26.369999999999997]]]}, "properties": {"class": "flood", "source": "UNOSAT S-1 2024-09-27"}}, {"type": "Feature", "geometry": {"type": "Polygon", "coordinates": [[[87.066, 26.369999999999997], [87.066, 26.368], [87.068, 26.368], [87.068, 26.369999999999997], [87.066, 26.369999999999997]]]}, "properties": {"class": "flood", "source": "UNOSAT S-1 2024-09-27"}}, {"type": "Feature", "geometry": {"type": "Polygon", "coordinates": [[[87.144, 26.369999999999997], [87.144, 26.368], [87.146, 26.368], [87.146, 26.369999999999997], [87.144, 26.369999999999997]]]}, "properties": {"class": "flood", "source": "UNOSAT S-1 2024-09-27"}}, {"type": "Feature", "geometry": {"type": "Polygon", "coordinates": [[[87.154, 26.369999999999997], [87.154, 26.368], [87.156, 26.368], [87.156, 26.369999999999997], [87.154, 26.369999999999997]]]}, "properties": {"class": "flood", "source": "UNOSAT S-1 2024-09-27"}}, {"type": "Feature", "geometry": {"type": "Polygon", "coordinates": [[[87.256, 26.369999999999997], [87.256, 26.368], [87.258, 26.368], [87.258, 26.369999999999997], [87.256, 26.369999999999997]]]}, "properties": {"class": "flood", "source": "UNOSAT S-1 2024-09-27"}}, {"type": "Feature", "geometry": {"type": "Polygon", "coordinates": [[[87.266, 26.369999999999997], [87.266, 26.366], [87.268, 26.366], [87.268, 26.369999999999997], [87.266, 26.369999999999997]]]}, "properties": {"class": "flood", "source": "UNOSAT S-1 2024-09-27"}}, {"type": "Feature", "geometry": {"type": "Polygon", "coordinates": [[[86.682, 26.368], [86.682, 26.366], [86.684, 26.366], [86.684, 26.368], [86.682, 26.368]]]}, "properties": {"class": "flood", "source": "UNOSAT S-1 2024-09-27"}}, {"type": "Feature", "geometry": {"type": "Polygon", "coordinates": [[[86.702, 26.368], [86.702, 26.366], [86.70400000000001, 26.366], [86.70400000000001, 26.368], [86.702, 26.368]]]}, "properties": {"class": "flood", "source": "UNOSAT S-1 2024-09-27"}}, {"type": "Feature", "geometry": {"type": "Polygon", "coordinates": [[[86.73400000000001, 26.368], [86.73400000000001, 26.366], [86.736, 26.366], [86.736, 26.368], [86.73400000000001, 26.368]]]}, "properties": {"class": "flood", "source": "UNOSAT S-1 2024-09-27"}}, {"type": "Feature", "geometry": {"type": "Polygon", "coordinates": [[[86.74000000000001, 26.368], [86.74000000000001, 26.366], [86.744, 26.366], [86.744, 26.368], [86.74000000000001, 26.368]]]}, "properties": {"class": "flood", "source": "UNOSAT S-1 2024-09-27"}}, {"type": "Feature", "geometry": {"type": "Polygon", "coordinates": [[[86.778, 26.368], [86.778, 26.366], [86.78, 26.366], [86.78, 26.368], [86.778, 26.368]]]}, "properties": {"class": "flood", "source": "UNOSAT S-1 2024-09-27"}}, {"type": "Feature", "geometry": {"type": "Polygon", "coordinates": [[[86.782, 26.368], [86.782, 26.366], [86.784, 26.366], [86.784, 26.368], [86.782, 26.368]]]}, "properties": {"class": "flood", "source": "UNOSAT S-1 2024-09-27"}}, {"type": "Feature", "geometry": {"type": "Polygon", "coordinates": [[[87.19200000000001, 26.368], [87.19200000000001, 26.366], [87.194, 26.366], [87.194, 26.368], [87.19200000000001, 26.368]]]}, "properties": {"class": "flood", "source": "UNOSAT S-1 2024-09-27"}}, {"type": "Feature", "geometry": {"type": "Polygon", "coordinates": [[[87.274, 26.368], [87.274, 26.366], [87.276, 26.366], [87.276, 26.368], [87.274, 26.368]]]}, "properties": {"class": "flood", "source": "UNOSAT S-1 2024-09-27"}}, {"type": "Feature", "geometry": {"type": "Polygon", "coordinates": [[[87.35600000000001, 26.372], [87.35600000000001, 26.363999999999997], [87.36, 26.363999999999997], [87.36, 26.369999999999997], [87.35600000000001, 26.372]]]}, "properties": {"class": "flood", "source": "UNOSAT S-1 2024-09-27"}}, {"type": "Feature", "geometry": {"type": "Polygon", "coordinates": [[[87.15, 26.368], [87.15, 26.363999999999997], [87.152, 26.363999999999997], [87.152, 26.368], [87.15, 26.368]]]}, "properties": {"class": "flood", "source": "UNOSAT S-1 2024-09-27"}}, {"type": "Feature", "geometry": {"type": "Polygon", "coordinates": [[[87.468, 26.368], [87.468, 26.363999999999997], [87.47, 26.363999999999997], [87.47, 26.368], [87.468, 26.368]]]}, "properties": {"class": "flood", "source": "UNOSAT S-1 2024-09-27"}}, {"type": "Feature", "geometry": {"type": "Polygon", "coordinates": [[[86.674, 26.366], [86.674, 26.363999999999997], [86.676, 26.363999999999997], [86.676, 26.366], [86.674, 26.366]]]}, "properties": {"class": "flood", "source": "UNOSAT S-1 2024-09-27"}}, {"type": "Feature", "geometry": {"type": "Polygon", "coordinates": [[[86.732, 26.366], [86.732, 26.363999999999997], [86.73400000000001, 26.363999999999997], [86.73400000000001, 26.366], [86.732, 26.366]]]}, "properties": {"class": "flood", "source": "UNOSAT S-1 2024-09-27"}}, {"type": "Feature", "geometry": {"type": "Polygon", "coordinates": [[[86.79, 26.366], [86.79, 26.363999999999997], [86.792, 26.363999999999997], [86.792, 26.366], [86.79, 26.366]]]}, "properties": {"class": "flood", "source": "UNOSAT S-1 2024-09-27"}}, {"type": "Feature", "geometry": {"type": "Polygon", "coordinates": [[[87.258, 26.366], [87.258, 26.363999999999997], [87.26, 26.363999999999997], [87.26, 26.366], [87.258, 26.366]]]}, "properties": {"class": "flood", "source": "UNOSAT S-1 2024-09-27"}}, {"type": "Feature", "geometry": {"type": "Polygon", "coordinates": [[[87.276, 26.366], [87.276, 26.363999999999997], [87.278, 26.363999999999997], [87.278, 26.366], [87.276, 26.366]]]}, "properties": {"class": "flood", "source": "UNOSAT S-1 2024-09-27"}}, {"type": "Feature", "geometry": {"type": "Polygon", "coordinates": [[[87.28, 26.366], [87.28, 26.363999999999997], [87.282, 26.363999999999997], [87.282, 26.366], [87.28, 26.366]]]}, "properties": {"class": "flood", "source": "UNOSAT S-1 2024-09-27"}}, {"type": "Feature", "geometry": {"type": "Polygon", "coordinates": [[[87.272, 26.366], [87.272, 26.362], [87.274, 26.362], [87.274, 26.366], [87.272, 26.366]]]}, "properties": {"class": "flood", "source": "UNOSAT S-1 2024-09-27"}}, {"type": "Feature", "geometry": {"type": "Polygon", "coordinates": [[[86.662, 26.363999999999997], [86.662, 26.362], [86.664, 26.362], [86.664, 26.363999999999997], [86.662, 26.363999999999997]]]}, "properties": {"class": "flood", "source": "UNOSAT S-1 2024-09-27"}}, {"type": "Feature", "geometry": {"type": "Polygon", "coordinates": [[[86.67, 26.363999999999997], [86.67, 26.362], [86.672, 26.362], [86.672, 26.363999999999997], [86.67, 26.363999999999997]]]}, "properties": {"class": "flood", "source": "UNOSAT S-1 2024-09-27"}}, {"type": "Feature", "geometry": {"type": "Polygon", "coordinates": [[[86.682, 26.363999999999997], [86.682, 26.362], [86.684, 26.362], [86.684, 26.363999999999997], [86.682, 26.363999999999997]]]}, "properties": {"class": "flood", "source": "UNOSAT S-1 2024-09-27"}}, {"type": "Feature", "geometry": {"type": "Polygon", "coordinates": [[[86.688, 26.363999999999997], [86.688, 26.362], [86.69, 26.362], [86.69, 26.363999999999997], [86.688, 26.363999999999997]]]}, "properties": {"class": "flood", "source": "UNOSAT S-1 2024-09-27"}}, {"type": "Feature", "geometry": {"type": "Polygon", "coordinates": [[[86.694, 26.363999999999997], [86.694, 26.362], [86.696, 26.362], [86.696, 26.363999999999997], [86.694, 26.363999999999997]]]}, "properties": {"class": "flood", "source": "UNOSAT S-1 2024-09-27"}}, {"type": "Feature", "geometry": {"type": "Polygon", "coordinates": [[[86.72, 26.363999999999997], [86.72, 26.362], [86.72200000000001, 26.362], [86.72200000000001, 26.363999999999997], [86.72, 26.363999999999997]]]}, "properties": {"class": "flood", "source": "UNOSAT S-1 2024-09-27"}}, {"type": "Feature", "geometry": {"type": "Polygon", "coordinates": [[[87.11200000000001, 26.363999999999997], [87.11200000000001, 26.362], [87.114, 26.362], [87.114, 26.363999999999997], [87.11200000000001, 26.363999999999997]]]}, "properties": {"class": "flood", "source": "UNOSAT S-1 2024-09-27"}}, {"type": "Feature", "geometry": {"type": "Polygon", "coordinates": [[[87.166, 26.363999999999997], [87.166, 26.362], [87.168, 26.362], [87.168, 26.363999999999997], [87.166, 26.363999999999997]]]}, "properties": {"class": "flood", "source": "UNOSAT S-1 2024-09-27"}}, {"type": "Feature", "geometry": {"type": "Polygon", "coordinates": [[[87.194, 26.363999999999997], [87.194, 26.362], [87.196, 26.362], [87.196, 26.363999999999997], [87.194, 26.363999999999997]]]}, "properties": {"class": "flood", "source": "UNOSAT S-1 2024-09-27"}}, {"type": "Feature", "geometry": {"type": "Polygon", "coordinates": [[[87.278, 26.363999999999997], [87.278, 26.362], [87.28, 26.362], [87.28, 26.363999999999997], [87.278, 26.363999999999997]]]}, "properties": {"class": "flood", "source": "UNOSAT S-1 2024-09-27"}}, {"type": "Feature", "geometry": {"type": "Polygon", "coordinates": [[[87.308, 26.363999999999997], [87.308, 26.362], [87.31, 26.362], [87.31, 26.363999999999997], [87.308, 26.363999999999997]]]}, "properties": {"class": "flood", "source": "UNOSAT S-1 2024-09-27"}}, {"type": "Feature", "geometry": {"type": "Polygon", "coordinates": [[[86.756, 26.369999999999997], [86.754, 26.366], [86.75, 26.366], [86.75, 26.36], [86.758, 26.36], [86.758, 26.363999999999997], [86.762, 26.366], [86.776, 26.366], [86.756, 26.369999999999997]], [[86.756, 26.366], [86.758, 26.366], [86.758, 26.363999999999997], [86.756, 26.363999999999997], [86.756, 26.366]], [[86.754, 26.363999999999997], [86.756, 26.363999999999997], [86.756, 26.362], [86.754, 26.362], [86.754, 26.363999999999997]]]}, "properties": {"class": "flood", "source": "UNOSAT S-1 2024-09-27"}}, {"type": "Feature", "geometry": {"type": "Polygon", "coordinates": [[[86.52, 26.363999999999997], [86.52, 26.36], [86.522, 26.36], [86.522, 26.363999999999997], [86.52, 26.363999999999997]]]}, "properties": {"class": "flood", "source": "UNOSAT S-1 2024-09-27"}}, {"type": "Feature", "geometry": {"type": "Polygon", "coordinates": [[[86.658, 26.362], [86.658, 26.36], [86.66, 26.36], [86.66, 26.362], [86.658, 26.362]]]}, "properties": {"class": "flood", "source": "UNOSAT S-1 2024-09-27"}}, {"type": "Feature", "geometry": {"type": "Polygon", "coordinates": [[[86.684, 26.362], [86.684, 26.36], [86.686, 26.36], [86.686, 26.362], [86.684, 26.362]]]}, "properties": {"class": "flood", "source": "UNOSAT S-1 2024-09-27"}}, {"type": "Feature", "geometry": {"type": "Polygon", "coordinates": [[[86.71600000000001, 26.362], [86.71600000000001, 26.36], [86.718, 26.36], [86.718, 26.362], [86.71600000000001, 26.362]]]}, "properties": {"class": "flood", "source": "UNOSAT S-1 2024-09-27"}}, {"type": "Feature", "geometry": {"type": "Polygon", "coordinates": [[[86.786, 26.362], [86.786, 26.36], [86.788, 26.36], [86.788, 26.362], [86.786, 26.362]]]}, "properties": {"class": "flood", "source": "UNOSAT S-1 2024-09-27"}}, {"type": "Feature", "geometry": {"type": "Polygon", "coordinates": [[[87.12, 26.363999999999997], [87.11800000000001, 26.36], [87.126, 26.36], [87.126, 26.362], [87.12, 26.363999999999997]]]}, "properties": {"class": "flood", "source": "UNOSAT S-1 2024-09-27"}}, {"type": "Feature", "geometry": {"type": "Polygon", "coordinates": [[[87.128, 26.362], [87.128, 26.36], [87.132, 26.36], [87.132, 26.362], [87.128, 26.362]]]}, "properties": {"class": "flood", "source": "UNOSAT S-1 2024-09-27"}}, {"type": "Feature", "geometry": {"type": "Polygon", "coordinates": [[[87.134, 26.362], [87.134, 26.36], [87.136, 26.36], [87.136, 26.362], [87.134, 26.362]]]}, "properties": {"class": "flood", "source": "UNOSAT S-1 2024-09-27"}}, {"type": "Feature", "geometry": {"type": "Polygon", "coordinates": [[[87.142, 26.362], [87.142, 26.36], [87.144, 26.36], [87.144, 26.362], [87.142, 26.362]]]}, "properties": {"class": "flood", "source": "UNOSAT S-1 2024-09-27"}}, {"type": "Feature", "geometry": {"type": "Polygon", "coordinates": [[[87.19800000000001, 26.362], [87.19800000000001, 26.36], [87.2, 26.36], [87.2, 26.362], [87.19800000000001, 26.362]]]}, "properties": {"class": "flood", "source": "UNOSAT S-1 2024-09-27"}}, {"type": "Feature", "geometry": {"type": "Polygon", "coordinates": [[[87.25, 26.362], [87.25, 26.36], [87.252, 26.36], [87.252, 26.362], [87.25, 26.362]]]}, "properties": {"class": "flood", "source": "UNOSAT S-1 2024-09-27"}}, {"type": "Feature", "geometry": {"type": "Polygon", "coordinates": [[[87.276, 26.362], [87.276, 26.36], [87.278, 26.36], [87.278, 26.362], [87.276, 26.362]]]}, "properties": {"class": "flood", "source": "UNOSAT S-1 2024-09-27"}}, {"type": "Feature", "geometry": {"type": "Polygon", "coordinates": [[[87.282, 26.362], [87.282, 26.36], [87.284, 26.36], [87.284, 26.362], [87.282, 26.362]]]}, "properties": {"class": "flood", "source": "UNOSAT S-1 2024-09-27"}}, {"type": "Feature", "geometry": {"type": "Polygon", "coordinates": [[[87.31, 26.362], [87.31, 26.36], [87.312, 26.36], [87.312, 26.362], [87.31, 26.362]]]}, "properties": {"class": "flood", "source": "UNOSAT S-1 2024-09-27"}}, {"type": "Feature", "geometry": {"type": "Polygon", "coordinates": [[[87.36200000000001, 26.362], [87.36200000000001, 26.36], [87.364, 26.36], [87.364, 26.362], [87.36200000000001, 26.362]]]}, "properties": {"class": "flood", "source": "UNOSAT S-1 2024-09-27"}}, {"type": "Feature", "geometry": {"type": "Polygon", "coordinates": [[[87.168, 26.362], [87.168, 26.358], [87.176, 26.358], [87.176, 26.36], [87.168, 26.362]]]}, "properties": {"class": "flood", "source": "UNOSAT S-1 2024-09-27"}}, {"type": "Feature", "geometry": {"type": "Polygon", "coordinates": [[[87.178, 26.362], [87.178, 26.358], [87.18, 26.358], [87.18, 26.362], [87.178, 26.362]]]}, "properties": {"class": "flood", "source": "UNOSAT S-1 2024-09-27"}}, {"type": "Feature", "geometry": {"type": "Polygon", "coordinates": [[[86.502, 26.36], [86.502, 26.358], [86.504, 26.358], [86.504, 26.36], [86.502, 26.36]]]}, "properties": {"class": "flood", "source": "UNOSAT S-1 2024-09-27"}}, {"type": "Feature", "geometry": {"type": "Polygon", "coordinates": [[[86.66, 26.36], [86.66, 26.358], [86.662, 26.358], [86.662, 26.36], [86.66, 26.36]]]}, "properties": {"class": "flood", "source": "UNOSAT S-1 2024-09-27"}}, {"type": "Feature", "geometry": {"type": "Polygon", "coordinates": [[[86.666, 26.36], [86.666, 26.358], [86.668, 26.358], [86.668, 26.36], [86.666, 26.36]]]}, "properties": {"class": "flood", "source": "UNOSAT S-1 2024-09-27"}}, {"type": "Feature", "geometry": {"type": "Polygon", "coordinates": [[[86.674, 26.36], [86.674, 26.358], [86.676, 26.358], [86.676, 26.36], [86.674, 26.36]]]}, "properties": {"class": "flood", "source": "UNOSAT S-1 2024-09-27"}}, {"type": "Feature", "geometry": {"type": "Polygon", "coordinates": [[[86.69, 26.36], [86.69, 26.358], [86.69200000000001, 26.358], [86.69200000000001, 26.36], [86.69, 26.36]]]}, "properties": {"class": "flood", "source": "UNOSAT S-1 2024-09-27"}}, {"type": "Feature", "geometry": {"type": "Polygon", "coordinates": [[[86.738, 26.36], [86.738, 26.358], [86.74000000000001, 26.358], [86.74000000000001, 26.36], [86.738, 26.36]]]}, "properties": {"class": "flood", "source": "UNOSAT S-1 2024-09-27"}}, {"type": "Feature", "geometry": {"type": "Polygon", "coordinates": [[[87.132, 26.36], [87.132, 26.358], [87.134, 26.358], [87.134, 26.36], [87.132, 26.36]]]}, "properties": {"class": "flood", "source": "UNOSAT S-1 2024-09-27"}}, {"type": "Feature", "geometry": {"type": "Polygon", "coordinates": [[[87.164, 26.36], [87.164, 26.358], [87.166, 26.358], [87.166, 26.36], [87.164, 26.36]]]}, "properties": {"class": "flood", "source": "UNOSAT S-1 2024-09-27"}}, {"type": "Feature", "geometry": {"type": "Polygon", "coordinates": [[[87.202, 26.36], [87.202, 26.358], [87.20400000000001, 26.358], [87.20400000000001, 26.36], [87.202, 26.36]]]}, "properties": {"class": "flood", "source": "UNOSAT S-1 2024-09-27"}}, {"type": "Feature", "geometry": {"type": "Polygon", "coordinates": [[[87.28, 26.36], [87.28, 26.358], [87.282, 26.358], [87.282, 26.36], [87.28, 26.36]]]}, "properties": {"class": "flood", "source": "UNOSAT S-1 2024-09-27"}}, {"type": "Feature", "geometry": {"type": "Polygon", "coordinates": [[[87.304, 26.36], [87.304, 26.358], [87.306, 26.358], [87.306, 26.36], [87.304, 26.36]]]}, "properties": {"class": "flood", "source": "UNOSAT S-1 2024-09-27"}}, {"type": "Feature", "geometry": {"type": "Polygon", "coordinates": [[[87.366, 26.36], [87.366, 26.358], [87.36800000000001, 26.358], [87.36800000000001, 26.36], [87.366, 26.36]]]}, "properties": {"class": "flood", "source": "UNOSAT S-1 2024-09-27"}}, {"type": "Feature", "geometry": {"type": "Polygon", "coordinates": [[[87.154, 26.363999999999997], [87.154, 26.358], [87.158, 26.355999999999998], [87.156, 26.363999999999997], [87.154, 26.363999999999997]]]}, "properties": {"class": "flood", "source": "UNOSAT S-1 2024-09-27"}}, {"type": "Feature", "geometry": {"type": "Polygon", "coordinates": [[[87.316, 26.362], [87.318, 26.355999999999998], [87.322, 26.355999999999998], [87.32000000000001, 26.36], [87.316, 26.362]]]}, "properties": {"class": "flood", "source": "UNOSAT S-1 2024-09-27"}}, {"type": "Feature", "geometry": {"type": "Polygon", "coordinates": [[[87.468, 26.36], [87.468, 26.355999999999998], [87.47, 26.355999999999998], [87.47, 26.36], [87.468, 26.36]]]}, "properties": {"class": "flood", "source": "UNOSAT S-1 2024-09-27"}}, {"type": "Feature", "geometry": {"type": "Polygon", "coordinates": [[[86.518, 26.358], [86.518, 26.355999999999998], [86.52, 26.355999999999998], [86.52, 26.358], [86.518, 26.358]]]}, "properties": {"class": "flood", "source": "UNOSAT S-1 2024-09-27"}}, {"type": "Feature", "geometry": {"type": "Polygon", "coordinates": [[[86.662, 26.358], [86.662, 26.355999999999998], [86.664, 26.355999999999998], [86.664, 26.358], [86.662, 26.358]]]}, "properties": {"class": "flood", "source": "UNOSAT S-1 2024-09-27"}}, {"type": "Feature", "geometry": {"type": "Polygon", "coordinates": [[[86.676, 26.358], [86.676, 26.355999999999998], [86.678, 26.355999999999998], [86.678, 26.358], [86.676, 26.358]]]}, "properties": {"class": "flood", "source": "UNOSAT S-1 2024-09-27"}}, {"type": "Feature", "geometry": {"type": "Polygon", "coordinates": [[[86.73, 26.358], [86.73, 26.355999999999998], [86.732, 26.355999999999998], [86.732, 26.358], [86.73, 26.358]]]}, "properties": {"class": "flood", "source": "UNOSAT S-1 2024-09-27"}}, {"type": "Feature", "geometry": {"type": "Polygon", "coordinates": [[[86.752, 26.358], [86.752, 26.355999999999998], [86.754, 26.355999999999998], [86.754, 26.358], [86.752, 26.358]]]}, "properties": {"class": "flood", "source": "UNOSAT S-1 2024-09-27"}}, {"type": "Feature", "geometry": {"type": "Polygon", "coordinates": [[[87.188, 26.358], [87.188, 26.355999999999998], [87.19, 26.355999999999998], [87.19, 26.358], [87.188, 26.358]]]}, "properties": {"class": "flood", "source": "UNOSAT S-1 2024-09-27"}}, {"type": "Feature", "geometry": {"type": "Polygon", "coordinates": [[[87.20400000000001, 26.358], [87.20400000000001, 26.355999999999998], [87.206, 26.355999999999998], [87.206, 26.358], [87.20400000000001, 26.358]]]}, "properties": {"class": "flood", "source": "UNOSAT S-1 2024-09-27"}}, {"type": "Feature", "geometry": {"type": "Polygon", "coordinates": [[[87.36200000000001, 26.358], [87.36200000000001, 26.355999999999998], [87.364, 26.355999999999998], [87.364, 26.358], [87.36200000000001, 26.358]]]}, "properties": {"class": "flood", "source": "UNOSAT S-1 2024-09-27"}}, {"type": "Feature", "geometry": {"type": "Polygon", "coordinates": [[[86.684, 26.358], [86.684, 26.354], [86.686, 26.354], [86.686, 26.358], [86.684, 26.358]]]}, "properties": {"class": "flood", "source": "UNOSAT S-1 2024-09-27"}}, {"type": "Feature", "geometry": {"type": "Polygon", "coordinates": [[[86.762, 26.358], [86.762, 26.354], [86.764, 26.354], [86.764, 26.358], [86.762, 26.358]]]}, "properties": {"class": "flood", "source": "UNOSAT S-1 2024-09-27"}}, {"type": "Feature", "geometry": {"type": "Polygon", "coordinates": [[[87.302, 26.358], [87.302, 26.354], [87.304, 26.354], [87.304, 26.358], [87.302, 26.358]]]}, "properties": {"class": "flood", "source": "UNOSAT S-1 2024-09-27"}}, {"type": "Feature", "geometry": {"type": "Polygon", "coordinates": [[[86.72200000000001, 26.358], [86.72200000000001, 26.355999999999998], [86.72, 26.354], [86.726, 26.355999999999998], [86.72200000000001, 26.358]]]}, "properties": {"class": "flood", "source": "UNOSAT S-1 2024-09-27"}}, {"type": "Feature", "geometry": {"type": "Polygon", "coordinates": [[[87.15, 26.355999999999998], [87.15, 26.354], [87.152, 26.354], [87.152, 26.355999999999998], [87.15, 26.355999999999998]]]}, "properties": {"class": "flood", "source": "UNOSAT S-1 2024-09-27"}}, {"type": "Feature", "geometry": {"type": "Polygon", "coordinates": [[[87.182, 26.355999999999998], [87.182, 26.354], [87.184, 26.354], [87.184, 26.355999999999998], [87.182, 26.355999999999998]]]}, "properties": {"class": "flood", "source": "UNOSAT S-1 2024-09-27"}}, {"type": "Feature", "geometry": {"type": "Polygon", "coordinates": [[[87.274, 26.355999999999998], [87.274, 26.354], [87.276, 26.354], [87.276, 26.355999999999998], [87.274, 26.355999999999998]]]}, "properties": {"class": "flood", "source": "UNOSAT S-1 2024-09-27"}}, {"type": "Feature", "geometry": {"type": "Polygon", "coordinates": [[[87.328, 26.355999999999998], [87.328, 26.354], [87.33, 26.354], [87.33, 26.355999999999998], [87.328, 26.355999999999998]]]}, "properties": {"class": "flood", "source": "UNOSAT S-1 2024-09-27"}}, {"type": "Feature", "geometry": {"type": "Polygon", "coordinates": [[[86.714, 26.36], [86.712, 26.358], [86.712, 26.352], [86.71600000000001, 26.354], [86.714, 26.36]]]}, "properties": {"class": "flood", "source": "UNOSAT S-1 2024-09-27"}}, {"type": "Feature", "geometry": {"type": "Polygon", "coordinates": [[[87.298, 26.355999999999998], [87.298, 26.352], [87.3, 26.352], [87.3, 26.355999999999998], [87.298, 26.355999999999998]]]}, "properties": {"class": "flood", "source": "UNOSAT S-1 2024-09-27"}}, {"type": "Feature", "geometry": {"type": "Polygon", "coordinates": [[[87.322, 26.355999999999998], [87.322, 26.352], [87.32600000000001, 26.352], [87.32600000000001, 26.354], [87.322, 26.355999999999998]]]}, "properties": {"class": "flood", "source": "UNOSAT S-1 2024-09-27"}}, {"type": "Feature", "geometry": {"type": "Polygon", "coordinates": [[[86.498, 26.354], [86.498, 26.352], [86.5, 26.352], [86.5, 26.354], [86.498, 26.354]]]}, "properties": {"class": "flood", "source": "UNOSAT S-1 2024-09-27"}}, {"type": "Feature", "geometry": {"type": "Polygon", "coordinates": [[[86.51, 26.354], [86.51, 26.352], [86.512, 26.352], [86.512, 26.354], [86.51, 26.354]]]}, "properties": {"class": "flood", "source": "UNOSAT S-1 2024-09-27"}}, {"type": "Feature", "geometry": {"type": "Polygon", "coordinates": [[[86.662, 26.354], [86.662, 26.352], [86.664, 26.352], [86.664, 26.354], [86.662, 26.354]]]}, "properties": {"class": "flood", "source": "UNOSAT S-1 2024-09-27"}}, {"type": "Feature", "geometry": {"type": "Polygon", "coordinates": [[[86.718, 26.354], [86.718, 26.352], [86.72, 26.352], [86.72, 26.354], [86.718, 26.354]]]}, "properties": {"class": "flood", "source": "UNOSAT S-1 2024-09-27"}}, {"type": "Feature", "geometry": {"type": "Polygon", "coordinates": [[[86.742, 26.354], [86.742, 26.352], [86.744, 26.352], [86.744, 26.354], [86.742, 26.354]]]}, "properties": {"class": "flood", "source": "UNOSAT S-1 2024-09-27"}}, {"type": "Feature", "geometry": {"type": "Polygon", "coordinates": [[[87.21000000000001, 26.354], [87.21000000000001, 26.352], [87.212, 26.352], [87.212, 26.354], [87.21000000000001, 26.354]]]}, "properties": {"class": "flood", "source": "UNOSAT S-1 2024-09-27"}}, {"type": "Feature", "geometry": {"type": "Polygon", "coordinates": [[[87.252, 26.354], [87.252, 26.352], [87.254, 26.352], [87.254, 26.354], [87.252, 26.354]]]}, "properties": {"class": "flood", "source": "UNOSAT S-1 2024-09-27"}}, {"type": "Feature", "geometry": {"type": "Polygon", "coordinates": [[[87.276, 26.354], [87.276, 26.352], [87.28, 26.352], [87.28, 26.354], [87.276, 26.354]]]}, "properties": {"class": "flood", "source": "UNOSAT S-1 2024-09-27"}}, {"type": "Feature", "geometry": {"type": "Polygon", "coordinates": [[[87.33, 26.354], [87.33, 26.352], [87.33200000000001, 26.352], [87.33200000000001, 26.354], [87.33, 26.354]]]}, "properties": {"class": "flood", "source": "UNOSAT S-1 2024-09-27"}}, {"type": "Feature", "geometry": {"type": "Polygon", "coordinates": [[[86.506, 26.352], [86.506, 26.349999999999998], [86.508, 26.349999999999998], [86.508, 26.352], [86.506, 26.352]]]}, "properties": {"class": "flood", "source": "UNOSAT S-1 2024-09-27"}}, {"type": "Feature", "geometry": {"type": "Polygon", "coordinates": [[[86.74000000000001, 26.352], [86.74000000000001, 26.349999999999998], [86.742, 26.349999999999998], [86.742, 26.352], [86.74000000000001, 26.352]]]}, "properties": {"class": "flood", "source": "UNOSAT S-1 2024-09-27"}}, {"type": "Feature", "geometry": {"type": "Polygon", "coordinates": [[[86.778, 26.352], [86.778, 26.349999999999998], [86.78, 26.349999999999998], [86.78, 26.352], [86.778, 26.352]]]}, "properties": {"class": "flood", "source": "UNOSAT S-1 2024-09-27"}}, {"type": "Feature", "geometry": {"type": "Polygon", "coordinates": [[[87.24000000000001, 26.352], [87.24000000000001, 26.349999999999998], [87.242, 26.349999999999998], [87.242, 26.352], [87.24000000000001, 26.352]]]}, "properties": {"class": "flood", "source": "UNOSAT S-1 2024-09-27"}}, {"type": "Feature", "geometry": {"type": "Polygon", "coordinates": [[[87.212, 26.352], [87.214, 26.348], [87.21600000000001, 26.348], [87.21600000000001, 26.352], [87.212, 26.352]]]}, "properties": {"class": "flood", "source": "UNOSAT S-1 2024-09-27"}}, {"type": "Feature", "geometry": {"type": "Polygon", "coordinates": [[[87.22, 26.352], [87.22, 26.348], [87.22200000000001, 26.348], [87.22200000000001, 26.352], [87.22, 26.352]]]}, "properties": {"class": "flood", "source": "UNOSAT S-1 2024-09-27"}}, {"type": "Feature", "geometry": {"type": "Polygon", "coordinates": [[[86.724, 26.354], [86.72, 26.352], [86.718, 26.348], [86.726, 26.348], [86.726, 26.352], [86.73, 26.352], [86.724, 26.354]]]}, "properties": {"class": "flood", "source": "UNOSAT S-1 2024-09-27"}}, {"type": "Feature", "geometry": {"type": "Polygon", "coordinates": [[[87.302, 26.349999999999998], [87.302, 26.348], [87.304, 26.348], [87.304, 26.349999999999998], [87.302, 26.349999999999998]]]}, "properties": {"class": "flood", "source": "UNOSAT S-1 2024-09-27"}}, {"type": "Feature", "geometry": {"type": "Polygon", "coordinates": [[[87.37, 26.354], [87.37, 26.349999999999998], [87.376, 26.346], [87.378, 26.349999999999998], [87.37, 26.354]]]}, "properties": {"class": "flood", "source": "UNOSAT S-1 2024-09-27"}}, {"type": "Feature", "geometry": {"type": "Polygon", "coordinates": [[[86.772, 26.348], [86.772, 26.346], [86.774, 26.346], [86.774, 26.348], [86.772, 26.348]]]}, "properties": {"class": "flood", "source": "UNOSAT S-1 2024-09-27"}}, {"type": "Feature", "geometry": {"type": "Polygon", "coordinates": [[[87.24000000000001, 26.348], [87.24000000000001, 26.346], [87.242, 26.346], [87.242, 26.348], [87.24000000000001, 26.348]]]}, "properties": {"class": "flood", "source": "UNOSAT S-1 2024-09-27"}}, {"type": "Feature", "geometry": {"type": "Polygon", "coordinates": [[[87.254, 26.348], [87.254, 26.346], [87.256, 26.346], [87.256, 26.348], [87.254, 26.348]]]}, "properties": {"class": "flood", "source": "UNOSAT S-1 2024-09-27"}}, {"type": "Feature", "geometry": {"type": "Polygon", "coordinates": [[[87.298, 26.348], [87.298, 26.346], [87.3, 26.346], [87.3, 26.348], [87.298, 26.348]]]}, "properties": {"class": "flood", "source": "UNOSAT S-1 2024-09-27"}}, {"type": "Feature", "geometry": {"type": "Polygon", "coordinates": [[[87.37, 26.348], [87.37, 26.346], [87.372, 26.346], [87.372, 26.348], [87.37, 26.348]]]}, "properties": {"class": "flood", "source": "UNOSAT S-1 2024-09-27"}}, {"type": "Feature", "geometry": {"type": "Polygon", "coordinates": [[[87.264, 26.348], [87.264, 26.343999999999998], [87.27, 26.343999999999998], [87.27, 26.346], [87.264, 26.348]]]}, "properties": {"class": "flood", "source": "UNOSAT S-1 2024-09-27"}}, {"type": "Feature", "geometry": {"type": "Polygon", "coordinates": [[[86.72, 26.346], [86.72, 26.343999999999998], [86.72200000000001, 26.343999999999998], [86.72200000000001, 26.346], [86.72, 26.346]]]}, "properties": {"class": "flood", "source": "UNOSAT S-1 2024-09-27"}}, {"type": "Feature", "geometry": {"type": "Polygon", "coordinates": [[[87.19200000000001, 26.346], [87.19200000000001, 26.343999999999998], [87.194, 26.343999999999998], [87.194, 26.346], [87.19200000000001, 26.346]]]}, "properties": {"class": "flood", "source": "UNOSAT S-1 2024-09-27"}}, {"type": "Feature", "geometry": {"type": "Polygon", "coordinates": [[[87.224, 26.346], [87.224, 26.343999999999998], [87.226, 26.343999999999998], [87.226, 26.346], [87.224, 26.346]]]}, "properties": {"class": "flood", "source": "UNOSAT S-1 2024-09-27"}}, {"type": "Feature", "geometry": {"type": "Polygon", "coordinates": [[[87.242, 26.346], [87.242, 26.343999999999998], [87.244, 26.343999999999998], [87.244, 26.346], [87.242, 26.346]]]}, "properties": {"class": "flood", "source": "UNOSAT S-1 2024-09-27"}}, {"type": "Feature", "geometry": {"type": "Polygon", "coordinates": [[[87.294, 26.346], [87.294, 26.343999999999998], [87.296, 26.343999999999998], [87.296, 26.346], [87.294, 26.346]]]}, "properties": {"class": "flood", "source": "UNOSAT S-1 2024-09-27"}}, {"type": "Feature", "geometry": {"type": "Polygon", "coordinates": [[[87.288, 26.354], [87.286, 26.349999999999998], [87.29, 26.342], [87.292, 26.352], [87.288, 26.354]]]}, "properties": {"class": "flood", "source": "UNOSAT S-1 2024-09-27"}}, {"type": "Feature", "geometry": {"type": "Polygon", "coordinates": [[[87.26, 26.346], [87.26, 26.342], [87.262, 26.342], [87.262, 26.346], [87.26, 26.346]]]}, "properties": {"class": "flood", "source": "UNOSAT S-1 2024-09-27"}}, {"type": "Feature", "geometry": {"type": "Polygon", "coordinates": [[[86.714, 26.343999999999998], [86.714, 26.342], [86.71600000000001, 26.342], [86.71600000000001, 26.343999999999998], [86.714, 26.343999999999998]]]}, "properties": {"class": "flood", "source": "UNOSAT S-1 2024-09-27"}}, {"type": "Feature", "geometry": {"type": "Polygon", "coordinates": [[[87.19800000000001, 26.343999999999998], [87.19800000000001, 26.342], [87.2, 26.342], [87.2, 26.343999999999998], [87.19800000000001, 26.343999999999998]]]}, "properties": {"class": "flood", "source": "UNOSAT S-1 2024-09-27"}}, {"type": "Feature", "geometry": {"type": "Polygon", "coordinates": [[[87.226, 26.343999999999998], [87.226, 26.342], [87.22800000000001, 26.342], [87.22800000000001, 26.343999999999998], [87.226, 26.343999999999998]]]}, "properties": {"class": "flood", "source": "UNOSAT S-1 2024-09-27"}}, {"type": "Feature", "geometry": {"type": "Polygon", "coordinates": [[[87.24600000000001, 26.343999999999998], [87.24600000000001, 26.342], [87.248, 26.342], [87.248, 26.343999999999998], [87.24600000000001, 26.343999999999998]]]}, "properties": {"class": "flood", "source": "UNOSAT S-1 2024-09-27"}}, {"type": "Feature", "geometry": {"type": "Polygon", "coordinates": [[[87.25, 26.343999999999998], [87.25, 26.342], [87.252, 26.342], [87.252, 26.343999999999998], [87.25, 26.343999999999998]]]}, "properties": {"class": "flood", "source": "UNOSAT S-1 2024-09-27"}}, {"type": "Feature", "geometry": {"type": "Polygon", "coordinates": [[[87.324, 26.346], [87.324, 26.34], [87.32600000000001, 26.34], [87.32600000000001, 26.346], [87.324, 26.346]]]}, "properties": {"class": "flood", "source": "UNOSAT S-1 2024-09-27"}}, {"type": "Feature", "geometry": {"type": "Polygon", "coordinates": [[[86.724, 26.343999999999998], [86.724, 26.34], [86.732, 26.342], [86.732, 26.343999999999998], [86.724, 26.343999999999998]]]}, "properties": {"class": "flood", "source": "UNOSAT S-1 2024-09-27"}}, {"type": "Feature", "geometry": {"type": "Polygon", "coordinates": [[[86.718, 26.342], [86.718, 26.34], [86.72, 26.34], [86.72, 26.342], [86.718, 26.342]]]}, "properties": {"class": "flood", "source": "UNOSAT S-1 2024-09-27"}}, {"type": "Feature", "geometry": {"type": "Polygon", "coordinates": [[[87.24000000000001, 26.342], [87.24000000000001, 26.34], [87.242, 26.34], [87.242, 26.342], [87.24000000000001, 26.342]]]}, "properties": {"class": "flood", "source": "UNOSAT S-1 2024-09-27"}}, {"type": "Feature", "geometry": {"type": "Polygon", "coordinates": [[[87.264, 26.342], [87.264, 26.34], [87.266, 26.34], [87.266, 26.342], [87.264, 26.342]]]}, "properties": {"class": "flood", "source": "UNOSAT S-1 2024-09-27"}}, {"type": "Feature", "geometry": {"type": "Polygon", "coordinates": [[[87.284, 26.342], [87.284, 26.34], [87.286, 26.34], [87.286, 26.342], [87.284, 26.342]]]}, "properties": {"class": "flood", "source": "UNOSAT S-1 2024-09-27"}}, {"type": "Feature", "geometry": {"type": "Polygon", "coordinates": [[[87.354, 26.342], [87.354, 26.34], [87.35600000000001, 26.34], [87.35600000000001, 26.342], [87.354, 26.342]]]}, "properties": {"class": "flood", "source": "UNOSAT S-1 2024-09-27"}}, {"type": "Feature", "geometry": {"type": "Polygon", "coordinates": [[[87.382, 26.342], [87.382, 26.34], [87.384, 26.34], [87.384, 26.342], [87.382, 26.342]]]}, "properties": {"class": "flood", "source": "UNOSAT S-1 2024-09-27"}}, {"type": "Feature", "geometry": {"type": "Polygon", "coordinates": [[[87.308, 26.355999999999998], [87.308, 26.352], [87.304, 26.349999999999998], [87.316, 26.348], [87.32000000000001, 26.337999999999997], [87.32000000000001, 26.349999999999998], [87.316, 26.352], [87.31, 26.349999999999998], [87.308, 26.355999999999998]]]}, "properties": {"class": "flood", "source": "UNOSAT S-1 2024-09-27"}}, {"type": "Feature", "geometry": {"type": "Polygon", "coordinates": [[[87.33800000000001, 26.342], [87.33800000000001, 26.337999999999997], [87.34, 26.337999999999997], [87.34, 26.342], [87.33800000000001, 26.342]]]}, "properties": {"class": "flood", "source": "UNOSAT S-1 2024-09-27"}}, {"type": "Feature", "geometry": {"type": "Polygon", "coordinates": [[[86.758, 26.34], [86.758, 26.337999999999997], [86.76, 26.337999999999997], [86.76, 26.34], [86.758, 26.34]]]}, "properties": {"class": "flood", "source": "UNOSAT S-1 2024-09-27"}}, {"type": "Feature", "geometry": {"type": "Polygon", "coordinates": [[[86.762, 26.34], [86.762, 26.337999999999997], [86.764, 26.337999999999997], [86.764, 26.34], [86.762, 26.34]]]}, "properties": {"class": "flood", "source": "UNOSAT S-1 2024-09-27"}}, {"type": "Feature", "geometry": {"type": "Polygon", "coordinates": [[[87.23, 26.34], [87.23, 26.337999999999997], [87.232, 26.337999999999997], [87.232, 26.34], [87.23, 26.34]]]}, "properties": {"class": "flood", "source": "UNOSAT S-1 2024-09-27"}}, {"type": "Feature", "geometry": {"type": "Polygon", "coordinates": [[[87.23400000000001, 26.34], [87.23400000000001, 26.337999999999997], [87.236, 26.337999999999997], [87.236, 26.34], [87.23400000000001, 26.34]]]}, "properties": {"class": "flood", "source": "UNOSAT S-1 2024-09-27"}}, {"type": "Feature", "geometry": {"type": "Polygon", "coordinates": [[[87.244, 26.34], [87.244, 26.337999999999997], [87.24600000000001, 26.337999999999997], [87.24600000000001, 26.34], [87.244, 26.34]]]}, "properties": {"class": "flood", "source": "UNOSAT S-1 2024-09-27"}}, {"type": "Feature", "geometry": {"type": "Polygon", "coordinates": [[[87.258, 26.34], [87.258, 26.337999999999997], [87.26, 26.337999999999997], [87.26, 26.34], [87.258, 26.34]]]}, "properties": {"class": "flood", "source": "UNOSAT S-1 2024-09-27"}}, {"type": "Feature", "geometry": {"type": "Polygon", "coordinates": [[[87.266, 26.34], [87.266, 26.337999999999997], [87.268, 26.337999999999997], [87.268, 26.34], [87.266, 26.34]]]}, "properties": {"class": "flood", "source": "UNOSAT S-1 2024-09-27"}}, {"type": "Feature", "geometry": {"type": "Polygon", "coordinates": [[[87.274, 26.34], [87.274, 26.337999999999997], [87.276, 26.337999999999997], [87.276, 26.34], [87.274, 26.34]]]}, "properties": {"class": "flood", "source": "UNOSAT S-1 2024-09-27"}}, {"type": "Feature", "geometry": {"type": "Polygon", "coordinates": [[[86.69, 26.337999999999997], [86.69, 26.336], [86.69200000000001, 26.336], [86.69200000000001, 26.337999999999997], [86.69, 26.337999999999997]]]}, "properties": {"class": "flood", "source": "UNOSAT S-1 2024-09-27"}}, {"type": "Feature", "geometry": {"type": "Polygon", "coordinates": [[[86.708, 26.337999999999997], [86.708, 26.336], [86.71600000000001, 26.336], [86.71600000000001, 26.337999999999997], [86.708, 26.337999999999997]]]}, "properties": {"class": "flood", "source": "UNOSAT S-1 2024-09-27"}}, {"type": "Feature", "geometry": {"type": "Polygon", "coordinates": [[[87.342, 26.337999999999997], [87.342, 26.336], [87.34400000000001, 26.336], [87.34400000000001, 26.337999999999997], [87.342, 26.337999999999997]]]}, "properties": {"class": "flood", "source": "UNOSAT S-1 2024-09-27"}}, {"type": "Feature", "geometry": {"type": "Polygon", "coordinates": [[[87.378, 26.337999999999997], [87.378, 26.336], [87.38, 26.336], [87.38, 26.337999999999997], [87.378, 26.337999999999997]]]}, "properties": {"class": "flood", "source": "UNOSAT S-1 2024-09-27"}}, {"type": "Feature", "geometry": {"type": "Polygon", "coordinates": [[[86.684, 26.336], [86.684, 26.334], [86.686, 26.334], [86.686, 26.336], [86.684, 26.336]]]}, "properties": {"class": "flood", "source": "UNOSAT S-1 2024-09-27"}}, {"type": "Feature", "geometry": {"type": "Polygon", "coordinates": [[[87.266, 26.336], [87.266, 26.334], [87.268, 26.334], [87.268, 26.336], [87.266, 26.336]]]}, "properties": {"class": "flood", "source": "UNOSAT S-1 2024-09-27"}}, {"type": "Feature", "geometry": {"type": "Polygon", "coordinates": [[[87.286, 26.336], [87.286, 26.334], [87.29, 26.334], [87.29, 26.336], [87.286, 26.336]]]}, "properties": {"class": "flood", "source": "UNOSAT S-1 2024-09-27"}}, {"type": "Feature", "geometry": {"type": "Polygon", "coordinates": [[[87.304, 26.336], [87.304, 26.334], [87.306, 26.334], [87.306, 26.336], [87.304, 26.336]]]}, "properties": {"class": "flood", "source": "UNOSAT S-1 2024-09-27"}}, {"type": "Feature", "geometry": {"type": "Polygon", "coordinates": [[[86.73400000000001, 26.334], [86.73400000000001, 26.331999999999997], [86.736, 26.331999999999997], [86.736, 26.334], [86.73400000000001, 26.334]]]}, "properties": {"class": "flood", "source": "UNOSAT S-1 2024-09-27"}}, {"type": "Feature", "geometry": {"type": "Polygon", "coordinates": [[[87.284, 26.334], [87.284, 26.331999999999997], [87.286, 26.331999999999997], [87.286, 26.334], [87.284, 26.334]]]}, "properties": {"class": "flood", "source": "UNOSAT S-1 2024-09-27"}}, {"type": "Feature", "geometry": {"type": "Polygon", "coordinates": [[[87.3, 26.334], [87.3, 26.331999999999997], [87.304, 26.331999999999997], [87.304, 26.334], [87.3, 26.334]]]}, "properties": {"class": "flood", "source": "UNOSAT S-1 2024-09-27"}}, {"type": "Feature", "geometry": {"type": "Polygon", "coordinates": [[[87.374, 26.334], [87.374, 26.331999999999997], [87.378, 26.331999999999997], [87.378, 26.334], [87.374, 26.334]]]}, "properties": {"class": "flood", "source": "UNOSAT S-1 2024-09-27"}}, {"type": "Feature", "geometry": {"type": "Polygon", "coordinates": [[[87.278, 26.34], [87.28, 26.33], [87.282, 26.33], [87.284, 26.337999999999997], [87.278, 26.34]]]}, "properties": {"class": "flood", "source": "UNOSAT S-1 2024-09-27"}}, {"type": "Feature", "geometry": {"type": "Polygon", "coordinates": [[[86.702, 26.336], [86.69800000000001, 26.334], [86.69800000000001, 26.33], [86.708, 26.334], [86.702, 26.336]]]}, "properties": {"class": "flood", "source": "UNOSAT S-1 2024-09-27"}}, {"type": "Feature", "geometry": {"type": "Polygon", "coordinates": [[[87.33800000000001, 26.334], [87.33800000000001, 26.33], [87.34, 26.33], [87.34, 26.334], [87.33800000000001, 26.334]]]}, "properties": {"class": "flood", "source": "UNOSAT S-1 2024-09-27"}}, {"type": "Feature", "geometry": {"type": "Polygon", "coordinates": [[[87.36200000000001, 26.334], [87.36200000000001, 26.33], [87.364, 26.33], [87.364, 26.334], [87.36200000000001, 26.334]]]}, "properties": {"class": "flood", "source": "UNOSAT S-1 2024-09-27"}}, {"type": "Feature", "geometry": {"type": "Polygon", "coordinates": [[[87.272, 26.331999999999997], [87.272, 26.33], [87.274, 26.33], [87.274, 26.331999999999997], [87.272, 26.331999999999997]]]}, "properties": {"class": "flood", "source": "UNOSAT S-1 2024-09-27"}}, {"type": "Feature", "geometry": {"type": "Polygon", "coordinates": [[[87.276, 26.331999999999997], [87.276, 26.33], [87.278, 26.33], [87.278, 26.331999999999997], [87.276, 26.331999999999997]]]}, "properties": {"class": "flood", "source": "UNOSAT S-1 2024-09-27"}}, {"type": "Feature", "geometry": {"type": "Polygon", "coordinates": [[[87.372, 26.331999999999997], [87.372, 26.33], [87.374, 26.33], [87.374, 26.331999999999997], [87.372, 26.331999999999997]]]}, "properties": {"class": "flood", "source": "UNOSAT S-1 2024-09-27"}}, {"type": "Feature", "geometry": {"type": "Polygon", "coordinates": [[[87.32600000000001, 26.349999999999998], [87.328, 26.337999999999997], [87.322, 26.34], [87.318, 26.334], [87.322, 26.334], [87.324, 26.328], [87.32600000000001, 26.331999999999997], [87.33, 26.331999999999997], [87.33200000000001, 26.328], [87.33, 26.336], [87.334, 26.337999999999997], [87.33, 26.34], [87.334, 26.342], [87.33, 26.342], [87.33200000000001, 26.348], [87.32600000000001, 26.349999999999998]]]}, "properties": {"class": "flood", "source": "UNOSAT S-1 2024-09-27"}}, {"type": "Feature", "geometry": {"type": "Polygon", "coordinates": [[[87.258, 26.334], [87.258, 26.328], [87.26, 26.328], [87.26, 26.334], [87.258, 26.334]]]}, "properties": {"class": "flood", "source": "UNOSAT S-1 2024-09-27"}}, {"type": "Feature", "geometry": {"type": "Polygon", "coordinates": [[[87.34400000000001, 26.334], [87.34400000000001, 26.328], [87.346, 26.328], [87.346, 26.334], [87.34400000000001, 26.334]]]}, "properties": {"class": "flood", "source": "UNOSAT S-1 2024-09-27"}}, {"type": "Feature", "geometry": {"type": "Polygon", "coordinates": [[[87.218, 26.33], [87.218, 26.328], [87.22, 26.328], [87.22, 26.33], [87.218, 26.33]]]}, "properties": {"class": "flood", "source": "UNOSAT S-1 2024-09-27"}}, {"type": "Feature", "geometry": {"type": "Polygon", "coordinates": [[[86.72800000000001, 26.328], [86.72800000000001, 26.326], [86.73, 26.326], [86.73, 26.328], [86.72800000000001, 26.328]]]}, "properties": {"class": "flood", "source": "UNOSAT S-1 2024-09-27"}}, {"type": "Feature", "geometry": {"type": "Polygon", "coordinates": [[[87.32600000000001, 26.328], [87.32600000000001, 26.326], [87.328, 26.326], [87.328, 26.328], [87.32600000000001, 26.328]]]}, "properties": {"class": "flood", "source": "UNOSAT S-1 2024-09-27"}}, {"type": "Feature", "geometry": {"type": "Polygon", "coordinates": [[[87.376, 26.328], [87.376, 26.326], [87.378, 26.326], [87.378, 26.328], [87.376, 26.328]]]}, "properties": {"class": "flood", "source": "UNOSAT S-1 2024-09-27"}}, {"type": "Feature", "geometry": {"type": "Polygon", "coordinates": [[[87.382, 26.328], [87.382, 26.326], [87.384, 26.326], [87.384, 26.328], [87.382, 26.328]]]}, "properties": {"class": "flood", "source": "UNOSAT S-1 2024-09-27"}}, {"type": "Feature", "geometry": {"type": "Polygon", "coordinates": [[[86.694, 26.331999999999997], [86.69200000000001, 26.328], [86.696, 26.328], [86.69800000000001, 26.323999999999998], [86.69800000000001, 26.33], [86.694, 26.331999999999997]]]}, "properties": {"class": "flood", "source": "UNOSAT S-1 2024-09-27"}}, {"type": "Feature", "geometry": {"type": "Polygon", "coordinates": [[[87.354, 26.328], [87.354, 26.326], [87.358, 26.323999999999998], [87.358, 26.328], [87.354, 26.328]]]}, "properties": {"class": "flood", "source": "UNOSAT S-1 2024-09-27"}}, {"type": "Feature", "geometry": {"type": "Polygon", "coordinates": [[[86.274, 26.326], [86.274, 26.323999999999998], [86.28, 26.323999999999998], [86.28, 26.326], [86.274, 26.326]]]}, "properties": {"class": "flood", "source": "UNOSAT S-1 2024-09-27"}}, {"type": "Feature", "geometry": {"type": "Polygon", "coordinates": [[[87.306, 26.326], [87.306, 26.323999999999998], [87.308, 26.323999999999998], [87.308, 26.326], [87.306, 26.326]]]}, "properties": {"class": "flood", "source": "UNOSAT S-1 2024-09-27"}}, {"type": "Feature", "geometry": {"type": "Polygon", "coordinates": [[[87.378, 26.326], [87.378, 26.323999999999998], [87.38, 26.323999999999998], [87.38, 26.326], [87.378, 26.326]]]}, "properties": {"class": "flood", "source": "UNOSAT S-1 2024-09-27"}}, {"type": "Feature", "geometry": {"type": "Polygon", "coordinates": [[[87.34, 26.328], [87.34400000000001, 26.322], [87.348, 26.323999999999998], [87.348, 26.328], [87.34, 26.328]]]}, "properties": {"class": "flood", "source": "UNOSAT S-1 2024-09-27"}}, {"type": "Feature", "geometry": {"type": "Polygon", "coordinates": [[[86.268, 26.323999999999998], [86.268, 26.322], [86.27, 26.322], [86.27, 26.323999999999998], [86.268, 26.323999999999998]]]}, "properties": {"class": "flood", "source": "UNOSAT S-1 2024-09-27"}}, {"type": "Feature", "geometry": {"type": "Polygon", "coordinates": [[[87.358, 26.323999999999998], [87.358, 26.322], [87.36, 26.322], [87.36, 26.323999999999998], [87.358, 26.323999999999998]]]}, "properties": {"class": "flood", "source": "UNOSAT S-1 2024-09-27"}}, {"type": "Feature", "geometry": {"type": "Polygon", "coordinates": [[[86.27, 26.322], [86.27, 26.32], [86.272, 26.32], [86.272, 26.322], [86.27, 26.322]]]}, "properties": {"class": "flood", "source": "UNOSAT S-1 2024-09-27"}}, {"type": "Feature", "geometry": {"type": "Polygon", "coordinates": [[[87.35000000000001, 26.326], [87.35000000000001, 26.323999999999998], [87.346, 26.32], [87.352, 26.322], [87.35000000000001, 26.326]]]}, "properties": {"class": "flood", "source": "UNOSAT S-1 2024-09-27"}}, {"type": "Feature", "geometry": {"type": "Polygon", "coordinates": [[[87.352, 26.322], [87.352, 26.32], [87.354, 26.32], [87.354, 26.322], [87.352, 26.322]]]}, "properties": {"class": "flood", "source": "UNOSAT S-1 2024-09-27"}}, {"type": "Feature", "geometry": {"type": "Polygon", "coordinates": [[[87.35600000000001, 26.322], [87.35600000000001, 26.32], [87.358, 26.32], [87.358, 26.322], [87.35600000000001, 26.322]]]}, "properties": {"class": "flood", "source": "UNOSAT S-1 2024-09-27"}}, {"type": "Feature", "geometry": {"type": "Polygon", "coordinates": [[[87.384, 26.322], [87.384, 26.32], [87.386, 26.32], [87.386, 26.322], [87.384, 26.322]]]}, "properties": {"class": "flood", "source": "UNOSAT S-1 2024-09-27"}}, {"type": "Feature", "geometry": {"type": "Polygon", "coordinates": [[[86.68, 26.334], [86.668, 26.326], [86.668, 26.317999999999998], [86.674, 26.328], [86.684, 26.331999999999997], [86.68, 26.334]]]}, "properties": {"class": "flood", "source": "UNOSAT S-1 2024-09-27"}}, {"type": "Feature", "geometry": {"type": "Polygon", "coordinates": [[[87.334, 26.322], [87.334, 26.317999999999998], [87.336, 26.317999999999998], [87.336, 26.322], [87.334, 26.322]]]}, "properties": {"class": "flood", "source": "UNOSAT S-1 2024-09-27"}}, {"type": "Feature", "geometry": {"type": "Polygon", "coordinates": [[[86.672, 26.32], [86.672, 26.317999999999998], [86.674, 26.317999999999998], [86.674, 26.32], [86.672, 26.32]]]}, "properties": {"class": "flood", "source": "UNOSAT S-1 2024-09-27"}}, {"type": "Feature", "geometry": {"type": "Polygon", "coordinates": [[[87.358, 26.32], [87.358, 26.317999999999998], [87.36, 26.317999999999998], [87.36, 26.32], [87.358, 26.32]]]}, "properties": {"class": "flood", "source": "UNOSAT S-1 2024-09-27"}}, {"type": "Feature", "geometry": {"type": "Polygon", "coordinates": [[[87.36800000000001, 26.323999999999998], [87.37, 26.317999999999998], [87.376, 26.317999999999998], [87.374, 26.323999999999998], [87.36800000000001, 26.323999999999998]], [[87.37, 26.322], [87.372, 26.322], [87.372, 26.32], [87.37, 26.32], [87.37, 26.322]]]}, "properties": {"class": "flood", "source": "UNOSAT S-1 2024-09-27"}}, {"type": "Feature", "geometry": {"type": "Polygon", "coordinates": [[[87.386, 26.32], [87.386, 26.317999999999998], [87.388, 26.317999999999998], [87.388, 26.32], [87.386, 26.32]]]}, "properties": {"class": "flood", "source": "UNOSAT S-1 2024-09-27"}}, {"type": "Feature", "geometry": {"type": "Polygon", "coordinates": [[[86.67, 26.317999999999998], [86.67, 26.316], [86.672, 26.316], [86.672, 26.317999999999998], [86.67, 26.317999999999998]]]}, "properties": {"class": "flood", "source": "UNOSAT S-1 2024-09-27"}}, {"type": "Feature", "geometry": {"type": "Polygon", "coordinates": [[[87.304, 26.317999999999998], [87.304, 26.316], [87.308, 26.316], [87.308, 26.317999999999998], [87.304, 26.317999999999998]]]}, "properties": {"class": "flood", "source": "UNOSAT S-1 2024-09-27"}}, {"type": "Feature", "geometry": {"type": "Polygon", "coordinates": [[[87.354, 26.317999999999998], [87.354, 26.316], [87.35600000000001, 26.316], [87.35600000000001, 26.317999999999998], [87.354, 26.317999999999998]]]}, "properties": {"class": "flood", "source": "UNOSAT S-1 2024-09-27"}}, {"type": "Feature", "geometry": {"type": "Polygon", "coordinates": [[[87.364, 26.317999999999998], [87.364, 26.316], [87.366, 26.316], [87.366, 26.317999999999998], [87.364, 26.317999999999998]]]}, "properties": {"class": "flood", "source": "UNOSAT S-1 2024-09-27"}}, {"type": "Feature", "geometry": {"type": "Polygon", "coordinates": [[[87.384, 26.317999999999998], [87.384, 26.316], [87.386, 26.316], [87.386, 26.317999999999998], [87.384, 26.317999999999998]]]}, "properties": {"class": "flood", "source": "UNOSAT S-1 2024-09-27"}}, {"type": "Feature", "geometry": {"type": "Polygon", "coordinates": [[[87.42, 26.317999999999998], [87.42, 26.316], [87.422, 26.316], [87.422, 26.317999999999998], [87.42, 26.317999999999998]]]}, "properties": {"class": "flood", "source": "UNOSAT S-1 2024-09-27"}}, {"type": "Feature", "geometry": {"type": "Polygon", "coordinates": [[[87.318, 26.316], [87.318, 26.314], [87.32000000000001, 26.314], [87.32000000000001, 26.316], [87.318, 26.316]]]}, "properties": {"class": "flood", "source": "UNOSAT S-1 2024-09-27"}}, {"type": "Feature", "geometry": {"type": "Polygon", "coordinates": [[[87.342, 26.316], [87.342, 26.314], [87.34400000000001, 26.314], [87.34400000000001, 26.316], [87.342, 26.316]]]}, "properties": {"class": "flood", "source": "UNOSAT S-1 2024-09-27"}}, {"type": "Feature", "geometry": {"type": "Polygon", "coordinates": [[[87.36800000000001, 26.316], [87.36800000000001, 26.314], [87.374, 26.314], [87.374, 26.316], [87.36800000000001, 26.316]]]}, "properties": {"class": "flood", "source": "UNOSAT S-1 2024-09-27"}}, {"type": "Feature", "geometry": {"type": "Polygon", "coordinates": [[[87.418, 26.316], [87.418, 26.314], [87.42, 26.314], [87.42, 26.316], [87.418, 26.316]]]}, "properties": {"class": "flood", "source": "UNOSAT S-1 2024-09-27"}}, {"type": "Feature", "geometry": {"type": "Polygon", "coordinates": [[[86.668, 26.316], [86.666, 26.314], [86.666, 26.311999999999998], [86.67, 26.311999999999998], [86.668, 26.316]]]}, "properties": {"class": "flood", "source": "UNOSAT S-1 2024-09-27"}}, {"type": "Feature", "geometry": {"type": "Polygon", "coordinates": [[[86.676, 26.314], [86.676, 26.311999999999998], [86.678, 26.311999999999998], [86.678, 26.314], [86.676, 26.314]]]}, "properties": {"class": "flood", "source": "UNOSAT S-1 2024-09-27"}}, {"type": "Feature", "geometry": {"type": "Polygon", "coordinates": [[[87.3, 26.314], [87.3, 26.311999999999998], [87.304, 26.311999999999998], [87.304, 26.314], [87.3, 26.314]]]}, "properties": {"class": "flood", "source": "UNOSAT S-1 2024-09-27"}}, {"type": "Feature", "geometry": {"type": "Polygon", "coordinates": [[[87.414, 26.316], [87.412, 26.314], [87.412, 26.311999999999998], [87.416, 26.311999999999998], [87.414, 26.316]]]}, "properties": {"class": "flood", "source": "UNOSAT S-1 2024-09-27"}}, {"type": "Feature", "geometry": {"type": "Polygon", "coordinates": [[[87.42, 26.314], [87.42, 26.311999999999998], [87.422, 26.311999999999998], [87.422, 26.314], [87.42, 26.314]]]}, "properties": {"class": "flood", "source": "UNOSAT S-1 2024-09-27"}}, {"type": "Feature", "geometry": {"type": "Polygon", "coordinates": [[[87.456, 26.317999999999998], [87.452, 26.314], [87.452, 26.311999999999998], [87.458, 26.314], [87.456, 26.317999999999998]]]}, "properties": {"class": "flood", "source": "UNOSAT S-1 2024-09-27"}}, {"type": "Feature", "geometry": {"type": "Polygon", "coordinates": [[[87.36, 26.317999999999998], [87.36, 26.31], [87.36200000000001, 26.31], [87.364, 26.316], [87.36, 26.317999999999998]]]}, "properties": {"class": "flood", "source": "UNOSAT S-1 2024-09-27"}}, {"type": "Feature", "geometry": {"type": "Polygon", "coordinates": [[[87.378, 26.316], [87.376, 26.311999999999998], [87.38, 26.31], [87.38, 26.316], [87.378, 26.316]]]}, "properties": {"class": "flood", "source": "UNOSAT S-1 2024-09-27"}}, {"type": "Feature", "geometry": {"type": "Polygon", "coordinates": [[[87.322, 26.311999999999998], [87.322, 26.31], [87.324, 26.31], [87.324, 26.311999999999998], [87.322, 26.311999999999998]]]}, "properties": {"class": "flood", "source": "UNOSAT S-1 2024-09-27"}}, {"type": "Feature", "geometry": {"type": "Polygon", "coordinates": [[[87.44800000000001, 26.311999999999998], [87.44800000000001, 26.31], [87.452, 26.31], [87.452, 26.311999999999998], [87.44800000000001, 26.311999999999998]]]}, "properties": {"class": "flood", "source": "UNOSAT S-1 2024-09-27"}}, {"type": "Feature", "geometry": {"type": "Polygon", "coordinates": [[[87.382, 26.316], [87.382, 26.31], [87.386, 26.311999999999998], [87.388, 26.308], [87.39, 26.314], [87.382, 26.316]]]}, "properties": {"class": "flood", "source": "UNOSAT S-1 2024-09-27"}}, {"type": "Feature", "geometry": {"type": "Polygon", "coordinates": [[[87.296, 26.311999999999998], [87.296, 26.308], [87.3, 26.308], [87.3, 26.31], [87.296, 26.311999999999998]]]}, "properties": {"class": "flood", "source": "UNOSAT S-1 2024-09-27"}}, {"type": "Feature", "geometry": {"type": "Polygon", "coordinates": [[[87.348, 26.311999999999998], [87.348, 26.308], [87.35000000000001, 26.308], [87.35000000000001, 26.311999999999998], [87.348, 26.311999999999998]]]}, "properties": {"class": "flood", "source": "UNOSAT S-1 2024-09-27"}}, {"type": "Feature", "geometry": {"type": "Polygon", "coordinates": [[[87.374, 26.311999999999998], [87.374, 26.308], [87.376, 26.308], [87.376, 26.311999999999998], [87.374, 26.311999999999998]]]}, "properties": {"class": "flood", "source": "UNOSAT S-1 2024-09-27"}}, {"type": "Feature", "geometry": {"type": "Polygon", "coordinates": [[[86.48400000000001, 26.31], [86.48400000000001, 26.308], [86.486, 26.308], [86.486, 26.31], [86.48400000000001, 26.31]]]}, "properties": {"class": "flood", "source": "UNOSAT S-1 2024-09-27"}}, {"type": "Feature", "geometry": {"type": "Polygon", "coordinates": [[[86.684, 26.31], [86.684, 26.308], [86.686, 26.308], [86.686, 26.31], [86.684, 26.31]]]}, "properties": {"class": "flood", "source": "UNOSAT S-1 2024-09-27"}}, {"type": "Feature", "geometry": {"type": "Polygon", "coordinates": [[[87.306, 26.31], [87.306, 26.308], [87.308, 26.308], [87.308, 26.31], [87.306, 26.31]]]}, "properties": {"class": "flood", "source": "UNOSAT S-1 2024-09-27"}}, {"type": "Feature", "geometry": {"type": "Polygon", "coordinates": [[[87.38, 26.31], [87.38, 26.308], [87.382, 26.308], [87.382, 26.31], [87.38, 26.31]]]}, "properties": {"class": "flood", "source": "UNOSAT S-1 2024-09-27"}}, {"type": "Feature", "geometry": {"type": "Polygon", "coordinates": [[[87.39, 26.31], [87.39, 26.305999999999997], [87.392, 26.305999999999997], [87.392, 26.31], [87.39, 26.31]]]}, "properties": {"class": "flood", "source": "UNOSAT S-1 2024-09-27"}}, {"type": "Feature", "geometry": {"type": "Polygon", "coordinates": [[[87.336, 26.308], [87.336, 26.305999999999997], [87.33800000000001, 26.305999999999997], [87.33800000000001, 26.308], [87.336, 26.308]]]}, "properties": {"class": "flood", "source": "UNOSAT S-1 2024-09-27"}}, {"type": "Feature", "geometry": {"type": "Polygon", "coordinates": [[[87.414, 26.308], [87.414, 26.305999999999997], [87.416, 26.305999999999997], [87.416, 26.308], [87.414, 26.308]]]}, "properties": {"class": "flood", "source": "UNOSAT S-1 2024-09-27"}}, {"type": "Feature", "geometry": {"type": "Polygon", "coordinates": [[[86.656, 26.31], [86.658, 26.304], [86.666, 26.308], [86.666, 26.31], [86.656, 26.31]]]}, "properties": {"class": "flood", "source": "UNOSAT S-1 2024-09-27"}}, {"type": "Feature", "geometry": {"type": "Polygon", "coordinates": [[[87.37, 26.31], [87.37, 26.304], [87.374, 26.304], [87.372, 26.31], [87.37, 26.31]]]}, "properties": {"class": "flood", "source": "UNOSAT S-1 2024-09-27"}}, {"type": "Feature", "geometry": {"type": "Polygon", "coordinates": [[[87.398, 26.31], [87.398, 26.305999999999997], [87.404, 26.304], [87.402, 26.31], [87.398, 26.31]]]}, "properties": {"class": "flood", "source": "UNOSAT S-1 2024-09-27"}}, {"type": "Feature", "geometry": {"type": "Polygon", "coordinates": [[[87.378, 26.308], [87.378, 26.305999999999997], [87.376, 26.304], [87.38, 26.304], [87.378, 26.308]]]}, "properties": {"class": "flood", "source": "UNOSAT S-1 2024-09-27"}}, {"type": "Feature", "geometry": {"type": "Polygon", "coordinates": [[[87.384, 26.305999999999997], [87.384, 26.304], [87.386, 26.304], [87.386, 26.305999999999997], [87.384, 26.305999999999997]]]}, "properties": {"class": "flood", "source": "UNOSAT S-1 2024-09-27"}}, {"type": "Feature", "geometry": {"type": "Polygon", "coordinates": [[[87.394, 26.31], [87.394, 26.305999999999997], [87.392, 26.304], [87.396, 26.304], [87.394, 26.31]]]}, "properties": {"class": "flood", "source": "UNOSAT S-1 2024-09-27"}}, {"type": "Feature", "geometry": {"type": "Polygon", "coordinates": [[[87.426, 26.305999999999997], [87.426, 26.304], [87.428, 26.304], [87.428, 26.305999999999997], [87.426, 26.305999999999997]]]}, "properties": {"class": "flood", "source": "UNOSAT S-1 2024-09-27"}}, {"type": "Feature", "geometry": {"type": "Polygon", "coordinates": [[[86.27, 26.304], [86.27, 26.302], [86.272, 26.302], [86.272, 26.304], [86.27, 26.304]]]}, "properties": {"class": "flood", "source": "UNOSAT S-1 2024-09-27"}}, {"type": "Feature", "geometry": {"type": "Polygon", "coordinates": [[[86.654, 26.304], [86.654, 26.302], [86.656, 26.302], [86.656, 26.304], [86.654, 26.304]]]}, "properties": {"class": "flood", "source": "UNOSAT S-1 2024-09-27"}}, {"type": "Feature", "geometry": {"type": "Polygon", "coordinates": [[[87.34400000000001, 26.304], [87.34400000000001, 26.302], [87.346, 26.302], [87.346, 26.304], [87.34400000000001, 26.304]]]}, "properties": {"class": "flood", "source": "UNOSAT S-1 2024-09-27"}}, {"type": "Feature", "geometry": {"type": "Polygon", "coordinates": [[[87.36800000000001, 26.304], [87.36800000000001, 26.302], [87.37, 26.302], [87.37, 26.304], [87.36800000000001, 26.304]]]}, "properties": {"class": "flood", "source": "UNOSAT S-1 2024-09-27"}}, {"type": "Feature", "geometry": {"type": "Polygon", "coordinates": [[[87.386, 26.304], [87.386, 26.302], [87.388, 26.302], [87.388, 26.304], [87.386, 26.304]]]}, "properties": {"class": "flood", "source": "UNOSAT S-1 2024-09-27"}}, {"type": "Feature", "geometry": {"type": "Polygon", "coordinates": [[[87.422, 26.304], [87.422, 26.302], [87.424, 26.302], [87.424, 26.304], [87.422, 26.304]]]}, "properties": {"class": "flood", "source": "UNOSAT S-1 2024-09-27"}}, {"type": "Feature", "geometry": {"type": "Polygon", "coordinates": [[[87.32600000000001, 26.311999999999998], [87.324, 26.308], [87.318, 26.31], [87.316, 26.304], [87.308, 26.308], [87.308, 26.302], [87.324, 26.299999999999997], [87.324, 26.305999999999997], [87.328, 26.308], [87.32600000000001, 26.311999999999998]], [[87.316, 26.304], [87.32000000000001, 26.304], [87.32000000000001, 26.302], [87.316, 26.302], [87.316, 26.304]]]}, "properties": {"class": "flood", "source": "UNOSAT S-1 2024-09-27"}}, {"type": "Feature", "geometry": {"type": "Polygon", "coordinates": [[[87.352, 26.308], [87.354, 26.302], [87.358, 26.299999999999997], [87.36, 26.304], [87.352, 26.308]]]}, "properties": {"class": "flood", "source": "UNOSAT S-1 2024-09-27"}}, {"type": "Feature", "geometry": {"type": "Polygon", "coordinates": [[[86.67, 26.304], [86.67, 26.299999999999997], [86.672, 26.299999999999997], [86.672, 26.304], [86.67, 26.304]]]}, "properties": {"class": "flood", "source": "UNOSAT S-1 2024-09-27"}}, {"type": "Feature", "geometry": {"type": "Polygon", "coordinates": [[[87.374, 26.304], [87.374, 26.299999999999997], [87.376, 26.299999999999997], [87.376, 26.304], [87.374, 26.304]]]}, "properties": {"class": "flood", "source": "UNOSAT S-1 2024-09-27"}}, {"type": "Feature", "geometry": {"type": "Polygon", "coordinates": [[[86.268, 26.302], [86.268, 26.299999999999997], [86.27, 26.299999999999997], [86.27, 26.302], [86.268, 26.302]]]}, "properties": {"class": "flood", "source": "UNOSAT S-1 2024-09-27"}}, {"type": "Feature", "geometry": {"type": "Polygon", "coordinates": [[[87.346, 26.302], [87.346, 26.299999999999997], [87.348, 26.299999999999997], [87.348, 26.302], [87.346, 26.302]]]}, "properties": {"class": "flood", "source": "UNOSAT S-1 2024-09-27"}}, {"type": "Feature", "geometry": {"type": "Polygon", "coordinates": [[[87.36, 26.302], [87.36, 26.299999999999997], [87.36200000000001, 26.299999999999997], [87.36200000000001, 26.302], [87.36, 26.302]]]}, "properties": {"class": "flood", "source": "UNOSAT S-1 2024-09-27"}}, {"type": "Feature", "geometry": {"type": "Polygon", "coordinates": [[[87.364, 26.302], [87.364, 26.299999999999997], [87.36800000000001, 26.299999999999997], [87.36800000000001, 26.302], [87.364, 26.302]]]}, "properties": {"class": "flood", "source": "UNOSAT S-1 2024-09-27"}}, {"type": "Feature", "geometry": {"type": "Polygon", "coordinates": [[[87.38, 26.304], [87.378, 26.299999999999997], [87.382, 26.299999999999997], [87.384, 26.304], [87.38, 26.304]]]}, "properties": {"class": "flood", "source": "UNOSAT S-1 2024-09-27"}}, {"type": "Feature", "geometry": {"type": "Polygon", "coordinates": [[[87.4, 26.302], [87.4, 26.299999999999997], [87.402, 26.299999999999997], [87.402, 26.302], [87.4, 26.302]]]}, "properties": {"class": "flood", "source": "UNOSAT S-1 2024-09-27"}}, {"type": "Feature", "geometry": {"type": "Polygon", "coordinates": [[[87.424, 26.302], [87.424, 26.299999999999997], [87.426, 26.299999999999997], [87.426, 26.302], [87.424, 26.302]]]}, "properties": {"class": "flood", "source": "UNOSAT S-1 2024-09-27"}}, {"type": "Feature", "geometry": {"type": "Polygon", "coordinates": [[[87.428, 26.302], [87.428, 26.299999999999997], [87.432, 26.299999999999997], [87.432, 26.302], [87.428, 26.302]]]}, "properties": {"class": "flood", "source": "UNOSAT S-1 2024-09-27"}}]}