{"type": "FeatureCollection", "features": [{"type": "Feature", "geometry": {"type": "Polygon", "coordinates": [[[86.06, 26.89], [86.14, 26.89], [86.14, 26.97], [86.06, 26.97], [86.06, 26.89]]]}, "properties": {"cell_id": "c_00000", "flood_depth_m": {"rp10": 0.02, "rp100": 0.05}, "glof_depth_m": 0.0, "landslide_prob": 0.214, "population": 8952, "critical_assets": [], "eal_people": 136.075, "eal_usd": 340188.0, "observed_flood_frac": 0.007, "modeled_flood_frac": 0.0, "elev_m": 193.3, "slope_deg": 3.8, "landcover": "tree", "population_data_status": "WorldPop/GHSL raster aggregate", "landcover_data_status": "ESA WorldCover cell median", "flood_depth_data_status": "deterministic cell-scale proxy from modeled flood fraction and GLOF depth", "low_income_score": 0.15, "equity_weight": 1.075, "scenario": "current_risk_model", "people_risk_eal": 136.075, "data_status": "model output"}}, {"type": "Feature", "geometry": {"type": "Polygon", "coordinates": [[[86.14, 26.89], [86.22, 26.89], [86.22, 26.97], [86.14, 26.97], [86.14, 26.89]]]}, "properties": {"cell_id": "c_00001", "flood_depth_m": {"rp10": 0.02, "rp100": 0.05}, "glof_depth_m": 0.0, "landslide_prob": 0.282, "population": 11470, "critical_assets": ["school"], "eal_people": 182.734, "eal_usd": 456835.0, "observed_flood_frac": 0.003, "modeled_flood_frac": 0.0, "elev_m": 196.6, "slope_deg": 4.6, "landcover": "tree", "population_data_status": "WorldPop/GHSL raster aggregate", "landcover_data_status": "ESA WorldCover cell median", "flood_depth_data_status": "deterministic cell-scale proxy from modeled flood fraction and GLOF depth", "low_income_score": 0.15, "equity_weight": 1.075, "scenario": "current_risk_model", "people_risk_eal": 182.734, "data_status": "model output"}}, {"type": "Feature", "geometry": {"type": "Polygon", "coordinates": [[[86.22, 26.89], [86.3, 26.89], [86.3, 26.97], [86.22, 26.97], [86.22, 26.89]]]}, "properties": {"cell_id": "c_00002", "flood_depth_m": {"rp10": 0.02, "rp100": 0.05}, "glof_depth_m": 0.0, "landslide_prob": 0.196, "population": 31050, "critical_assets": [], "eal_people": 465.967, "eal_usd": 1164918.0, "observed_flood_frac": 0.003, "modeled_flood_frac": 0.0, "elev_m": 214.7, "slope_deg": 3.2, "landcover": "tree", "population_data_status": "WorldPop/GHSL raster aggregate", "landcover_data_status": "ESA WorldCover cell median", "flood_depth_data_status": "deterministic cell-scale proxy from modeled flood fraction and GLOF depth", "low_income_score": 0.15, "equity_weight": 1.075, "scenario": "current_risk_model", "people_risk_eal": 465.967, "data_status": "model output"}}, {"type": "Feature", "geometry": {"type": "Polygon", "coordinates": [[[86.3, 26.89], [86.38, 26.89], [86.38, 26.97], [86.3, 26.97], [86.3, 26.89]]]}, "properties": {"cell_id": "c_00003", "flood_depth_m": {"rp10": 0.02, "rp100": 0.05}, "glof_depth_m": 0.0, "landslide_prob": 0.242, "population": 31343, "critical_assets": [], "eal_people": 485.864, "eal_usd": 1214660.0, "observed_flood_frac": 0.001, "modeled_flood_frac": 0.0, "elev_m": 292.2, "slope_deg": 4.0, "landcover": "tree", "population_data_status": "WorldPop/GHSL raster aggregate", "landcover_data_status": "ESA WorldCover cell median", "flood_depth_data_status": "deterministic cell-scale proxy from modeled flood fraction and GLOF depth", "low_income_score": 0.15, "equity_weight": 1.075, "scenario": "current_risk_model", "people_risk_eal": 485.864, "data_status": "model output"}}, {"type": "Feature", "geometry": {"type": "Polygon", "coordinates": [[[86.38, 26.89], [86.46000000000001, 26.89], [86.46000000000001, 26.97], [86.38, 26.97], [86.38, 26.89]]]}, "properties": {"cell_id": "c_00004", "flood_depth_m": {"rp10": 0.02, "rp100": 0.05}, "glof_depth_m": 0.0, "landslide_prob": 0.319, "population": 8688, "critical_assets": [], "eal_people": 141.869, "eal_usd": 354672.0, "observed_flood_frac": 0.001, "modeled_flood_frac": 0.0, "elev_m": 362.5, "slope_deg": 6.5, "landcover": "tree", "population_data_status": "WorldPop/GHSL raster aggregate", "landcover_data_status": "ESA WorldCover cell median", "flood_depth_data_status": "deterministic cell-scale proxy from modeled flood fraction and GLOF depth", "low_income_score": 0.15, "equity_weight": 1.075, "scenario": "current_risk_model", "people_risk_eal": 141.869, "data_status": "model output"}}, {"type": "Feature", "geometry": {"type": "Polygon", "coordinates": [[[86.46000000000001, 26.89], [86.54, 26.89], [86.54, 26.97], [86.46000000000001, 26.97], [86.46000000000001, 26.89]]]}, "properties": {"cell_id": "c_00005", "flood_depth_m": {"rp10": 0.02, "rp100": 0.05}, "glof_depth_m": 0.0, "landslide_prob": 0.508, "population": 2869, "critical_assets": ["school"], "eal_people": 52.851, "eal_usd": 132128.0, "observed_flood_frac": 0.0, "modeled_flood_frac": 0.001, "elev_m": 623.8, "slope_deg": 11.9, "landcover": "tree", "population_data_status": "WorldPop/GHSL raster aggregate", "landcover_data_status": "ESA WorldCover cell median", "flood_depth_data_status": "deterministic cell-scale proxy from modeled flood fraction and GLOF depth", "low_income_score": 0.15, "equity_weight": 1.075, "scenario": "current_risk_model", "people_risk_eal": 52.851, "data_status": "model output"}}, {"type": "Feature", "geometry": {"type": "Polygon", "coordinates": [[[86.54, 26.89], [86.62, 26.89], [86.62, 26.97], [86.54, 26.97], [86.54, 26.89]]]}, "properties": {"cell_id": "c_00006", "flood_depth_m": {"rp10": 0.02, "rp100": 0.05}, "glof_depth_m": 0.0, "landslide_prob": 0.585, "population": 4204, "critical_assets": ["school"], "eal_people": 80.67, "eal_usd": 201675.0, "observed_flood_frac": 0.0, "modeled_flood_frac": 0.0, "elev_m": 879.0, "slope_deg": 16.6, "landcover": "tree", "population_data_status": "WorldPop/GHSL raster aggregate", "landcover_data_status": "ESA WorldCover cell median", "flood_depth_data_status": "deterministic cell-scale proxy from modeled flood fraction and GLOF depth", "low_income_score": 0.15, "equity_weight": 1.075, "scenario": "current_risk_model", "people_risk_eal": 80.67, "data_status": "model output"}}, {"type": "Feature", "geometry": {"type": "Polygon", "coordinates": [[[86.62, 26.89], [86.7, 26.89], [86.7, 26.97], [86.62, 26.97], [86.62, 26.89]]]}, "properties": {"cell_id": "c_00007", "flood_depth_m": {"rp10": 0.02, "rp100": 0.05}, "glof_depth_m": 0.0, "landslide_prob": 0.634, "population": 9857, "critical_assets": [], "eal_people": 194.932, "eal_usd": 487330.0, "observed_flood_frac": 0.0, "modeled_flood_frac": 0.001, "elev_m": 1088.6, "slope_deg": 19.7, "landcover": "tree", "population_data_status": "WorldPop/GHSL raster aggregate", "landcover_data_status": "ESA WorldCover cell median", "flood_depth_data_status": "deterministic cell-scale proxy from modeled flood fraction and GLOF depth", "low_income_score": 0.15, "equity_weight": 1.075, "scenario": "current_risk_model", "people_risk_eal": 194.932, "data_status": "model output"}}, {"type": "Feature", "geometry": {"type": "Polygon", "coordinates": [[[86.7, 26.89], [86.78, 26.89], [86.78, 26.97], [86.7, 26.97], [86.7, 26.89]]]}, "properties": {"cell_id": "c_00008", "flood_depth_m": {"rp10": 0.02, "rp100": 0.05}, "glof_depth_m": 0.0, "landslide_prob": 0.634, "population": 7270, "critical_assets": [], "eal_people": 143.771, "eal_usd": 359427.0, "observed_flood_frac": 0.0, "modeled_flood_frac": 0.001, "elev_m": 831.7, "slope_deg": 19.9, "landcover": "tree", "population_data_status": "WorldPop/GHSL raster aggregate", "landcover_data_status": "ESA WorldCover cell median", "flood_depth_data_status": "deterministic cell-scale proxy from modeled flood fraction and GLOF depth", "low_income_score": 0.15, "equity_weight": 1.075, "scenario": "current_risk_model", "people_risk_eal": 143.771, "data_status": "model output"}}, {"type": "Feature", "geometry": {"type": "Polygon", "coordinates": [[[86.78, 26.89], [86.86, 26.89], [86.86, 26.97], [86.78, 26.97], [86.78, 26.89]]]}, "properties": {"cell_id": "c_00009", "flood_depth_m": {"rp10": 0.02, "rp100": 0.05}, "glof_depth_m": 0.0, "landslide_prob": 0.641, "population": 6622, "critical_assets": [], "eal_people": 131.054, "eal_usd": 327635.0, "observed_flood_frac": 0.0, "modeled_flood_frac": 0.0, "elev_m": 1038.3, "slope_deg": 20.6, "landcover": "tree", "population_data_status": "WorldPop/GHSL raster aggregate", "landcover_data_status": "ESA WorldCover cell median", "flood_depth_data_status": "deterministic cell-scale proxy from modeled flood fraction and GLOF depth", "low_income_score": 0.15, "equity_weight": 1.075, "scenario": "current_risk_model", "people_risk_eal": 131.054, "data_status": "model output"}}, {"type": "Feature", "geometry": {"type": "Polygon", "coordinates": [[[86.86, 26.89], [86.94, 26.89], [86.94, 26.97], [86.86, 26.97], [86.86, 26.89]]]}, "properties": {"cell_id": "c_00010", "flood_depth_m": {"rp10": 0.02, "rp100": 0.05}, "glof_depth_m": 0.0, "landslide_prob": 0.64, "population": 6633, "critical_assets": [], "eal_people": 131.201, "eal_usd": 328002.0, "observed_flood_frac": 0.0, "modeled_flood_frac": 0.0, "elev_m": 761.5, "slope_deg": 20.6, "landcover": "tree", "population_data_status": "WorldPop/GHSL raster aggregate", "landcover_data_status": "ESA WorldCover cell median", "flood_depth_data_status": "deterministic cell-scale proxy from modeled flood fraction and GLOF depth", "low_income_score": 0.15, "equity_weight": 1.075, "scenario": "current_risk_model", "people_risk_eal": 131.201, "data_status": "model output"}}, {"type": "Feature", "geometry": {"type": "Polygon", "coordinates": [[[86.94, 26.89], [87.02, 26.89], [87.02, 26.97], [86.94, 26.97], [86.94, 26.89]]]}, "properties": {"cell_id": "c_00011", "flood_depth_m": {"rp10": 0.02, "rp100": 0.05}, "glof_depth_m": 0.0, "landslide_prob": 0.618, "population": 5212, "critical_assets": [], "eal_people": 101.861, "eal_usd": 254652.0, "observed_flood_frac": 0.0, "modeled_flood_frac": 0.0, "elev_m": 834.3, "slope_deg": 18.7, "landcover": "tree", "population_data_status": "WorldPop/GHSL raster aggregate", "landcover_data_status": "ESA WorldCover cell median", "flood_depth_data_status": "deterministic cell-scale proxy from modeled flood fraction and GLOF depth", "low_income_score": 0.15, "equity_weight": 1.075, "scenario": "current_risk_model", "people_risk_eal": 101.861, "data_status": "model output"}}, {"type": "Feature", "geometry": {"type": "Polygon", "coordinates": [[[87.02, 26.89], [87.10000000000001, 26.89], [87.10000000000001, 26.97], [87.02, 26.97], [87.02, 26.89]]]}, "properties": {"cell_id": "c_00012", "flood_depth_m": {"rp10": 0.02, "rp100": 0.05}, "glof_depth_m": 0.0, "landslide_prob": 0.623, "population": 6498, "critical_assets": [], "eal_people": 127.736, "eal_usd": 319340.0, "observed_flood_frac": 0.0, "modeled_flood_frac": 0.001, "elev_m": 590.0, "slope_deg": 18.4, "landcover": "tree", "population_data_status": "WorldPop/GHSL raster aggregate", "landcover_data_status": "ESA WorldCover cell median", "flood_depth_data_status": "deterministic cell-scale proxy from modeled flood fraction and GLOF depth", "low_income_score": 0.15, "equity_weight": 1.075, "scenario": "current_risk_model", "people_risk_eal": 127.736, "data_status": "model output"}}, {"type": "Feature", "geometry": {"type": "Polygon", "coordinates": [[[87.10000000000001, 26.89], [87.18, 26.89], [87.18, 26.97], [87.10000000000001, 26.97], [87.10000000000001, 26.89]]]}, "properties": {"cell_id": "c_00013", "flood_depth_m": {"rp10": 0.02, "rp100": 0.05}, "glof_depth_m": 0.0, "landslide_prob": 0.629, "population": 5635, "critical_assets": [], "eal_people": 110.794, "eal_usd": 276985.0, "observed_flood_frac": 0.0, "modeled_flood_frac": 0.0, "elev_m": 519.9, "slope_deg": 19.3, "landcover": "tree", "population_data_status": "WorldPop/GHSL raster aggregate", "landcover_data_status": "ESA WorldCover cell median", "flood_depth_data_status": "deterministic cell-scale proxy from modeled flood fraction and GLOF depth", "low_income_score": 0.15, "equity_weight": 1.075, "scenario": "current_risk_model", "people_risk_eal": 110.794, "data_status": "model output"}}, {"type": "Feature", "geometry": {"type": "Polygon", "coordinates": [[[87.18, 26.89], [87.26, 26.89], [87.26, 26.97], [87.18, 26.97], [87.18, 26.89]]]}, "properties": {"cell_id": "c_00014", "flood_depth_m": {"rp10": 0.02, "rp100": 0.05}, "glof_depth_m": 0.0, "landslide_prob": 0.628, "population": 10303, "critical_assets": [], "eal_people": 203.087, "eal_usd": 507718.0, "observed_flood_frac": 0.0, "modeled_flood_frac": 0.001, "elev_m": 737.4, "slope_deg": 19.4, "landcover": "tree", "population_data_status": "WorldPop/GHSL raster aggregate", "landcover_data_status": "ESA WorldCover cell median", "flood_depth_data_status": "deterministic cell-scale proxy from modeled flood fraction and GLOF depth", "low_income_score": 0.15, "equity_weight": 1.075, "scenario": "current_risk_model", "people_risk_eal": 203.087, "data_status": "model output"}}, {"type": "Feature", "geometry": {"type": "Polygon", "coordinates": [[[87.26, 26.89], [87.34, 26.89], [87.34, 26.97], [87.26, 26.97], [87.26, 26.89]]]}, "properties": {"cell_id": "c_00015", "flood_depth_m": {"rp10": 0.02, "rp100": 0.05}, "glof_depth_m": 0.0, "landslide_prob": 0.621, "population": 9526, "critical_assets": [], "eal_people": 186.479, "eal_usd": 466198.0, "observed_flood_frac": 0.0, "modeled_flood_frac": 0.0, "elev_m": 698.9, "slope_deg": 18.8, "landcover": "tree", "population_data_status": "WorldPop/GHSL raster aggregate", "landcover_data_status": "ESA WorldCover cell median", "flood_depth_data_status": "deterministic cell-scale proxy from modeled flood fraction and GLOF depth", "low_income_score": 0.15, "equity_weight": 1.075, "scenario": "current_risk_model", "people_risk_eal": 186.479, "data_status": "model output"}}, {"type": "Feature", "geometry": {"type": "Polygon", "coordinates": [[[87.34, 26.89], [87.42, 26.89], [87.42, 26.97], [87.34, 26.97], [87.34, 26.89]]]}, "properties": {"cell_id": "c_00016", "flood_depth_m": {"rp10": 0.02, "rp100": 0.05}, "glof_depth_m": 0.0, "landslide_prob": 0.63, "population": 9967, "critical_assets": ["school"], "eal_people": 196.076, "eal_usd": 490190.0, "observed_flood_frac": 0.0, "modeled_flood_frac": 0.0, "elev_m": 868.3, "slope_deg": 20.6, "landcover": "tree", "population_data_status": "WorldPop/GHSL raster aggregate", "landcover_data_status": "ESA WorldCover cell median", "flood_depth_data_status": "deterministic cell-scale proxy from modeled flood fraction and GLOF depth", "low_income_score": 0.15, "equity_weight": 1.075, "scenario": "current_risk_model", "people_risk_eal": 196.076, "data_status": "model output"}}, {"type": "Feature", "geometry": {"type": "Polygon", "coordinates": [[[86.06, 26.81], [86.14, 26.81], [86.14, 26.89], [86.06, 26.89], [86.06, 26.81]]]}, "properties": {"cell_id": "c_00017", "flood_depth_m": {"rp10": 0.02, "rp100": 0.05}, "glof_depth_m": 0.0, "landslide_prob": 0.077, "population": 39009, "critical_assets": [], "eal_people": 635.135, "eal_usd": 1587838.0, "observed_flood_frac": 0.001, "modeled_flood_frac": 0.0, "elev_m": 106.4, "slope_deg": 0.3, "landcover": "cropland", "population_data_status": "WorldPop/GHSL raster aggregate", "landcover_data_status": "ESA WorldCover cell median", "flood_depth_data_status": "deterministic cell-scale proxy from modeled flood fraction and GLOF depth", "low_income_score": 0.55, "equity_weight": 1.275, "scenario": "current_risk_model", "people_risk_eal": 635.135, "data_status": "model output"}}, {"type": "Feature", "geometry": {"type": "Polygon", "coordinates": [[[86.14, 26.81], [86.22, 26.81], [86.22, 26.89], [86.14, 26.89], [86.14, 26.81]]]}, "properties": {"cell_id": "c_00018", "flood_depth_m": {"rp10": 0.02, "rp100": 0.05}, "glof_depth_m": 0.0, "landslide_prob": 0.155, "population": 67629, "critical_assets": ["school", "clinic", "school", "school"], "eal_people": 985.101, "eal_usd": 2462752.0, "observed_flood_frac": 0.011, "modeled_flood_frac": 0.0, "elev_m": 118.9, "slope_deg": 1.6, "landcover": "cropland", "population_data_status": "WorldPop/GHSL raster aggregate", "landcover_data_status": "ESA WorldCover cell median", "flood_depth_data_status": "deterministic cell-scale proxy from modeled flood fraction and GLOF depth", "low_income_score": 0.15, "equity_weight": 1.075, "scenario": "current_risk_model", "people_risk_eal": 985.101, "data_status": "model output"}}, {"type": "Feature", "geometry": {"type": "Polygon", "coordinates": [[[86.22, 26.81], [86.3, 26.81], [86.3, 26.89], [86.22, 26.89], [86.22, 26.81]]]}, "properties": {"cell_id": "c_00019", "flood_depth_m": {"rp10": 0.02, "rp100": 0.05}, "glof_depth_m": 0.0, "landslide_prob": 0.219, "population": 57745, "critical_assets": ["school", "clinic"], "eal_people": 880.857, "eal_usd": 2202142.0, "observed_flood_frac": 0.0, "modeled_flood_frac": 0.0, "elev_m": 199.7, "slope_deg": 4.1, "landcover": "tree", "population_data_status": "WorldPop/GHSL raster aggregate", "landcover_data_status": "ESA WorldCover cell median", "flood_depth_data_status": "deterministic cell-scale proxy from modeled flood fraction and GLOF depth", "low_income_score": 0.15, "equity_weight": 1.075, "scenario": "current_risk_model", "people_risk_eal": 880.857, "data_status": "model output"}}, {"type": "Feature", "geometry": {"type": "Polygon", "coordinates": [[[86.3, 26.81], [86.38, 26.81], [86.38, 26.89], [86.3, 26.89], [86.3, 26.81]]]}, "properties": {"cell_id": "c_00020", "flood_depth_m": {"rp10": 0.02, "rp100": 0.05}, "glof_depth_m": 0.0, "landslide_prob": 0.262, "population": 24323, "critical_assets": ["school", "school"], "eal_people": 382.272, "eal_usd": 955680.0, "observed_flood_frac": 0.0, "modeled_flood_frac": 0.0, "elev_m": 264.4, "slope_deg": 5.4, "landcover": "tree", "population_data_status": "WorldPop/GHSL raster aggregate", "landcover_data_status": "ESA WorldCover cell median", "flood_depth_data_status": "deterministic cell-scale proxy from modeled flood fraction and GLOF depth", "low_income_score": 0.15, "equity_weight": 1.075, "scenario": "current_risk_model", "people_risk_eal": 382.272, "data_status": "model output"}}, {"type": "Feature", "geometry": {"type": "Polygon", "coordinates": [[[86.38, 26.81], [86.46000000000001, 26.81], [86.46000000000001, 26.89], [86.38, 26.89], [86.38, 26.81]]]}, "properties": {"cell_id": "c_00021", "flood_depth_m": {"rp10": 0.02, "rp100": 0.05}, "glof_depth_m": 0.0, "landslide_prob": 0.325, "population": 6161, "critical_assets": ["school"], "eal_people": 101.002, "eal_usd": 252505.0, "observed_flood_frac": 0.0, "modeled_flood_frac": 0.0, "elev_m": 299.8, "slope_deg": 5.4, "landcover": "tree", "population_data_status": "WorldPop/GHSL raster aggregate", "landcover_data_status": "ESA WorldCover cell median", "flood_depth_data_status": "deterministic cell-scale proxy from modeled flood fraction and GLOF depth", "low_income_score": 0.15, "equity_weight": 1.075, "scenario": "current_risk_model", "people_risk_eal": 101.002, "data_status": "model output"}}, {"type": "Feature", "geometry": {"type": "Polygon", "coordinates": [[[86.46000000000001, 26.81], [86.54, 26.81], [86.54, 26.89], [86.46000000000001, 26.89], [86.46000000000001, 26.81]]]}, "properties": {"cell_id": "c_00022", "flood_depth_m": {"rp10": 0.02, "rp100": 0.05}, "glof_depth_m": 0.0, "landslide_prob": 0.357, "population": 3353, "critical_assets": [], "eal_people": 56.122, "eal_usd": 140305.0, "observed_flood_frac": 0.0, "modeled_flood_frac": 0.0, "elev_m": 344.7, "slope_deg": 6.9, "landcover": "tree", "population_data_status": "WorldPop/GHSL raster aggregate", "landcover_data_status": "ESA WorldCover cell median", "flood_depth_data_status": "deterministic cell-scale proxy from modeled flood fraction and GLOF depth", "low_income_score": 0.15, "equity_weight": 1.075, "scenario": "current_risk_model", "people_risk_eal": 56.122, "data_status": "model output"}}, {"type": "Feature", "geometry": {"type": "Polygon", "coordinates": [[[86.54, 26.81], [86.62, 26.81], [86.62, 26.89], [86.54, 26.89], [86.54, 26.81]]]}, "properties": {"cell_id": "c_00023", "flood_depth_m": {"rp10": 0.02, "rp100": 0.05}, "glof_depth_m": 0.0, "landslide_prob": 0.404, "population": 1791, "critical_assets": [], "eal_people": 30.882, "eal_usd": 77205.0, "observed_flood_frac": 0.0, "modeled_flood_frac": 0.0, "elev_m": 396.0, "slope_deg": 8.8, "landcover": "tree", "population_data_status": "WorldPop/GHSL raster aggregate", "landcover_data_status": "ESA WorldCover cell median", "flood_depth_data_status": "deterministic cell-scale proxy from modeled flood fraction and GLOF depth", "low_income_score": 0.15, "equity_weight": 1.075, "scenario": "current_risk_model", "people_risk_eal": 30.882, "data_status": "model output"}}, {"type": "Feature", "geometry": {"type": "Polygon", "coordinates": [[[86.62, 26.81], [86.7, 26.81], [86.7, 26.89], [86.62, 26.89], [86.62, 26.81]]]}, "properties": {"cell_id": "c_00024", "flood_depth_m": {"rp10": 0.02, "rp100": 0.05}, "glof_depth_m": 0.0, "landslide_prob": 0.424, "population": 2973, "critical_assets": ["school", "school"], "eal_people": 51.903, "eal_usd": 129758.0, "observed_flood_frac": 0.0, "modeled_flood_frac": 0.0, "elev_m": 420.6, "slope_deg": 10.0, "landcover": "tree", "population_data_status": "WorldPop/GHSL raster aggregate", "landcover_data_status": "ESA WorldCover cell median", "flood_depth_data_status": "deterministic cell-scale proxy from modeled flood fraction and GLOF depth", "low_income_score": 0.15, "equity_weight": 1.075, "scenario": "current_risk_model", "people_risk_eal": 51.903, "data_status": "model output"}}, {"type": "Feature", "geometry": {"type": "Polygon", "coordinates": [[[86.7, 26.81], [86.78, 26.81], [86.78, 26.89], [86.7, 26.89], [86.7, 26.81]]]}, "properties": {"cell_id": "c_00025", "flood_depth_m": {"rp10": 0.02, "rp100": 0.05}, "glof_depth_m": 0.0, "landslide_prob": 0.513, "population": 3004, "critical_assets": [], "eal_people": 55.318, "eal_usd": 138295.0, "observed_flood_frac": 0.0, "modeled_flood_frac": 0.0, "elev_m": 490.5, "slope_deg": 12.1, "landcover": "tree", "population_data_status": "WorldPop/GHSL raster aggregate", "landcover_data_status": "ESA WorldCover cell median", "flood_depth_data_status": "deterministic cell-scale proxy from modeled flood fraction and GLOF depth", "low_income_score": 0.15, "equity_weight": 1.075, "scenario": "current_risk_model", "people_risk_eal": 55.318, "data_status": "model output"}}, {"type": "Feature", "geometry": {"type": "Polygon", "coordinates": [[[86.78, 26.81], [86.86, 26.81], [86.86, 26.89], [86.78, 26.89], [86.78, 26.81]]]}, "properties": {"cell_id": "c_00026", "flood_depth_m": {"rp10": 0.02, "rp100": 0.05}, "glof_depth_m": 0.0, "landslide_prob": 0.522, "population": 3898, "critical_assets": [], "eal_people": 72.158, "eal_usd": 180395.0, "observed_flood_frac": 0.0, "modeled_flood_frac": 0.0, "elev_m": 356.1, "slope_deg": 12.2, "landcover": "tree", "population_data_status": "WorldPop/GHSL raster aggregate", "landcover_data_status": "ESA WorldCover cell median", "flood_depth_data_status": "deterministic cell-scale proxy from modeled flood fraction and GLOF depth", "low_income_score": 0.15, "equity_weight": 1.075, "scenario": "current_risk_model", "people_risk_eal": 72.158, "data_status": "model output"}}, {"type": "Feature", "geometry": {"type": "Polygon", "coordinates": [[[86.86, 26.81], [86.94, 26.81], [86.94, 26.89], [86.86, 26.89], [86.86, 26.81]]]}, "properties": {"cell_id": "c_00027", "flood_depth_m": {"rp10": 0.02, "rp100": 0.05}, "glof_depth_m": 0.0, "landslide_prob": 0.43, "population": 12846, "critical_assets": [], "eal_people": 225.094, "eal_usd": 562735.0, "observed_flood_frac": 0.0, "modeled_flood_frac": 0.0, "elev_m": 389.2, "slope_deg": 9.8, "landcover": "tree", "population_data_status": "WorldPop/GHSL raster aggregate", "landcover_data_status": "ESA WorldCover cell median", "flood_depth_data_status": "deterministic cell-scale proxy from modeled flood fraction and GLOF depth", "low_income_score": 0.15, "equity_weight": 1.075, "scenario": "current_risk_model", "people_risk_eal": 225.094, "data_status": "model output"}}, {"type": "Feature", "geometry": {"type": "Polygon", "coordinates": [[[86.94, 26.81], [87.02, 26.81], [87.02, 26.89], [86.94, 26.89], [86.94, 26.81]]]}, "properties": {"cell_id": "c_00028", "flood_depth_m": {"rp10": 0.02, "rp100": 0.05}, "glof_depth_m": 0.0, "landslide_prob": 0.475, "population": 5386, "critical_assets": [], "eal_people": 96.982, "eal_usd": 242455.0, "observed_flood_frac": 0.0, "modeled_flood_frac": 0.0, "elev_m": 416.4, "slope_deg": 11.8, "landcover": "tree", "population_data_status": "WorldPop/GHSL raster aggregate", "landcover_data_status": "ESA WorldCover cell median", "flood_depth_data_status": "deterministic cell-scale proxy from modeled flood fraction and GLOF depth", "low_income_score": 0.15, "equity_weight": 1.075, "scenario": "current_risk_model", "people_risk_eal": 96.982, "data_status": "model output"}}, {"type": "Feature", "geometry": {"type": "Polygon", "coordinates": [[[87.02, 26.81], [87.10000000000001, 26.81], [87.10000000000001, 26.89], [87.02, 26.89], [87.02, 26.81]]]}, "properties": {"cell_id": "c_00029", "flood_depth_m": {"rp10": 0.02, "rp100": 0.05}, "glof_depth_m": 0.0, "landslide_prob": 0.513, "population": 4473, "critical_assets": [], "eal_people": 82.369, "eal_usd": 205922.0, "observed_flood_frac": 0.0, "modeled_flood_frac": 0.0, "elev_m": 485.7, "slope_deg": 13.0, "landcover": "tree", "population_data_status": "WorldPop/GHSL raster aggregate", "landcover_data_status": "ESA WorldCover cell median", "flood_depth_data_status": "deterministic cell-scale proxy from modeled flood fraction and GLOF depth", "low_income_score": 0.15, "equity_weight": 1.075, "scenario": "current_risk_model", "people_risk_eal": 82.369, "data_status": "model output"}}, {"type": "Feature", "geometry": {"type": "Polygon", "coordinates": [[[87.10000000000001, 26.81], [87.18, 26.81], [87.18, 26.89], [87.10000000000001, 26.89], [87.10000000000001, 26.81]]]}, "properties": {"cell_id": "c_00030", "flood_depth_m": {"rp10": 0.02, "rp100": 0.05}, "glof_depth_m": 0.0, "landslide_prob": 0.471, "population": 40711, "critical_assets": ["school", "school", "school"], "eal_people": 731.302, "eal_usd": 1828255.0, "observed_flood_frac": 0.004, "modeled_flood_frac": 0.0, "elev_m": 378.5, "slope_deg": 12.6, "landcover": "tree", "population_data_status": "WorldPop/GHSL raster aggregate", "landcover_data_status": "ESA WorldCover cell median", "flood_depth_data_status": "deterministic cell-scale proxy from modeled flood fraction and GLOF depth", "low_income_score": 0.15, "equity_weight": 1.075, "scenario": "current_risk_model", "people_risk_eal": 731.302, "data_status": "model output"}}, {"type": "Feature", "geometry": {"type": "Polygon", "coordinates": [[[87.18, 26.81], [87.26, 26.81], [87.26, 26.89], [87.18, 26.89], [87.18, 26.81]]]}, "properties": {"cell_id": "c_00031", "flood_depth_m": {"rp10": 0.02, "rp100": 0.05}, "glof_depth_m": 0.0, "landslide_prob": 0.562, "population": 72852, "critical_assets": [], "eal_people": 1379.926, "eal_usd": 3449815.0, "observed_flood_frac": 0.0, "modeled_flood_frac": 0.0, "elev_m": 627.4, "slope_deg": 15.0, "landcover": "tree", "population_data_status": "WorldPop/GHSL raster aggregate", "landcover_data_status": "ESA WorldCover cell median", "flood_depth_data_status": "deterministic cell-scale proxy from modeled flood fraction and GLOF depth", "low_income_score": 0.15, "equity_weight": 1.075, "scenario": "current_risk_model", "people_risk_eal": 1379.926, "data_status": "model output"}}, {"type": "Feature", "geometry": {"type": "Polygon", "coordinates": [[[87.26, 26.81], [87.34, 26.81], [87.34, 26.89], [87.26, 26.89], [87.26, 26.81]]]}, "properties": {"cell_id": "c_00032", "flood_depth_m": {"rp10": 0.02, "rp100": 0.05}, "glof_depth_m": 0.0, "landslide_prob": 0.581, "population": 99539, "critical_assets": ["clinic", "school"], "eal_people": 1905.749, "eal_usd": 4764372.0, "observed_flood_frac": 0.0, "modeled_flood_frac": 0.0, "elev_m": 891.8, "slope_deg": 16.3, "landcover": "tree", "population_data_status": "WorldPop/GHSL raster aggregate", "landcover_data_status": "ESA WorldCover cell median", "flood_depth_data_status": "deterministic cell-scale proxy from modeled flood fraction and GLOF depth", "low_income_score": 0.15, "equity_weight": 1.075, "scenario": "current_risk_model", "people_risk_eal": 1905.749, "data_status": "model output"}}, {"type": "Feature", "geometry": {"type": "Polygon", "coordinates": [[[87.34, 26.81], [87.42, 26.81], [87.42, 26.89], [87.34, 26.89], [87.34, 26.81]]]}, "properties": {"cell_id": "c_00033", "flood_depth_m": {"rp10": 0.02, "rp100": 0.05}, "glof_depth_m": 0.0, "landslide_prob": 0.65, "population": 13107, "critical_assets": [], "eal_people": 260.665, "eal_usd": 651662.0, "observed_flood_frac": 0.0, "modeled_flood_frac": 0.0, "elev_m": 1269.8, "slope_deg": 21.9, "landcover": "tree", "population_data_status": "WorldPop/GHSL raster aggregate", "landcover_data_status": "ESA WorldCover cell median", "flood_depth_data_status": "deterministic cell-scale proxy from modeled flood fraction and GLOF depth", "low_income_score": 0.15, "equity_weight": 1.075, "scenario": "current_risk_model", "people_risk_eal": 260.665, "data_status": "model output"}}, {"type": "Feature", "geometry": {"type": "Polygon", "coordinates": [[[86.06, 26.73], [86.14, 26.73], [86.14, 26.81], [86.06, 26.81], [86.06, 26.73]]]}, "properties": {"cell_id": "c_00034", "flood_depth_m": {"rp10": 0.02, "rp100": 0.05}, "glof_depth_m": 0.0, "landslide_prob": 0.076, "population": 70004, "critical_assets": ["clinic", "school", "school"], "eal_people": 960.245, "eal_usd": 2400612.0, "observed_flood_frac": 0.0, "modeled_flood_frac": 0.0, "elev_m": 85.6, "slope_deg": 0.2, "landcover": "cropland", "population_data_status": "WorldPop/GHSL raster aggregate", "landcover_data_status": "ESA WorldCover cell median", "flood_depth_data_status": "deterministic cell-scale proxy from modeled flood fraction and GLOF depth", "low_income_score": 0.15, "equity_weight": 1.075, "scenario": "current_risk_model", "people_risk_eal": 960.245, "data_status": "model output"}}, {"type": "Feature", "geometry": {"type": "Polygon", "coordinates": [[[86.14, 26.73], [86.22, 26.73], [86.22, 26.81], [86.14, 26.81], [86.14, 26.73]]]}, "properties": {"cell_id": "c_00035", "flood_depth_m": {"rp10": 0.02, "rp100": 0.05}, "glof_depth_m": 0.0, "landslide_prob": 0.079, "population": 71924, "critical_assets": ["school", "school", "school", "school"], "eal_people": 988.901, "eal_usd": 2472252.0, "observed_flood_frac": 0.02, "modeled_flood_frac": 0.0, "elev_m": 88.3, "slope_deg": 0.2, "landcover": "cropland", "population_data_status": "WorldPop/GHSL raster aggregate", "landcover_data_status": "ESA WorldCover cell median", "flood_depth_data_status": "deterministic cell-scale proxy from modeled flood fraction and GLOF depth", "low_income_score": 0.15, "equity_weight": 1.075, "scenario": "current_risk_model", "people_risk_eal": 988.901, "data_status": "model output"}}, {"type": "Feature", "geometry": {"type": "Polygon", "coordinates": [[[86.22, 26.73], [86.3, 26.73], [86.3, 26.81], [86.22, 26.81], [86.22, 26.73]]]}, "properties": {"cell_id": "c_00036", "flood_depth_m": {"rp10": 0.02, "rp100": 0.05}, "glof_depth_m": 0.0, "landslide_prob": 0.077, "population": 79262, "critical_assets": ["school", "school", "school", "school"], "eal_people": 1088.089, "eal_usd": 2720222.0, "observed_flood_frac": 0.0, "modeled_flood_frac": 0.0, "elev_m": 107.4, "slope_deg": 0.3, "landcover": "cropland", "population_data_status": "WorldPop/GHSL raster aggregate", "landcover_data_status": "ESA WorldCover cell median", "flood_depth_data_status": "deterministic cell-scale proxy from modeled flood fraction and GLOF depth", "low_income_score": 0.15, "equity_weight": 1.075, "scenario": "current_risk_model", "people_risk_eal": 1088.089, "data_status": "model output"}}, {"type": "Feature", "geometry": {"type": "Polygon", "coordinates": [[[86.3, 26.73], [86.38, 26.73], [86.38, 26.81], [86.3, 26.81], [86.3, 26.73]]]}, "properties": {"cell_id": "c_00037", "flood_depth_m": {"rp10": 0.02, "rp100": 0.05}, "glof_depth_m": 0.0, "landslide_prob": 0.078, "population": 84325, "critical_assets": ["school"], "eal_people": 1158.499, "eal_usd": 2896248.0, "observed_flood_frac": 0.0, "modeled_flood_frac": 0.0, "elev_m": 129.9, "slope_deg": 0.5, "landcover": "cropland", "population_data_status": "WorldPop/GHSL raster aggregate", "landcover_data_status": "ESA WorldCover cell median", "flood_depth_data_status": "deterministic cell-scale proxy from modeled flood fraction and GLOF depth", "low_income_score": 0.15, "equity_weight": 1.075, "scenario": "current_risk_model", "people_risk_eal": 1158.499, "data_status": "model output"}}, {"type": "Feature", "geometry": {"type": "Polygon", "coordinates": [[[86.38, 26.73], [86.46000000000001, 26.73], [86.46000000000001, 26.81], [86.38, 26.81], [86.38, 26.73]]]}, "properties": {"cell_id": "c_00038", "flood_depth_m": {"rp10": 0.02, "rp100": 0.05}, "glof_depth_m": 0.0, "landslide_prob": 0.093, "population": 34165, "critical_assets": [], "eal_people": 563.236, "eal_usd": 1408090.0, "observed_flood_frac": 0.0, "modeled_flood_frac": 0.0, "elev_m": 148.5, "slope_deg": 0.7, "landcover": "cropland", "population_data_status": "WorldPop/GHSL raster aggregate", "landcover_data_status": "ESA WorldCover cell median", "flood_depth_data_status": "deterministic cell-scale proxy from modeled flood fraction and GLOF depth", "low_income_score": 0.55, "equity_weight": 1.275, "scenario": "current_risk_model", "people_risk_eal": 563.236, "data_status": "model output"}}, {"type": "Feature", "geometry": {"type": "Polygon", "coordinates": [[[86.46000000000001, 26.73], [86.54, 26.73], [86.54, 26.81], [86.46000000000001, 26.81], [86.46000000000001, 26.73]]]}, "properties": {"cell_id": "c_00039", "flood_depth_m": {"rp10": 0.02, "rp100": 0.05}, "glof_depth_m": 0.0, "landslide_prob": 0.158, "population": 31175, "critical_assets": [], "eal_people": 539.78, "eal_usd": 1349450.0, "observed_flood_frac": 0.011, "modeled_flood_frac": 0.0, "elev_m": 144.7, "slope_deg": 1.6, "landcover": "cropland", "population_data_status": "WorldPop/GHSL raster aggregate", "landcover_data_status": "ESA WorldCover cell median", "flood_depth_data_status": "deterministic cell-scale proxy from modeled flood fraction and GLOF depth", "low_income_score": 0.55, "equity_weight": 1.275, "scenario": "current_risk_model", "people_risk_eal": 539.78, "data_status": "model output"}}, {"type": "Feature", "geometry": {"type": "Polygon", "coordinates": [[[86.54, 26.73], [86.62, 26.73], [86.62, 26.81], [86.54, 26.81], [86.54, 26.73]]]}, "properties": {"cell_id": "c_00040", "flood_depth_m": {"rp10": 0.02, "rp100": 0.05}, "glof_depth_m": 0.0, "landslide_prob": 0.19, "population": 7080, "critical_assets": [], "eal_people": 105.793, "eal_usd": 264482.0, "observed_flood_frac": 0.006, "modeled_flood_frac": 0.0, "elev_m": 195.3, "slope_deg": 3.1, "landcover": "tree", "population_data_status": "WorldPop/GHSL raster aggregate", "landcover_data_status": "ESA WorldCover cell median", "flood_depth_data_status": "deterministic cell-scale proxy from modeled flood fraction and GLOF depth", "low_income_score": 0.15, "equity_weight": 1.075, "scenario": "current_risk_model", "people_risk_eal": 105.793, "data_status": "model output"}}, {"type": "Feature", "geometry": {"type": "Polygon", "coordinates": [[[86.62, 26.73], [86.7, 26.73], [86.7, 26.81], [86.62, 26.81], [86.62, 26.73]]]}, "properties": {"cell_id": "c_00041", "flood_depth_m": {"rp10": 0.02, "rp100": 0.05}, "glof_depth_m": 0.0, "landslide_prob": 0.142, "population": 3166, "critical_assets": ["school", "clinic"], "eal_people": 45.674, "eal_usd": 114185.0, "observed_flood_frac": 0.004, "modeled_flood_frac": 0.0, "elev_m": 207.4, "slope_deg": 2.2, "landcover": "tree", "population_data_status": "WorldPop/GHSL raster aggregate", "landcover_data_status": "ESA WorldCover cell median", "flood_depth_data_status": "deterministic cell-scale proxy from modeled flood fraction and GLOF depth", "low_income_score": 0.15, "equity_weight": 1.075, "scenario": "current_risk_model", "people_risk_eal": 45.674, "data_status": "model output"}}, {"type": "Feature", "geometry": {"type": "Polygon", "coordinates": [[[86.7, 26.73], [86.78, 26.73], [86.78, 26.81], [86.7, 26.81], [86.7, 26.73]]]}, "properties": {"cell_id": "c_00042", "flood_depth_m": {"rp10": 0.02, "rp100": 0.05}, "glof_depth_m": 0.0, "landslide_prob": 0.202, "population": 5131, "critical_assets": ["school", "school"], "eal_people": 77.332, "eal_usd": 193330.0, "observed_flood_frac": 0.014, "modeled_flood_frac": 0.0, "elev_m": 195.2, "slope_deg": 3.7, "landcover": "tree", "population_data_status": "WorldPop/GHSL raster aggregate", "landcover_data_status": "ESA WorldCover cell median", "flood_depth_data_status": "deterministic cell-scale proxy from modeled flood fraction and GLOF depth", "low_income_score": 0.15, "equity_weight": 1.075, "scenario": "current_risk_model", "people_risk_eal": 77.332, "data_status": "model output"}}, {"type": "Feature", "geometry": {"type": "Polygon", "coordinates": [[[86.78, 26.73], [86.86, 26.73], [86.86, 26.81], [86.78, 26.81], [86.78, 26.73]]]}, "properties": {"cell_id": "c_00043", "flood_depth_m": {"rp10": 0.02, "rp100": 0.05}, "glof_depth_m": 0.0, "landslide_prob": 0.164, "population": 9315, "critical_assets": [], "eal_people": 136.586, "eal_usd": 341465.0, "observed_flood_frac": 0.013, "modeled_flood_frac": 0.0, "elev_m": 160.3, "slope_deg": 2.8, "landcover": "tree", "population_data_status": "WorldPop/GHSL raster aggregate", "landcover_data_status": "ESA WorldCover cell median", "flood_depth_data_status": "deterministic cell-scale proxy from modeled flood fraction and GLOF depth", "low_income_score": 0.15, "equity_weight": 1.075, "scenario": "current_risk_model", "people_risk_eal": 136.586, "data_status": "model output"}}, {"type": "Feature", "geometry": {"type": "Polygon", "coordinates": [[[86.86, 26.73], [86.94, 26.73], [86.94, 26.81], [86.86, 26.81], [86.86, 26.73]]]}, "properties": {"cell_id": "c_00044", "flood_depth_m": {"rp10": 0.02, "rp100": 0.05}, "glof_depth_m": 0.0, "landslide_prob": 0.164, "population": 17387, "critical_assets": [], "eal_people": 302.377, "eal_usd": 755942.0, "observed_flood_frac": 0.021, "modeled_flood_frac": 0.0, "elev_m": 130.3, "slope_deg": 1.5, "landcover": "cropland", "population_data_status": "WorldPop/GHSL raster aggregate", "landcover_data_status": "ESA WorldCover cell median", "flood_depth_data_status": "deterministic cell-scale proxy from modeled flood fraction and GLOF depth", "low_income_score": 0.55, "equity_weight": 1.275, "scenario": "current_risk_model", "people_risk_eal": 302.377, "data_status": "model output"}}, {"type": "Feature", "geometry": {"type": "Polygon", "coordinates": [[[86.94, 26.73], [87.02, 26.73], [87.02, 26.81], [86.94, 26.81], [86.94, 26.73]]]}, "properties": {"cell_id": "c_00045", "flood_depth_m": {"rp10": 0.02, "rp100": 0.05}, "glof_depth_m": 0.0, "landslide_prob": 0.141, "population": 6736, "critical_assets": [], "eal_people": 106.473, "eal_usd": 266182.0, "observed_flood_frac": 0.006, "modeled_flood_frac": 0.014, "elev_m": 159.0, "slope_deg": 2.2, "landcover": "tree", "population_data_status": "WorldPop/GHSL raster aggregate", "landcover_data_status": "ESA WorldCover cell median", "flood_depth_data_status": "deterministic cell-scale proxy from modeled flood fraction and GLOF depth", "low_income_score": 0.15, "equity_weight": 1.075, "scenario": "current_risk_model", "people_risk_eal": 106.473, "data_status": "model output"}}, {"type": "Feature", "geometry": {"type": "Polygon", "coordinates": [[[87.02, 26.73], [87.10000000000001, 26.73], [87.10000000000001, 26.81], [87.02, 26.81], [87.02, 26.73]]]}, "properties": {"cell_id": "c_00046", "flood_depth_m": {"rp10": 0.02, "rp100": 0.05}, "glof_depth_m": 0.0, "landslide_prob": 0.12, "population": 24002, "critical_assets": [], "eal_people": 407.396, "eal_usd": 1018490.0, "observed_flood_frac": 0.014, "modeled_flood_frac": 0.001, "elev_m": 106.3, "slope_deg": 0.6, "landcover": "cropland", "population_data_status": "WorldPop/GHSL raster aggregate", "landcover_data_status": "ESA WorldCover cell median", "flood_depth_data_status": "deterministic cell-scale proxy from modeled flood fraction and GLOF depth", "low_income_score": 0.55, "equity_weight": 1.275, "scenario": "current_risk_model", "people_risk_eal": 407.396, "data_status": "model output"}}, {"type": "Feature", "geometry": {"type": "Polygon", "coordinates": [[[87.10000000000001, 26.73], [87.18, 26.73], [87.18, 26.81], [87.10000000000001, 26.81], [87.10000000000001, 26.73]]]}, "properties": {"cell_id": "c_00047", "flood_depth_m": {"rp10": 0.02, "rp100": 0.05}, "glof_depth_m": 0.0, "landslide_prob": 0.084, "population": 95587, "critical_assets": [], "eal_people": 1865.201, "eal_usd": 4663002.0, "observed_flood_frac": 0.026, "modeled_flood_frac": 0.002, "elev_m": 106.9, "slope_deg": 0.4, "landcover": "cropland", "population_data_status": "WorldPop/GHSL raster aggregate", "landcover_data_status": "ESA WorldCover cell median", "flood_depth_data_status": "deterministic cell-scale proxy from modeled flood fraction and GLOF depth", "low_income_score": 1.0, "equity_weight": 1.5, "scenario": "current_risk_model", "people_risk_eal": 1865.201, "data_status": "model output"}}, {"type": "Feature", "geometry": {"type": "Polygon", "coordinates": [[[87.18, 26.73], [87.26, 26.73], [87.26, 26.81], [87.18, 26.81], [87.18, 26.73]]]}, "properties": {"cell_id": "c_00048", "flood_depth_m": {"rp10": 0.02, "rp100": 0.05}, "glof_depth_m": 0.0, "landslide_prob": 0.042, "population": 25773, "critical_assets": [], "eal_people": 344.108, "eal_usd": 860270.0, "observed_flood_frac": 0.0, "modeled_flood_frac": 0.0, "elev_m": 175.2, "slope_deg": 1.1, "landcover": "tree", "population_data_status": "WorldPop/GHSL raster aggregate", "landcover_data_status": "ESA WorldCover cell median", "flood_depth_data_status": "deterministic cell-scale proxy from modeled flood fraction and GLOF depth", "low_income_score": 0.15, "equity_weight": 1.075, "scenario": "current_risk_model", "people_risk_eal": 344.108, "data_status": "model output"}}, {"type": "Feature", "geometry": {"type": "Polygon", "coordinates": [[[87.26, 26.73], [87.34, 26.73], [87.34, 26.81], [87.26, 26.81], [87.26, 26.73]]]}, "properties": {"cell_id": "c_00049", "flood_depth_m": {"rp10": 0.02, "rp100": 0.05}, "glof_depth_m": 0.0, "landslide_prob": 0.133, "population": 61859, "critical_assets": ["clinic", "school", "clinic"], "eal_people": 886.424, "eal_usd": 2216060.0, "observed_flood_frac": 0.0, "modeled_flood_frac": 0.0, "elev_m": 278.6, "slope_deg": 2.8, "landcover": "tree", "population_data_status": "WorldPop/GHSL raster aggregate", "landcover_data_status": "ESA WorldCover cell median", "flood_depth_data_status": "deterministic cell-scale proxy from modeled flood fraction and GLOF depth", "low_income_score": 0.15, "equity_weight": 1.075, "scenario": "current_risk_model", "people_risk_eal": 886.424, "data_status": "model output"}}, {"type": "Feature", "geometry": {"type": "Polygon", "coordinates": [[[87.34, 26.73], [87.42, 26.73], [87.42, 26.81], [87.34, 26.81], [87.34, 26.73]]]}, "properties": {"cell_id": "c_00050", "flood_depth_m": {"rp10": 0.02, "rp100": 0.05}, "glof_depth_m": 0.0, "landslide_prob": 0.356, "population": 11161, "critical_assets": [], "eal_people": 186.69, "eal_usd": 466725.0, "observed_flood_frac": 0.0, "modeled_flood_frac": 0.0, "elev_m": 424.5, "slope_deg": 7.9, "landcover": "tree", "population_data_status": "WorldPop/GHSL raster aggregate", "landcover_data_status": "ESA WorldCover cell median", "flood_depth_data_status": "deterministic cell-scale proxy from modeled flood fraction and GLOF depth", "low_income_score": 0.15, "equity_weight": 1.075, "scenario": "current_risk_model", "people_risk_eal": 186.69, "data_status": "model output"}}, {"type": "Feature", "geometry": {"type": "Polygon", "coordinates": [[[86.06, 26.65], [86.14, 26.65], [86.14, 26.73], [86.06, 26.73], [86.06, 26.65]]]}, "properties": {"cell_id": "c_00051", "flood_depth_m": {"rp10": 0.03, "rp100": 0.1}, "glof_depth_m": 0.0, "landslide_prob": 0.076, "population": 59302, "critical_assets": ["clinic"], "eal_people": 985.57, "eal_usd": 2463925.0, "observed_flood_frac": 0.0, "modeled_flood_frac": 0.03, "elev_m": 75.4, "slope_deg": 0.2, "landcover": "cropland", "population_data_status": "WorldPop/GHSL raster aggregate", "landcover_data_status": "ESA WorldCover cell median", "flood_depth_data_status": "deterministic cell-scale proxy from modeled flood fraction and GLOF depth", "low_income_score": 0.15, "equity_weight": 1.075, "scenario": "current_risk_model", "people_risk_eal": 985.57, "data_status": "model output"}}, {"type": "Feature", "geometry": {"type": "Polygon", "coordinates": [[[86.14, 26.65], [86.22, 26.65], [86.22, 26.73], [86.14, 26.73], [86.14, 26.65]]]}, "properties": {"cell_id": "c_00052", "flood_depth_m": {"rp10": 0.02, "rp100": 0.05}, "glof_depth_m": 0.0, "landslide_prob": 0.078, "population": 63689, "critical_assets": ["school", "school", "clinic", "school"], "eal_people": 921.206, "eal_usd": 2303015.0, "observed_flood_frac": 0.022, "modeled_flood_frac": 0.007, "elev_m": 77.9, "slope_deg": 0.2, "landcover": "cropland", "population_data_status": "WorldPop/GHSL raster aggregate", "landcover_data_status": "ESA WorldCover cell median", "flood_depth_data_status": "deterministic cell-scale proxy from modeled flood fraction and GLOF depth", "low_income_score": 0.15, "equity_weight": 1.075, "scenario": "current_risk_model", "people_risk_eal": 921.206, "data_status": "model output"}}, {"type": "Feature", "geometry": {"type": "Polygon", "coordinates": [[[86.22, 26.65], [86.3, 26.65], [86.3, 26.73], [86.22, 26.73], [86.22, 26.65]]]}, "properties": {"cell_id": "c_00053", "flood_depth_m": {"rp10": 0.02, "rp100": 0.05}, "glof_depth_m": 0.0, "landslide_prob": 0.076, "population": 82813, "critical_assets": ["school", "clinic", "school"], "eal_people": 1135.946, "eal_usd": 2839865.0, "observed_flood_frac": 0.0, "modeled_flood_frac": 0.0, "elev_m": 86.5, "slope_deg": 0.2, "landcover": "cropland", "population_data_status": "WorldPop/GHSL raster aggregate", "landcover_data_status": "ESA WorldCover cell median", "flood_depth_data_status": "deterministic cell-scale proxy from modeled flood fraction and GLOF depth", "low_income_score": 0.15, "equity_weight": 1.075, "scenario": "current_risk_model", "people_risk_eal": 1135.946, "data_status": "model output"}}, {"type": "Feature", "geometry": {"type": "Polygon", "coordinates": [[[86.3, 26.65], [86.38, 26.65], [86.38, 26.73], [86.3, 26.73], [86.3, 26.65]]]}, "properties": {"cell_id": "c_00054", "flood_depth_m": {"rp10": 0.02, "rp100": 0.05}, "glof_depth_m": 0.0, "landslide_prob": 0.076, "population": 87187, "critical_assets": ["school"], "eal_people": 1195.944, "eal_usd": 2989860.0, "observed_flood_frac": 0.0, "modeled_flood_frac": 0.0, "elev_m": 94.0, "slope_deg": 0.2, "landcover": "cropland", "population_data_status": "WorldPop/GHSL raster aggregate", "landcover_data_status": "ESA WorldCover cell median", "flood_depth_data_status": "deterministic cell-scale proxy from modeled flood fraction and GLOF depth", "low_income_score": 0.15, "equity_weight": 1.075, "scenario": "current_risk_model", "people_risk_eal": 1195.944, "data_status": "model output"}}, {"type": "Feature", "geometry": {"type": "Polygon", "coordinates": [[[86.38, 26.65], [86.46000000000001, 26.65], [86.46000000000001, 26.73], [86.38, 26.73], [86.38, 26.65]]]}, "properties": {"cell_id": "c_00055", "flood_depth_m": {"rp10": 0.02, "rp100": 0.05}, "glof_depth_m": 0.0, "landslide_prob": 0.077, "population": 83915, "critical_assets": [], "eal_people": 1607.392, "eal_usd": 4018480.0, "observed_flood_frac": 0.0, "modeled_flood_frac": 0.0, "elev_m": 103.1, "slope_deg": 0.3, "landcover": "cropland", "population_data_status": "WorldPop/GHSL raster aggregate", "landcover_data_status": "ESA WorldCover cell median", "flood_depth_data_status": "deterministic cell-scale proxy from modeled flood fraction and GLOF depth", "low_income_score": 1.0, "equity_weight": 1.5, "scenario": "current_risk_model", "people_risk_eal": 1607.392, "data_status": "model output"}}, {"type": "Feature", "geometry": {"type": "Polygon", "coordinates": [[[86.46000000000001, 26.65], [86.54, 26.65], [86.54, 26.73], [86.46000000000001, 26.73], [86.46000000000001, 26.65]]]}, "properties": {"cell_id": "c_00056", "flood_depth_m": {"rp10": 0.02, "rp100": 0.05}, "glof_depth_m": 0.0, "landslide_prob": 0.083, "population": 53342, "critical_assets": ["school", "school", "school", "school"], "eal_people": 735.706, "eal_usd": 1839265.0, "observed_flood_frac": 0.014, "modeled_flood_frac": 0.0, "elev_m": 108.9, "slope_deg": 0.4, "landcover": "cropland", "population_data_status": "WorldPop/GHSL raster aggregate", "landcover_data_status": "ESA WorldCover cell median", "flood_depth_data_status": "deterministic cell-scale proxy from modeled flood fraction and GLOF depth", "low_income_score": 0.15, "equity_weight": 1.075, "scenario": "current_risk_model", "people_risk_eal": 735.706, "data_status": "model output"}}, {"type": "Feature", "geometry": {"type": "Polygon", "coordinates": [[[86.54, 26.65], [86.62, 26.65], [86.62, 26.73], [86.54, 26.73], [86.54, 26.65]]]}, "properties": {"cell_id": "c_00057", "flood_depth_m": {"rp10": 0.02, "rp100": 0.05}, "glof_depth_m": 0.0, "landslide_prob": 0.187, "population": 18071, "critical_assets": [], "eal_people": 269.443, "eal_usd": 673608.0, "observed_flood_frac": 0.0, "modeled_flood_frac": 0.0, "elev_m": 178.9, "slope_deg": 3.2, "landcover": "tree", "population_data_status": "WorldPop/GHSL raster aggregate", "landcover_data_status": "ESA WorldCover cell median", "flood_depth_data_status": "deterministic cell-scale proxy from modeled flood fraction and GLOF depth", "low_income_score": 0.15, "equity_weight": 1.075, "scenario": "current_risk_model", "people_risk_eal": 269.443, "data_status": "model output"}}, {"type": "Feature", "geometry": {"type": "Polygon", "coordinates": [[[86.62, 26.65], [86.7, 26.65], [86.7, 26.73], [86.62, 26.73], [86.62, 26.65]]]}, "properties": {"cell_id": "c_00058", "flood_depth_m": {"rp10": 0.02, "rp100": 0.05}, "glof_depth_m": 0.0, "landslide_prob": 0.3, "population": 4273, "critical_assets": [], "eal_people": 68.902, "eal_usd": 172255.0, "observed_flood_frac": 0.0, "modeled_flood_frac": 0.0, "elev_m": 233.3, "slope_deg": 4.7, "landcover": "tree", "population_data_status": "WorldPop/GHSL raster aggregate", "landcover_data_status": "ESA WorldCover cell median", "flood_depth_data_status": "deterministic cell-scale proxy from modeled flood fraction and GLOF depth", "low_income_score": 0.15, "equity_weight": 1.075, "scenario": "current_risk_model", "people_risk_eal": 68.902, "data_status": "model output"}}, {"type": "Feature", "geometry": {"type": "Polygon", "coordinates": [[[86.7, 26.65], [86.78, 26.65], [86.78, 26.73], [86.7, 26.73], [86.7, 26.65]]]}, "properties": {"cell_id": "c_00059", "flood_depth_m": {"rp10": 0.02, "rp100": 0.05}, "glof_depth_m": 0.0, "landslide_prob": 0.265, "population": 4122, "critical_assets": [], "eal_people": 64.916, "eal_usd": 162290.0, "observed_flood_frac": 0.0, "modeled_flood_frac": 0.0, "elev_m": 233.7, "slope_deg": 3.9, "landcover": "tree", "population_data_status": "WorldPop/GHSL raster aggregate", "landcover_data_status": "ESA WorldCover cell median", "flood_depth_data_status": "deterministic cell-scale proxy from modeled flood fraction and GLOF depth", "low_income_score": 0.15, "equity_weight": 1.075, "scenario": "current_risk_model", "people_risk_eal": 64.916, "data_status": "model output"}}, {"type": "Feature", "geometry": {"type": "Polygon", "coordinates": [[[86.78, 26.65], [86.86, 26.65], [86.86, 26.73], [86.78, 26.73], [86.78, 26.65]]]}, "properties": {"cell_id": "c_00060", "flood_depth_m": {"rp10": 0.02, "rp100": 0.05}, "glof_depth_m": 0.0, "landslide_prob": 0.234, "population": 5858, "critical_assets": [], "eal_people": 90.304, "eal_usd": 225760.0, "observed_flood_frac": 0.003, "modeled_flood_frac": 0.0, "elev_m": 210.0, "slope_deg": 3.5, "landcover": "tree", "population_data_status": "WorldPop/GHSL raster aggregate", "landcover_data_status": "ESA WorldCover cell median", "flood_depth_data_status": "deterministic cell-scale proxy from modeled flood fraction and GLOF depth", "low_income_score": 0.15, "equity_weight": 1.075, "scenario": "current_risk_model", "people_risk_eal": 90.304, "data_status": "model output"}}, {"type": "Feature", "geometry": {"type": "Polygon", "coordinates": [[[86.86, 26.65], [86.94, 26.65], [86.94, 26.73], [86.86, 26.73], [86.86, 26.65]]]}, "properties": {"cell_id": "c_00061", "flood_depth_m": {"rp10": 0.02, "rp100": 0.05}, "glof_depth_m": 0.0, "landslide_prob": 0.11, "population": 19648, "critical_assets": ["clinic", "clinic", "clinic", "school"], "eal_people": 276.693, "eal_usd": 691732.0, "observed_flood_frac": 0.004, "modeled_flood_frac": 0.0, "elev_m": 149.4, "slope_deg": 1.9, "landcover": "tree", "population_data_status": "WorldPop/GHSL raster aggregate", "landcover_data_status": "ESA WorldCover cell median", "flood_depth_data_status": "deterministic cell-scale proxy from modeled flood fraction and GLOF depth", "low_income_score": 0.15, "equity_weight": 1.075, "scenario": "current_risk_model", "people_risk_eal": 276.693, "data_status": "model output"}}, {"type": "Feature", "geometry": {"type": "Polygon", "coordinates": [[[86.94, 26.65], [87.02, 26.65], [87.02, 26.73], [86.94, 26.73], [86.94, 26.65]]]}, "properties": {"cell_id": "c_00062", "flood_depth_m": {"rp10": 0.02, "rp100": 0.05}, "glof_depth_m": 0.0, "landslide_prob": 0.076, "population": 13637, "critical_assets": ["clinic"], "eal_people": 196.954, "eal_usd": 492385.0, "observed_flood_frac": 0.038, "modeled_flood_frac": 0.007, "elev_m": 90.1, "slope_deg": 0.2, "landcover": "cropland", "population_data_status": "WorldPop/GHSL raster aggregate", "landcover_data_status": "ESA WorldCover cell median", "flood_depth_data_status": "deterministic cell-scale proxy from modeled flood fraction and GLOF depth", "low_income_score": 0.15, "equity_weight": 1.075, "scenario": "current_risk_model", "people_risk_eal": 196.954, "data_status": "model output"}}, {"type": "Feature", "geometry": {"type": "Polygon", "coordinates": [[[87.02, 26.65], [87.10000000000001, 26.65], [87.10000000000001, 26.73], [87.02, 26.73], [87.02, 26.65]]]}, "properties": {"cell_id": "c_00063", "flood_depth_m": {"rp10": 0.02, "rp100": 0.05}, "glof_depth_m": 0.0, "landslide_prob": 0.077, "population": 64443, "critical_assets": [], "eal_people": 1239.843, "eal_usd": 3099608.0, "observed_flood_frac": 0.061, "modeled_flood_frac": 0.001, "elev_m": 90.2, "slope_deg": 0.2, "landcover": "cropland", "population_data_status": "WorldPop/GHSL raster aggregate", "landcover_data_status": "ESA WorldCover cell median", "flood_depth_data_status": "deterministic cell-scale proxy from modeled flood fraction and GLOF depth", "low_income_score": 1.0, "equity_weight": 1.5, "scenario": "current_risk_model", "people_risk_eal": 1239.843, "data_status": "model output"}}, {"type": "Feature", "geometry": {"type": "Polygon", "coordinates": [[[87.10000000000001, 26.65], [87.18, 26.65], [87.18, 26.73], [87.10000000000001, 26.73], [87.10000000000001, 26.65]]]}, "properties": {"cell_id": "c_00064", "flood_depth_m": {"rp10": 0.02, "rp100": 0.05}, "glof_depth_m": 0.0, "landslide_prob": 0.079, "population": 109202, "critical_assets": [], "eal_people": 2122.682, "eal_usd": 5306705.0, "observed_flood_frac": 0.002, "modeled_flood_frac": 0.002, "elev_m": 97.4, "slope_deg": 0.4, "landcover": "cropland", "population_data_status": "WorldPop/GHSL raster aggregate", "landcover_data_status": "ESA WorldCover cell median", "flood_depth_data_status": "deterministic cell-scale proxy from modeled flood fraction and GLOF depth", "low_income_score": 1.0, "equity_weight": 1.5, "scenario": "current_risk_model", "people_risk_eal": 2122.682, "data_status": "model output"}}, {"type": "Feature", "geometry": {"type": "Polygon", "coordinates": [[[87.18, 26.65], [87.26, 26.65], [87.26, 26.73], [87.18, 26.73], [87.18, 26.65]]]}, "properties": {"cell_id": "c_00065", "flood_depth_m": {"rp10": 0.02, "rp100": 0.05}, "glof_depth_m": 0.0, "landslide_prob": 0.077, "population": 272327, "critical_assets": ["school", "school", "school"], "eal_people": 3738.437, "eal_usd": 9346092.0, "observed_flood_frac": 0.0, "modeled_flood_frac": 0.0, "elev_m": 108.8, "slope_deg": 0.3, "landcover": "cropland", "population_data_status": "WorldPop/GHSL raster aggregate", "landcover_data_status": "ESA WorldCover cell median", "flood_depth_data_status": "deterministic cell-scale proxy from modeled flood fraction and GLOF depth", "low_income_score": 0.15, "equity_weight": 1.075, "scenario": "current_risk_model", "people_risk_eal": 3738.437, "data_status": "model output"}}, {"type": "Feature", "geometry": {"type": "Polygon", "coordinates": [[[87.26, 26.65], [87.34, 26.65], [87.34, 26.73], [87.26, 26.73], [87.26, 26.65]]]}, "properties": {"cell_id": "c_00066", "flood_depth_m": {"rp10": 0.02, "rp100": 0.05}, "glof_depth_m": 0.0, "landslide_prob": 0.086, "population": 391186, "critical_assets": ["school", "school", "school", "school"], "eal_people": 5407.951, "eal_usd": 13519878.0, "observed_flood_frac": 0.0, "modeled_flood_frac": 0.0, "elev_m": 135.0, "slope_deg": 0.7, "landcover": "cropland", "population_data_status": "WorldPop/GHSL raster aggregate", "landcover_data_status": "ESA WorldCover cell median", "flood_depth_data_status": "deterministic cell-scale proxy from modeled flood fraction and GLOF depth", "low_income_score": 0.15, "equity_weight": 1.075, "scenario": "current_risk_model", "people_risk_eal": 5407.951, "data_status": "model output"}}, {"type": "Feature", "geometry": {"type": "Polygon", "coordinates": [[[87.34, 26.65], [87.42, 26.65], [87.42, 26.73], [87.34, 26.73], [87.34, 26.65]]]}, "properties": {"cell_id": "c_00067", "flood_depth_m": {"rp10": 0.02, "rp100": 0.05}, "glof_depth_m": 0.0, "landslide_prob": 0.052, "population": 44104, "critical_assets": ["school", "school", "school", "school"], "eal_people": 593.596, "eal_usd": 1483990.0, "observed_flood_frac": 0.0, "modeled_flood_frac": 0.0, "elev_m": 162.9, "slope_deg": 0.8, "landcover": "tree", "population_data_status": "WorldPop/GHSL raster aggregate", "landcover_data_status": "ESA WorldCover cell median", "flood_depth_data_status": "deterministic cell-scale proxy from modeled flood fraction and GLOF depth", "low_income_score": 0.15, "equity_weight": 1.075, "scenario": "current_risk_model", "people_risk_eal": 593.596, "data_status": "model output"}}, {"type": "Feature", "geometry": {"type": "Polygon", "coordinates": [[[86.06, 26.57], [86.14, 26.57], [86.14, 26.65], [86.06, 26.65], [86.06, 26.57]]]}, "properties": {"cell_id": "c_00068", "flood_depth_m": {"rp10": 0.08, "rp100": 0.23}, "glof_depth_m": 0.0, "landslide_prob": 0.076, "population": 110232, "critical_assets": ["clinic", "clinic"], "eal_people": 2291.927, "eal_usd": 5729818.0, "observed_flood_frac": 0.0, "modeled_flood_frac": 0.073, "elev_m": 68.5, "slope_deg": 0.2, "landcover": "cropland", "population_data_status": "WorldPop/GHSL raster aggregate", "landcover_data_status": "ESA WorldCover cell median", "flood_depth_data_status": "deterministic cell-scale proxy from modeled flood fraction and GLOF depth", "low_income_score": 0.15, "equity_weight": 1.075, "scenario": "current_risk_model", "people_risk_eal": 2291.927, "data_status": "model output"}}, {"type": "Feature", "geometry": {"type": "Polygon", "coordinates": [[[86.14, 26.57], [86.22, 26.57], [86.22, 26.65], [86.14, 26.65], [86.14, 26.57]]]}, "properties": {"cell_id": "c_00069", "flood_depth_m": {"rp10": 0.03, "rp100": 0.1}, "glof_depth_m": 0.0, "landslide_prob": 0.079, "population": 173764, "critical_assets": ["school", "school"], "eal_people": 2914.489, "eal_usd": 7286222.0, "observed_flood_frac": 0.013, "modeled_flood_frac": 0.031, "elev_m": 70.9, "slope_deg": 0.2, "landcover": "cropland", "population_data_status": "WorldPop/GHSL raster aggregate", "landcover_data_status": "ESA WorldCover cell median", "flood_depth_data_status": "deterministic cell-scale proxy from modeled flood fraction and GLOF depth", "low_income_score": 0.15, "equity_weight": 1.075, "scenario": "current_risk_model", "people_risk_eal": 2914.489, "data_status": "model output"}}, {"type": "Feature", "geometry": {"type": "Polygon", "coordinates": [[[86.22, 26.57], [86.3, 26.57], [86.3, 26.65], [86.22, 26.65], [86.22, 26.57]]]}, "properties": {"cell_id": "c_00070", "flood_depth_m": {"rp10": 0.02, "rp100": 0.05}, "glof_depth_m": 0.0, "landslide_prob": 0.076, "population": 85290, "critical_assets": ["clinic", "clinic"], "eal_people": 1273.071, "eal_usd": 3182678.0, "observed_flood_frac": 0.0, "modeled_flood_frac": 0.013, "elev_m": 72.9, "slope_deg": 0.2, "landcover": "cropland", "population_data_status": "WorldPop/GHSL raster aggregate", "landcover_data_status": "ESA WorldCover cell median", "flood_depth_data_status": "deterministic cell-scale proxy from modeled flood fraction and GLOF depth", "low_income_score": 0.15, "equity_weight": 1.075, "scenario": "current_risk_model", "people_risk_eal": 1273.071, "data_status": "model output"}}, {"type": "Feature", "geometry": {"type": "Polygon", "coordinates": [[[86.3, 26.57], [86.38, 26.57], [86.38, 26.65], [86.3, 26.65], [86.3, 26.57]]]}, "properties": {"cell_id": "c_00071", "flood_depth_m": {"rp10": 0.02, "rp100": 0.05}, "glof_depth_m": 0.0, "landslide_prob": 0.076, "population": 106160, "critical_assets": ["school", "clinic", "clinic", "clinic"], "eal_people": 1456.197, "eal_usd": 3640492.0, "observed_flood_frac": 0.0, "modeled_flood_frac": 0.0, "elev_m": 79.3, "slope_deg": 0.2, "landcover": "cropland", "population_data_status": "WorldPop/GHSL raster aggregate", "landcover_data_status": "ESA WorldCover cell median", "flood_depth_data_status": "deterministic cell-scale proxy from modeled flood fraction and GLOF depth", "low_income_score": 0.15, "equity_weight": 1.075, "scenario": "current_risk_model", "people_risk_eal": 1456.197, "data_status": "model output"}}, {"type": "Feature", "geometry": {"type": "Polygon", "coordinates": [[[86.38, 26.57], [86.46000000000001, 26.57], [86.46000000000001, 26.65], [86.38, 26.65], [86.38, 26.57]]]}, "properties": {"cell_id": "c_00072", "flood_depth_m": {"rp10": 0.02, "rp100": 0.05}, "glof_depth_m": 0.0, "landslide_prob": 0.076, "population": 61594, "critical_assets": [], "eal_people": 1178.909, "eal_usd": 2947273.0, "observed_flood_frac": 0.0, "modeled_flood_frac": 0.0, "elev_m": 85.8, "slope_deg": 0.3, "landcover": "cropland", "population_data_status": "WorldPop/GHSL raster aggregate", "landcover_data_status": "ESA WorldCover cell median", "flood_depth_data_status": "deterministic cell-scale proxy from modeled flood fraction and GLOF depth", "low_income_score": 1.0, "equity_weight": 1.5, "scenario": "current_risk_model", "people_risk_eal": 1178.909, "data_status": "model output"}}, {"type": "Feature", "geometry": {"type": "Polygon", "coordinates": [[[86.46000000000001, 26.57], [86.54, 26.57], [86.54, 26.65], [86.46000000000001, 26.65], [86.46000000000001, 26.57]]]}, "properties": {"cell_id": "c_00073", "flood_depth_m": {"rp10": 0.02, "rp100": 0.05}, "glof_depth_m": 0.0, "landslide_prob": 0.079, "population": 52454, "critical_assets": [], "eal_people": 855.38, "eal_usd": 2138450.0, "observed_flood_frac": 0.021, "modeled_flood_frac": 0.0, "elev_m": 89.8, "slope_deg": 0.3, "landcover": "cropland", "population_data_status": "WorldPop/GHSL raster aggregate", "landcover_data_status": "ESA WorldCover cell median", "flood_depth_data_status": "deterministic cell-scale proxy from modeled flood fraction and GLOF depth", "low_income_score": 0.55, "equity_weight": 1.275, "scenario": "current_risk_model", "people_risk_eal": 855.38, "data_status": "model output"}}, {"type": "Feature", "geometry": {"type": "Polygon", "coordinates": [[[86.54, 26.57], [86.62, 26.57], [86.62, 26.65], [86.54, 26.65], [86.54, 26.57]]]}, "properties": {"cell_id": "c_00074", "flood_depth_m": {"rp10": 0.02, "rp100": 0.05}, "glof_depth_m": 0.0, "landslide_prob": 0.077, "population": 45723, "critical_assets": [], "eal_people": 744.45, "eal_usd": 1861125.0, "observed_flood_frac": 0.0, "modeled_flood_frac": 0.0, "elev_m": 98.8, "slope_deg": 0.3, "landcover": "cropland", "population_data_status": "WorldPop/GHSL raster aggregate", "landcover_data_status": "ESA WorldCover cell median", "flood_depth_data_status": "deterministic cell-scale proxy from modeled flood fraction and GLOF depth", "low_income_score": 0.55, "equity_weight": 1.275, "scenario": "current_risk_model", "people_risk_eal": 744.45, "data_status": "model output"}}, {"type": "Feature", "geometry": {"type": "Polygon", "coordinates": [[[86.62, 26.57], [86.7, 26.57], [86.7, 26.65], [86.62, 26.65], [86.62, 26.57]]]}, "properties": {"cell_id": "c_00075", "flood_depth_m": {"rp10": 0.02, "rp100": 0.05}, "glof_depth_m": 0.0, "landslide_prob": 0.079, "population": 42949, "critical_assets": [], "eal_people": 700.38, "eal_usd": 1750950.0, "observed_flood_frac": 0.0, "modeled_flood_frac": 0.0, "elev_m": 107.8, "slope_deg": 0.4, "landcover": "cropland", "population_data_status": "WorldPop/GHSL raster aggregate", "landcover_data_status": "ESA WorldCover cell median", "flood_depth_data_status": "deterministic cell-scale proxy from modeled flood fraction and GLOF depth", "low_income_score": 0.55, "equity_weight": 1.275, "scenario": "current_risk_model", "people_risk_eal": 700.38, "data_status": "model output"}}, {"type": "Feature", "geometry": {"type": "Polygon", "coordinates": [[[86.7, 26.57], [86.78, 26.57], [86.78, 26.65], [86.7, 26.65], [86.7, 26.57]]]}, "properties": {"cell_id": "c_00076", "flood_depth_m": {"rp10": 0.02, "rp100": 0.05}, "glof_depth_m": 0.0, "landslide_prob": 0.105, "population": 31225, "critical_assets": ["clinic"], "eal_people": 438.048, "eal_usd": 1095120.0, "observed_flood_frac": 0.004, "modeled_flood_frac": 0.0, "elev_m": 114.1, "slope_deg": 0.8, "landcover": "cropland", "population_data_status": "WorldPop/GHSL raster aggregate", "landcover_data_status": "ESA WorldCover cell median", "flood_depth_data_status": "deterministic cell-scale proxy from modeled flood fraction and GLOF depth", "low_income_score": 0.15, "equity_weight": 1.075, "scenario": "current_risk_model", "people_risk_eal": 438.048, "data_status": "model output"}}, {"type": "Feature", "geometry": {"type": "Polygon", "coordinates": [[[86.78, 26.57], [86.86, 26.57], [86.86, 26.65], [86.78, 26.65], [86.78, 26.57]]]}, "properties": {"cell_id": "c_00077", "flood_depth_m": {"rp10": 0.02, "rp100": 0.05}, "glof_depth_m": 0.0, "landslide_prob": 0.099, "population": 33308, "critical_assets": ["clinic", "school", "school"], "eal_people": 465.121, "eal_usd": 1162802.0, "observed_flood_frac": 0.011, "modeled_flood_frac": 0.0, "elev_m": 103.9, "slope_deg": 0.6, "landcover": "cropland", "population_data_status": "WorldPop/GHSL raster aggregate", "landcover_data_status": "ESA WorldCover cell median", "flood_depth_data_status": "deterministic cell-scale proxy from modeled flood fraction and GLOF depth", "low_income_score": 0.15, "equity_weight": 1.075, "scenario": "current_risk_model", "people_risk_eal": 465.121, "data_status": "model output"}}, {"type": "Feature", "geometry": {"type": "Polygon", "coordinates": [[[86.86, 26.57], [86.94, 26.57], [86.94, 26.65], [86.86, 26.65], [86.86, 26.57]]]}, "properties": {"cell_id": "c_00078", "flood_depth_m": {"rp10": 0.02, "rp100": 0.05}, "glof_depth_m": 0.0, "landslide_prob": 0.078, "population": 41773, "critical_assets": ["school", "clinic", "school", "school"], "eal_people": 578.95, "eal_usd": 1447375.0, "observed_flood_frac": 0.028, "modeled_flood_frac": 0.001, "elev_m": 89.0, "slope_deg": 0.3, "landcover": "cropland", "population_data_status": "WorldPop/GHSL raster aggregate", "landcover_data_status": "ESA WorldCover cell median", "flood_depth_data_status": "deterministic cell-scale proxy from modeled flood fraction and GLOF depth", "low_income_score": 0.15, "equity_weight": 1.075, "scenario": "current_risk_model", "people_risk_eal": 578.95, "data_status": "model output"}}, {"type": "Feature", "geometry": {"type": "Polygon", "coordinates": [[[86.94, 26.57], [87.02, 26.57], [87.02, 26.65], [86.94, 26.65], [86.94, 26.57]]]}, "properties": {"cell_id": "c_00079", "flood_depth_m": {"rp10": 0.06, "rp100": 0.18}, "glof_depth_m": 0.0, "landslide_prob": 0.076, "population": 12058, "critical_assets": ["school"], "eal_people": 231.021, "eal_usd": 577552.0, "observed_flood_frac": 0.039, "modeled_flood_frac": 0.056, "elev_m": 82.0, "slope_deg": 0.2, "landcover": "cropland", "population_data_status": "WorldPop/GHSL raster aggregate", "landcover_data_status": "ESA WorldCover cell median", "flood_depth_data_status": "deterministic cell-scale proxy from modeled flood fraction and GLOF depth", "low_income_score": 0.15, "equity_weight": 1.075, "scenario": "current_risk_model", "people_risk_eal": 231.021, "data_status": "model output"}}, {"type": "Feature", "geometry": {"type": "Polygon", "coordinates": [[[87.02, 26.57], [87.10000000000001, 26.57], [87.10000000000001, 26.65], [87.02, 26.65], [87.02, 26.57]]]}, "properties": {"cell_id": "c_00080", "flood_depth_m": {"rp10": 0.02, "rp100": 0.05}, "glof_depth_m": 0.0, "landslide_prob": 0.076, "population": 217015, "critical_assets": [], "eal_people": 4226.91, "eal_usd": 10567275.0, "observed_flood_frac": 0.003, "modeled_flood_frac": 0.003, "elev_m": 82.9, "slope_deg": 0.2, "landcover": "cropland", "population_data_status": "WorldPop/GHSL raster aggregate", "landcover_data_status": "ESA WorldCover cell median", "flood_depth_data_status": "deterministic cell-scale proxy from modeled flood fraction and GLOF depth", "low_income_score": 1.0, "equity_weight": 1.5, "scenario": "current_risk_model", "people_risk_eal": 4226.91, "data_status": "model output"}}, {"type": "Feature", "geometry": {"type": "Polygon", "coordinates": [[[87.10000000000001, 26.57], [87.18, 26.57], [87.18, 26.65], [87.10000000000001, 26.65], [87.10000000000001, 26.57]]]}, "properties": {"cell_id": "c_00081", "flood_depth_m": {"rp10": 0.02, "rp100": 0.05}, "glof_depth_m": 0.0, "landslide_prob": 0.076, "population": 285171, "critical_assets": ["clinic", "school", "school", "school"], "eal_people": 4049.642, "eal_usd": 10124105.0, "observed_flood_frac": 0.0, "modeled_flood_frac": 0.005, "elev_m": 85.1, "slope_deg": 0.2, "landcover": "cropland", "population_data_status": "WorldPop/GHSL raster aggregate", "landcover_data_status": "ESA WorldCover cell median", "flood_depth_data_status": "deterministic cell-scale proxy from modeled flood fraction and GLOF depth", "low_income_score": 0.15, "equity_weight": 1.075, "scenario": "current_risk_model", "people_risk_eal": 4049.642, "data_status": "model output"}}, {"type": "Feature", "geometry": {"type": "Polygon", "coordinates": [[[87.18, 26.57], [87.26, 26.57], [87.26, 26.65], [87.18, 26.65], [87.18, 26.57]]]}, "properties": {"cell_id": "c_00082", "flood_depth_m": {"rp10": 0.02, "rp100": 0.05}, "glof_depth_m": 0.0, "landslide_prob": 0.076, "population": 258282, "critical_assets": ["school"], "eal_people": 3542.854, "eal_usd": 8857135.0, "observed_flood_frac": 0.0, "modeled_flood_frac": 0.0, "elev_m": 91.4, "slope_deg": 0.2, "landcover": "cropland", "population_data_status": "WorldPop/GHSL raster aggregate", "landcover_data_status": "ESA WorldCover cell median", "flood_depth_data_status": "deterministic cell-scale proxy from modeled flood fraction and GLOF depth", "low_income_score": 0.15, "equity_weight": 1.075, "scenario": "current_risk_model", "people_risk_eal": 3542.854, "data_status": "model output"}}, {"type": "Feature", "geometry": {"type": "Polygon", "coordinates": [[[87.26, 26.57], [87.34, 26.57], [87.34, 26.65], [87.26, 26.65], [87.26, 26.57]]]}, "properties": {"cell_id": "c_00083", "flood_depth_m": {"rp10": 0.02, "rp100": 0.05}, "glof_depth_m": 0.0, "landslide_prob": 0.077, "population": 560498, "critical_assets": ["school", "school", "school", "school"], "eal_people": 7694.376, "eal_usd": 19235940.0, "observed_flood_frac": 0.0, "modeled_flood_frac": 0.0, "elev_m": 98.7, "slope_deg": 0.3, "landcover": "cropland", "population_data_status": "WorldPop/GHSL raster aggregate", "landcover_data_status": "ESA WorldCover cell median", "flood_depth_data_status": "deterministic cell-scale proxy from modeled flood fraction and GLOF depth", "low_income_score": 0.15, "equity_weight": 1.075, "scenario": "current_risk_model", "people_risk_eal": 7694.376, "data_status": "model output"}}, {"type": "Feature", "geometry": {"type": "Polygon", "coordinates": [[[87.34, 26.57], [87.42, 26.57], [87.42, 26.65], [87.34, 26.65], [87.34, 26.57]]]}, "properties": {"cell_id": "c_00084", "flood_depth_m": {"rp10": 0.02, "rp100": 0.05}, "glof_depth_m": 0.0, "landslide_prob": 0.077, "population": 44807, "critical_assets": [], "eal_people": 729.536, "eal_usd": 1823840.0, "observed_flood_frac": 0.0, "modeled_flood_frac": 0.0, "elev_m": 105.1, "slope_deg": 0.3, "landcover": "cropland", "population_data_status": "WorldPop/GHSL raster aggregate", "landcover_data_status": "ESA WorldCover cell median", "flood_depth_data_status": "deterministic cell-scale proxy from modeled flood fraction and GLOF depth", "low_income_score": 0.55, "equity_weight": 1.275, "scenario": "current_risk_model", "people_risk_eal": 729.536, "data_status": "model output"}}, {"type": "Feature", "geometry": {"type": "Polygon", "coordinates": [[[86.06, 26.49], [86.14, 26.49], [86.14, 26.57], [86.06, 26.57], [86.06, 26.49]]]}, "properties": {"cell_id": "c_00085", "flood_depth_m": {"rp10": 0.14, "rp100": 0.41}, "glof_depth_m": 0.0, "landslide_prob": 0.076, "population": 20, "critical_assets": [], "eal_people": 0.619, "eal_usd": 1548.0, "observed_flood_frac": 0.0, "modeled_flood_frac": 0.128, "elev_m": 63.1, "slope_deg": 0.2, "landcover": "cropland", "population_data_status": "WorldPop/GHSL raster aggregate", "landcover_data_status": "ESA WorldCover cell median", "flood_depth_data_status": "deterministic cell-scale proxy from modeled flood fraction and GLOF depth", "low_income_score": 0.55, "equity_weight": 1.275, "scenario": "current_risk_model", "people_risk_eal": 0.619, "data_status": "model output"}}, {"type": "Feature", "geometry": {"type": "Polygon", "coordinates": [[[86.14, 26.49], [86.22, 26.49], [86.22, 26.57], [86.14, 26.57], [86.14, 26.49]]]}, "properties": {"cell_id": "c_00086", "flood_depth_m": {"rp10": 0.03, "rp100": 0.1}, "glof_depth_m": 0.0, "landslide_prob": 0.081, "population": 20, "critical_assets": ["clinic", "clinic"], "eal_people": 0.337, "eal_usd": 842.0, "observed_flood_frac": 0.018, "modeled_flood_frac": 0.032, "elev_m": 65.5, "slope_deg": 0.3, "landcover": "cropland", "population_data_status": "WorldPop/GHSL raster aggregate", "landcover_data_status": "ESA WorldCover cell median", "flood_depth_data_status": "deterministic cell-scale proxy from modeled flood fraction and GLOF depth", "low_income_score": 0.15, "equity_weight": 1.075, "scenario": "current_risk_model", "people_risk_eal": 0.337, "data_status": "model output"}}, {"type": "Feature", "geometry": {"type": "Polygon", "coordinates": [[[86.22, 26.49], [86.3, 26.49], [86.3, 26.57], [86.22, 26.57], [86.22, 26.49]]]}, "properties": {"cell_id": "c_00087", "flood_depth_m": {"rp10": 0.02, "rp100": 0.05}, "glof_depth_m": 0.0, "landslide_prob": 0.076, "population": 20, "critical_assets": [], "eal_people": 0.356, "eal_usd": 890.0, "observed_flood_frac": 0.0, "modeled_flood_frac": 0.013, "elev_m": 66.2, "slope_deg": 0.2, "landcover": "cropland", "population_data_status": "WorldPop/GHSL raster aggregate", "landcover_data_status": "ESA WorldCover cell median", "flood_depth_data_status": "deterministic cell-scale proxy from modeled flood fraction and GLOF depth", "low_income_score": 0.55, "equity_weight": 1.275, "scenario": "current_risk_model", "people_risk_eal": 0.356, "data_status": "model output"}}, {"type": "Feature", "geometry": {"type": "Polygon", "coordinates": [[[86.3, 26.49], [86.38, 26.49], [86.38, 26.57], [86.3, 26.57], [86.3, 26.49]]]}, "properties": {"cell_id": "c_00088", "flood_depth_m": {"rp10": 0.02, "rp100": 0.05}, "glof_depth_m": 0.0, "landslide_prob": 0.076, "population": 20, "critical_assets": [], "eal_people": 0.334, "eal_usd": 835.0, "observed_flood_frac": 0.0, "modeled_flood_frac": 0.004, "elev_m": 70.5, "slope_deg": 0.3, "landcover": "cropland", "population_data_status": "WorldPop/GHSL raster aggregate", "landcover_data_status": "ESA WorldCover cell median", "flood_depth_data_status": "deterministic cell-scale proxy from modeled flood fraction and GLOF depth", "low_income_score": 0.55, "equity_weight": 1.275, "scenario": "current_risk_model", "people_risk_eal": 0.334, "data_status": "model output"}}, {"type": "Feature", "geometry": {"type": "Polygon", "coordinates": [[[86.38, 26.49], [86.46000000000001, 26.49], [86.46000000000001, 26.57], [86.38, 26.57], [86.38, 26.49]]]}, "properties": {"cell_id": "c_00089", "flood_depth_m": {"rp10": 0.02, "rp100": 0.05}, "glof_depth_m": 0.0, "landslide_prob": 0.076, "population": 20, "critical_assets": ["clinic"], "eal_people": 0.276, "eal_usd": 690.0, "observed_flood_frac": 0.0, "modeled_flood_frac": 0.001, "elev_m": 75.0, "slope_deg": 0.3, "landcover": "cropland", "population_data_status": "WorldPop/GHSL raster aggregate", "landcover_data_status": "ESA WorldCover cell median", "flood_depth_data_status": "deterministic cell-scale proxy from modeled flood fraction and GLOF depth", "low_income_score": 0.15, "equity_weight": 1.075, "scenario": "current_risk_model", "people_risk_eal": 0.276, "data_status": "model output"}}, {"type": "Feature", "geometry": {"type": "Polygon", "coordinates": [[[86.46000000000001, 26.49], [86.54, 26.49], [86.54, 26.57], [86.46000000000001, 26.57], [86.46000000000001, 26.49]]]}, "properties": {"cell_id": "c_00090", "flood_depth_m": {"rp10": 0.02, "rp100": 0.05}, "glof_depth_m": 0.0, "landslide_prob": 0.078, "population": 46864, "critical_assets": [], "eal_people": 763.625, "eal_usd": 1909062.0, "observed_flood_frac": 0.016, "modeled_flood_frac": 0.0, "elev_m": 76.8, "slope_deg": 0.3, "landcover": "cropland", "population_data_status": "WorldPop/GHSL raster aggregate", "landcover_data_status": "ESA WorldCover cell median", "flood_depth_data_status": "deterministic cell-scale proxy from modeled flood fraction and GLOF depth", "low_income_score": 0.55, "equity_weight": 1.275, "scenario": "current_risk_model", "people_risk_eal": 763.625, "data_status": "model output"}}, {"type": "Feature", "geometry": {"type": "Polygon", "coordinates": [[[86.54, 26.49], [86.62, 26.49], [86.62, 26.57], [86.54, 26.57], [86.54, 26.49]]]}, "properties": {"cell_id": "c_00091", "flood_depth_m": {"rp10": 0.02, "rp100": 0.05}, "glof_depth_m": 0.0, "landslide_prob": 0.076, "population": 46324, "critical_assets": [], "eal_people": 753.645, "eal_usd": 1884112.0, "observed_flood_frac": 0.0, "modeled_flood_frac": 0.0, "elev_m": 76.9, "slope_deg": 0.2, "landcover": "cropland", "population_data_status": "WorldPop/GHSL raster aggregate", "landcover_data_status": "ESA WorldCover cell median", "flood_depth_data_status": "deterministic cell-scale proxy from modeled flood fraction and GLOF depth", "low_income_score": 0.55, "equity_weight": 1.275, "scenario": "current_risk_model", "people_risk_eal": 753.645, "data_status": "model output"}}, {"type": "Feature", "geometry": {"type": "Polygon", "coordinates": [[[86.62, 26.49], [86.7, 26.49], [86.7, 26.57], [86.62, 26.57], [86.62, 26.49]]]}, "properties": {"cell_id": "c_00092", "flood_depth_m": {"rp10": 0.02, "rp100": 0.05}, "glof_depth_m": 0.0, "landslide_prob": 0.076, "population": 39913, "critical_assets": [], "eal_people": 649.345, "eal_usd": 1623362.0, "observed_flood_frac": 0.0, "modeled_flood_frac": 0.0, "elev_m": 79.2, "slope_deg": 0.3, "landcover": "cropland", "population_data_status": "WorldPop/GHSL raster aggregate", "landcover_data_status": "ESA WorldCover cell median", "flood_depth_data_status": "deterministic cell-scale proxy from modeled flood fraction and GLOF depth", "low_income_score": 0.55, "equity_weight": 1.275, "scenario": "current_risk_model", "people_risk_eal": 649.345, "data_status": "model output"}}, {"type": "Feature", "geometry": {"type": "Polygon", "coordinates": [[[86.7, 26.49], [86.78, 26.49], [86.78, 26.57], [86.7, 26.57], [86.7, 26.49]]]}, "properties": {"cell_id": "c_00093", "flood_depth_m": {"rp10": 0.02, "rp100": 0.05}, "glof_depth_m": 0.0, "landslide_prob": 0.077, "population": 74289, "critical_assets": ["clinic", "school", "clinic", "school"], "eal_people": 1019.821, "eal_usd": 2549552.0, "observed_flood_frac": 0.003, "modeled_flood_frac": 0.0, "elev_m": 80.2, "slope_deg": 0.3, "landcover": "cropland", "population_data_status": "WorldPop/GHSL raster aggregate", "landcover_data_status": "ESA WorldCover cell median", "flood_depth_data_status": "deterministic cell-scale proxy from modeled flood fraction and GLOF depth", "low_income_score": 0.15, "equity_weight": 1.075, "scenario": "current_risk_model", "people_risk_eal": 1019.821, "data_status": "model output"}}, {"type": "Feature", "geometry": {"type": "Polygon", "coordinates": [[[86.78, 26.49], [86.86, 26.49], [86.86, 26.57], [86.78, 26.57], [86.78, 26.49]]]}, "properties": {"cell_id": "c_00094", "flood_depth_m": {"rp10": 0.02, "rp100": 0.05}, "glof_depth_m": 0.0, "landslide_prob": 0.076, "population": 57421, "critical_assets": ["school", "school", "school", "school"], "eal_people": 798.06, "eal_usd": 1995150.0, "observed_flood_frac": 0.034, "modeled_flood_frac": 0.002, "elev_m": 76.8, "slope_deg": 0.2, "landcover": "cropland", "population_data_status": "WorldPop/GHSL raster aggregate", "landcover_data_status": "ESA WorldCover cell median", "flood_depth_data_status": "deterministic cell-scale proxy from modeled flood fraction and GLOF depth", "low_income_score": 0.15, "equity_weight": 1.075, "scenario": "current_risk_model", "people_risk_eal": 798.06, "data_status": "model output"}}, {"type": "Feature", "geometry": {"type": "Polygon", "coordinates": [[[86.86, 26.49], [86.94, 26.49], [86.94, 26.57], [86.86, 26.57], [86.86, 26.49]]]}, "properties": {"cell_id": "c_00095", "flood_depth_m": {"rp10": 0.06, "rp100": 0.16}, "glof_depth_m": 0.0, "landslide_prob": 0.076, "population": 29660, "critical_assets": ["school", "school", "school", "school"], "eal_people": 550.326, "eal_usd": 1375815.0, "observed_flood_frac": 0.098, "modeled_flood_frac": 0.05, "elev_m": 75.6, "slope_deg": 0.2, "landcover": "cropland", "population_data_status": "WorldPop/GHSL raster aggregate", "landcover_data_status": "ESA WorldCover cell median", "flood_depth_data_status": "deterministic cell-scale proxy from modeled flood fraction and GLOF depth", "low_income_score": 0.15, "equity_weight": 1.075, "scenario": "current_risk_model", "people_risk_eal": 550.326, "data_status": "model output"}}, {"type": "Feature", "geometry": {"type": "Polygon", "coordinates": [[[86.94, 26.49], [87.02, 26.49], [87.02, 26.57], [86.94, 26.57], [86.94, 26.49]]]}, "properties": {"cell_id": "c_00096", "flood_depth_m": {"rp10": 0.02, "rp100": 0.05}, "glof_depth_m": 0.0, "landslide_prob": 0.076, "population": 121230, "critical_assets": [], "eal_people": 2443.088, "eal_usd": 6107720.0, "observed_flood_frac": 0.017, "modeled_flood_frac": 0.007, "elev_m": 76.8, "slope_deg": 0.2, "landcover": "cropland", "population_data_status": "WorldPop/GHSL raster aggregate", "landcover_data_status": "ESA WorldCover cell median", "flood_depth_data_status": "deterministic cell-scale proxy from modeled flood fraction and GLOF depth", "low_income_score": 1.0, "equity_weight": 1.5, "scenario": "current_risk_model", "people_risk_eal": 2443.088, "data_status": "model output"}}, {"type": "Feature", "geometry": {"type": "Polygon", "coordinates": [[[87.02, 26.49], [87.10000000000001, 26.49], [87.10000000000001, 26.57], [87.02, 26.57], [87.02, 26.49]]]}, "properties": {"cell_id": "c_00097", "flood_depth_m": {"rp10": 0.09, "rp100": 0.25}, "glof_depth_m": 0.0, "landslide_prob": 0.076, "population": 241829, "critical_assets": [], "eal_people": 7158.743, "eal_usd": 17896858.0, "observed_flood_frac": 0.033, "modeled_flood_frac": 0.077, "elev_m": 76.9, "slope_deg": 0.2, "landcover": "cropland", "population_data_status": "WorldPop/GHSL raster aggregate", "landcover_data_status": "ESA WorldCover cell median", "flood_depth_data_status": "deterministic cell-scale proxy from modeled flood fraction and GLOF depth", "low_income_score": 1.0, "equity_weight": 1.5, "scenario": "current_risk_model", "people_risk_eal": 7158.743, "data_status": "model output"}}, {"type": "Feature", "geometry": {"type": "Polygon", "coordinates": [[[87.10000000000001, 26.49], [87.18, 26.49], [87.18, 26.57], [87.10000000000001, 26.57], [87.10000000000001, 26.49]]]}, "properties": {"cell_id": "c_00098", "flood_depth_m": {"rp10": 0.02, "rp100": 0.05}, "glof_depth_m": 0.0, "landslide_prob": 0.076, "population": 330634, "critical_assets": [], "eal_people": 6942.074, "eal_usd": 17355185.0, "observed_flood_frac": 0.006, "modeled_flood_frac": 0.014, "elev_m": 76.4, "slope_deg": 0.2, "landcover": "cropland", "population_data_status": "WorldPop/GHSL raster aggregate", "landcover_data_status": "ESA WorldCover cell median", "flood_depth_data_status": "deterministic cell-scale proxy from modeled flood fraction and GLOF depth", "low_income_score": 1.0, "equity_weight": 1.5, "scenario": "current_risk_model", "people_risk_eal": 6942.074, "data_status": "model output"}}, {"type": "Feature", "geometry": {"type": "Polygon", "coordinates": [[[87.18, 26.49], [87.26, 26.49], [87.26, 26.57], [87.18, 26.57], [87.18, 26.49]]]}, "properties": {"cell_id": "c_00099", "flood_depth_m": {"rp10": 0.02, "rp100": 0.05}, "glof_depth_m": 0.0, "landslide_prob": 0.078, "population": 213912, "critical_assets": [], "eal_people": 4100.693, "eal_usd": 10251732.0, "observed_flood_frac": 0.0, "modeled_flood_frac": 0.0, "elev_m": 79.1, "slope_deg": 0.2, "landcover": "cropland", "population_data_status": "WorldPop/GHSL raster aggregate", "landcover_data_status": "ESA WorldCover cell median", "flood_depth_data_status": "deterministic cell-scale proxy from modeled flood fraction and GLOF depth", "low_income_score": 1.0, "equity_weight": 1.5, "scenario": "current_risk_model", "people_risk_eal": 4100.693, "data_status": "model output"}}, {"type": "Feature", "geometry": {"type": "Polygon", "coordinates": [[[87.26, 26.49], [87.34, 26.49], [87.34, 26.57], [87.26, 26.57], [87.26, 26.49]]]}, "properties": {"cell_id": "c_00100", "flood_depth_m": {"rp10": 0.02, "rp100": 0.05}, "glof_depth_m": 0.0, "landslide_prob": 0.077, "population": 303617, "critical_assets": [], "eal_people": 5867.019, "eal_usd": 14667548.0, "observed_flood_frac": 0.0, "modeled_flood_frac": 0.001, "elev_m": 82.1, "slope_deg": 0.2, "landcover": "cropland", "population_data_status": "WorldPop/GHSL raster aggregate", "landcover_data_status": "ESA WorldCover cell median", "flood_depth_data_status": "deterministic cell-scale proxy from modeled flood fraction and GLOF depth", "low_income_score": 1.0, "equity_weight": 1.5, "scenario": "current_risk_model", "people_risk_eal": 5867.019, "data_status": "model output"}}, {"type": "Feature", "geometry": {"type": "Polygon", "coordinates": [[[87.34, 26.49], [87.42, 26.49], [87.42, 26.57], [87.34, 26.57], [87.34, 26.49]]]}, "properties": {"cell_id": "c_00101", "flood_depth_m": {"rp10": 0.02, "rp100": 0.05}, "glof_depth_m": 0.0, "landslide_prob": 0.076, "population": 33251, "critical_assets": [], "eal_people": 540.961, "eal_usd": 1352402.0, "observed_flood_frac": 0.0, "modeled_flood_frac": 0.0, "elev_m": 82.6, "slope_deg": 0.2, "landcover": "cropland", "population_data_status": "WorldPop/GHSL raster aggregate", "landcover_data_status": "ESA WorldCover cell median", "flood_depth_data_status": "deterministic cell-scale proxy from modeled flood fraction and GLOF depth", "low_income_score": 0.55, "equity_weight": 1.275, "scenario": "current_risk_model", "people_risk_eal": 540.961, "data_status": "model output"}}, {"type": "Feature", "geometry": {"type": "Polygon", "coordinates": [[[86.06, 26.41], [86.14, 26.41], [86.14, 26.49], [86.06, 26.49], [86.06, 26.41]]]}, "properties": {"cell_id": "c_00102", "flood_depth_m": {"rp10": 0.21, "rp100": 0.6}, "glof_depth_m": 0.0, "landslide_prob": 0.076, "population": 20, "critical_assets": [], "eal_people": 0.759, "eal_usd": 1898.0, "observed_flood_frac": 0.0, "modeled_flood_frac": 0.189, "elev_m": 59.0, "slope_deg": 0.3, "landcover": "cropland", "population_data_status": "WorldPop/GHSL raster aggregate", "landcover_data_status": "ESA WorldCover cell median", "flood_depth_data_status": "deterministic cell-scale proxy from modeled flood fraction and GLOF depth", "low_income_score": 0.55, "equity_weight": 1.275, "scenario": "current_risk_model", "people_risk_eal": 0.759, "data_status": "model output"}}, {"type": "Feature", "geometry": {"type": "Polygon", "coordinates": [[[86.14, 26.41], [86.22, 26.41], [86.22, 26.49], [86.14, 26.49], [86.14, 26.41]]]}, "properties": {"cell_id": "c_00103", "flood_depth_m": {"rp10": 0.07, "rp100": 0.2}, "glof_depth_m": 0.0, "landslide_prob": 0.079, "population": 20, "critical_assets": ["clinic", "clinic"], "eal_people": 0.394, "eal_usd": 985.0, "observed_flood_frac": 0.003, "modeled_flood_frac": 0.061, "elev_m": 61.2, "slope_deg": 0.3, "landcover": "cropland", "population_data_status": "WorldPop/GHSL raster aggregate", "landcover_data_status": "ESA WorldCover cell median", "flood_depth_data_status": "deterministic cell-scale proxy from modeled flood fraction and GLOF depth", "low_income_score": 0.15, "equity_weight": 1.075, "scenario": "current_risk_model", "people_risk_eal": 0.394, "data_status": "model output"}}, {"type": "Feature", "geometry": {"type": "Polygon", "coordinates": [[[86.22, 26.41], [86.3, 26.41], [86.3, 26.49], [86.22, 26.49], [86.22, 26.41]]]}, "properties": {"cell_id": "c_00104", "flood_depth_m": {"rp10": 0.06, "rp100": 0.18}, "glof_depth_m": 0.0, "landslide_prob": 0.076, "population": 20, "critical_assets": [], "eal_people": 0.456, "eal_usd": 1140.0, "observed_flood_frac": 0.006, "modeled_flood_frac": 0.057, "elev_m": 61.1, "slope_deg": 0.3, "landcover": "cropland", "population_data_status": "WorldPop/GHSL raster aggregate", "landcover_data_status": "ESA WorldCover cell median", "flood_depth_data_status": "deterministic cell-scale proxy from modeled flood fraction and GLOF depth", "low_income_score": 0.55, "equity_weight": 1.275, "scenario": "current_risk_model", "people_risk_eal": 0.456, "data_status": "model output"}}, {"type": "Feature", "geometry": {"type": "Polygon", "coordinates": [[[86.3, 26.41], [86.38, 26.41], [86.38, 26.49], [86.3, 26.49], [86.3, 26.41]]]}, "properties": {"cell_id": "c_00105", "flood_depth_m": {"rp10": 0.02, "rp100": 0.05}, "glof_depth_m": 0.0, "landslide_prob": 0.076, "population": 20, "critical_assets": [], "eal_people": 0.341, "eal_usd": 853.0, "observed_flood_frac": 0.0, "modeled_flood_frac": 0.007, "elev_m": 63.7, "slope_deg": 0.3, "landcover": "cropland", "population_data_status": "WorldPop/GHSL raster aggregate", "landcover_data_status": "ESA WorldCover cell median", "flood_depth_data_status": "deterministic cell-scale proxy from modeled flood fraction and GLOF depth", "low_income_score": 0.55, "equity_weight": 1.275, "scenario": "current_risk_model", "people_risk_eal": 0.341, "data_status": "model output"}}, {"type": "Feature", "geometry": {"type": "Polygon", "coordinates": [[[86.38, 26.41], [86.46000000000001, 26.41], [86.46000000000001, 26.49], [86.38, 26.49], [86.38, 26.41]]]}, "properties": {"cell_id": "c_00106", "flood_depth_m": {"rp10": 0.02, "rp100": 0.05}, "glof_depth_m": 0.0, "landslide_prob": 0.076, "population": 20, "critical_assets": [], "eal_people": 0.327, "eal_usd": 818.0, "observed_flood_frac": 0.0, "modeled_flood_frac": 0.001, "elev_m": 65.5, "slope_deg": 0.3, "landcover": "cropland", "population_data_status": "WorldPop/GHSL raster aggregate", "landcover_data_status": "ESA WorldCover cell median", "flood_depth_data_status": "deterministic cell-scale proxy from modeled flood fraction and GLOF depth", "low_income_score": 0.55, "equity_weight": 1.275, "scenario": "current_risk_model", "people_risk_eal": 0.327, "data_status": "model output"}}, {"type": "Feature", "geometry": {"type": "Polygon", "coordinates": [[[86.46000000000001, 26.41], [86.54, 26.41], [86.54, 26.49], [86.46000000000001, 26.49], [86.46000000000001, 26.41]]]}, "properties": {"cell_id": "c_00107", "flood_depth_m": {"rp10": 0.02, "rp100": 0.05}, "glof_depth_m": 0.0, "landslide_prob": 0.081, "population": 20, "critical_assets": [], "eal_people": 0.331, "eal_usd": 828.0, "observed_flood_frac": 0.011, "modeled_flood_frac": 0.002, "elev_m": 67.0, "slope_deg": 0.2, "landcover": "cropland", "population_data_status": "WorldPop/GHSL raster aggregate", "landcover_data_status": "ESA WorldCover cell median", "flood_depth_data_status": "deterministic cell-scale proxy from modeled flood fraction and GLOF depth", "low_income_score": 0.55, "equity_weight": 1.275, "scenario": "current_risk_model", "people_risk_eal": 0.331, "data_status": "model output"}}, {"type": "Feature", "geometry": {"type": "Polygon", "coordinates": [[[86.54, 26.41], [86.62, 26.41], [86.62, 26.49], [86.54, 26.49], [86.54, 26.41]]]}, "properties": {"cell_id": "c_00108", "flood_depth_m": {"rp10": 0.02, "rp100": 0.05}, "glof_depth_m": 0.0, "landslide_prob": 0.076, "population": 20, "critical_assets": [], "eal_people": 0.333, "eal_usd": 832.0, "observed_flood_frac": 0.0, "modeled_flood_frac": 0.003, "elev_m": 65.2, "slope_deg": 0.3, "landcover": "cropland", "population_data_status": "WorldPop/GHSL raster aggregate", "landcover_data_status": "ESA WorldCover cell median", "flood_depth_data_status": "deterministic cell-scale proxy from modeled flood fraction and GLOF depth", "low_income_score": 0.55, "equity_weight": 1.275, "scenario": "current_risk_model", "people_risk_eal": 0.333, "data_status": "model output"}}, {"type": "Feature", "geometry": {"type": "Polygon", "coordinates": [[[86.62, 26.41], [86.7, 26.41], [86.7, 26.49], [86.62, 26.49], [86.62, 26.41]]]}, "properties": {"cell_id": "c_00109", "flood_depth_m": {"rp10": 0.02, "rp100": 0.05}, "glof_depth_m": 0.0, "landslide_prob": 0.076, "population": 39957, "critical_assets": [], "eal_people": 715.971, "eal_usd": 1789928.0, "observed_flood_frac": 0.024, "modeled_flood_frac": 0.014, "elev_m": 65.0, "slope_deg": 0.2, "landcover": "cropland", "population_data_status": "WorldPop/GHSL raster aggregate", "landcover_data_status": "ESA WorldCover cell median", "flood_depth_data_status": "deterministic cell-scale proxy from modeled flood fraction and GLOF depth", "low_income_score": 0.55, "equity_weight": 1.275, "scenario": "current_risk_model", "people_risk_eal": 715.971, "data_status": "model output"}}, {"type": "Feature", "geometry": {"type": "Polygon", "coordinates": [[[86.7, 26.41], [86.78, 26.41], [86.78, 26.49], [86.7, 26.49], [86.7, 26.41]]]}, "properties": {"cell_id": "c_00110", "flood_depth_m": {"rp10": 0.09, "rp100": 0.27}, "glof_depth_m": 0.0, "landslide_prob": 0.076, "population": 50471, "critical_assets": ["school", "clinic", "school", "school"], "eal_people": 1098.216, "eal_usd": 2745540.0, "observed_flood_frac": 0.094, "modeled_flood_frac": 0.083, "elev_m": 65.8, "slope_deg": 0.2, "landcover": "cropland", "population_data_status": "WorldPop/GHSL raster aggregate", "landcover_data_status": "ESA WorldCover cell median", "flood_depth_data_status": "deterministic cell-scale proxy from modeled flood fraction and GLOF depth", "low_income_score": 0.15, "equity_weight": 1.075, "scenario": "current_risk_model", "people_risk_eal": 1098.216, "data_status": "model output"}}, {"type": "Feature", "geometry": {"type": "Polygon", "coordinates": [[[86.78, 26.41], [86.86, 26.41], [86.86, 26.49], [86.78, 26.49], [86.78, 26.41]]]}, "properties": {"cell_id": "c_00111", "flood_depth_m": {"rp10": 0.06, "rp100": 0.16}, "glof_depth_m": 0.0, "landslide_prob": 0.076, "population": 37532, "critical_assets": ["clinic", "school", "school", "school"], "eal_people": 700.927, "eal_usd": 1752318.0, "observed_flood_frac": 0.053, "modeled_flood_frac": 0.051, "elev_m": 67.9, "slope_deg": 0.1, "landcover": "cropland", "population_data_status": "WorldPop/GHSL raster aggregate", "landcover_data_status": "ESA WorldCover cell median", "flood_depth_data_status": "deterministic cell-scale proxy from modeled flood fraction and GLOF depth", "low_income_score": 0.15, "equity_weight": 1.075, "scenario": "current_risk_model", "people_risk_eal": 700.927, "data_status": "model output"}}, {"type": "Feature", "geometry": {"type": "Polygon", "coordinates": [[[86.86, 26.41], [86.94, 26.41], [86.94, 26.49], [86.86, 26.49], [86.86, 26.41]]]}, "properties": {"cell_id": "c_00112", "flood_depth_m": {"rp10": 0.1, "rp100": 0.29}, "glof_depth_m": 0.0, "landslide_prob": 0.076, "population": 3475, "critical_assets": [], "eal_people": 92.423, "eal_usd": 231058.0, "observed_flood_frac": 0.098, "modeled_flood_frac": 0.09, "elev_m": 70.2, "slope_deg": 0.2, "landcover": "cropland", "population_data_status": "WorldPop/GHSL raster aggregate", "landcover_data_status": "ESA WorldCover cell median", "flood_depth_data_status": "deterministic cell-scale proxy from modeled flood fraction and GLOF depth", "low_income_score": 0.55, "equity_weight": 1.275, "scenario": "current_risk_model", "people_risk_eal": 92.423, "data_status": "model output"}}, {"type": "Feature", "geometry": {"type": "Polygon", "coordinates": [[[86.94, 26.41], [87.02, 26.41], [87.02, 26.49], [86.94, 26.49], [86.94, 26.41]]]}, "properties": {"cell_id": "c_00113", "flood_depth_m": {"rp10": 0.08, "rp100": 0.22}, "glof_depth_m": 0.0, "landslide_prob": 0.076, "population": 20, "critical_assets": [], "eal_people": 0.483, "eal_usd": 1208.0, "observed_flood_frac": 0.005, "modeled_flood_frac": 0.069, "elev_m": 71.4, "slope_deg": 0.2, "landcover": "cropland", "population_data_status": "WorldPop/GHSL raster aggregate", "landcover_data_status": "ESA WorldCover cell median", "flood_depth_data_status": "deterministic cell-scale proxy from modeled flood fraction and GLOF depth", "low_income_score": 0.55, "equity_weight": 1.275, "scenario": "current_risk_model", "people_risk_eal": 0.483, "data_status": "model output"}}, {"type": "Feature", "geometry": {"type": "Polygon", "coordinates": [[[87.02, 26.41], [87.10000000000001, 26.41], [87.10000000000001, 26.49], [87.02, 26.49], [87.02, 26.41]]]}, "properties": {"cell_id": "c_00114", "flood_depth_m": {"rp10": 0.11, "rp100": 0.31}, "glof_depth_m": 0.0, "landslide_prob": 0.076, "population": 142460, "critical_assets": [], "eal_people": 4577.774, "eal_usd": 11444435.0, "observed_flood_frac": 0.028, "modeled_flood_frac": 0.096, "elev_m": 71.8, "slope_deg": 0.2, "landcover": "cropland", "population_data_status": "WorldPop/GHSL raster aggregate", "landcover_data_status": "ESA WorldCover cell median", "flood_depth_data_status": "deterministic cell-scale proxy from modeled flood fraction and GLOF depth", "low_income_score": 1.0, "equity_weight": 1.5, "scenario": "current_risk_model", "people_risk_eal": 4577.774, "data_status": "model output"}}, {"type": "Feature", "geometry": {"type": "Polygon", "coordinates": [[[87.10000000000001, 26.41], [87.18, 26.41], [87.18, 26.49], [87.10000000000001, 26.49], [87.10000000000001, 26.41]]]}, "properties": {"cell_id": "c_00115", "flood_depth_m": {"rp10": 0.1, "rp100": 0.29}, "glof_depth_m": 0.0, "landslide_prob": 0.076, "population": 209116, "critical_assets": [], "eal_people": 6560.884, "eal_usd": 16402210.0, "observed_flood_frac": 0.012, "modeled_flood_frac": 0.091, "elev_m": 70.7, "slope_deg": 0.2, "landcover": "cropland", "population_data_status": "WorldPop/GHSL raster aggregate", "landcover_data_status": "ESA WorldCover cell median", "flood_depth_data_status": "deterministic cell-scale proxy from modeled flood fraction and GLOF depth", "low_income_score": 1.0, "equity_weight": 1.5, "scenario": "current_risk_model", "people_risk_eal": 6560.884, "data_status": "model output"}}, {"type": "Feature", "geometry": {"type": "Polygon", "coordinates": [[[87.18, 26.41], [87.26, 26.41], [87.26, 26.49], [87.18, 26.49], [87.18, 26.41]]]}, "properties": {"cell_id": "c_00116", "flood_depth_m": {"rp10": 0.02, "rp100": 0.05}, "glof_depth_m": 0.0, "landslide_prob": 0.076, "population": 183770, "critical_assets": [], "eal_people": 3718.931, "eal_usd": 9297328.0, "observed_flood_frac": 0.003, "modeled_flood_frac": 0.008, "elev_m": 69.5, "slope_deg": 0.2, "landcover": "cropland", "population_data_status": "WorldPop/GHSL raster aggregate", "landcover_data_status": "ESA WorldCover cell median", "flood_depth_data_status": "deterministic cell-scale proxy from modeled flood fraction and GLOF depth", "low_income_score": 1.0, "equity_weight": 1.5, "scenario": "current_risk_model", "people_risk_eal": 3718.931, "data_status": "model output"}}, {"type": "Feature", "geometry": {"type": "Polygon", "coordinates": [[[87.26, 26.41], [87.34, 26.41], [87.34, 26.49], [87.26, 26.49], [87.26, 26.41]]]}, "properties": {"cell_id": "c_00117", "flood_depth_m": {"rp10": 0.02, "rp100": 0.05}, "glof_depth_m": 0.0, "landslide_prob": 0.076, "population": 156057, "critical_assets": ["clinic", "school", "clinic", "school"], "eal_people": 2140.634, "eal_usd": 5351585.0, "observed_flood_frac": 0.0, "modeled_flood_frac": 0.0, "elev_m": 70.1, "slope_deg": 0.2, "landcover": "cropland", "population_data_status": "WorldPop/GHSL raster aggregate", "landcover_data_status": "ESA WorldCover cell median", "flood_depth_data_status": "deterministic cell-scale proxy from modeled flood fraction and GLOF depth", "low_income_score": 0.15, "equity_weight": 1.075, "scenario": "current_risk_model", "people_risk_eal": 2140.634, "data_status": "model output"}}, {"type": "Feature", "geometry": {"type": "Polygon", "coordinates": [[[87.34, 26.41], [87.42, 26.41], [87.42, 26.49], [87.34, 26.49], [87.34, 26.41]]]}, "properties": {"cell_id": "c_00118", "flood_depth_m": {"rp10": 0.02, "rp100": 0.05}, "glof_depth_m": 0.0, "landslide_prob": 0.076, "population": 41633, "critical_assets": [], "eal_people": 757.946, "eal_usd": 1894865.0, "observed_flood_frac": 0.0, "modeled_flood_frac": 0.017, "elev_m": 68.4, "slope_deg": 0.2, "landcover": "cropland", "population_data_status": "WorldPop/GHSL raster aggregate", "landcover_data_status": "ESA WorldCover cell median", "flood_depth_data_status": "deterministic cell-scale proxy from modeled flood fraction and GLOF depth", "low_income_score": 0.55, "equity_weight": 1.275, "scenario": "current_risk_model", "people_risk_eal": 757.946, "data_status": "model output"}}, {"type": "Feature", "geometry": {"type": "Polygon", "coordinates": [[[86.06, 26.33], [86.14, 26.33], [86.14, 26.41], [86.06, 26.41], [86.06, 26.33]]]}, "properties": {"cell_id": "c_00119", "flood_depth_m": {"rp10": 0.17, "rp100": 0.48}, "glof_depth_m": 0.0, "landslide_prob": 0.076, "population": 20, "critical_assets": ["school", "clinic", "clinic", "clinic"], "eal_people": 0.565, "eal_usd": 1412.0, "observed_flood_frac": 0.0, "modeled_flood_frac": 0.15, "elev_m": 56.4, "slope_deg": 0.3, "landcover": "cropland", "population_data_status": "WorldPop/GHSL raster aggregate", "landcover_data_status": "ESA WorldCover cell median", "flood_depth_data_status": "deterministic cell-scale proxy from modeled flood fraction and GLOF depth", "low_income_score": 0.15, "equity_weight": 1.075, "scenario": "current_risk_model", "people_risk_eal": 0.565, "data_status": "model output"}}, {"type": "Feature", "geometry": {"type": "Polygon", "coordinates": [[[86.14, 26.33], [86.22, 26.33], [86.22, 26.41], [86.14, 26.41], [86.14, 26.33]]]}, "properties": {"cell_id": "c_00120", "flood_depth_m": {"rp10": 0.17, "rp100": 0.5}, "glof_depth_m": 0.0, "landslide_prob": 0.077, "population": 20, "critical_assets": [], "eal_people": 0.686, "eal_usd": 1715.0, "observed_flood_frac": 0.0, "modeled_flood_frac": 0.157, "elev_m": 56.9, "slope_deg": 0.3, "landcover": "cropland", "population_data_status": "WorldPop/GHSL raster aggregate", "landcover_data_status": "ESA WorldCover cell median", "flood_depth_data_status": "deterministic cell-scale proxy from modeled flood fraction and GLOF depth", "low_income_score": 0.55, "equity_weight": 1.275, "scenario": "current_risk_model", "people_risk_eal": 0.686, "data_status": "model output"}}, {"type": "Feature", "geometry": {"type": "Polygon", "coordinates": [[[86.22, 26.33], [86.3, 26.33], [86.3, 26.41], [86.22, 26.41], [86.22, 26.33]]]}, "properties": {"cell_id": "c_00121", "flood_depth_m": {"rp10": 0.12, "rp100": 0.33}, "glof_depth_m": 0.0, "landslide_prob": 0.077, "population": 20, "critical_assets": ["clinic", "clinic"], "eal_people": 0.477, "eal_usd": 1192.0, "observed_flood_frac": 0.003, "modeled_flood_frac": 0.104, "elev_m": 57.0, "slope_deg": 0.3, "landcover": "cropland", "population_data_status": "WorldPop/GHSL raster aggregate", "landcover_data_status": "ESA WorldCover cell median", "flood_depth_data_status": "deterministic cell-scale proxy from modeled flood fraction and GLOF depth", "low_income_score": 0.15, "equity_weight": 1.075, "scenario": "current_risk_model", "people_risk_eal": 0.477, "data_status": "model output"}}, {"type": "Feature", "geometry": {"type": "Polygon", "coordinates": [[[86.3, 26.33], [86.38, 26.33], [86.38, 26.41], [86.3, 26.41], [86.3, 26.33]]]}, "properties": {"cell_id": "c_00122", "flood_depth_m": {"rp10": 0.04, "rp100": 0.12}, "glof_depth_m": 0.0, "landslide_prob": 0.076, "population": 20, "critical_assets": ["clinic", "clinic", "clinic", "clinic"], "eal_people": 0.347, "eal_usd": 867.0, "observed_flood_frac": 0.0, "modeled_flood_frac": 0.037, "elev_m": 56.9, "slope_deg": 0.3, "landcover": "cropland", "population_data_status": "WorldPop/GHSL raster aggregate", "landcover_data_status": "ESA WorldCover cell median", "flood_depth_data_status": "deterministic cell-scale proxy from modeled flood fraction and GLOF depth", "low_income_score": 0.15, "equity_weight": 1.075, "scenario": "current_risk_model", "people_risk_eal": 0.347, "data_status": "model output"}}, {"type": "Feature", "geometry": {"type": "Polygon", "coordinates": [[[86.38, 26.33], [86.46000000000001, 26.33], [86.46000000000001, 26.41], [86.38, 26.41], [86.38, 26.33]]]}, "properties": {"cell_id": "c_00123", "flood_depth_m": {"rp10": 0.02, "rp100": 0.05}, "glof_depth_m": 0.0, "landslide_prob": 0.077, "population": 20, "critical_assets": [], "eal_people": 0.343, "eal_usd": 858.0, "observed_flood_frac": 0.0, "modeled_flood_frac": 0.007, "elev_m": 57.6, "slope_deg": 0.3, "landcover": "cropland", "population_data_status": "WorldPop/GHSL raster aggregate", "landcover_data_status": "ESA WorldCover cell median", "flood_depth_data_status": "deterministic cell-scale proxy from modeled flood fraction and GLOF depth", "low_income_score": 0.55, "equity_weight": 1.275, "scenario": "current_risk_model", "people_risk_eal": 0.343, "data_status": "model output"}}, {"type": "Feature", "geometry": {"type": "Polygon", "coordinates": [[[86.46000000000001, 26.33], [86.54, 26.33], [86.54, 26.41], [86.46000000000001, 26.41], [86.46000000000001, 26.33]]]}, "properties": {"cell_id": "c_00124", "flood_depth_m": {"rp10": 0.02, "rp100": 0.05}, "glof_depth_m": 0.0, "landslide_prob": 0.076, "population": 20, "critical_assets": ["clinic", "clinic", "clinic", "clinic"], "eal_people": 0.277, "eal_usd": 693.0, "observed_flood_frac": 0.014, "modeled_flood_frac": 0.001, "elev_m": 59.7, "slope_deg": 0.2, "landcover": "cropland", "population_data_status": "WorldPop/GHSL raster aggregate", "landcover_data_status": "ESA WorldCover cell median", "flood_depth_data_status": "deterministic cell-scale proxy from modeled flood fraction and GLOF depth", "low_income_score": 0.15, "equity_weight": 1.075, "scenario": "current_risk_model", "people_risk_eal": 0.277, "data_status": "model output"}}, {"type": "Feature", "geometry": {"type": "Polygon", "coordinates": [[[86.54, 26.33], [86.62, 26.33], [86.62, 26.41], [86.54, 26.41], [86.54, 26.33]]]}, "properties": {"cell_id": "c_00125", "flood_depth_m": {"rp10": 0.19, "rp100": 0.55}, "glof_depth_m": 0.0, "landslide_prob": 0.076, "population": 20, "critical_assets": [], "eal_people": 0.717, "eal_usd": 1792.0, "observed_flood_frac": 0.0, "modeled_flood_frac": 0.171, "elev_m": 58.1, "slope_deg": 0.3, "landcover": "cropland", "population_data_status": "WorldPop/GHSL raster aggregate", "landcover_data_status": "ESA WorldCover cell median", "flood_depth_data_status": "deterministic cell-scale proxy from modeled flood fraction and GLOF depth", "low_income_score": 0.55, "equity_weight": 1.275, "scenario": "current_risk_model", "people_risk_eal": 0.717, "data_status": "model output"}}, {"type": "Feature", "geometry": {"type": "Polygon", "coordinates": [[[86.62, 26.33], [86.7, 26.33], [86.7, 26.41], [86.62, 26.41], [86.62, 26.33]]]}, "properties": {"cell_id": "c_00126", "flood_depth_m": {"rp10": 0.12, "rp100": 0.35}, "glof_depth_m": 0.0, "landslide_prob": 0.076, "population": 20, "critical_assets": [], "eal_people": 0.576, "eal_usd": 1440.0, "observed_flood_frac": 0.053, "modeled_flood_frac": 0.109, "elev_m": 59.5, "slope_deg": 0.2, "landcover": "cropland", "population_data_status": "WorldPop/GHSL raster aggregate", "landcover_data_status": "ESA WorldCover cell median", "flood_depth_data_status": "deterministic cell-scale proxy from modeled flood fraction and GLOF depth", "low_income_score": 0.55, "equity_weight": 1.275, "scenario": "current_risk_model", "people_risk_eal": 0.576, "data_status": "model output"}}, {"type": "Feature", "geometry": {"type": "Polygon", "coordinates": [[[86.7, 26.33], [86.78, 26.33], [86.78, 26.41], [86.7, 26.41], [86.7, 26.33]]]}, "properties": {"cell_id": "c_00127", "flood_depth_m": {"rp10": 0.09, "rp100": 0.26}, "glof_depth_m": 0.0, "landslide_prob": 0.076, "population": 20, "critical_assets": [], "eal_people": 0.51, "eal_usd": 1275.0, "observed_flood_frac": 0.091, "modeled_flood_frac": 0.081, "elev_m": 61.9, "slope_deg": 0.2, "landcover": "cropland", "population_data_status": "WorldPop/GHSL raster aggregate", "landcover_data_status": "ESA WorldCover cell median", "flood_depth_data_status": "deterministic cell-scale proxy from modeled flood fraction and GLOF depth", "low_income_score": 0.55, "equity_weight": 1.275, "scenario": "current_risk_model", "people_risk_eal": 0.51, "data_status": "model output"}}, {"type": "Feature", "geometry": {"type": "Polygon", "coordinates": [[[86.78, 26.33], [86.86, 26.33], [86.86, 26.41], [86.78, 26.41], [86.78, 26.33]]]}, "properties": {"cell_id": "c_00128", "flood_depth_m": {"rp10": 0.18, "rp100": 0.51}, "glof_depth_m": 0.0, "landslide_prob": 0.076, "population": 20, "critical_assets": [], "eal_people": 0.691, "eal_usd": 1727.0, "observed_flood_frac": 0.033, "modeled_flood_frac": 0.159, "elev_m": 63.9, "slope_deg": 0.2, "landcover": "cropland", "population_data_status": "WorldPop/GHSL raster aggregate", "landcover_data_status": "ESA WorldCover cell median", "flood_depth_data_status": "deterministic cell-scale proxy from modeled flood fraction and GLOF depth", "low_income_score": 0.55, "equity_weight": 1.275, "scenario": "current_risk_model", "people_risk_eal": 0.691, "data_status": "model output"}}, {"type": "Feature", "geometry": {"type": "Polygon", "coordinates": [[[86.86, 26.33], [86.94, 26.33], [86.94, 26.41], [86.86, 26.41], [86.86, 26.33]]]}, "properties": {"cell_id": "c_00129", "flood_depth_m": {"rp10": 0.12, "rp100": 0.34}, "glof_depth_m": 0.0, "landslide_prob": 0.076, "population": 20, "critical_assets": [], "eal_people": 0.566, "eal_usd": 1415.0, "observed_flood_frac": 0.0, "modeled_flood_frac": 0.105, "elev_m": 65.8, "slope_deg": 0.2, "landcover": "cropland", "population_data_status": "WorldPop/GHSL raster aggregate", "landcover_data_status": "ESA WorldCover cell median", "flood_depth_data_status": "deterministic cell-scale proxy from modeled flood fraction and GLOF depth", "low_income_score": 0.55, "equity_weight": 1.275, "scenario": "current_risk_model", "people_risk_eal": 0.566, "data_status": "model output"}}, {"type": "Feature", "geometry": {"type": "Polygon", "coordinates": [[[86.94, 26.33], [87.02, 26.33], [87.02, 26.41], [86.94, 26.41], [86.94, 26.33]]]}, "properties": {"cell_id": "c_00130", "flood_depth_m": {"rp10": 0.1, "rp100": 0.28}, "glof_depth_m": 0.0, "landslide_prob": 0.076, "population": 20, "critical_assets": ["clinic"], "eal_people": 0.445, "eal_usd": 1112.0, "observed_flood_frac": 0.0, "modeled_flood_frac": 0.088, "elev_m": 66.9, "slope_deg": 0.2, "landcover": "cropland", "population_data_status": "WorldPop/GHSL raster aggregate", "landcover_data_status": "ESA WorldCover cell median", "flood_depth_data_status": "deterministic cell-scale proxy from modeled flood fraction and GLOF depth", "low_income_score": 0.15, "equity_weight": 1.075, "scenario": "current_risk_model", "people_risk_eal": 0.445, "data_status": "model output"}}, {"type": "Feature", "geometry": {"type": "Polygon", "coordinates": [[[87.02, 26.33], [87.10000000000001, 26.33], [87.10000000000001, 26.41], [87.02, 26.41], [87.02, 26.33]]]}, "properties": {"cell_id": "c_00131", "flood_depth_m": {"rp10": 0.13, "rp100": 0.37}, "glof_depth_m": 0.0, "landslide_prob": 0.076, "population": 20, "critical_assets": [], "eal_people": 0.589, "eal_usd": 1472.0, "observed_flood_frac": 0.014, "modeled_flood_frac": 0.115, "elev_m": 67.1, "slope_deg": 0.2, "landcover": "cropland", "population_data_status": "WorldPop/GHSL raster aggregate", "landcover_data_status": "ESA WorldCover cell median", "flood_depth_data_status": "deterministic cell-scale proxy from modeled flood fraction and GLOF depth", "low_income_score": 0.55, "equity_weight": 1.275, "scenario": "current_risk_model", "people_risk_eal": 0.589, "data_status": "model output"}}, {"type": "Feature", "geometry": {"type": "Polygon", "coordinates": [[[87.10000000000001, 26.33], [87.18, 26.33], [87.18, 26.41], [87.10000000000001, 26.41], [87.10000000000001, 26.33]]]}, "properties": {"cell_id": "c_00132", "flood_depth_m": {"rp10": 0.13, "rp100": 0.37}, "glof_depth_m": 0.0, "landslide_prob": 0.076, "population": 231882, "critical_assets": [], "eal_people": 8096.885, "eal_usd": 20242212.0, "observed_flood_frac": 0.037, "modeled_flood_frac": 0.117, "elev_m": 66.1, "slope_deg": 0.2, "landcover": "cropland", "population_data_status": "WorldPop/GHSL raster aggregate", "landcover_data_status": "ESA WorldCover cell median", "flood_depth_data_status": "deterministic cell-scale proxy from modeled flood fraction and GLOF depth", "low_income_score": 1.0, "equity_weight": 1.5, "scenario": "current_risk_model", "people_risk_eal": 8096.885, "data_status": "model output"}}, {"type": "Feature", "geometry": {"type": "Polygon", "coordinates": [[[87.18, 26.33], [87.26, 26.33], [87.26, 26.41], [87.18, 26.41], [87.18, 26.33]]]}, "properties": {"cell_id": "c_00133", "flood_depth_m": {"rp10": 0.11, "rp100": 0.32}, "glof_depth_m": 0.0, "landslide_prob": 0.076, "population": 226922, "critical_assets": ["clinic"], "eal_people": 5280.716, "eal_usd": 13201790.0, "observed_flood_frac": 0.042, "modeled_flood_frac": 0.099, "elev_m": 63.6, "slope_deg": 0.2, "landcover": "cropland", "population_data_status": "WorldPop/GHSL raster aggregate", "landcover_data_status": "ESA WorldCover cell median", "flood_depth_data_status": "deterministic cell-scale proxy from modeled flood fraction and GLOF depth", "low_income_score": 0.15, "equity_weight": 1.075, "scenario": "current_risk_model", "people_risk_eal": 5280.716, "data_status": "model output"}}, {"type": "Feature", "geometry": {"type": "Polygon", "coordinates": [[[87.26, 26.33], [87.34, 26.33], [87.34, 26.41], [87.26, 26.41], [87.26, 26.33]]]}, "properties": {"cell_id": "c_00134", "flood_depth_m": {"rp10": 0.11, "rp100": 0.31}, "glof_depth_m": 0.0, "landslide_prob": 0.076, "population": 70593, "critical_assets": ["school"], "eal_people": 1634.237, "eal_usd": 4085592.0, "observed_flood_frac": 0.081, "modeled_flood_frac": 0.098, "elev_m": 61.0, "slope_deg": 0.2, "landcover": "cropland", "population_data_status": "WorldPop/GHSL raster aggregate", "landcover_data_status": "ESA WorldCover cell median", "flood_depth_data_status": "deterministic cell-scale proxy from modeled flood fraction and GLOF depth", "low_income_score": 0.15, "equity_weight": 1.075, "scenario": "current_risk_model", "people_risk_eal": 1634.237, "data_status": "model output"}}, {"type": "Feature", "geometry": {"type": "Polygon", "coordinates": [[[87.34, 26.33], [87.42, 26.33], [87.42, 26.41], [87.34, 26.41], [87.34, 26.33]]]}, "properties": {"cell_id": "c_00135", "flood_depth_m": {"rp10": 0.08, "rp100": 0.22}, "glof_depth_m": 0.0, "landslide_prob": 0.076, "population": 44308, "critical_assets": [], "eal_people": 1064.04, "eal_usd": 2660100.0, "observed_flood_frac": 0.018, "modeled_flood_frac": 0.068, "elev_m": 60.6, "slope_deg": 0.2, "landcover": "cropland", "population_data_status": "WorldPop/GHSL raster aggregate", "landcover_data_status": "ESA WorldCover cell median", "flood_depth_data_status": "deterministic cell-scale proxy from modeled flood fraction and GLOF depth", "low_income_score": 0.55, "equity_weight": 1.275, "scenario": "current_risk_model", "people_risk_eal": 1064.04, "data_status": "model output"}}], "provenance": {"data_status": "model output", "metric": "annual expected people-risk", "source": "hazard.geojson"}}