{"type": "FeatureCollection", "features": [{"type": "Feature", "geometry": {"type": "Polygon", "coordinates": [[[77.624, 13.197999999999999], [77.624, 13.196], [77.62599999999999, 13.196], [77.62599999999999, 13.197999999999999], [77.624, 13.197999999999999]]]}, "properties": {"class": "flood"}}, {"type": "Feature", "geometry": {"type": "Polygon", "coordinates": [[[77.80199999999999, 13.197999999999999], [77.80199999999999, 13.196], [77.80399999999999, 13.196], [77.80399999999999, 13.197999999999999], [77.80199999999999, 13.197999999999999]]]}, "properties": {"class": "flood"}}, {"type": "Feature", "geometry": {"type": "Polygon", "coordinates": [[[77.42399999999999, 13.197999999999999], [77.42399999999999, 13.193999999999999], [77.428, 13.193999999999999], [77.428, 13.196], [77.42399999999999, 13.197999999999999]]]}, "properties": {"class": "flood"}}, {"type": "Feature", "geometry": {"type": "Polygon", "coordinates": [[[77.38799999999999, 13.196], [77.38799999999999, 13.193999999999999], [77.39, 13.193999999999999], [77.39, 13.196], [77.38799999999999, 13.196]]]}, "properties": {"class": "flood"}}, {"type": "Feature", "geometry": {"type": "Polygon", "coordinates": [[[77.416, 13.196], [77.416, 13.193999999999999], [77.41799999999999, 13.193999999999999], [77.41799999999999, 13.196], [77.416, 13.196]]]}, "properties": {"class": "flood"}}, {"type": "Feature", "geometry": {"type": "Polygon", "coordinates": [[[77.588, 13.196], [77.588, 13.193999999999999], [77.58999999999999, 13.193999999999999], [77.58999999999999, 13.196], [77.588, 13.196]]]}, "properties": {"class": "flood"}}, {"type": "Feature", "geometry": {"type": "Polygon", "coordinates": [[[77.622, 13.196], [77.622, 13.193999999999999], [77.624, 13.193999999999999], [77.624, 13.196], [77.622, 13.196]]]}, "properties": {"class": "flood"}}, {"type": "Feature", "geometry": {"type": "Polygon", "coordinates": [[[77.734, 13.196], [77.734, 13.192], [77.73599999999999, 13.192], [77.73599999999999, 13.196], [77.734, 13.196]]]}, "properties": {"class": "flood"}}, {"type": "Feature", "geometry": {"type": "Polygon", "coordinates": [[[77.41399999999999, 13.193999999999999], [77.41399999999999, 13.192], [77.416, 13.192], [77.416, 13.193999999999999], [77.41399999999999, 13.193999999999999]]]}, "properties": {"class": "flood"}}, {"type": "Feature", "geometry": {"type": "Polygon", "coordinates": [[[77.58999999999999, 13.193999999999999], [77.58999999999999, 13.192], [77.592, 13.192], [77.592, 13.193999999999999], [77.58999999999999, 13.193999999999999]]]}, "properties": {"class": "flood"}}, {"type": "Feature", "geometry": {"type": "Polygon", "coordinates": [[[77.6, 13.193999999999999], [77.6, 13.192], [77.60199999999999, 13.192], [77.60199999999999, 13.193999999999999], [77.6, 13.193999999999999]]]}, "properties": {"class": "flood"}}, {"type": "Feature", "geometry": {"type": "Polygon", "coordinates": [[[77.728, 13.193999999999999], [77.728, 13.192], [77.72999999999999, 13.192], [77.72999999999999, 13.193999999999999], [77.728, 13.193999999999999]]]}, "properties": {"class": "flood"}}, {"type": "Feature", "geometry": {"type": "Polygon", "coordinates": [[[77.80399999999999, 13.196], [77.80199999999999, 13.192], [77.806, 13.192], [77.806, 13.196], [77.80399999999999, 13.196]]]}, "properties": {"class": "flood"}}, {"type": "Feature", "geometry": {"type": "Polygon", "coordinates": [[[77.562, 13.193999999999999], [77.562, 13.19], [77.564, 13.19], [77.56599999999999, 13.193999999999999], [77.562, 13.193999999999999]]]}, "properties": {"class": "flood"}}, {"type": "Feature", "geometry": {"type": "Polygon", "coordinates": [[[77.642, 13.193999999999999], [77.64399999999999, 13.19], [77.646, 13.19], [77.646, 13.193999999999999], [77.642, 13.193999999999999]]]}, "properties": {"class": "flood"}}, {"type": "Feature", "geometry": {"type": "Polygon", "coordinates": [[[77.71199999999999, 13.193999999999999], [77.71199999999999, 13.19], [77.714, 13.19], [77.716, 13.193999999999999], [77.71199999999999, 13.193999999999999]]]}, "properties": {"class": "flood"}}, {"type": "Feature", "geometry": {"type": "Polygon", "coordinates": [[[77.354, 13.192], [77.354, 13.19], [77.35799999999999, 13.19], [77.35799999999999, 13.192], [77.354, 13.192]]]}, "properties": {"class": "flood"}}, {"type": "Feature", "geometry": {"type": "Polygon", "coordinates": [[[77.598, 13.192], [77.598, 13.19], [77.6, 13.19], [77.6, 13.192], [77.598, 13.192]]]}, "properties": {"class": "flood"}}, {"type": "Feature", "geometry": {"type": "Polygon", "coordinates": [[[77.72999999999999, 13.192], [77.72999999999999, 13.19], [77.732, 13.19], [77.732, 13.192], [77.72999999999999, 13.192]]]}, "properties": {"class": "flood"}}, {"type": "Feature", "geometry": {"type": "Polygon", "coordinates": [[[77.392, 13.19], [77.392, 13.187999999999999], [77.396, 13.187999999999999], [77.396, 13.19], [77.392, 13.19]]]}, "properties": {"class": "flood"}}, {"type": "Feature", "geometry": {"type": "Polygon", "coordinates": [[[77.416, 13.19], [77.416, 13.187999999999999], [77.41999999999999, 13.187999999999999], [77.41999999999999, 13.19], [77.416, 13.19]]]}, "properties": {"class": "flood"}}, {"type": "Feature", "geometry": {"type": "Polygon", "coordinates": [[[77.488, 13.192], [77.488, 13.19], [77.48599999999999, 13.187999999999999], [77.49199999999999, 13.19], [77.488, 13.192]]]}, "properties": {"class": "flood"}}, {"type": "Feature", "geometry": {"type": "Polygon", "coordinates": [[[77.64999999999999, 13.19], [77.64999999999999, 13.187999999999999], [77.652, 13.187999999999999], [77.652, 13.19], [77.64999999999999, 13.19]]]}, "properties": {"class": "flood"}}, {"type": "Feature", "geometry": {"type": "Polygon", "coordinates": [[[77.648, 13.187999999999999], [77.648, 13.186], [77.64999999999999, 13.186], [77.64999999999999, 13.187999999999999], [77.648, 13.187999999999999]]]}, "properties": {"class": "flood"}}, {"type": "Feature", "geometry": {"type": "Polygon", "coordinates": [[[77.66, 13.187999999999999], [77.66, 13.186], [77.66199999999999, 13.186], [77.66199999999999, 13.187999999999999], [77.66, 13.187999999999999]]]}, "properties": {"class": "flood"}}, {"type": "Feature", "geometry": {"type": "Polygon", "coordinates": [[[77.538, 13.187999999999999], [77.538, 13.184], [77.53999999999999, 13.184], [77.53999999999999, 13.187999999999999], [77.538, 13.187999999999999]]]}, "properties": {"class": "flood"}}, {"type": "Feature", "geometry": {"type": "Polygon", "coordinates": [[[77.362, 13.186], [77.362, 13.184], [77.36399999999999, 13.184], [77.36399999999999, 13.186], [77.362, 13.186]]]}, "properties": {"class": "flood"}}, {"type": "Feature", "geometry": {"type": "Polygon", "coordinates": [[[77.40599999999999, 13.186], [77.40599999999999, 13.184], [77.41, 13.184], [77.41, 13.186], [77.40599999999999, 13.186]]]}, "properties": {"class": "flood"}}, {"type": "Feature", "geometry": {"type": "Polygon", "coordinates": [[[77.52, 13.186], [77.52, 13.184], [77.52199999999999, 13.184], [77.52199999999999, 13.186], [77.52, 13.186]]]}, "properties": {"class": "flood"}}, {"type": "Feature", "geometry": {"type": "Polygon", "coordinates": [[[77.658, 13.186], [77.658, 13.184], [77.66, 13.184], [77.66, 13.186], [77.658, 13.186]]]}, "properties": {"class": "flood"}}, {"type": "Feature", "geometry": {"type": "Polygon", "coordinates": [[[77.838, 13.186], [77.838, 13.184], [77.83999999999999, 13.184], [77.83999999999999, 13.186], [77.838, 13.186]]]}, "properties": {"class": "flood"}}, {"type": "Feature", "geometry": {"type": "Polygon", "coordinates": [[[77.58399999999999, 13.186], [77.58399999999999, 13.181999999999999], [77.586, 13.181999999999999], [77.588, 13.186], [77.58399999999999, 13.186]]]}, "properties": {"class": "flood"}}, {"type": "Feature", "geometry": {"type": "Polygon", "coordinates": [[[77.83399999999999, 13.186], [77.83399999999999, 13.181999999999999], [77.838, 13.181999999999999], [77.836, 13.186], [77.83399999999999, 13.186]]]}, "properties": {"class": "flood"}}, {"type": "Feature", "geometry": {"type": "Polygon", "coordinates": [[[77.36, 13.184], [77.36, 13.181999999999999], [77.362, 13.181999999999999], [77.362, 13.184], [77.36, 13.184]]]}, "properties": {"class": "flood"}}, {"type": "Feature", "geometry": {"type": "Polygon", "coordinates": [[[77.518, 13.184], [77.518, 13.181999999999999], [77.52, 13.181999999999999], [77.52, 13.184], [77.518, 13.184]]]}, "properties": {"class": "flood"}}, {"type": "Feature", "geometry": {"type": "Polygon", "coordinates": [[[77.586, 13.181999999999999], [77.586, 13.18], [77.588, 13.18], [77.588, 13.181999999999999], [77.586, 13.181999999999999]]]}, "properties": {"class": "flood"}}, {"type": "Feature", "geometry": {"type": "Polygon", "coordinates": [[[77.73599999999999, 13.181999999999999], [77.73599999999999, 13.18], [77.738, 13.18], [77.738, 13.181999999999999], [77.73599999999999, 13.181999999999999]]]}, "properties": {"class": "flood"}}, {"type": "Feature", "geometry": {"type": "Polygon", "coordinates": [[[77.75999999999999, 13.181999999999999], [77.75999999999999, 13.18], [77.762, 13.18], [77.762, 13.181999999999999], [77.75999999999999, 13.181999999999999]]]}, "properties": {"class": "flood"}}, {"type": "Feature", "geometry": {"type": "Polygon", "coordinates": [[[77.79799999999999, 13.181999999999999], [77.79799999999999, 13.18], [77.8, 13.18], [77.8, 13.181999999999999], [77.79799999999999, 13.181999999999999]]]}, "properties": {"class": "flood"}}, {"type": "Feature", "geometry": {"type": "Polygon", "coordinates": [[[77.80799999999999, 13.181999999999999], [77.80799999999999, 13.18], [77.812, 13.18], [77.812, 13.181999999999999], [77.80799999999999, 13.181999999999999]]]}, "properties": {"class": "flood"}}, {"type": "Feature", "geometry": {"type": "Polygon", "coordinates": [[[77.508, 13.181999999999999], [77.508, 13.177999999999999], [77.50999999999999, 13.177999999999999], [77.50999999999999, 13.181999999999999], [77.508, 13.181999999999999]]]}, "properties": {"class": "flood"}}, {"type": "Feature", "geometry": {"type": "Polygon", "coordinates": [[[77.44399999999999, 13.18], [77.44399999999999, 13.177999999999999], [77.448, 13.177999999999999], [77.448, 13.18], [77.44399999999999, 13.18]]]}, "properties": {"class": "flood"}}, {"type": "Feature", "geometry": {"type": "Polygon", "coordinates": [[[77.51599999999999, 13.18], [77.51599999999999, 13.177999999999999], [77.518, 13.177999999999999], [77.518, 13.18], [77.51599999999999, 13.18]]]}, "properties": {"class": "flood"}}, {"type": "Feature", "geometry": {"type": "Polygon", "coordinates": [[[77.52199999999999, 13.18], [77.52199999999999, 13.177999999999999], [77.524, 13.177999999999999], [77.524, 13.18], [77.52199999999999, 13.18]]]}, "properties": {"class": "flood"}}, {"type": "Feature", "geometry": {"type": "Polygon", "coordinates": [[[77.734, 13.18], [77.734, 13.177999999999999], [77.73599999999999, 13.177999999999999], [77.73599999999999, 13.18], [77.734, 13.18]]]}, "properties": {"class": "flood"}}, {"type": "Feature", "geometry": {"type": "Polygon", "coordinates": [[[77.738, 13.18], [77.738, 13.177999999999999], [77.74, 13.177999999999999], [77.74, 13.18], [77.738, 13.18]]]}, "properties": {"class": "flood"}}, {"type": "Feature", "geometry": {"type": "Polygon", "coordinates": [[[77.758, 13.18], [77.758, 13.177999999999999], [77.75999999999999, 13.177999999999999], [77.75999999999999, 13.18], [77.758, 13.18]]]}, "properties": {"class": "flood"}}, {"type": "Feature", "geometry": {"type": "Polygon", "coordinates": [[[77.57799999999999, 13.18], [77.57799999999999, 13.177999999999999], [77.582, 13.176], [77.582, 13.18], [77.57799999999999, 13.18]]]}, "properties": {"class": "flood"}}, {"type": "Feature", "geometry": {"type": "Polygon", "coordinates": [[[77.416, 13.177999999999999], [77.416, 13.176], [77.41799999999999, 13.176], [77.41799999999999, 13.177999999999999], [77.416, 13.177999999999999]]]}, "properties": {"class": "flood"}}, {"type": "Feature", "geometry": {"type": "Polygon", "coordinates": [[[77.52, 13.177999999999999], [77.52, 13.176], [77.52199999999999, 13.176], [77.52199999999999, 13.177999999999999], [77.52, 13.177999999999999]]]}, "properties": {"class": "flood"}}, {"type": "Feature", "geometry": {"type": "Polygon", "coordinates": [[[77.55999999999999, 13.177999999999999], [77.55999999999999, 13.176], [77.564, 13.176], [77.564, 13.177999999999999], [77.55999999999999, 13.177999999999999]]]}, "properties": {"class": "flood"}}, {"type": "Feature", "geometry": {"type": "Polygon", "coordinates": [[[77.73599999999999, 13.177999999999999], [77.73599999999999, 13.176], [77.738, 13.176], [77.738, 13.177999999999999], [77.73599999999999, 13.177999999999999]]]}, "properties": {"class": "flood"}}, {"type": "Feature", "geometry": {"type": "Polygon", "coordinates": [[[77.54599999999999, 13.177999999999999], [77.54599999999999, 13.174], [77.55, 13.174], [77.55, 13.177999999999999], [77.54599999999999, 13.177999999999999]]]}, "properties": {"class": "flood"}}, {"type": "Feature", "geometry": {"type": "Polygon", "coordinates": [[[77.384, 13.176], [77.384, 13.174], [77.38799999999999, 13.174], [77.38799999999999, 13.176], [77.384, 13.176]]]}, "properties": {"class": "flood"}}, {"type": "Feature", "geometry": {"type": "Polygon", "coordinates": [[[77.61399999999999, 13.176], [77.61399999999999, 13.174], [77.616, 13.174], [77.616, 13.176], [77.61399999999999, 13.176]]]}, "properties": {"class": "flood"}}, {"type": "Feature", "geometry": {"type": "Polygon", "coordinates": [[[77.764, 13.177999999999999], [77.762, 13.174], [77.768, 13.171999999999999], [77.768, 13.176], [77.764, 13.177999999999999]]]}, "properties": {"class": "flood"}}, {"type": "Feature", "geometry": {"type": "Polygon", "coordinates": [[[77.524, 13.174], [77.524, 13.171999999999999], [77.526, 13.171999999999999], [77.526, 13.174], [77.524, 13.174]]]}, "properties": {"class": "flood"}}, {"type": "Feature", "geometry": {"type": "Polygon", "coordinates": [[[77.616, 13.174], [77.616, 13.171999999999999], [77.618, 13.171999999999999], [77.618, 13.174], [77.616, 13.174]]]}, "properties": {"class": "flood"}}, {"type": "Feature", "geometry": {"type": "Polygon", "coordinates": [[[77.41399999999999, 13.174], [77.41399999999999, 13.17], [77.416, 13.17], [77.416, 13.174], [77.41399999999999, 13.174]]]}, "properties": {"class": "flood"}}, {"type": "Feature", "geometry": {"type": "Polygon", "coordinates": [[[77.44, 13.171999999999999], [77.44, 13.17], [77.442, 13.17], [77.442, 13.171999999999999], [77.44, 13.171999999999999]]]}, "properties": {"class": "flood"}}, {"type": "Feature", "geometry": {"type": "Polygon", "coordinates": [[[77.532, 13.171999999999999], [77.532, 13.17], [77.53399999999999, 13.17], [77.53399999999999, 13.171999999999999], [77.532, 13.171999999999999]]]}, "properties": {"class": "flood"}}, {"type": "Feature", "geometry": {"type": "Polygon", "coordinates": [[[77.408, 13.171999999999999], [77.408, 13.168], [77.41199999999999, 13.168], [77.41199999999999, 13.17], [77.408, 13.171999999999999]]]}, "properties": {"class": "flood"}}, {"type": "Feature", "geometry": {"type": "Polygon", "coordinates": [[[77.448, 13.171999999999999], [77.448, 13.168], [77.44999999999999, 13.168], [77.44999999999999, 13.171999999999999], [77.448, 13.171999999999999]]]}, "properties": {"class": "flood"}}, {"type": "Feature", "geometry": {"type": "Polygon", "coordinates": [[[77.46199999999999, 13.171999999999999], [77.46199999999999, 13.17], [77.466, 13.168], [77.466, 13.171999999999999], [77.46199999999999, 13.171999999999999]]]}, "properties": {"class": "flood"}}, {"type": "Feature", "geometry": {"type": "Polygon", "coordinates": [[[77.59599999999999, 13.171999999999999], [77.598, 13.168], [77.60199999999999, 13.17], [77.60199999999999, 13.171999999999999], [77.59599999999999, 13.171999999999999]]]}, "properties": {"class": "flood"}}, {"type": "Feature", "geometry": {"type": "Polygon", "coordinates": [[[77.442, 13.17], [77.442, 13.168], [77.44399999999999, 13.168], [77.44399999999999, 13.17], [77.442, 13.17]]]}, "properties": {"class": "flood"}}, {"type": "Feature", "geometry": {"type": "Polygon", "coordinates": [[[77.53, 13.17], [77.53, 13.168], [77.532, 13.168], [77.532, 13.17], [77.53, 13.17]]]}, "properties": {"class": "flood"}}, {"type": "Feature", "geometry": {"type": "Polygon", "coordinates": [[[77.55799999999999, 13.17], [77.55799999999999, 13.168], [77.55999999999999, 13.168], [77.55999999999999, 13.17], [77.55799999999999, 13.17]]]}, "properties": {"class": "flood"}}, {"type": "Feature", "geometry": {"type": "Polygon", "coordinates": [[[77.43799999999999, 13.17], [77.43799999999999, 13.165999999999999], [77.44, 13.165999999999999], [77.44, 13.17], [77.43799999999999, 13.17]]]}, "properties": {"class": "flood"}}, {"type": "Feature", "geometry": {"type": "Polygon", "coordinates": [[[77.518, 13.168], [77.518, 13.165999999999999], [77.52, 13.165999999999999], [77.52, 13.168], [77.518, 13.168]]]}, "properties": {"class": "flood"}}, {"type": "Feature", "geometry": {"type": "Polygon", "coordinates": [[[77.55399999999999, 13.168], [77.55399999999999, 13.165999999999999], [77.556, 13.165999999999999], [77.556, 13.168], [77.55399999999999, 13.168]]]}, "properties": {"class": "flood"}}, {"type": "Feature", "geometry": {"type": "Polygon", "coordinates": [[[77.55999999999999, 13.168], [77.55999999999999, 13.165999999999999], [77.562, 13.165999999999999], [77.562, 13.168], [77.55999999999999, 13.168]]]}, "properties": {"class": "flood"}}, {"type": "Feature", "geometry": {"type": "Polygon", "coordinates": [[[77.642, 13.168], [77.642, 13.164], [77.64399999999999, 13.164], [77.64399999999999, 13.168], [77.642, 13.168]]]}, "properties": {"class": "flood"}}, {"type": "Feature", "geometry": {"type": "Polygon", "coordinates": [[[77.74799999999999, 13.168], [77.74799999999999, 13.164], [77.752, 13.165999999999999], [77.752, 13.168], [77.74799999999999, 13.168]]]}, "properties": {"class": "flood"}}, {"type": "Feature", "geometry": {"type": "Polygon", "coordinates": [[[77.396, 13.165999999999999], [77.396, 13.164], [77.398, 13.164], [77.398, 13.165999999999999], [77.396, 13.165999999999999]]]}, "properties": {"class": "flood"}}, {"type": "Feature", "geometry": {"type": "Polygon", "coordinates": [[[77.40599999999999, 13.165999999999999], [77.40599999999999, 13.164], [77.41, 13.164], [77.41, 13.165999999999999], [77.40599999999999, 13.165999999999999]]]}, "properties": {"class": "flood"}}, {"type": "Feature", "geometry": {"type": "Polygon", "coordinates": [[[77.52, 13.165999999999999], [77.52, 13.164], [77.52199999999999, 13.164], [77.52199999999999, 13.165999999999999], [77.52, 13.165999999999999]]]}, "properties": {"class": "flood"}}, {"type": "Feature", "geometry": {"type": "Polygon", "coordinates": [[[77.556, 13.165999999999999], [77.556, 13.164], [77.55799999999999, 13.164], [77.55799999999999, 13.165999999999999], [77.556, 13.165999999999999]]]}, "properties": {"class": "flood"}}, {"type": "Feature", "geometry": {"type": "Polygon", "coordinates": [[[77.75399999999999, 13.165999999999999], [77.75399999999999, 13.164], [77.756, 13.164], [77.756, 13.165999999999999], [77.75399999999999, 13.165999999999999]]]}, "properties": {"class": "flood"}}, {"type": "Feature", "geometry": {"type": "Polygon", "coordinates": [[[77.8, 13.165999999999999], [77.8, 13.161999999999999], [77.80199999999999, 13.161999999999999], [77.80399999999999, 13.165999999999999], [77.8, 13.165999999999999]]]}, "properties": {"class": "flood"}}, {"type": "Feature", "geometry": {"type": "Polygon", "coordinates": [[[77.47399999999999, 13.165999999999999], [77.472, 13.161999999999999], [77.476, 13.161999999999999], [77.476, 13.165999999999999], [77.47399999999999, 13.165999999999999]]]}, "properties": {"class": "flood"}}, {"type": "Feature", "geometry": {"type": "Polygon", "coordinates": [[[77.58999999999999, 13.164], [77.58999999999999, 13.161999999999999], [77.592, 13.161999999999999], [77.592, 13.164], [77.58999999999999, 13.164]]]}, "properties": {"class": "flood"}}, {"type": "Feature", "geometry": {"type": "Polygon", "coordinates": [[[77.752, 13.164], [77.752, 13.161999999999999], [77.75399999999999, 13.161999999999999], [77.75399999999999, 13.164], [77.752, 13.164]]]}, "properties": {"class": "flood"}}, {"type": "Feature", "geometry": {"type": "Polygon", "coordinates": [[[77.42599999999999, 13.164], [77.42599999999999, 13.16], [77.428, 13.16], [77.428, 13.164], [77.42599999999999, 13.164]]]}, "properties": {"class": "flood"}}, {"type": "Feature", "geometry": {"type": "Polygon", "coordinates": [[[77.50999999999999, 13.164], [77.50999999999999, 13.16], [77.512, 13.16], [77.512, 13.164], [77.50999999999999, 13.164]]]}, "properties": {"class": "flood"}}, {"type": "Feature", "geometry": {"type": "Polygon", "coordinates": [[[77.63199999999999, 13.164], [77.63199999999999, 13.16], [77.636, 13.161999999999999], [77.636, 13.164], [77.63199999999999, 13.164]]]}, "properties": {"class": "flood"}}, {"type": "Feature", "geometry": {"type": "Polygon", "coordinates": [[[77.63799999999999, 13.164], [77.63799999999999, 13.16], [77.64, 13.16], [77.64, 13.164], [77.63799999999999, 13.164]]]}, "properties": {"class": "flood"}}, {"type": "Feature", "geometry": {"type": "Polygon", "coordinates": [[[77.702, 13.164], [77.702, 13.16], [77.71199999999999, 13.16], [77.71, 13.164], [77.702, 13.164]]]}, "properties": {"class": "flood"}}, {"type": "Feature", "geometry": {"type": "Polygon", "coordinates": [[[77.588, 13.161999999999999], [77.588, 13.16], [77.58999999999999, 13.16], [77.58999999999999, 13.161999999999999], [77.588, 13.161999999999999]]]}, "properties": {"class": "flood"}}, {"type": "Feature", "geometry": {"type": "Polygon", "coordinates": [[[77.684, 13.161999999999999], [77.684, 13.16], [77.68599999999999, 13.16], [77.68599999999999, 13.161999999999999], [77.684, 13.161999999999999]]]}, "properties": {"class": "flood"}}, {"type": "Feature", "geometry": {"type": "Polygon", "coordinates": [[[77.698, 13.161999999999999], [77.698, 13.16], [77.69999999999999, 13.16], [77.69999999999999, 13.161999999999999], [77.698, 13.161999999999999]]]}, "properties": {"class": "flood"}}, {"type": "Feature", "geometry": {"type": "Polygon", "coordinates": [[[77.80999999999999, 13.161999999999999], [77.80999999999999, 13.16], [77.812, 13.16], [77.812, 13.161999999999999], [77.80999999999999, 13.161999999999999]]]}, "properties": {"class": "flood"}}, {"type": "Feature", "geometry": {"type": "Polygon", "coordinates": [[[77.68599999999999, 13.16], [77.68599999999999, 13.158], [77.68799999999999, 13.158], [77.68799999999999, 13.16], [77.68599999999999, 13.16]]]}, "properties": {"class": "flood"}}, {"type": "Feature", "geometry": {"type": "Polygon", "coordinates": [[[77.69999999999999, 13.16], [77.69999999999999, 13.158], [77.702, 13.158], [77.702, 13.16], [77.69999999999999, 13.16]]]}, "properties": {"class": "flood"}}, {"type": "Feature", "geometry": {"type": "Polygon", "coordinates": [[[77.37599999999999, 13.16], [77.37599999999999, 13.155999999999999], [77.378, 13.155999999999999], [77.378, 13.16], [77.37599999999999, 13.16]]]}, "properties": {"class": "flood"}}, {"type": "Feature", "geometry": {"type": "Polygon", "coordinates": [[[77.60199999999999, 13.16], [77.60199999999999, 13.155999999999999], [77.606, 13.155999999999999], [77.604, 13.16], [77.60199999999999, 13.16]]]}, "properties": {"class": "flood"}}, {"type": "Feature", "geometry": {"type": "Polygon", "coordinates": [[[77.42999999999999, 13.16], [77.42999999999999, 13.158], [77.428, 13.155999999999999], [77.43199999999999, 13.155999999999999], [77.42999999999999, 13.16]]]}, "properties": {"class": "flood"}}, {"type": "Feature", "geometry": {"type": "Polygon", "coordinates": [[[77.658, 13.158], [77.658, 13.155999999999999], [77.66, 13.155999999999999], [77.66, 13.158], [77.658, 13.158]]]}, "properties": {"class": "flood"}}, {"type": "Feature", "geometry": {"type": "Polygon", "coordinates": [[[77.532, 13.158], [77.532, 13.154], [77.536, 13.154], [77.536, 13.158], [77.532, 13.158]]]}, "properties": {"class": "flood"}}, {"type": "Feature", "geometry": {"type": "Polygon", "coordinates": [[[77.814, 13.158], [77.814, 13.154], [77.82, 13.154], [77.82, 13.158], [77.814, 13.158]]]}, "properties": {"class": "flood"}}, {"type": "Feature", "geometry": {"type": "Polygon", "coordinates": [[[77.422, 13.155999999999999], [77.422, 13.154], [77.42399999999999, 13.154], [77.42399999999999, 13.155999999999999], [77.422, 13.155999999999999]]]}, "properties": {"class": "flood"}}, {"type": "Feature", "geometry": {"type": "Polygon", "coordinates": [[[77.652, 13.158], [77.652, 13.155999999999999], [77.64999999999999, 13.154], [77.65599999999999, 13.155999999999999], [77.652, 13.158]]]}, "properties": {"class": "flood"}}, {"type": "Feature", "geometry": {"type": "Polygon", "coordinates": [[[77.66, 13.155999999999999], [77.66, 13.154], [77.66199999999999, 13.154], [77.66199999999999, 13.155999999999999], [77.66, 13.155999999999999]]]}, "properties": {"class": "flood"}}, {"type": "Feature", "geometry": {"type": "Polygon", "coordinates": [[[77.38799999999999, 13.155999999999999], [77.38799999999999, 13.152], [77.39, 13.152], [77.39, 13.155999999999999], [77.38799999999999, 13.155999999999999]]]}, "properties": {"class": "flood"}}, {"type": "Feature", "geometry": {"type": "Polygon", "coordinates": [[[77.43799999999999, 13.158], [77.43599999999999, 13.155999999999999], [77.43599999999999, 13.152], [77.44, 13.154], [77.43799999999999, 13.158]]]}, "properties": {"class": "flood"}}, {"type": "Feature", "geometry": {"type": "Polygon", "coordinates": [[[77.5, 13.155999999999999], [77.5, 13.152], [77.50399999999999, 13.152], [77.50399999999999, 13.154], [77.5, 13.155999999999999]]]}, "properties": {"class": "flood"}}, {"type": "Feature", "geometry": {"type": "Polygon", "coordinates": [[[77.622, 13.155999999999999], [77.622, 13.152], [77.628, 13.152], [77.62599999999999, 13.155999999999999], [77.622, 13.155999999999999]]]}, "properties": {"class": "flood"}}, {"type": "Feature", "geometry": {"type": "Polygon", "coordinates": [[[77.672, 13.155999999999999], [77.672, 13.152], [77.67599999999999, 13.152], [77.67599999999999, 13.155999999999999], [77.672, 13.155999999999999]]]}, "properties": {"class": "flood"}}, {"type": "Feature", "geometry": {"type": "Polygon", "coordinates": [[[77.728, 13.155999999999999], [77.728, 13.152], [77.732, 13.152], [77.732, 13.155999999999999], [77.728, 13.155999999999999]]]}, "properties": {"class": "flood"}}, {"type": "Feature", "geometry": {"type": "Polygon", "coordinates": [[[77.42399999999999, 13.154], [77.42399999999999, 13.152], [77.42599999999999, 13.152], [77.42599999999999, 13.154], [77.42399999999999, 13.154]]]}, "properties": {"class": "flood"}}, {"type": "Feature", "geometry": {"type": "Polygon", "coordinates": [[[77.588, 13.154], [77.588, 13.152], [77.58999999999999, 13.152], [77.58999999999999, 13.154], [77.588, 13.154]]]}, "properties": {"class": "flood"}}, {"type": "Feature", "geometry": {"type": "Polygon", "coordinates": [[[77.75399999999999, 13.154], [77.75399999999999, 13.152], [77.756, 13.152], [77.756, 13.154], [77.75399999999999, 13.154]]]}, "properties": {"class": "flood"}}, {"type": "Feature", "geometry": {"type": "Polygon", "coordinates": [[[77.422, 13.152], [77.422, 13.149999999999999], [77.42399999999999, 13.149999999999999], [77.42399999999999, 13.152], [77.422, 13.152]]]}, "properties": {"class": "flood"}}, {"type": "Feature", "geometry": {"type": "Polygon", "coordinates": [[[77.55799999999999, 13.154], [77.556, 13.149999999999999], [77.562, 13.149999999999999], [77.562, 13.152], [77.55799999999999, 13.154]]]}, "properties": {"class": "flood"}}, {"type": "Feature", "geometry": {"type": "Polygon", "coordinates": [[[77.58399999999999, 13.152], [77.58399999999999, 13.149999999999999], [77.586, 13.149999999999999], [77.586, 13.152], [77.58399999999999, 13.152]]]}, "properties": {"class": "flood"}}, {"type": "Feature", "geometry": {"type": "Polygon", "coordinates": [[[77.58999999999999, 13.152], [77.58999999999999, 13.149999999999999], [77.592, 13.149999999999999], [77.592, 13.152], [77.58999999999999, 13.152]]]}, "properties": {"class": "flood"}}, {"type": "Feature", "geometry": {"type": "Polygon", "coordinates": [[[77.60199999999999, 13.152], [77.60199999999999, 13.149999999999999], [77.604, 13.149999999999999], [77.604, 13.152], [77.60199999999999, 13.152]]]}, "properties": {"class": "flood"}}, {"type": "Feature", "geometry": {"type": "Polygon", "coordinates": [[[77.44399999999999, 13.152], [77.44399999999999, 13.148], [77.446, 13.148], [77.446, 13.152], [77.44399999999999, 13.152]]]}, "properties": {"class": "flood"}}, {"type": "Feature", "geometry": {"type": "Polygon", "coordinates": [[[77.82799999999999, 13.152], [77.82799999999999, 13.148], [77.83, 13.148], [77.83, 13.152], [77.82799999999999, 13.152]]]}, "properties": {"class": "flood"}}, {"type": "Feature", "geometry": {"type": "Polygon", "coordinates": [[[77.44999999999999, 13.152], [77.448, 13.148], [77.452, 13.148], [77.452, 13.152], [77.44999999999999, 13.152]]]}, "properties": {"class": "flood"}}, {"type": "Feature", "geometry": {"type": "Polygon", "coordinates": [[[77.5, 13.149999999999999], [77.5, 13.148], [77.50399999999999, 13.148], [77.50399999999999, 13.149999999999999], [77.5, 13.149999999999999]]]}, "properties": {"class": "flood"}}, {"type": "Feature", "geometry": {"type": "Polygon", "coordinates": [[[77.52799999999999, 13.149999999999999], [77.52799999999999, 13.148], [77.53, 13.148], [77.53, 13.149999999999999], [77.52799999999999, 13.149999999999999]]]}, "properties": {"class": "flood"}}, {"type": "Feature", "geometry": {"type": "Polygon", "coordinates": [[[77.54799999999999, 13.149999999999999], [77.54799999999999, 13.148], [77.55, 13.148], [77.55, 13.149999999999999], [77.54799999999999, 13.149999999999999]]]}, "properties": {"class": "flood"}}, {"type": "Feature", "geometry": {"type": "Polygon", "coordinates": [[[77.586, 13.149999999999999], [77.586, 13.148], [77.588, 13.148], [77.588, 13.149999999999999], [77.586, 13.149999999999999]]]}, "properties": {"class": "flood"}}, {"type": "Feature", "geometry": {"type": "Polygon", "coordinates": [[[77.604, 13.149999999999999], [77.604, 13.148], [77.606, 13.148], [77.606, 13.149999999999999], [77.604, 13.149999999999999]]]}, "properties": {"class": "flood"}}, {"type": "Feature", "geometry": {"type": "Polygon", "coordinates": [[[77.61, 13.152], [77.61, 13.145999999999999], [77.612, 13.145999999999999], [77.61399999999999, 13.149999999999999], [77.61, 13.152]]]}, "properties": {"class": "flood"}}, {"type": "Feature", "geometry": {"type": "Polygon", "coordinates": [[[77.47, 13.149999999999999], [77.47, 13.145999999999999], [77.472, 13.145999999999999], [77.472, 13.149999999999999], [77.47, 13.149999999999999]]]}, "properties": {"class": "flood"}}, {"type": "Feature", "geometry": {"type": "Polygon", "coordinates": [[[77.79199999999999, 13.152], [77.78999999999999, 13.148], [77.79599999999999, 13.145999999999999], [77.79599999999999, 13.152], [77.79199999999999, 13.152]]]}, "properties": {"class": "flood"}}, {"type": "Feature", "geometry": {"type": "Polygon", "coordinates": [[[77.52199999999999, 13.148], [77.52199999999999, 13.145999999999999], [77.524, 13.145999999999999], [77.524, 13.148], [77.52199999999999, 13.148]]]}, "properties": {"class": "flood"}}, {"type": "Feature", "geometry": {"type": "Polygon", "coordinates": [[[77.55, 13.148], [77.55, 13.145999999999999], [77.55199999999999, 13.145999999999999], [77.55199999999999, 13.148], [77.55, 13.148]]]}, "properties": {"class": "flood"}}, {"type": "Feature", "geometry": {"type": "Polygon", "coordinates": [[[77.698, 13.148], [77.698, 13.145999999999999], [77.702, 13.145999999999999], [77.702, 13.148], [77.698, 13.148]]]}, "properties": {"class": "flood"}}, {"type": "Feature", "geometry": {"type": "Polygon", "coordinates": [[[77.368, 13.148], [77.368, 13.144], [77.36999999999999, 13.144], [77.36999999999999, 13.148], [77.368, 13.148]]]}, "properties": {"class": "flood"}}, {"type": "Feature", "geometry": {"type": "Polygon", "coordinates": [[[77.374, 13.148], [77.374, 13.144], [77.37599999999999, 13.144], [77.37599999999999, 13.148], [77.374, 13.148]]]}, "properties": {"class": "flood"}}, {"type": "Feature", "geometry": {"type": "Polygon", "coordinates": [[[77.63199999999999, 13.149999999999999], [77.63, 13.148], [77.63, 13.144], [77.634, 13.145999999999999], [77.63199999999999, 13.149999999999999]]]}, "properties": {"class": "flood"}}, {"type": "Feature", "geometry": {"type": "Polygon", "coordinates": [[[77.8, 13.148], [77.8, 13.144], [77.80199999999999, 13.144], [77.80199999999999, 13.148], [77.8, 13.148]]]}, "properties": {"class": "flood"}}, {"type": "Feature", "geometry": {"type": "Polygon", "coordinates": [[[77.392, 13.145999999999999], [77.392, 13.144], [77.39399999999999, 13.144], [77.39399999999999, 13.145999999999999], [77.392, 13.145999999999999]]]}, "properties": {"class": "flood"}}, {"type": "Feature", "geometry": {"type": "Polygon", "coordinates": [[[77.452, 13.148], [77.452, 13.145999999999999], [77.44999999999999, 13.144], [77.45599999999999, 13.145999999999999], [77.452, 13.148]]]}, "properties": {"class": "flood"}}, {"type": "Feature", "geometry": {"type": "Polygon", "coordinates": [[[77.496, 13.145999999999999], [77.496, 13.144], [77.49799999999999, 13.144], [77.49799999999999, 13.145999999999999], [77.496, 13.145999999999999]]]}, "properties": {"class": "flood"}}, {"type": "Feature", "geometry": {"type": "Polygon", "coordinates": [[[77.524, 13.145999999999999], [77.524, 13.144], [77.526, 13.144], [77.526, 13.145999999999999], [77.524, 13.145999999999999]]]}, "properties": {"class": "flood"}}, {"type": "Feature", "geometry": {"type": "Polygon", "coordinates": [[[77.39399999999999, 13.144], [77.39399999999999, 13.142], [77.396, 13.142], [77.396, 13.144], [77.39399999999999, 13.144]]]}, "properties": {"class": "flood"}}, {"type": "Feature", "geometry": {"type": "Polygon", "coordinates": [[[77.83, 13.144], [77.83, 13.142], [77.83399999999999, 13.139999999999999], [77.83399999999999, 13.144], [77.83, 13.144]]]}, "properties": {"class": "flood"}}, {"type": "Feature", "geometry": {"type": "Polygon", "coordinates": [[[77.442, 13.142], [77.442, 13.139999999999999], [77.44399999999999, 13.139999999999999], [77.44399999999999, 13.142], [77.442, 13.142]]]}, "properties": {"class": "flood"}}, {"type": "Feature", "geometry": {"type": "Polygon", "coordinates": [[[77.466, 13.139999999999999], [77.466, 13.138], [77.46799999999999, 13.138], [77.46799999999999, 13.139999999999999], [77.466, 13.139999999999999]]]}, "properties": {"class": "flood"}}, {"type": "Feature", "geometry": {"type": "Polygon", "coordinates": [[[77.512, 13.139999999999999], [77.512, 13.138], [77.514, 13.138], [77.514, 13.139999999999999], [77.512, 13.139999999999999]]]}, "properties": {"class": "flood"}}, {"type": "Feature", "geometry": {"type": "Polygon", "coordinates": [[[77.49, 13.138], [77.49, 13.136], [77.49199999999999, 13.136], [77.49199999999999, 13.138], [77.49, 13.138]]]}, "properties": {"class": "flood"}}, {"type": "Feature", "geometry": {"type": "Polygon", "coordinates": [[[77.514, 13.138], [77.514, 13.136], [77.51599999999999, 13.136], [77.51599999999999, 13.138], [77.514, 13.138]]]}, "properties": {"class": "flood"}}, {"type": "Feature", "geometry": {"type": "Polygon", "coordinates": [[[77.392, 13.136], [77.392, 13.133999999999999], [77.39399999999999, 13.133999999999999], [77.39399999999999, 13.136], [77.392, 13.136]]]}, "properties": {"class": "flood"}}, {"type": "Feature", "geometry": {"type": "Polygon", "coordinates": [[[77.49199999999999, 13.136], [77.49199999999999, 13.133999999999999], [77.494, 13.133999999999999], [77.494, 13.136], [77.49199999999999, 13.136]]]}, "properties": {"class": "flood"}}, {"type": "Feature", "geometry": {"type": "Polygon", "coordinates": [[[77.61, 13.136], [77.61, 13.133999999999999], [77.612, 13.133999999999999], [77.612, 13.136], [77.61, 13.136]]]}, "properties": {"class": "flood"}}, {"type": "Feature", "geometry": {"type": "Polygon", "coordinates": [[[77.83, 13.136], [77.83, 13.133999999999999], [77.83399999999999, 13.133999999999999], [77.83399999999999, 13.136], [77.83, 13.136]]]}, "properties": {"class": "flood"}}, {"type": "Feature", "geometry": {"type": "Polygon", "coordinates": [[[77.54599999999999, 13.136], [77.54799999999999, 13.132], [77.55, 13.132], [77.55, 13.136], [77.54599999999999, 13.136]]]}, "properties": {"class": "flood"}}, {"type": "Feature", "geometry": {"type": "Polygon", "coordinates": [[[77.556, 13.136], [77.556, 13.132], [77.55799999999999, 13.132], [77.55799999999999, 13.136], [77.556, 13.136]]]}, "properties": {"class": "flood"}}, {"type": "Feature", "geometry": {"type": "Polygon", "coordinates": [[[77.74199999999999, 13.136], [77.74199999999999, 13.132], [77.746, 13.133999999999999], [77.746, 13.136], [77.74199999999999, 13.136]]]}, "properties": {"class": "flood"}}, {"type": "Feature", "geometry": {"type": "Polygon", "coordinates": [[[77.39, 13.133999999999999], [77.39, 13.132], [77.392, 13.132], [77.392, 13.133999999999999], [77.39, 13.133999999999999]]]}, "properties": {"class": "flood"}}, {"type": "Feature", "geometry": {"type": "Polygon", "coordinates": [[[77.41199999999999, 13.133999999999999], [77.41199999999999, 13.132], [77.41399999999999, 13.132], [77.41399999999999, 13.133999999999999], [77.41199999999999, 13.133999999999999]]]}, "properties": {"class": "flood"}}, {"type": "Feature", "geometry": {"type": "Polygon", "coordinates": [[[77.43599999999999, 13.133999999999999], [77.43599999999999, 13.132], [77.44, 13.132], [77.44, 13.133999999999999], [77.43599999999999, 13.133999999999999]]]}, "properties": {"class": "flood"}}, {"type": "Feature", "geometry": {"type": "Polygon", "coordinates": [[[77.44999999999999, 13.133999999999999], [77.44999999999999, 13.132], [77.454, 13.132], [77.454, 13.133999999999999], [77.44999999999999, 13.133999999999999]]]}, "properties": {"class": "flood"}}, {"type": "Feature", "geometry": {"type": "Polygon", "coordinates": [[[77.59599999999999, 13.133999999999999], [77.59599999999999, 13.132], [77.6, 13.132], [77.6, 13.133999999999999], [77.59599999999999, 13.133999999999999]]]}, "properties": {"class": "flood"}}, {"type": "Feature", "geometry": {"type": "Polygon", "coordinates": [[[77.60799999999999, 13.133999999999999], [77.60799999999999, 13.132], [77.61, 13.132], [77.61, 13.133999999999999], [77.60799999999999, 13.133999999999999]]]}, "properties": {"class": "flood"}}, {"type": "Feature", "geometry": {"type": "Polygon", "coordinates": [[[77.612, 13.133999999999999], [77.612, 13.132], [77.61399999999999, 13.132], [77.61399999999999, 13.133999999999999], [77.612, 13.133999999999999]]]}, "properties": {"class": "flood"}}, {"type": "Feature", "geometry": {"type": "Polygon", "coordinates": [[[77.726, 13.133999999999999], [77.726, 13.132], [77.728, 13.132], [77.728, 13.133999999999999], [77.726, 13.133999999999999]]]}, "properties": {"class": "flood"}}, {"type": "Feature", "geometry": {"type": "Polygon", "coordinates": [[[77.408, 13.133999999999999], [77.408, 13.129999999999999], [77.41199999999999, 13.129999999999999], [77.41199999999999, 13.132], [77.408, 13.133999999999999]]]}, "properties": {"class": "flood"}}, {"type": "Feature", "geometry": {"type": "Polygon", "coordinates": [[[77.61, 13.132], [77.61, 13.129999999999999], [77.612, 13.129999999999999], [77.612, 13.132], [77.61, 13.132]]]}, "properties": {"class": "flood"}}, {"type": "Feature", "geometry": {"type": "Polygon", "coordinates": [[[77.72399999999999, 13.132], [77.72399999999999, 13.129999999999999], [77.726, 13.129999999999999], [77.726, 13.132], [77.72399999999999, 13.132]]]}, "properties": {"class": "flood"}}, {"type": "Feature", "geometry": {"type": "Polygon", "coordinates": [[[77.82799999999999, 13.132], [77.82799999999999, 13.129999999999999], [77.83, 13.129999999999999], [77.83, 13.132], [77.82799999999999, 13.132]]]}, "properties": {"class": "flood"}}, {"type": "Feature", "geometry": {"type": "Polygon", "coordinates": [[[77.402, 13.132], [77.402, 13.128], [77.404, 13.128], [77.404, 13.132], [77.402, 13.132]]]}, "properties": {"class": "flood"}}, {"type": "Feature", "geometry": {"type": "Polygon", "coordinates": [[[77.658, 13.132], [77.658, 13.128], [77.66199999999999, 13.128], [77.66, 13.132], [77.658, 13.132]]]}, "properties": {"class": "flood"}}, {"type": "Feature", "geometry": {"type": "Polygon", "coordinates": [[[77.66999999999999, 13.132], [77.66999999999999, 13.128], [77.672, 13.128], [77.672, 13.132], [77.66999999999999, 13.132]]]}, "properties": {"class": "flood"}}, {"type": "Feature", "geometry": {"type": "Polygon", "coordinates": [[[77.83, 13.129999999999999], [77.83, 13.128], [77.832, 13.128], [77.832, 13.129999999999999], [77.83, 13.129999999999999]]]}, "properties": {"class": "flood"}}, {"type": "Feature", "geometry": {"type": "Polygon", "coordinates": [[[77.82, 13.129999999999999], [77.82, 13.126], [77.82199999999999, 13.126], [77.82199999999999, 13.129999999999999], [77.82, 13.129999999999999]]]}, "properties": {"class": "flood"}}, {"type": "Feature", "geometry": {"type": "Polygon", "coordinates": [[[77.39399999999999, 13.128], [77.39399999999999, 13.126], [77.396, 13.126], [77.396, 13.128], [77.39399999999999, 13.128]]]}, "properties": {"class": "flood"}}, {"type": "Feature", "geometry": {"type": "Polygon", "coordinates": [[[77.56599999999999, 13.128], [77.56599999999999, 13.126], [77.568, 13.126], [77.568, 13.128], [77.56599999999999, 13.128]]]}, "properties": {"class": "flood"}}, {"type": "Feature", "geometry": {"type": "Polygon", "coordinates": [[[77.624, 13.129999999999999], [77.624, 13.126], [77.628, 13.123999999999999], [77.628, 13.129999999999999], [77.624, 13.129999999999999]]]}, "properties": {"class": "flood"}}, {"type": "Feature", "geometry": {"type": "Polygon", "coordinates": [[[77.562, 13.128], [77.562, 13.123999999999999], [77.56599999999999, 13.123999999999999], [77.56599999999999, 13.126], [77.562, 13.128]]]}, "properties": {"class": "flood"}}, {"type": "Feature", "geometry": {"type": "Polygon", "coordinates": [[[77.786, 13.128], [77.786, 13.126], [77.78999999999999, 13.123999999999999], [77.78999999999999, 13.128], [77.786, 13.128]]]}, "properties": {"class": "flood"}}, {"type": "Feature", "geometry": {"type": "Polygon", "coordinates": [[[77.396, 13.126], [77.396, 13.123999999999999], [77.398, 13.123999999999999], [77.398, 13.126], [77.396, 13.126]]]}, "properties": {"class": "flood"}}, {"type": "Feature", "geometry": {"type": "Polygon", "coordinates": [[[77.506, 13.126], [77.506, 13.123999999999999], [77.508, 13.123999999999999], [77.508, 13.126], [77.506, 13.126]]]}, "properties": {"class": "flood"}}, {"type": "Feature", "geometry": {"type": "Polygon", "coordinates": [[[77.568, 13.126], [77.568, 13.123999999999999], [77.57, 13.123999999999999], [77.57, 13.126], [77.568, 13.126]]]}, "properties": {"class": "flood"}}, {"type": "Feature", "geometry": {"type": "Polygon", "coordinates": [[[77.782, 13.126], [77.782, 13.123999999999999], [77.78399999999999, 13.123999999999999], [77.78399999999999, 13.126], [77.782, 13.126]]]}, "properties": {"class": "flood"}}, {"type": "Feature", "geometry": {"type": "Polygon", "coordinates": [[[77.46199999999999, 13.126], [77.46, 13.122], [77.466, 13.123999999999999], [77.466, 13.126], [77.46199999999999, 13.126]]]}, "properties": {"class": "flood"}}, {"type": "Feature", "geometry": {"type": "Polygon", "coordinates": [[[77.50399999999999, 13.123999999999999], [77.50399999999999, 13.122], [77.506, 13.122], [77.506, 13.123999999999999], [77.50399999999999, 13.123999999999999]]]}, "properties": {"class": "flood"}}, {"type": "Feature", "geometry": {"type": "Polygon", "coordinates": [[[77.54599999999999, 13.123999999999999], [77.54599999999999, 13.122], [77.55, 13.122], [77.55, 13.123999999999999], [77.54599999999999, 13.123999999999999]]]}, "properties": {"class": "flood"}}, {"type": "Feature", "geometry": {"type": "Polygon", "coordinates": [[[77.56599999999999, 13.123999999999999], [77.56599999999999, 13.122], [77.568, 13.122], [77.568, 13.123999999999999], [77.56599999999999, 13.123999999999999]]]}, "properties": {"class": "flood"}}, {"type": "Feature", "geometry": {"type": "Polygon", "coordinates": [[[77.57, 13.123999999999999], [77.57, 13.122], [77.57199999999999, 13.122], [77.57199999999999, 13.123999999999999], [77.57, 13.123999999999999]]]}, "properties": {"class": "flood"}}, {"type": "Feature", "geometry": {"type": "Polygon", "coordinates": [[[77.69399999999999, 13.126], [77.692, 13.122], [77.696, 13.122], [77.696, 13.126], [77.69399999999999, 13.126]]]}, "properties": {"class": "flood"}}, {"type": "Feature", "geometry": {"type": "Polygon", "coordinates": [[[77.812, 13.126], [77.80999999999999, 13.122], [77.81599999999999, 13.122], [77.814, 13.126], [77.812, 13.126]]]}, "properties": {"class": "flood"}}, {"type": "Feature", "geometry": {"type": "Polygon", "coordinates": [[[77.41799999999999, 13.126], [77.41799999999999, 13.122], [77.422, 13.12], [77.42399999999999, 13.123999999999999], [77.41799999999999, 13.126]]]}, "properties": {"class": "flood"}}, {"type": "Feature", "geometry": {"type": "Polygon", "coordinates": [[[77.392, 13.123999999999999], [77.392, 13.12], [77.396, 13.12], [77.396, 13.122], [77.392, 13.123999999999999]]]}, "properties": {"class": "flood"}}, {"type": "Feature", "geometry": {"type": "Polygon", "coordinates": [[[77.83, 13.123999999999999], [77.832, 13.12], [77.836, 13.122], [77.836, 13.123999999999999], [77.83, 13.123999999999999]]]}, "properties": {"class": "flood"}}, {"type": "Feature", "geometry": {"type": "Polygon", "coordinates": [[[77.464, 13.122], [77.464, 13.12], [77.466, 13.12], [77.466, 13.122], [77.464, 13.122]]]}, "properties": {"class": "flood"}}, {"type": "Feature", "geometry": {"type": "Polygon", "coordinates": [[[77.64, 13.122], [77.64, 13.12], [77.642, 13.12], [77.642, 13.122], [77.64, 13.122]]]}, "properties": {"class": "flood"}}, {"type": "Feature", "geometry": {"type": "Polygon", "coordinates": [[[77.46199999999999, 13.12], [77.46199999999999, 13.117999999999999], [77.464, 13.117999999999999], [77.464, 13.12], [77.46199999999999, 13.12]]]}, "properties": {"class": "flood"}}, {"type": "Feature", "geometry": {"type": "Polygon", "coordinates": [[[77.63799999999999, 13.12], [77.63799999999999, 13.117999999999999], [77.64, 13.117999999999999], [77.64, 13.12], [77.63799999999999, 13.12]]]}, "properties": {"class": "flood"}}, {"type": "Feature", "geometry": {"type": "Polygon", "coordinates": [[[77.83399999999999, 13.12], [77.83399999999999, 13.117999999999999], [77.836, 13.117999999999999], [77.836, 13.12], [77.83399999999999, 13.12]]]}, "properties": {"class": "flood"}}, {"type": "Feature", "geometry": {"type": "Polygon", "coordinates": [[[77.36, 13.12], [77.36, 13.116], [77.362, 13.116], [77.362, 13.12], [77.36, 13.12]]]}, "properties": {"class": "flood"}}, {"type": "Feature", "geometry": {"type": "Polygon", "coordinates": [[[77.372, 13.12], [77.372, 13.116], [77.374, 13.116], [77.37599999999999, 13.12], [77.372, 13.12]]]}, "properties": {"class": "flood"}}, {"type": "Feature", "geometry": {"type": "Polygon", "coordinates": [[[77.386, 13.117999999999999], [77.386, 13.116], [77.38799999999999, 13.116], [77.38799999999999, 13.117999999999999], [77.386, 13.117999999999999]]]}, "properties": {"class": "flood"}}, {"type": "Feature", "geometry": {"type": "Polygon", "coordinates": [[[77.42399999999999, 13.117999999999999], [77.42399999999999, 13.116], [77.42599999999999, 13.116], [77.42599999999999, 13.117999999999999], [77.42399999999999, 13.117999999999999]]]}, "properties": {"class": "flood"}}, {"type": "Feature", "geometry": {"type": "Polygon", "coordinates": [[[77.544, 13.12], [77.544, 13.117999999999999], [77.54199999999999, 13.116], [77.54599999999999, 13.116], [77.544, 13.12]]]}, "properties": {"class": "flood"}}, {"type": "Feature", "geometry": {"type": "Polygon", "coordinates": [[[77.606, 13.117999999999999], [77.606, 13.116], [77.61, 13.116], [77.61, 13.117999999999999], [77.606, 13.117999999999999]]]}, "properties": {"class": "flood"}}, {"type": "Feature", "geometry": {"type": "Polygon", "coordinates": [[[77.50999999999999, 13.117999999999999], [77.50999999999999, 13.113999999999999], [77.512, 13.113999999999999], [77.514, 13.117999999999999], [77.50999999999999, 13.117999999999999]]]}, "properties": {"class": "flood"}}, {"type": "Feature", "geometry": {"type": "Polygon", "coordinates": [[[77.8, 13.12], [77.79799999999999, 13.117999999999999], [77.79799999999999, 13.113999999999999], [77.80199999999999, 13.116], [77.8, 13.12]]]}, "properties": {"class": "flood"}}, {"type": "Feature", "geometry": {"type": "Polygon", "coordinates": [[[77.384, 13.116], [77.384, 13.113999999999999], [77.386, 13.113999999999999], [77.386, 13.116], [77.384, 13.116]]]}, "properties": {"class": "flood"}}, {"type": "Feature", "geometry": {"type": "Polygon", "coordinates": [[[77.404, 13.116], [77.404, 13.113999999999999], [77.40599999999999, 13.113999999999999], [77.40599999999999, 13.116], [77.404, 13.116]]]}, "properties": {"class": "flood"}}, {"type": "Feature", "geometry": {"type": "Polygon", "coordinates": [[[77.408, 13.116], [77.408, 13.113999999999999], [77.41, 13.113999999999999], [77.41, 13.116], [77.408, 13.116]]]}, "properties": {"class": "flood"}}, {"type": "Feature", "geometry": {"type": "Polygon", "coordinates": [[[77.434, 13.116], [77.434, 13.113999999999999], [77.43599999999999, 13.113999999999999], [77.43599999999999, 13.116], [77.434, 13.116]]]}, "properties": {"class": "flood"}}, {"type": "Feature", "geometry": {"type": "Polygon", "coordinates": [[[77.518, 13.116], [77.518, 13.113999999999999], [77.52, 13.113999999999999], [77.52, 13.116], [77.518, 13.116]]]}, "properties": {"class": "flood"}}, {"type": "Feature", "geometry": {"type": "Polygon", "coordinates": [[[77.63799999999999, 13.116], [77.63799999999999, 13.113999999999999], [77.64, 13.113999999999999], [77.64, 13.116], [77.63799999999999, 13.116]]]}, "properties": {"class": "flood"}}, {"type": "Feature", "geometry": {"type": "Polygon", "coordinates": [[[77.66799999999999, 13.116], [77.66799999999999, 13.113999999999999], [77.66999999999999, 13.113999999999999], [77.66999999999999, 13.116], [77.66799999999999, 13.116]]]}, "properties": {"class": "flood"}}, {"type": "Feature", "geometry": {"type": "Polygon", "coordinates": [[[77.74, 13.116], [77.74, 13.113999999999999], [77.74199999999999, 13.113999999999999], [77.74199999999999, 13.116], [77.74, 13.116]]]}, "properties": {"class": "flood"}}, {"type": "Feature", "geometry": {"type": "Polygon", "coordinates": [[[77.654, 13.117999999999999], [77.654, 13.113999999999999], [77.658, 13.112], [77.658, 13.116], [77.654, 13.117999999999999]]]}, "properties": {"class": "flood"}}, {"type": "Feature", "geometry": {"type": "Polygon", "coordinates": [[[77.734, 13.116], [77.734, 13.112], [77.74, 13.112], [77.738, 13.116], [77.734, 13.116]]]}, "properties": {"class": "flood"}}, {"type": "Feature", "geometry": {"type": "Polygon", "coordinates": [[[77.386, 13.113999999999999], [77.386, 13.112], [77.38799999999999, 13.112], [77.38799999999999, 13.113999999999999], [77.386, 13.113999999999999]]]}, "properties": {"class": "flood"}}, {"type": "Feature", "geometry": {"type": "Polygon", "coordinates": [[[77.40599999999999, 13.113999999999999], [77.40599999999999, 13.112], [77.408, 13.112], [77.408, 13.113999999999999], [77.40599999999999, 13.113999999999999]]]}, "properties": {"class": "flood"}}, {"type": "Feature", "geometry": {"type": "Polygon", "coordinates": [[[77.43199999999999, 13.113999999999999], [77.43199999999999, 13.112], [77.434, 13.112], [77.434, 13.113999999999999], [77.43199999999999, 13.113999999999999]]]}, "properties": {"class": "flood"}}, {"type": "Feature", "geometry": {"type": "Polygon", "coordinates": [[[77.51599999999999, 13.113999999999999], [77.51599999999999, 13.112], [77.518, 13.112], [77.518, 13.113999999999999], [77.51599999999999, 13.113999999999999]]]}, "properties": {"class": "flood"}}, {"type": "Feature", "geometry": {"type": "Polygon", "coordinates": [[[77.64, 13.113999999999999], [77.64, 13.112], [77.642, 13.112], [77.642, 13.113999999999999], [77.64, 13.113999999999999]]]}, "properties": {"class": "flood"}}, {"type": "Feature", "geometry": {"type": "Polygon", "coordinates": [[[77.66999999999999, 13.113999999999999], [77.66999999999999, 13.112], [77.672, 13.112], [77.672, 13.113999999999999], [77.66999999999999, 13.113999999999999]]]}, "properties": {"class": "flood"}}, {"type": "Feature", "geometry": {"type": "Polygon", "coordinates": [[[77.8, 13.113999999999999], [77.8, 13.112], [77.80199999999999, 13.112], [77.80199999999999, 13.113999999999999], [77.8, 13.113999999999999]]]}, "properties": {"class": "flood"}}, {"type": "Feature", "geometry": {"type": "Polygon", "coordinates": [[[77.446, 13.113999999999999], [77.446, 13.11], [77.44999999999999, 13.11], [77.44999999999999, 13.112], [77.446, 13.113999999999999]]]}, "properties": {"class": "flood"}}, {"type": "Feature", "geometry": {"type": "Polygon", "coordinates": [[[77.49, 13.113999999999999], [77.49, 13.11], [77.49199999999999, 13.11], [77.49199999999999, 13.113999999999999], [77.49, 13.113999999999999]]]}, "properties": {"class": "flood"}}, {"type": "Feature", "geometry": {"type": "Polygon", "coordinates": [[[77.52, 13.113999999999999], [77.52, 13.11], [77.52199999999999, 13.11], [77.52199999999999, 13.113999999999999], [77.52, 13.113999999999999]]]}, "properties": {"class": "flood"}}, {"type": "Feature", "geometry": {"type": "Polygon", "coordinates": [[[77.54599999999999, 13.113999999999999], [77.54599999999999, 13.11], [77.55, 13.11], [77.55, 13.112], [77.54599999999999, 13.113999999999999]]]}, "properties": {"class": "flood"}}, {"type": "Feature", "geometry": {"type": "Polygon", "coordinates": [[[77.49799999999999, 13.112], [77.49799999999999, 13.11], [77.5, 13.11], [77.5, 13.112], [77.49799999999999, 13.112]]]}, "properties": {"class": "flood"}}, {"type": "Feature", "geometry": {"type": "Polygon", "coordinates": [[[77.63, 13.112], [77.63, 13.11], [77.63199999999999, 13.11], [77.63199999999999, 13.112], [77.63, 13.112]]]}, "properties": {"class": "flood"}}, {"type": "Feature", "geometry": {"type": "Polygon", "coordinates": [[[77.66799999999999, 13.112], [77.66799999999999, 13.11], [77.66999999999999, 13.11], [77.66999999999999, 13.112], [77.66799999999999, 13.112]]]}, "properties": {"class": "flood"}}, {"type": "Feature", "geometry": {"type": "Polygon", "coordinates": [[[77.782, 13.113999999999999], [77.78, 13.112], [77.78, 13.11], [77.78399999999999, 13.11], [77.782, 13.113999999999999]]]}, "properties": {"class": "flood"}}, {"type": "Feature", "geometry": {"type": "Polygon", "coordinates": [[[77.786, 13.112], [77.786, 13.11], [77.788, 13.11], [77.788, 13.112], [77.786, 13.112]]]}, "properties": {"class": "flood"}}, {"type": "Feature", "geometry": {"type": "Polygon", "coordinates": [[[77.464, 13.112], [77.464, 13.107999999999999], [77.46799999999999, 13.107999999999999], [77.46799999999999, 13.112], [77.464, 13.112]]]}, "properties": {"class": "flood"}}, {"type": "Feature", "geometry": {"type": "Polygon", "coordinates": [[[77.74199999999999, 13.113999999999999], [77.74, 13.107999999999999], [77.744, 13.107999999999999], [77.744, 13.113999999999999], [77.74199999999999, 13.113999999999999]]]}, "properties": {"class": "flood"}}, {"type": "Feature", "geometry": {"type": "Polygon", "coordinates": [[[77.5, 13.11], [77.5, 13.107999999999999], [77.502, 13.107999999999999], [77.502, 13.11], [77.5, 13.11]]]}, "properties": {"class": "flood"}}, {"type": "Feature", "geometry": {"type": "Polygon", "coordinates": [[[77.63199999999999, 13.11], [77.63199999999999, 13.107999999999999], [77.634, 13.107999999999999], [77.634, 13.11], [77.63199999999999, 13.11]]]}, "properties": {"class": "flood"}}, {"type": "Feature", "geometry": {"type": "Polygon", "coordinates": [[[77.78399999999999, 13.11], [77.78399999999999, 13.107999999999999], [77.786, 13.107999999999999], [77.786, 13.11], [77.78399999999999, 13.11]]]}, "properties": {"class": "flood"}}, {"type": "Feature", "geometry": {"type": "Polygon", "coordinates": [[[77.806, 13.112], [77.80999999999999, 13.106], [77.812, 13.106], [77.812, 13.11], [77.806, 13.112]]]}, "properties": {"class": "flood"}}, {"type": "Feature", "geometry": {"type": "Polygon", "coordinates": [[[77.70599999999999, 13.11], [77.70599999999999, 13.106], [77.708, 13.106], [77.708, 13.11], [77.70599999999999, 13.11]]]}, "properties": {"class": "flood"}}, {"type": "Feature", "geometry": {"type": "Polygon", "coordinates": [[[77.71, 13.11], [77.71, 13.106], [77.71199999999999, 13.106], [77.71199999999999, 13.11], [77.71, 13.11]]]}, "properties": {"class": "flood"}}, {"type": "Feature", "geometry": {"type": "Polygon", "coordinates": [[[77.378, 13.107999999999999], [77.378, 13.106], [77.38199999999999, 13.106], [77.38199999999999, 13.107999999999999], [77.378, 13.107999999999999]]]}, "properties": {"class": "flood"}}, {"type": "Feature", "geometry": {"type": "Polygon", "coordinates": [[[77.41199999999999, 13.107999999999999], [77.41199999999999, 13.106], [77.41399999999999, 13.106], [77.41399999999999, 13.107999999999999], [77.41199999999999, 13.107999999999999]]]}, "properties": {"class": "flood"}}, {"type": "Feature", "geometry": {"type": "Polygon", "coordinates": [[[77.514, 13.107999999999999], [77.514, 13.106], [77.51599999999999, 13.106], [77.51599999999999, 13.107999999999999], [77.514, 13.107999999999999]]]}, "properties": {"class": "flood"}}, {"type": "Feature", "geometry": {"type": "Polygon", "coordinates": [[[77.538, 13.107999999999999], [77.538, 13.104], [77.53999999999999, 13.104], [77.53999999999999, 13.107999999999999], [77.538, 13.107999999999999]]]}, "properties": {"class": "flood"}}, {"type": "Feature", "geometry": {"type": "Polygon", "coordinates": [[[77.544, 13.107999999999999], [77.54599999999999, 13.104], [77.55, 13.106], [77.55, 13.107999999999999], [77.544, 13.107999999999999]]]}, "properties": {"class": "flood"}}, {"type": "Feature", "geometry": {"type": "Polygon", "coordinates": [[[77.41, 13.106], [77.41, 13.104], [77.41199999999999, 13.104], [77.41199999999999, 13.106], [77.41, 13.106]]]}, "properties": {"class": "flood"}}, {"type": "Feature", "geometry": {"type": "Polygon", "coordinates": [[[77.442, 13.106], [77.442, 13.104], [77.446, 13.104], [77.446, 13.106], [77.442, 13.106]]]}, "properties": {"class": "flood"}}, {"type": "Feature", "geometry": {"type": "Polygon", "coordinates": [[[77.48599999999999, 13.106], [77.48599999999999, 13.104], [77.488, 13.104], [77.488, 13.106], [77.48599999999999, 13.106]]]}, "properties": {"class": "flood"}}, {"type": "Feature", "geometry": {"type": "Polygon", "coordinates": [[[77.50999999999999, 13.106], [77.50999999999999, 13.104], [77.512, 13.104], [77.512, 13.106], [77.50999999999999, 13.106]]]}, "properties": {"class": "flood"}}, {"type": "Feature", "geometry": {"type": "Polygon", "coordinates": [[[77.78999999999999, 13.107999999999999], [77.78999999999999, 13.101999999999999], [77.79199999999999, 13.101999999999999], [77.794, 13.107999999999999], [77.78999999999999, 13.107999999999999]]]}, "properties": {"class": "flood"}}, {"type": "Feature", "geometry": {"type": "Polygon", "coordinates": [[[77.66, 13.106], [77.66, 13.101999999999999], [77.66199999999999, 13.101999999999999], [77.66199999999999, 13.106], [77.66, 13.106]]]}, "properties": {"class": "flood"}}, {"type": "Feature", "geometry": {"type": "Polygon", "coordinates": [[[77.38, 13.104], [77.38, 13.101999999999999], [77.38199999999999, 13.101999999999999], [77.38199999999999, 13.104], [77.38, 13.104]]]}, "properties": {"class": "flood"}}, {"type": "Feature", "geometry": {"type": "Polygon", "coordinates": [[[77.41999999999999, 13.104], [77.41999999999999, 13.101999999999999], [77.422, 13.101999999999999], [77.422, 13.104], [77.41999999999999, 13.104]]]}, "properties": {"class": "flood"}}, {"type": "Feature", "geometry": {"type": "Polygon", "coordinates": [[[77.464, 13.104], [77.464, 13.101999999999999], [77.466, 13.101999999999999], [77.466, 13.104], [77.464, 13.104]]]}, "properties": {"class": "flood"}}, {"type": "Feature", "geometry": {"type": "Polygon", "coordinates": [[[77.512, 13.104], [77.512, 13.101999999999999], [77.514, 13.101999999999999], [77.514, 13.104], [77.512, 13.104]]]}, "properties": {"class": "flood"}}, {"type": "Feature", "geometry": {"type": "Polygon", "coordinates": [[[77.586, 13.104], [77.586, 13.101999999999999], [77.588, 13.101999999999999], [77.588, 13.104], [77.586, 13.104]]]}, "properties": {"class": "flood"}}, {"type": "Feature", "geometry": {"type": "Polygon", "coordinates": [[[77.634, 13.104], [77.634, 13.101999999999999], [77.636, 13.101999999999999], [77.636, 13.104], [77.634, 13.104]]]}, "properties": {"class": "flood"}}, {"type": "Feature", "geometry": {"type": "Polygon", "coordinates": [[[77.722, 13.104], [77.722, 13.101999999999999], [77.726, 13.101999999999999], [77.726, 13.104], [77.722, 13.104]]]}, "properties": {"class": "flood"}}, {"type": "Feature", "geometry": {"type": "Polygon", "coordinates": [[[77.69, 13.104], [77.69, 13.1], [77.692, 13.1], [77.69399999999999, 13.104], [77.69, 13.104]]]}, "properties": {"class": "flood"}}, {"type": "Feature", "geometry": {"type": "Polygon", "coordinates": [[[77.41799999999999, 13.101999999999999], [77.41799999999999, 13.1], [77.41999999999999, 13.1], [77.41999999999999, 13.101999999999999], [77.41799999999999, 13.101999999999999]]]}, "properties": {"class": "flood"}}, {"type": "Feature", "geometry": {"type": "Polygon", "coordinates": [[[77.466, 13.101999999999999], [77.466, 13.1], [77.46799999999999, 13.1], [77.46799999999999, 13.101999999999999], [77.466, 13.101999999999999]]]}, "properties": {"class": "flood"}}, {"type": "Feature", "geometry": {"type": "Polygon", "coordinates": [[[77.63199999999999, 13.101999999999999], [77.63199999999999, 13.1], [77.634, 13.1], [77.634, 13.101999999999999], [77.63199999999999, 13.101999999999999]]]}, "properties": {"class": "flood"}}, {"type": "Feature", "geometry": {"type": "Polygon", "coordinates": [[[77.636, 13.101999999999999], [77.636, 13.1], [77.63799999999999, 13.1], [77.63799999999999, 13.101999999999999], [77.636, 13.101999999999999]]]}, "properties": {"class": "flood"}}, {"type": "Feature", "geometry": {"type": "Polygon", "coordinates": [[[77.69399999999999, 13.101999999999999], [77.69399999999999, 13.1], [77.696, 13.1], [77.696, 13.101999999999999], [77.69399999999999, 13.101999999999999]]]}, "properties": {"class": "flood"}}, {"type": "Feature", "geometry": {"type": "Polygon", "coordinates": [[[77.378, 13.101999999999999], [77.378, 13.097999999999999], [77.38199999999999, 13.097999999999999], [77.38199999999999, 13.1], [77.378, 13.101999999999999]]]}, "properties": {"class": "flood"}}, {"type": "Feature", "geometry": {"type": "Polygon", "coordinates": [[[77.582, 13.101999999999999], [77.58399999999999, 13.097999999999999], [77.586, 13.097999999999999], [77.586, 13.101999999999999], [77.582, 13.101999999999999]]]}, "properties": {"class": "flood"}}, {"type": "Feature", "geometry": {"type": "Polygon", "coordinates": [[[77.67599999999999, 13.101999999999999], [77.67599999999999, 13.097999999999999], [77.68199999999999, 13.1], [77.68199999999999, 13.101999999999999], [77.67599999999999, 13.101999999999999]]]}, "properties": {"class": "flood"}}, {"type": "Feature", "geometry": {"type": "Polygon", "coordinates": [[[77.42599999999999, 13.1], [77.42599999999999, 13.097999999999999], [77.428, 13.097999999999999], [77.428, 13.1], [77.42599999999999, 13.1]]]}, "properties": {"class": "flood"}}, {"type": "Feature", "geometry": {"type": "Polygon", "coordinates": [[[77.634, 13.1], [77.634, 13.097999999999999], [77.636, 13.097999999999999], [77.636, 13.1], [77.634, 13.1]]]}, "properties": {"class": "flood"}}, {"type": "Feature", "geometry": {"type": "Polygon", "coordinates": [[[77.61999999999999, 13.1], [77.622, 13.096], [77.62599999999999, 13.096], [77.624, 13.1], [77.61999999999999, 13.1]]]}, "properties": {"class": "flood"}}, {"type": "Feature", "geometry": {"type": "Polygon", "coordinates": [[[77.42399999999999, 13.097999999999999], [77.42399999999999, 13.096], [77.42599999999999, 13.096], [77.42599999999999, 13.097999999999999], [77.42399999999999, 13.097999999999999]]]}, "properties": {"class": "flood"}}, {"type": "Feature", "geometry": {"type": "Polygon", "coordinates": [[[77.44399999999999, 13.097999999999999], [77.44399999999999, 13.096], [77.448, 13.096], [77.448, 13.097999999999999], [77.44399999999999, 13.097999999999999]]]}, "properties": {"class": "flood"}}, {"type": "Feature", "geometry": {"type": "Polygon", "coordinates": [[[77.50399999999999, 13.097999999999999], [77.50399999999999, 13.096], [77.506, 13.096], [77.506, 13.097999999999999], [77.50399999999999, 13.097999999999999]]]}, "properties": {"class": "flood"}}, {"type": "Feature", "geometry": {"type": "Polygon", "coordinates": [[[77.36, 13.097999999999999], [77.362, 13.094], [77.366, 13.094], [77.36399999999999, 13.097999999999999], [77.36, 13.097999999999999]]]}, "properties": {"class": "flood"}}, {"type": "Feature", "geometry": {"type": "Polygon", "coordinates": [[[77.506, 13.096], [77.506, 13.094], [77.508, 13.094], [77.508, 13.096], [77.506, 13.096]]]}, "properties": {"class": "flood"}}, {"type": "Feature", "geometry": {"type": "Polygon", "coordinates": [[[77.53399999999999, 13.096], [77.53399999999999, 13.094], [77.536, 13.094], [77.536, 13.096], [77.53399999999999, 13.096]]]}, "properties": {"class": "flood"}}, {"type": "Feature", "geometry": {"type": "Polygon", "coordinates": [[[77.67399999999999, 13.096], [77.67399999999999, 13.094], [77.67599999999999, 13.094], [77.67599999999999, 13.096], [77.67399999999999, 13.096]]]}, "properties": {"class": "flood"}}, {"type": "Feature", "geometry": {"type": "Polygon", "coordinates": [[[77.526, 13.096], [77.526, 13.091999999999999], [77.52799999999999, 13.091999999999999], [77.52799999999999, 13.096], [77.526, 13.096]]]}, "properties": {"class": "flood"}}, {"type": "Feature", "geometry": {"type": "Polygon", "coordinates": [[[77.564, 13.096], [77.56599999999999, 13.091999999999999], [77.568, 13.091999999999999], [77.568, 13.096], [77.564, 13.096]]]}, "properties": {"class": "flood"}}, {"type": "Feature", "geometry": {"type": "Polygon", "coordinates": [[[77.42999999999999, 13.094], [77.42999999999999, 13.091999999999999], [77.43199999999999, 13.091999999999999], [77.43199999999999, 13.094], [77.42999999999999, 13.094]]]}, "properties": {"class": "flood"}}, {"type": "Feature", "geometry": {"type": "Polygon", "coordinates": [[[77.532, 13.094], [77.532, 13.091999999999999], [77.53399999999999, 13.091999999999999], [77.53399999999999, 13.094], [77.532, 13.094]]]}, "properties": {"class": "flood"}}, {"type": "Feature", "geometry": {"type": "Polygon", "coordinates": [[[77.67599999999999, 13.094], [77.67599999999999, 13.091999999999999], [77.678, 13.091999999999999], [77.678, 13.094], [77.67599999999999, 13.094]]]}, "properties": {"class": "flood"}}, {"type": "Feature", "geometry": {"type": "Polygon", "coordinates": [[[77.722, 13.094], [77.722, 13.091999999999999], [77.72399999999999, 13.091999999999999], [77.72399999999999, 13.094], [77.722, 13.094]]]}, "properties": {"class": "flood"}}, {"type": "Feature", "geometry": {"type": "Polygon", "coordinates": [[[77.37599999999999, 13.094], [77.37599999999999, 13.09], [77.378, 13.09], [77.378, 13.094], [77.37599999999999, 13.094]]]}, "properties": {"class": "flood"}}, {"type": "Feature", "geometry": {"type": "Polygon", "coordinates": [[[77.53999999999999, 13.094], [77.53999999999999, 13.09], [77.54199999999999, 13.09], [77.54199999999999, 13.094], [77.53999999999999, 13.094]]]}, "properties": {"class": "flood"}}, {"type": "Feature", "geometry": {"type": "Polygon", "coordinates": [[[77.38, 13.091999999999999], [77.38, 13.09], [77.38199999999999, 13.09], [77.38199999999999, 13.091999999999999], [77.38, 13.091999999999999]]]}, "properties": {"class": "flood"}}, {"type": "Feature", "geometry": {"type": "Polygon", "coordinates": [[[77.428, 13.091999999999999], [77.428, 13.09], [77.42999999999999, 13.09], [77.42999999999999, 13.091999999999999], [77.428, 13.091999999999999]]]}, "properties": {"class": "flood"}}, {"type": "Feature", "geometry": {"type": "Polygon", "coordinates": [[[77.384, 13.091999999999999], [77.384, 13.088], [77.39, 13.088], [77.39, 13.091999999999999], [77.384, 13.091999999999999]]]}, "properties": {"class": "flood"}}, {"type": "Feature", "geometry": {"type": "Polygon", "coordinates": [[[77.392, 13.09], [77.392, 13.088], [77.39399999999999, 13.088], [77.39399999999999, 13.09], [77.392, 13.09]]]}, "properties": {"class": "flood"}}, {"type": "Feature", "geometry": {"type": "Polygon", "coordinates": [[[77.54599999999999, 13.09], [77.54599999999999, 13.088], [77.54799999999999, 13.088], [77.54799999999999, 13.09], [77.54599999999999, 13.09]]]}, "properties": {"class": "flood"}}, {"type": "Feature", "geometry": {"type": "Polygon", "coordinates": [[[77.74799999999999, 13.091999999999999], [77.746, 13.088], [77.75, 13.088], [77.75, 13.091999999999999], [77.74799999999999, 13.091999999999999]]]}, "properties": {"class": "flood"}}, {"type": "Feature", "geometry": {"type": "Polygon", "coordinates": [[[77.844, 13.09], [77.84599999999999, 13.085999999999999], [77.848, 13.085999999999999], [77.848, 13.09], [77.844, 13.09]]]}, "properties": {"class": "flood"}}, {"type": "Feature", "geometry": {"type": "Polygon", "coordinates": [[[77.39, 13.088], [77.39, 13.085999999999999], [77.392, 13.085999999999999], [77.392, 13.088], [77.39, 13.088]]]}, "properties": {"class": "flood"}}, {"type": "Feature", "geometry": {"type": "Polygon", "coordinates": [[[77.446, 13.088], [77.446, 13.085999999999999], [77.448, 13.085999999999999], [77.448, 13.088], [77.446, 13.088]]]}, "properties": {"class": "flood"}}, {"type": "Feature", "geometry": {"type": "Polygon", "coordinates": [[[77.726, 13.088], [77.726, 13.085999999999999], [77.728, 13.085999999999999], [77.728, 13.088], [77.726, 13.088]]]}, "properties": {"class": "flood"}}, {"type": "Feature", "geometry": {"type": "Polygon", "coordinates": [[[77.48599999999999, 13.088], [77.48599999999999, 13.084], [77.49, 13.085999999999999], [77.49, 13.088], [77.48599999999999, 13.088]]]}, "properties": {"class": "flood"}}, {"type": "Feature", "geometry": {"type": "Polygon", "coordinates": [[[77.55799999999999, 13.088], [77.55799999999999, 13.084], [77.562, 13.084], [77.562, 13.088], [77.55799999999999, 13.088]]]}, "properties": {"class": "flood"}}, {"type": "Feature", "geometry": {"type": "Polygon", "coordinates": [[[77.63199999999999, 13.088], [77.634, 13.084], [77.63799999999999, 13.085999999999999], [77.63799999999999, 13.088], [77.63199999999999, 13.088]]]}, "properties": {"class": "flood"}}, {"type": "Feature", "geometry": {"type": "Polygon", "coordinates": [[[77.646, 13.088], [77.646, 13.084], [77.648, 13.084], [77.64999999999999, 13.088], [77.646, 13.088]]]}, "properties": {"class": "flood"}}, {"type": "Feature", "geometry": {"type": "Polygon", "coordinates": [[[77.372, 13.085999999999999], [77.372, 13.084], [77.374, 13.084], [77.374, 13.085999999999999], [77.372, 13.085999999999999]]]}, "properties": {"class": "flood"}}, {"type": "Feature", "geometry": {"type": "Polygon", "coordinates": [[[77.404, 13.085999999999999], [77.404, 13.084], [77.40599999999999, 13.084], [77.40599999999999, 13.085999999999999], [77.404, 13.085999999999999]]]}, "properties": {"class": "flood"}}, {"type": "Feature", "geometry": {"type": "Polygon", "coordinates": [[[77.44399999999999, 13.085999999999999], [77.44399999999999, 13.084], [77.446, 13.084], [77.446, 13.085999999999999], [77.44399999999999, 13.085999999999999]]]}, "properties": {"class": "flood"}}, {"type": "Feature", "geometry": {"type": "Polygon", "coordinates": [[[77.652, 13.085999999999999], [77.652, 13.084], [77.654, 13.084], [77.654, 13.085999999999999], [77.652, 13.085999999999999]]]}, "properties": {"class": "flood"}}, {"type": "Feature", "geometry": {"type": "Polygon", "coordinates": [[[77.72399999999999, 13.085999999999999], [77.72399999999999, 13.084], [77.726, 13.084], [77.726, 13.085999999999999], [77.72399999999999, 13.085999999999999]]]}, "properties": {"class": "flood"}}, {"type": "Feature", "geometry": {"type": "Polygon", "coordinates": [[[77.47999999999999, 13.085999999999999], [77.47999999999999, 13.081999999999999], [77.482, 13.081999999999999], [77.482, 13.085999999999999], [77.47999999999999, 13.085999999999999]]]}, "properties": {"class": "flood"}}, {"type": "Feature", "geometry": {"type": "Polygon", "coordinates": [[[77.374, 13.084], [77.374, 13.081999999999999], [77.37599999999999, 13.081999999999999], [77.37599999999999, 13.084], [77.374, 13.084]]]}, "properties": {"class": "flood"}}, {"type": "Feature", "geometry": {"type": "Polygon", "coordinates": [[[77.402, 13.084], [77.402, 13.081999999999999], [77.404, 13.081999999999999], [77.404, 13.084], [77.402, 13.084]]]}, "properties": {"class": "flood"}}, {"type": "Feature", "geometry": {"type": "Polygon", "coordinates": [[[77.59599999999999, 13.084], [77.59599999999999, 13.081999999999999], [77.598, 13.081999999999999], [77.598, 13.084], [77.59599999999999, 13.084]]]}, "properties": {"class": "flood"}}, {"type": "Feature", "geometry": {"type": "Polygon", "coordinates": [[[77.64999999999999, 13.084], [77.64999999999999, 13.081999999999999], [77.652, 13.081999999999999], [77.652, 13.084], [77.64999999999999, 13.084]]]}, "properties": {"class": "flood"}}, {"type": "Feature", "geometry": {"type": "Polygon", "coordinates": [[[77.72999999999999, 13.085999999999999], [77.728, 13.081999999999999], [77.734, 13.081999999999999], [77.732, 13.085999999999999], [77.72999999999999, 13.085999999999999]]]}, "properties": {"class": "flood"}}, {"type": "Feature", "geometry": {"type": "Polygon", "coordinates": [[[77.36999999999999, 13.084], [77.36999999999999, 13.08], [77.372, 13.08], [77.372, 13.084], [77.36999999999999, 13.084]]]}, "properties": {"class": "flood"}}, {"type": "Feature", "geometry": {"type": "Polygon", "coordinates": [[[77.408, 13.084], [77.408, 13.08], [77.41, 13.08], [77.41199999999999, 13.084], [77.408, 13.084]]]}, "properties": {"class": "flood"}}, {"type": "Feature", "geometry": {"type": "Polygon", "coordinates": [[[77.598, 13.081999999999999], [77.598, 13.08], [77.6, 13.08], [77.6, 13.081999999999999], [77.598, 13.081999999999999]]]}, "properties": {"class": "flood"}}, {"type": "Feature", "geometry": {"type": "Polygon", "coordinates": [[[77.594, 13.08], [77.594, 13.078], [77.59599999999999, 13.078], [77.59599999999999, 13.08], [77.594, 13.08]]]}, "properties": {"class": "flood"}}, {"type": "Feature", "geometry": {"type": "Polygon", "coordinates": [[[77.374, 13.078], [77.374, 13.075999999999999], [77.378, 13.075999999999999], [77.378, 13.078], [77.374, 13.078]]]}, "properties": {"class": "flood"}}, {"type": "Feature", "geometry": {"type": "Polygon", "coordinates": [[[77.44999999999999, 13.078], [77.44999999999999, 13.075999999999999], [77.452, 13.075999999999999], [77.452, 13.078], [77.44999999999999, 13.078]]]}, "properties": {"class": "flood"}}, {"type": "Feature", "geometry": {"type": "Polygon", "coordinates": [[[77.59599999999999, 13.078], [77.59599999999999, 13.075999999999999], [77.598, 13.075999999999999], [77.598, 13.078], [77.59599999999999, 13.078]]]}, "properties": {"class": "flood"}}, {"type": "Feature", "geometry": {"type": "Polygon", "coordinates": [[[77.576, 13.078], [77.576, 13.074], [77.58, 13.075999999999999], [77.58, 13.078], [77.576, 13.078]]]}, "properties": {"class": "flood"}}, {"type": "Feature", "geometry": {"type": "Polygon", "coordinates": [[[77.39, 13.075999999999999], [77.39, 13.074], [77.39399999999999, 13.074], [77.39399999999999, 13.075999999999999], [77.39, 13.075999999999999]]]}, "properties": {"class": "flood"}}, {"type": "Feature", "geometry": {"type": "Polygon", "coordinates": [[[77.448, 13.075999999999999], [77.448, 13.074], [77.44999999999999, 13.074], [77.44999999999999, 13.075999999999999], [77.448, 13.075999999999999]]]}, "properties": {"class": "flood"}}, {"type": "Feature", "geometry": {"type": "Polygon", "coordinates": [[[77.826, 13.075999999999999], [77.826, 13.074], [77.82799999999999, 13.074], [77.82799999999999, 13.075999999999999], [77.826, 13.075999999999999]]]}, "properties": {"class": "flood"}}, {"type": "Feature", "geometry": {"type": "Polygon", "coordinates": [[[77.63, 13.078], [77.63, 13.072], [77.63199999999999, 13.072], [77.634, 13.078], [77.63, 13.078]]]}, "properties": {"class": "flood"}}, {"type": "Feature", "geometry": {"type": "Polygon", "coordinates": [[[77.41399999999999, 13.075999999999999], [77.41399999999999, 13.072], [77.41799999999999, 13.072], [77.41799999999999, 13.075999999999999], [77.41399999999999, 13.075999999999999]]]}, "properties": {"class": "flood"}}, {"type": "Feature", "geometry": {"type": "Polygon", "coordinates": [[[77.41999999999999, 13.075999999999999], [77.41999999999999, 13.072], [77.422, 13.072], [77.422, 13.075999999999999], [77.41999999999999, 13.075999999999999]]]}, "properties": {"class": "flood"}}, {"type": "Feature", "geometry": {"type": "Polygon", "coordinates": [[[77.494, 13.075999999999999], [77.494, 13.072], [77.496, 13.072], [77.496, 13.075999999999999], [77.494, 13.075999999999999]]]}, "properties": {"class": "flood"}}, {"type": "Feature", "geometry": {"type": "Polygon", "coordinates": [[[77.702, 13.08], [77.702, 13.075999999999999], [77.69999999999999, 13.072], [77.70599999999999, 13.074], [77.70599999999999, 13.078], [77.702, 13.08]]]}, "properties": {"class": "flood"}}, {"type": "Feature", "geometry": {"type": "Polygon", "coordinates": [[[77.362, 13.074], [77.362, 13.072], [77.366, 13.072], [77.366, 13.074], [77.362, 13.074]]]}, "properties": {"class": "flood"}}, {"type": "Feature", "geometry": {"type": "Polygon", "coordinates": [[[77.39399999999999, 13.074], [77.39399999999999, 13.072], [77.396, 13.072], [77.396, 13.074], [77.39399999999999, 13.074]]]}, "properties": {"class": "flood"}}, {"type": "Feature", "geometry": {"type": "Polygon", "coordinates": [[[77.502, 13.074], [77.502, 13.072], [77.50399999999999, 13.072], [77.50399999999999, 13.074], [77.502, 13.074]]]}, "properties": {"class": "flood"}}, {"type": "Feature", "geometry": {"type": "Polygon", "coordinates": [[[77.708, 13.074], [77.708, 13.072], [77.71, 13.072], [77.71, 13.074], [77.708, 13.074]]]}, "properties": {"class": "flood"}}, {"type": "Feature", "geometry": {"type": "Polygon", "coordinates": [[[77.824, 13.074], [77.824, 13.072], [77.826, 13.072], [77.826, 13.074], [77.824, 13.074]]]}, "properties": {"class": "flood"}}, {"type": "Feature", "geometry": {"type": "Polygon", "coordinates": [[[77.58999999999999, 13.075999999999999], [77.58999999999999, 13.069999999999999], [77.592, 13.069999999999999], [77.594, 13.074], [77.58999999999999, 13.075999999999999]]]}, "properties": {"class": "flood"}}, {"type": "Feature", "geometry": {"type": "Polygon", "coordinates": [[[77.488, 13.074], [77.488, 13.072], [77.49199999999999, 13.069999999999999], [77.49199999999999, 13.074], [77.488, 13.074]]]}, "properties": {"class": "flood"}}, {"type": "Feature", "geometry": {"type": "Polygon", "coordinates": [[[77.54599999999999, 13.074], [77.54599999999999, 13.069999999999999], [77.55, 13.069999999999999], [77.55, 13.074], [77.54599999999999, 13.074]]]}, "properties": {"class": "flood"}}, {"type": "Feature", "geometry": {"type": "Polygon", "coordinates": [[[77.428, 13.072], [77.428, 13.069999999999999], [77.42999999999999, 13.069999999999999], [77.42999999999999, 13.072], [77.428, 13.072]]]}, "properties": {"class": "flood"}}, {"type": "Feature", "geometry": {"type": "Polygon", "coordinates": [[[77.44999999999999, 13.072], [77.44999999999999, 13.069999999999999], [77.454, 13.069999999999999], [77.454, 13.072], [77.44999999999999, 13.072]]]}, "properties": {"class": "flood"}}, {"type": "Feature", "geometry": {"type": "Polygon", "coordinates": [[[77.5, 13.072], [77.5, 13.069999999999999], [77.502, 13.069999999999999], [77.502, 13.072], [77.5, 13.072]]]}, "properties": {"class": "flood"}}, {"type": "Feature", "geometry": {"type": "Polygon", "coordinates": [[[77.71, 13.072], [77.71, 13.069999999999999], [77.71199999999999, 13.069999999999999], [77.71199999999999, 13.072], [77.71, 13.072]]]}, "properties": {"class": "flood"}}, {"type": "Feature", "geometry": {"type": "Polygon", "coordinates": [[[77.744, 13.072], [77.744, 13.069999999999999], [77.746, 13.069999999999999], [77.746, 13.072], [77.744, 13.072]]]}, "properties": {"class": "flood"}}, {"type": "Feature", "geometry": {"type": "Polygon", "coordinates": [[[77.53, 13.072], [77.53, 13.068], [77.532, 13.068], [77.532, 13.072], [77.53, 13.072]]]}, "properties": {"class": "flood"}}, {"type": "Feature", "geometry": {"type": "Polygon", "coordinates": [[[77.78399999999999, 13.074], [77.782, 13.069999999999999], [77.788, 13.068], [77.788, 13.072], [77.78399999999999, 13.074]]]}, "properties": {"class": "flood"}}, {"type": "Feature", "geometry": {"type": "Polygon", "coordinates": [[[77.80799999999999, 13.072], [77.80999999999999, 13.068], [77.814, 13.069999999999999], [77.814, 13.072], [77.80799999999999, 13.072]]]}, "properties": {"class": "flood"}}, {"type": "Feature", "geometry": {"type": "Polygon", "coordinates": [[[77.36, 13.069999999999999], [77.36, 13.068], [77.36399999999999, 13.068], [77.36399999999999, 13.069999999999999], [77.36, 13.069999999999999]]]}, "properties": {"class": "flood"}}, {"type": "Feature", "geometry": {"type": "Polygon", "coordinates": [[[77.42599999999999, 13.069999999999999], [77.42599999999999, 13.068], [77.428, 13.068], [77.428, 13.069999999999999], [77.42599999999999, 13.069999999999999]]]}, "properties": {"class": "flood"}}, {"type": "Feature", "geometry": {"type": "Polygon", "coordinates": [[[77.47399999999999, 13.069999999999999], [77.47399999999999, 13.068], [77.476, 13.068], [77.476, 13.069999999999999], [77.47399999999999, 13.069999999999999]]]}, "properties": {"class": "flood"}}, {"type": "Feature", "geometry": {"type": "Polygon", "coordinates": [[[77.746, 13.069999999999999], [77.746, 13.068], [77.74799999999999, 13.068], [77.74799999999999, 13.069999999999999], [77.746, 13.069999999999999]]]}, "properties": {"class": "flood"}}, {"type": "Feature", "geometry": {"type": "Polygon", "coordinates": [[[77.826, 13.069999999999999], [77.826, 13.068], [77.83, 13.068], [77.83, 13.069999999999999], [77.826, 13.069999999999999]]]}, "properties": {"class": "flood"}}, {"type": "Feature", "geometry": {"type": "Polygon", "coordinates": [[[77.658, 13.069999999999999], [77.658, 13.065999999999999], [77.66, 13.065999999999999], [77.66, 13.069999999999999], [77.658, 13.069999999999999]]]}, "properties": {"class": "flood"}}, {"type": "Feature", "geometry": {"type": "Polygon", "coordinates": [[[77.66399999999999, 13.069999999999999], [77.66399999999999, 13.065999999999999], [77.666, 13.065999999999999], [77.666, 13.069999999999999], [77.66399999999999, 13.069999999999999]]]}, "properties": {"class": "flood"}}, {"type": "Feature", "geometry": {"type": "Polygon", "coordinates": [[[77.794, 13.072], [77.79199999999999, 13.069999999999999], [77.79199999999999, 13.065999999999999], [77.79599999999999, 13.068], [77.794, 13.072]]]}, "properties": {"class": "flood"}}, {"type": "Feature", "geometry": {"type": "Polygon", "coordinates": [[[77.68599999999999, 13.068], [77.68599999999999, 13.065999999999999], [77.68799999999999, 13.065999999999999], [77.68799999999999, 13.068], [77.68599999999999, 13.068]]]}, "properties": {"class": "flood"}}, {"type": "Feature", "geometry": {"type": "Polygon", "coordinates": [[[77.69999999999999, 13.068], [77.69999999999999, 13.065999999999999], [77.702, 13.065999999999999], [77.702, 13.068], [77.69999999999999, 13.068]]]}, "properties": {"class": "flood"}}, {"type": "Feature", "geometry": {"type": "Polygon", "coordinates": [[[77.39399999999999, 13.068], [77.39399999999999, 13.064], [77.398, 13.065999999999999], [77.398, 13.068], [77.39399999999999, 13.068]]]}, "properties": {"class": "flood"}}, {"type": "Feature", "geometry": {"type": "Polygon", "coordinates": [[[77.43199999999999, 13.068], [77.43199999999999, 13.064], [77.434, 13.064], [77.434, 13.068], [77.43199999999999, 13.068]]]}, "properties": {"class": "flood"}}, {"type": "Feature", "geometry": {"type": "Polygon", "coordinates": [[[77.476, 13.065999999999999], [77.476, 13.064], [77.478, 13.064], [77.478, 13.065999999999999], [77.476, 13.065999999999999]]]}, "properties": {"class": "flood"}}, {"type": "Feature", "geometry": {"type": "Polygon", "coordinates": [[[77.66799999999999, 13.065999999999999], [77.66799999999999, 13.064], [77.66999999999999, 13.064], [77.66999999999999, 13.065999999999999], [77.66799999999999, 13.065999999999999]]]}, "properties": {"class": "flood"}}, {"type": "Feature", "geometry": {"type": "Polygon", "coordinates": [[[77.68799999999999, 13.065999999999999], [77.68799999999999, 13.064], [77.69, 13.064], [77.69, 13.065999999999999], [77.68799999999999, 13.065999999999999]]]}, "properties": {"class": "flood"}}, {"type": "Feature", "geometry": {"type": "Polygon", "coordinates": [[[77.75399999999999, 13.065999999999999], [77.75399999999999, 13.064], [77.756, 13.064], [77.756, 13.065999999999999], [77.75399999999999, 13.065999999999999]]]}, "properties": {"class": "flood"}}, {"type": "Feature", "geometry": {"type": "Polygon", "coordinates": [[[77.652, 13.069999999999999], [77.654, 13.062], [77.65599999999999, 13.062], [77.65599999999999, 13.069999999999999], [77.652, 13.069999999999999]]]}, "properties": {"class": "flood"}}, {"type": "Feature", "geometry": {"type": "Polygon", "coordinates": [[[77.502, 13.065999999999999], [77.502, 13.062], [77.506, 13.064], [77.506, 13.065999999999999], [77.502, 13.065999999999999]]]}, "properties": {"class": "flood"}}, {"type": "Feature", "geometry": {"type": "Polygon", "coordinates": [[[77.42599999999999, 13.064], [77.42599999999999, 13.062], [77.42999999999999, 13.062], [77.42999999999999, 13.064], [77.42599999999999, 13.064]]]}, "properties": {"class": "flood"}}, {"type": "Feature", "geometry": {"type": "Polygon", "coordinates": [[[77.466, 13.064], [77.466, 13.062], [77.46799999999999, 13.062], [77.46799999999999, 13.064], [77.466, 13.064]]]}, "properties": {"class": "flood"}}, {"type": "Feature", "geometry": {"type": "Polygon", "coordinates": [[[77.586, 13.064], [77.586, 13.062], [77.588, 13.062], [77.588, 13.064], [77.586, 13.064]]]}, "properties": {"class": "flood"}}, {"type": "Feature", "geometry": {"type": "Polygon", "coordinates": [[[77.666, 13.064], [77.666, 13.062], [77.66799999999999, 13.062], [77.66799999999999, 13.064], [77.666, 13.064]]]}, "properties": {"class": "flood"}}, {"type": "Feature", "geometry": {"type": "Polygon", "coordinates": [[[77.756, 13.064], [77.756, 13.062], [77.758, 13.062], [77.758, 13.064], [77.756, 13.064]]]}, "properties": {"class": "flood"}}, {"type": "Feature", "geometry": {"type": "Polygon", "coordinates": [[[77.752, 13.064], [77.752, 13.059999999999999], [77.75399999999999, 13.059999999999999], [77.75399999999999, 13.064], [77.752, 13.064]]]}, "properties": {"class": "flood"}}, {"type": "Feature", "geometry": {"type": "Polygon", "coordinates": [[[77.35799999999999, 13.062], [77.35799999999999, 13.059999999999999], [77.362, 13.059999999999999], [77.362, 13.062], [77.35799999999999, 13.062]]]}, "properties": {"class": "flood"}}, {"type": "Feature", "geometry": {"type": "Polygon", "coordinates": [[[77.434, 13.062], [77.434, 13.059999999999999], [77.43799999999999, 13.059999999999999], [77.43799999999999, 13.062], [77.434, 13.062]]]}, "properties": {"class": "flood"}}, {"type": "Feature", "geometry": {"type": "Polygon", "coordinates": [[[77.46799999999999, 13.062], [77.46799999999999, 13.059999999999999], [77.47, 13.059999999999999], [77.47, 13.062], [77.46799999999999, 13.062]]]}, "properties": {"class": "flood"}}, {"type": "Feature", "geometry": {"type": "Polygon", "coordinates": [[[77.58399999999999, 13.062], [77.58399999999999, 13.059999999999999], [77.586, 13.059999999999999], [77.586, 13.062], [77.58399999999999, 13.062]]]}, "properties": {"class": "flood"}}, {"type": "Feature", "geometry": {"type": "Polygon", "coordinates": [[[77.652, 13.062], [77.652, 13.059999999999999], [77.654, 13.059999999999999], [77.654, 13.062], [77.652, 13.062]]]}, "properties": {"class": "flood"}}, {"type": "Feature", "geometry": {"type": "Polygon", "coordinates": [[[77.684, 13.062], [77.684, 13.059999999999999], [77.68799999999999, 13.059999999999999], [77.68799999999999, 13.062], [77.684, 13.062]]]}, "properties": {"class": "flood"}}, {"type": "Feature", "geometry": {"type": "Polygon", "coordinates": [[[77.824, 13.062], [77.824, 13.059999999999999], [77.826, 13.059999999999999], [77.826, 13.062], [77.824, 13.062]]]}, "properties": {"class": "flood"}}, {"type": "Feature", "geometry": {"type": "Polygon", "coordinates": [[[77.73599999999999, 13.062], [77.73599999999999, 13.058], [77.744, 13.058], [77.744, 13.062], [77.74199999999999, 13.059999999999999], [77.73599999999999, 13.062]]]}, "properties": {"class": "flood"}}, {"type": "Feature", "geometry": {"type": "Polygon", "coordinates": [[[77.53999999999999, 13.059999999999999], [77.53999999999999, 13.058], [77.544, 13.058], [77.544, 13.059999999999999], [77.53999999999999, 13.059999999999999]]]}, "properties": {"class": "flood"}}, {"type": "Feature", "geometry": {"type": "Polygon", "coordinates": [[[77.586, 13.059999999999999], [77.586, 13.058], [77.588, 13.058], [77.588, 13.059999999999999], [77.586, 13.059999999999999]]]}, "properties": {"class": "flood"}}, {"type": "Feature", "geometry": {"type": "Polygon", "coordinates": [[[77.732, 13.059999999999999], [77.732, 13.058], [77.734, 13.058], [77.734, 13.059999999999999], [77.732, 13.059999999999999]]]}, "properties": {"class": "flood"}}, {"type": "Feature", "geometry": {"type": "Polygon", "coordinates": [[[77.826, 13.059999999999999], [77.826, 13.058], [77.82799999999999, 13.058], [77.82799999999999, 13.059999999999999], [77.826, 13.059999999999999]]]}, "properties": {"class": "flood"}}, {"type": "Feature", "geometry": {"type": "Polygon", "coordinates": [[[77.384, 13.062], [77.384, 13.056], [77.38799999999999, 13.056], [77.38799999999999, 13.059999999999999], [77.384, 13.062]]]}, "properties": {"class": "flood"}}, {"type": "Feature", "geometry": {"type": "Polygon", "coordinates": [[[77.38, 13.059999999999999], [77.38, 13.056], [77.38199999999999, 13.056], [77.38199999999999, 13.059999999999999], [77.38, 13.059999999999999]]]}, "properties": {"class": "flood"}}, {"type": "Feature", "geometry": {"type": "Polygon", "coordinates": [[[77.82199999999999, 13.059999999999999], [77.82199999999999, 13.056], [77.824, 13.056], [77.824, 13.059999999999999], [77.82199999999999, 13.059999999999999]]]}, "properties": {"class": "flood"}}, {"type": "Feature", "geometry": {"type": "Polygon", "coordinates": [[[77.734, 13.058], [77.734, 13.056], [77.73599999999999, 13.056], [77.73599999999999, 13.058], [77.734, 13.058]]]}, "properties": {"class": "flood"}}, {"type": "Feature", "geometry": {"type": "Polygon", "coordinates": [[[77.484, 13.058], [77.484, 13.053999999999998], [77.48599999999999, 13.053999999999998], [77.48599999999999, 13.058], [77.484, 13.058]]]}, "properties": {"class": "flood"}}, {"type": "Feature", "geometry": {"type": "Polygon", "coordinates": [[[77.434, 13.056], [77.434, 13.053999999999998], [77.43599999999999, 13.053999999999998], [77.43599999999999, 13.056], [77.434, 13.056]]]}, "properties": {"class": "flood"}}, {"type": "Feature", "geometry": {"type": "Polygon", "coordinates": [[[77.598, 13.056], [77.598, 13.053999999999998], [77.6, 13.053999999999998], [77.6, 13.056], [77.598, 13.056]]]}, "properties": {"class": "flood"}}, {"type": "Feature", "geometry": {"type": "Polygon", "coordinates": [[[77.746, 13.056], [77.746, 13.053999999999998], [77.74799999999999, 13.053999999999998], [77.74799999999999, 13.056], [77.746, 13.056]]]}, "properties": {"class": "flood"}}, {"type": "Feature", "geometry": {"type": "Polygon", "coordinates": [[[77.50999999999999, 13.056], [77.50999999999999, 13.052], [77.514, 13.053999999999998], [77.514, 13.056], [77.50999999999999, 13.056]]]}, "properties": {"class": "flood"}}, {"type": "Feature", "geometry": {"type": "Polygon", "coordinates": [[[77.544, 13.056], [77.544, 13.053999999999998], [77.54799999999999, 13.052], [77.54799999999999, 13.056], [77.544, 13.056]]]}, "properties": {"class": "flood"}}, {"type": "Feature", "geometry": {"type": "Polygon", "coordinates": [[[77.606, 13.056], [77.606, 13.052], [77.60799999999999, 13.052], [77.60799999999999, 13.056], [77.606, 13.056]]]}, "properties": {"class": "flood"}}, {"type": "Feature", "geometry": {"type": "Polygon", "coordinates": [[[77.634, 13.056], [77.636, 13.052], [77.64, 13.052], [77.64, 13.056], [77.634, 13.056]]]}, "properties": {"class": "flood"}}, {"type": "Feature", "geometry": {"type": "Polygon", "coordinates": [[[77.814, 13.056], [77.814, 13.052], [77.81599999999999, 13.052], [77.81599999999999, 13.056], [77.814, 13.056]]]}, "properties": {"class": "flood"}}, {"type": "Feature", "geometry": {"type": "Polygon", "coordinates": [[[77.43599999999999, 13.053999999999998], [77.43599999999999, 13.052], [77.43799999999999, 13.052], [77.43799999999999, 13.053999999999998], [77.43599999999999, 13.053999999999998]]]}, "properties": {"class": "flood"}}, {"type": "Feature", "geometry": {"type": "Polygon", "coordinates": [[[77.54199999999999, 13.053999999999998], [77.54199999999999, 13.052], [77.544, 13.052], [77.544, 13.053999999999998], [77.54199999999999, 13.053999999999998]]]}, "properties": {"class": "flood"}}, {"type": "Feature", "geometry": {"type": "Polygon", "coordinates": [[[77.59599999999999, 13.053999999999998], [77.59599999999999, 13.052], [77.598, 13.052], [77.598, 13.053999999999998], [77.59599999999999, 13.053999999999998]]]}, "properties": {"class": "flood"}}, {"type": "Feature", "geometry": {"type": "Polygon", "coordinates": [[[77.744, 13.053999999999998], [77.744, 13.052], [77.746, 13.052], [77.746, 13.053999999999998], [77.744, 13.053999999999998]]]}, "properties": {"class": "flood"}}, {"type": "Feature", "geometry": {"type": "Polygon", "coordinates": [[[77.55399999999999, 13.053999999999998], [77.55399999999999, 13.049999999999999], [77.556, 13.049999999999999], [77.55799999999999, 13.053999999999998], [77.55399999999999, 13.053999999999998]]]}, "properties": {"class": "flood"}}, {"type": "Feature", "geometry": {"type": "Polygon", "coordinates": [[[77.75999999999999, 13.053999999999998], [77.75999999999999, 13.052], [77.764, 13.049999999999999], [77.764, 13.053999999999998], [77.75999999999999, 13.053999999999998]]]}, "properties": {"class": "flood"}}, {"type": "Feature", "geometry": {"type": "Polygon", "coordinates": [[[77.356, 13.052], [77.356, 13.049999999999999], [77.35799999999999, 13.049999999999999], [77.35799999999999, 13.052], [77.356, 13.052]]]}, "properties": {"class": "flood"}}, {"type": "Feature", "geometry": {"type": "Polygon", "coordinates": [[[77.39399999999999, 13.052], [77.39399999999999, 13.049999999999999], [77.396, 13.049999999999999], [77.396, 13.052], [77.39399999999999, 13.052]]]}, "properties": {"class": "flood"}}, {"type": "Feature", "geometry": {"type": "Polygon", "coordinates": [[[77.728, 13.052], [77.728, 13.049999999999999], [77.732, 13.049999999999999], [77.732, 13.052], [77.728, 13.052]]]}, "properties": {"class": "flood"}}, {"type": "Feature", "geometry": {"type": "Polygon", "coordinates": [[[77.5, 13.052], [77.5, 13.048], [77.502, 13.048], [77.502, 13.052], [77.5, 13.052]]]}, "properties": {"class": "flood"}}, {"type": "Feature", "geometry": {"type": "Polygon", "coordinates": [[[77.526, 13.052], [77.52799999999999, 13.048], [77.53, 13.048], [77.53, 13.052], [77.526, 13.052]]]}, "properties": {"class": "flood"}}, {"type": "Feature", "geometry": {"type": "Polygon", "coordinates": [[[77.83399999999999, 13.052], [77.83399999999999, 13.048], [77.838, 13.048], [77.836, 13.052], [77.83399999999999, 13.052]]]}, "properties": {"class": "flood"}}, {"type": "Feature", "geometry": {"type": "Polygon", "coordinates": [[[77.384, 13.049999999999999], [77.384, 13.048], [77.386, 13.048], [77.386, 13.049999999999999], [77.384, 13.049999999999999]]]}, "properties": {"class": "flood"}}, {"type": "Feature", "geometry": {"type": "Polygon", "coordinates": [[[77.404, 13.049999999999999], [77.404, 13.048], [77.40599999999999, 13.048], [77.40599999999999, 13.049999999999999], [77.404, 13.049999999999999]]]}, "properties": {"class": "flood"}}, {"type": "Feature", "geometry": {"type": "Polygon", "coordinates": [[[77.392, 13.048], [77.392, 13.046], [77.396, 13.046], [77.396, 13.048], [77.392, 13.048]]]}, "properties": {"class": "flood"}}, {"type": "Feature", "geometry": {"type": "Polygon", "coordinates": [[[77.402, 13.048], [77.402, 13.046], [77.404, 13.046], [77.404, 13.048], [77.402, 13.048]]]}, "properties": {"class": "flood"}}, {"type": "Feature", "geometry": {"type": "Polygon", "coordinates": [[[77.526, 13.048], [77.526, 13.046], [77.52799999999999, 13.046], [77.52799999999999, 13.048], [77.526, 13.048]]]}, "properties": {"class": "flood"}}, {"type": "Feature", "geometry": {"type": "Polygon", "coordinates": [[[77.74799999999999, 13.048], [77.74799999999999, 13.046], [77.752, 13.046], [77.752, 13.048], [77.74799999999999, 13.048]]]}, "properties": {"class": "flood"}}, {"type": "Feature", "geometry": {"type": "Polygon", "coordinates": [[[77.824, 13.048], [77.824, 13.046], [77.826, 13.046], [77.826, 13.048], [77.824, 13.048]]]}, "properties": {"class": "flood"}}, {"type": "Feature", "geometry": {"type": "Polygon", "coordinates": [[[77.41799999999999, 13.048], [77.41799999999999, 13.043999999999999], [77.41999999999999, 13.043999999999999], [77.41999999999999, 13.048], [77.41799999999999, 13.048]]]}, "properties": {"class": "flood"}}, {"type": "Feature", "geometry": {"type": "Polygon", "coordinates": [[[77.48599999999999, 13.048], [77.48599999999999, 13.043999999999999], [77.488, 13.043999999999999], [77.488, 13.048], [77.48599999999999, 13.048]]]}, "properties": {"class": "flood"}}, {"type": "Feature", "geometry": {"type": "Polygon", "coordinates": [[[77.79599999999999, 13.048], [77.79599999999999, 13.043999999999999], [77.79799999999999, 13.043999999999999], [77.79799999999999, 13.048], [77.79599999999999, 13.048]]]}, "properties": {"class": "flood"}}, {"type": "Feature", "geometry": {"type": "Polygon", "coordinates": [[[77.80399999999999, 13.046], [77.80399999999999, 13.043999999999999], [77.806, 13.043999999999999], [77.806, 13.046], [77.80399999999999, 13.046]]]}, "properties": {"class": "flood"}}, {"type": "Feature", "geometry": {"type": "Polygon", "coordinates": [[[77.826, 13.046], [77.826, 13.043999999999999], [77.82799999999999, 13.043999999999999], [77.82799999999999, 13.046], [77.826, 13.046]]]}, "properties": {"class": "flood"}}, {"type": "Feature", "geometry": {"type": "Polygon", "coordinates": [[[77.372, 13.043999999999999], [77.372, 13.042], [77.37599999999999, 13.042], [77.37599999999999, 13.043999999999999], [77.372, 13.043999999999999]]]}, "properties": {"class": "flood"}}, {"type": "Feature", "geometry": {"type": "Polygon", "coordinates": [[[77.454, 13.043999999999999], [77.454, 13.042], [77.45599999999999, 13.042], [77.45599999999999, 13.043999999999999], [77.454, 13.043999999999999]]]}, "properties": {"class": "flood"}}, {"type": "Feature", "geometry": {"type": "Polygon", "coordinates": [[[77.47399999999999, 13.043999999999999], [77.47399999999999, 13.042], [77.476, 13.042], [77.476, 13.043999999999999], [77.47399999999999, 13.043999999999999]]]}, "properties": {"class": "flood"}}, {"type": "Feature", "geometry": {"type": "Polygon", "coordinates": [[[77.574, 13.043999999999999], [77.574, 13.042], [77.576, 13.042], [77.576, 13.043999999999999], [77.574, 13.043999999999999]]]}, "properties": {"class": "flood"}}, {"type": "Feature", "geometry": {"type": "Polygon", "coordinates": [[[77.80199999999999, 13.043999999999999], [77.80199999999999, 13.042], [77.80399999999999, 13.042], [77.80399999999999, 13.043999999999999], [77.80199999999999, 13.043999999999999]]]}, "properties": {"class": "flood"}}, {"type": "Feature", "geometry": {"type": "Polygon", "coordinates": [[[77.464, 13.043999999999999], [77.464, 13.04], [77.466, 13.04], [77.466, 13.043999999999999], [77.464, 13.043999999999999]]]}, "properties": {"class": "flood"}}, {"type": "Feature", "geometry": {"type": "Polygon", "coordinates": [[[77.814, 13.043999999999999], [77.814, 13.04], [77.81599999999999, 13.04], [77.81599999999999, 13.043999999999999], [77.814, 13.043999999999999]]]}, "properties": {"class": "flood"}}, {"type": "Feature", "geometry": {"type": "Polygon", "coordinates": [[[77.45599999999999, 13.042], [77.45599999999999, 13.04], [77.458, 13.04], [77.458, 13.042], [77.45599999999999, 13.042]]]}, "properties": {"class": "flood"}}, {"type": "Feature", "geometry": {"type": "Polygon", "coordinates": [[[77.472, 13.042], [77.472, 13.04], [77.47399999999999, 13.04], [77.47399999999999, 13.042], [77.472, 13.042]]]}, "properties": {"class": "flood"}}, {"type": "Feature", "geometry": {"type": "Polygon", "coordinates": [[[77.744, 13.042], [77.744, 13.04], [77.746, 13.04], [77.746, 13.042], [77.744, 13.042]]]}, "properties": {"class": "flood"}}, {"type": "Feature", "geometry": {"type": "Polygon", "coordinates": [[[77.53, 13.042], [77.53, 13.037999999999998], [77.532, 13.037999999999998], [77.532, 13.042], [77.53, 13.042]]]}, "properties": {"class": "flood"}}, {"type": "Feature", "geometry": {"type": "Polygon", "coordinates": [[[77.698, 13.04], [77.698, 13.037999999999998], [77.69999999999999, 13.037999999999998], [77.69999999999999, 13.04], [77.698, 13.04]]]}, "properties": {"class": "flood"}}, {"type": "Feature", "geometry": {"type": "Polygon", "coordinates": [[[77.576, 13.042], [77.574, 13.04], [77.574, 13.036], [77.57799999999999, 13.037999999999998], [77.576, 13.042]]]}, "properties": {"class": "flood"}}, {"type": "Feature", "geometry": {"type": "Polygon", "coordinates": [[[77.372, 13.037999999999998], [77.372, 13.036], [77.37599999999999, 13.036], [77.37599999999999, 13.037999999999998], [77.372, 13.037999999999998]]]}, "properties": {"class": "flood"}}, {"type": "Feature", "geometry": {"type": "Polygon", "coordinates": [[[77.53399999999999, 13.037999999999998], [77.53399999999999, 13.036], [77.538, 13.036], [77.538, 13.037999999999998], [77.53399999999999, 13.037999999999998]]]}, "properties": {"class": "flood"}}, {"type": "Feature", "geometry": {"type": "Polygon", "coordinates": [[[77.69999999999999, 13.037999999999998], [77.69999999999999, 13.036], [77.702, 13.036], [77.702, 13.037999999999998], [77.69999999999999, 13.037999999999998]]]}, "properties": {"class": "flood"}}, {"type": "Feature", "geometry": {"type": "Polygon", "coordinates": [[[77.768, 13.037999999999998], [77.77, 13.033999999999999], [77.77199999999999, 13.033999999999999], [77.77199999999999, 13.037999999999998], [77.768, 13.037999999999998]]]}, "properties": {"class": "flood"}}, {"type": "Feature", "geometry": {"type": "Polygon", "coordinates": [[[77.366, 13.036], [77.366, 13.033999999999999], [77.368, 13.033999999999999], [77.368, 13.036], [77.366, 13.036]]]}, "properties": {"class": "flood"}}, {"type": "Feature", "geometry": {"type": "Polygon", "coordinates": [[[77.378, 13.036], [77.378, 13.033999999999999], [77.38, 13.033999999999999], [77.38, 13.036], [77.378, 13.036]]]}, "properties": {"class": "flood"}}, {"type": "Feature", "geometry": {"type": "Polygon", "coordinates": [[[77.392, 13.036], [77.392, 13.033999999999999], [77.396, 13.033999999999999], [77.396, 13.036], [77.392, 13.036]]]}, "properties": {"class": "flood"}}, {"type": "Feature", "geometry": {"type": "Polygon", "coordinates": [[[77.478, 13.036], [77.478, 13.033999999999999], [77.47999999999999, 13.033999999999999], [77.47999999999999, 13.036], [77.478, 13.036]]]}, "properties": {"class": "flood"}}, {"type": "Feature", "geometry": {"type": "Polygon", "coordinates": [[[77.61399999999999, 13.036], [77.61399999999999, 13.033999999999999], [77.616, 13.033999999999999], [77.616, 13.036], [77.61399999999999, 13.036]]]}, "properties": {"class": "flood"}}, {"type": "Feature", "geometry": {"type": "Polygon", "coordinates": [[[77.738, 13.036], [77.738, 13.033999999999999], [77.74, 13.033999999999999], [77.74, 13.036], [77.738, 13.036]]]}, "properties": {"class": "flood"}}, {"type": "Feature", "geometry": {"type": "Polygon", "coordinates": [[[77.752, 13.036], [77.752, 13.033999999999999], [77.75399999999999, 13.033999999999999], [77.75399999999999, 13.036], [77.752, 13.036]]]}, "properties": {"class": "flood"}}, {"type": "Feature", "geometry": {"type": "Polygon", "coordinates": [[[77.80799999999999, 13.036], [77.80799999999999, 13.033999999999999], [77.80999999999999, 13.033999999999999], [77.80999999999999, 13.036], [77.80799999999999, 13.036]]]}, "properties": {"class": "flood"}}, {"type": "Feature", "geometry": {"type": "Polygon", "coordinates": [[[77.79199999999999, 13.036], [77.79199999999999, 13.032], [77.794, 13.032], [77.794, 13.036], [77.79199999999999, 13.036]]]}, "properties": {"class": "flood"}}, {"type": "Feature", "geometry": {"type": "Polygon", "coordinates": [[[77.368, 13.033999999999999], [77.368, 13.032], [77.36999999999999, 13.032], [77.36999999999999, 13.033999999999999], [77.368, 13.033999999999999]]]}, "properties": {"class": "flood"}}, {"type": "Feature", "geometry": {"type": "Polygon", "coordinates": [[[77.37599999999999, 13.033999999999999], [77.37599999999999, 13.032], [77.378, 13.032], [77.378, 13.033999999999999], [77.37599999999999, 13.033999999999999]]]}, "properties": {"class": "flood"}}, {"type": "Feature", "geometry": {"type": "Polygon", "coordinates": [[[77.616, 13.033999999999999], [77.616, 13.032], [77.618, 13.032], [77.618, 13.033999999999999], [77.616, 13.033999999999999]]]}, "properties": {"class": "flood"}}, {"type": "Feature", "geometry": {"type": "Polygon", "coordinates": [[[77.64999999999999, 13.033999999999999], [77.64999999999999, 13.032], [77.654, 13.032], [77.654, 13.033999999999999], [77.64999999999999, 13.033999999999999]]]}, "properties": {"class": "flood"}}, {"type": "Feature", "geometry": {"type": "Polygon", "coordinates": [[[77.696, 13.033999999999999], [77.696, 13.032], [77.69999999999999, 13.032], [77.69999999999999, 13.033999999999999], [77.696, 13.033999999999999]]]}, "properties": {"class": "flood"}}, {"type": "Feature", "geometry": {"type": "Polygon", "coordinates": [[[77.74, 13.033999999999999], [77.74, 13.032], [77.74199999999999, 13.032], [77.74199999999999, 13.033999999999999], [77.74, 13.033999999999999]]]}, "properties": {"class": "flood"}}, {"type": "Feature", "geometry": {"type": "Polygon", "coordinates": [[[77.75399999999999, 13.033999999999999], [77.75399999999999, 13.032], [77.756, 13.032], [77.756, 13.033999999999999], [77.75399999999999, 13.033999999999999]]]}, "properties": {"class": "flood"}}, {"type": "Feature", "geometry": {"type": "Polygon", "coordinates": [[[77.502, 13.033999999999999], [77.502, 13.03], [77.50399999999999, 13.03], [77.50399999999999, 13.033999999999999], [77.502, 13.033999999999999]]]}, "properties": {"class": "flood"}}, {"type": "Feature", "geometry": {"type": "Polygon", "coordinates": [[[77.714, 13.033999999999999], [77.714, 13.03], [77.716, 13.03], [77.716, 13.033999999999999], [77.714, 13.033999999999999]]]}, "properties": {"class": "flood"}}, {"type": "Feature", "geometry": {"type": "Polygon", "coordinates": [[[77.582, 13.032], [77.582, 13.03], [77.586, 13.03], [77.586, 13.032], [77.582, 13.032]]]}, "properties": {"class": "flood"}}, {"type": "Feature", "geometry": {"type": "Polygon", "coordinates": [[[77.752, 13.032], [77.752, 13.03], [77.75399999999999, 13.03], [77.75399999999999, 13.032], [77.752, 13.032]]]}, "properties": {"class": "flood"}}, {"type": "Feature", "geometry": {"type": "Polygon", "coordinates": [[[77.806, 13.033999999999999], [77.806, 13.03], [77.80999999999999, 13.027999999999999], [77.80999999999999, 13.032], [77.806, 13.033999999999999]]]}, "properties": {"class": "flood"}}, {"type": "Feature", "geometry": {"type": "Polygon", "coordinates": [[[77.494, 13.032], [77.494, 13.03], [77.49799999999999, 13.027999999999999], [77.49799999999999, 13.032], [77.494, 13.032]]]}, "properties": {"class": "flood"}}, {"type": "Feature", "geometry": {"type": "Polygon", "coordinates": [[[77.43799999999999, 13.03], [77.43799999999999, 13.027999999999999], [77.442, 13.027999999999999], [77.442, 13.03], [77.43799999999999, 13.03]]]}, "properties": {"class": "flood"}}, {"type": "Feature", "geometry": {"type": "Polygon", "coordinates": [[[77.478, 13.03], [77.478, 13.027999999999999], [77.47999999999999, 13.027999999999999], [77.47999999999999, 13.03], [77.478, 13.03]]]}, "properties": {"class": "flood"}}, {"type": "Feature", "geometry": {"type": "Polygon", "coordinates": [[[77.564, 13.03], [77.564, 13.027999999999999], [77.56599999999999, 13.027999999999999], [77.56599999999999, 13.03], [77.564, 13.03]]]}, "properties": {"class": "flood"}}, {"type": "Feature", "geometry": {"type": "Polygon", "coordinates": [[[77.606, 13.03], [77.606, 13.027999999999999], [77.60799999999999, 13.027999999999999], [77.60799999999999, 13.03], [77.606, 13.03]]]}, "properties": {"class": "flood"}}, {"type": "Feature", "geometry": {"type": "Polygon", "coordinates": [[[77.636, 13.03], [77.636, 13.027999999999999], [77.63799999999999, 13.027999999999999], [77.63799999999999, 13.03], [77.636, 13.03]]]}, "properties": {"class": "flood"}}, {"type": "Feature", "geometry": {"type": "Polygon", "coordinates": [[[77.8, 13.03], [77.8, 13.026], [77.80199999999999, 13.026], [77.80199999999999, 13.03], [77.8, 13.03]]]}, "properties": {"class": "flood"}}, {"type": "Feature", "geometry": {"type": "Polygon", "coordinates": [[[77.43599999999999, 13.027999999999999], [77.43599999999999, 13.026], [77.43799999999999, 13.026], [77.43799999999999, 13.027999999999999], [77.43599999999999, 13.027999999999999]]]}, "properties": {"class": "flood"}}, {"type": "Feature", "geometry": {"type": "Polygon", "coordinates": [[[77.46799999999999, 13.027999999999999], [77.46799999999999, 13.026], [77.47, 13.026], [77.47, 13.027999999999999], [77.46799999999999, 13.027999999999999]]]}, "properties": {"class": "flood"}}, {"type": "Feature", "geometry": {"type": "Polygon", "coordinates": [[[77.47999999999999, 13.027999999999999], [77.47999999999999, 13.026], [77.482, 13.026], [77.482, 13.027999999999999], [77.47999999999999, 13.027999999999999]]]}, "properties": {"class": "flood"}}, {"type": "Feature", "geometry": {"type": "Polygon", "coordinates": [[[77.51599999999999, 13.027999999999999], [77.51599999999999, 13.026], [77.518, 13.026], [77.518, 13.027999999999999], [77.51599999999999, 13.027999999999999]]]}, "properties": {"class": "flood"}}, {"type": "Feature", "geometry": {"type": "Polygon", "coordinates": [[[77.562, 13.027999999999999], [77.562, 13.026], [77.564, 13.026], [77.564, 13.027999999999999], [77.562, 13.027999999999999]]]}, "properties": {"class": "flood"}}, {"type": "Feature", "geometry": {"type": "Polygon", "coordinates": [[[77.604, 13.027999999999999], [77.604, 13.026], [77.606, 13.026], [77.606, 13.027999999999999], [77.604, 13.027999999999999]]]}, "properties": {"class": "flood"}}, {"type": "Feature", "geometry": {"type": "Polygon", "coordinates": [[[77.60799999999999, 13.027999999999999], [77.60799999999999, 13.026], [77.61, 13.026], [77.61, 13.027999999999999], [77.60799999999999, 13.027999999999999]]]}, "properties": {"class": "flood"}}, {"type": "Feature", "geometry": {"type": "Polygon", "coordinates": [[[77.634, 13.027999999999999], [77.634, 13.026], [77.636, 13.026], [77.636, 13.027999999999999], [77.634, 13.027999999999999]]]}, "properties": {"class": "flood"}}, {"type": "Feature", "geometry": {"type": "Polygon", "coordinates": [[[77.66799999999999, 13.03], [77.666, 13.026], [77.672, 13.027999999999999], [77.672, 13.03], [77.66799999999999, 13.03]]]}, "properties": {"class": "flood"}}, {"type": "Feature", "geometry": {"type": "Polygon", "coordinates": [[[77.806, 13.027999999999999], [77.806, 13.026], [77.80799999999999, 13.026], [77.80799999999999, 13.027999999999999], [77.806, 13.027999999999999]]]}, "properties": {"class": "flood"}}, {"type": "Feature", "geometry": {"type": "Polygon", "coordinates": [[[77.48599999999999, 13.027999999999999], [77.48599999999999, 13.024], [77.488, 13.024], [77.488, 13.027999999999999], [77.48599999999999, 13.027999999999999]]]}, "properties": {"class": "flood"}}, {"type": "Feature", "geometry": {"type": "Polygon", "coordinates": [[[77.408, 13.026], [77.408, 13.024], [77.41199999999999, 13.024], [77.41199999999999, 13.026], [77.408, 13.026]]]}, "properties": {"class": "flood"}}, {"type": "Feature", "geometry": {"type": "Polygon", "coordinates": [[[77.44399999999999, 13.03], [77.446, 13.027999999999999], [77.44399999999999, 13.024], [77.448, 13.024], [77.448, 13.03], [77.44399999999999, 13.03]]]}, "properties": {"class": "flood"}}, {"type": "Feature", "geometry": {"type": "Polygon", "coordinates": [[[77.466, 13.026], [77.466, 13.024], [77.46799999999999, 13.024], [77.46799999999999, 13.026], [77.466, 13.026]]]}, "properties": {"class": "flood"}}, {"type": "Feature", "geometry": {"type": "Polygon", "coordinates": [[[77.514, 13.026], [77.514, 13.024], [77.51599999999999, 13.024], [77.51599999999999, 13.026], [77.514, 13.026]]]}, "properties": {"class": "flood"}}, {"type": "Feature", "geometry": {"type": "Polygon", "coordinates": [[[77.58, 13.026], [77.58, 13.024], [77.58399999999999, 13.024], [77.58399999999999, 13.026], [77.58, 13.026]]]}, "properties": {"class": "flood"}}, {"type": "Feature", "geometry": {"type": "Polygon", "coordinates": [[[77.606, 13.026], [77.606, 13.024], [77.60799999999999, 13.024], [77.60799999999999, 13.026], [77.606, 13.026]]]}, "properties": {"class": "flood"}}, {"type": "Feature", "geometry": {"type": "Polygon", "coordinates": [[[77.69999999999999, 13.027999999999999], [77.698, 13.024], [77.702, 13.024], [77.702, 13.027999999999999], [77.69999999999999, 13.027999999999999]]]}, "properties": {"class": "flood"}}, {"type": "Feature", "geometry": {"type": "Polygon", "coordinates": [[[77.79599999999999, 13.026], [77.79599999999999, 13.021999999999998], [77.79799999999999, 13.021999999999998], [77.79799999999999, 13.026], [77.79599999999999, 13.026]]]}, "properties": {"class": "flood"}}, {"type": "Feature", "geometry": {"type": "Polygon", "coordinates": [[[77.40599999999999, 13.024], [77.40599999999999, 13.021999999999998], [77.408, 13.021999999999998], [77.408, 13.024], [77.40599999999999, 13.024]]]}, "properties": {"class": "flood"}}, {"type": "Feature", "geometry": {"type": "Polygon", "coordinates": [[[77.458, 13.024], [77.458, 13.021999999999998], [77.46, 13.021999999999998], [77.46, 13.024], [77.458, 13.024]]]}, "properties": {"class": "flood"}}, {"type": "Feature", "geometry": {"type": "Polygon", "coordinates": [[[77.564, 13.024], [77.564, 13.021999999999998], [77.568, 13.021999999999998], [77.568, 13.024], [77.564, 13.024]]]}, "properties": {"class": "flood"}}, {"type": "Feature", "geometry": {"type": "Polygon", "coordinates": [[[77.41399999999999, 13.024], [77.41399999999999, 13.02], [77.41799999999999, 13.021999999999998], [77.41799999999999, 13.024], [77.41399999999999, 13.024]]]}, "properties": {"class": "flood"}}, {"type": "Feature", "geometry": {"type": "Polygon", "coordinates": [[[77.408, 13.021999999999998], [77.408, 13.02], [77.41, 13.02], [77.41, 13.021999999999998], [77.408, 13.021999999999998]]]}, "properties": {"class": "flood"}}, {"type": "Feature", "geometry": {"type": "Polygon", "coordinates": [[[77.44, 13.021999999999998], [77.44, 13.02], [77.442, 13.02], [77.442, 13.021999999999998], [77.44, 13.021999999999998]]]}, "properties": {"class": "flood"}}, {"type": "Feature", "geometry": {"type": "Polygon", "coordinates": [[[77.636, 13.021999999999998], [77.636, 13.02], [77.63799999999999, 13.02], [77.63799999999999, 13.021999999999998], [77.636, 13.021999999999998]]]}, "properties": {"class": "flood"}}, {"type": "Feature", "geometry": {"type": "Polygon", "coordinates": [[[77.762, 13.021999999999998], [77.762, 13.02], [77.764, 13.02], [77.764, 13.021999999999998], [77.762, 13.021999999999998]]]}, "properties": {"class": "flood"}}, {"type": "Feature", "geometry": {"type": "Polygon", "coordinates": [[[77.67399999999999, 13.021999999999998], [77.67399999999999, 13.017999999999999], [77.678, 13.017999999999999], [77.678, 13.02], [77.67399999999999, 13.021999999999998]]]}, "properties": {"class": "flood"}}, {"type": "Feature", "geometry": {"type": "Polygon", "coordinates": [[[77.37599999999999, 13.02], [77.37599999999999, 13.017999999999999], [77.38, 13.017999999999999], [77.38, 13.02], [77.37599999999999, 13.02]]]}, "properties": {"class": "flood"}}, {"type": "Feature", "geometry": {"type": "Polygon", "coordinates": [[[77.442, 13.02], [77.442, 13.017999999999999], [77.44399999999999, 13.017999999999999], [77.44399999999999, 13.02], [77.442, 13.02]]]}, "properties": {"class": "flood"}}, {"type": "Feature", "geometry": {"type": "Polygon", "coordinates": [[[77.634, 13.02], [77.634, 13.017999999999999], [77.636, 13.017999999999999], [77.636, 13.02], [77.634, 13.02]]]}, "properties": {"class": "flood"}}, {"type": "Feature", "geometry": {"type": "Polygon", "coordinates": [[[77.75999999999999, 13.02], [77.75999999999999, 13.017999999999999], [77.762, 13.017999999999999], [77.762, 13.02], [77.75999999999999, 13.02]]]}, "properties": {"class": "flood"}}, {"type": "Feature", "geometry": {"type": "Polygon", "coordinates": [[[77.512, 13.02], [77.512, 13.016], [77.514, 13.016], [77.514, 13.02], [77.512, 13.02]]]}, "properties": {"class": "flood"}}, {"type": "Feature", "geometry": {"type": "Polygon", "coordinates": [[[77.532, 13.017999999999999], [77.532, 13.016], [77.536, 13.016], [77.536, 13.017999999999999], [77.532, 13.017999999999999]]]}, "properties": {"class": "flood"}}, {"type": "Feature", "geometry": {"type": "Polygon", "coordinates": [[[77.56599999999999, 13.017999999999999], [77.56599999999999, 13.016], [77.568, 13.016], [77.568, 13.017999999999999], [77.56599999999999, 13.017999999999999]]]}, "properties": {"class": "flood"}}, {"type": "Feature", "geometry": {"type": "Polygon", "coordinates": [[[77.57799999999999, 13.017999999999999], [77.57799999999999, 13.016], [77.58, 13.016], [77.58, 13.017999999999999], [77.57799999999999, 13.017999999999999]]]}, "properties": {"class": "flood"}}, {"type": "Feature", "geometry": {"type": "Polygon", "coordinates": [[[77.39399999999999, 13.017999999999999], [77.39399999999999, 13.014], [77.396, 13.014], [77.396, 13.017999999999999], [77.39399999999999, 13.017999999999999]]]}, "properties": {"class": "flood"}}, {"type": "Feature", "geometry": {"type": "Polygon", "coordinates": [[[77.65599999999999, 13.017999999999999], [77.65599999999999, 13.014], [77.658, 13.014], [77.66, 13.017999999999999], [77.65599999999999, 13.017999999999999]]]}, "properties": {"class": "flood"}}, {"type": "Feature", "geometry": {"type": "Polygon", "coordinates": [[[77.40599999999999, 13.016], [77.40599999999999, 13.014], [77.408, 13.014], [77.408, 13.016], [77.40599999999999, 13.016]]]}, "properties": {"class": "flood"}}, {"type": "Feature", "geometry": {"type": "Polygon", "coordinates": [[[77.494, 13.016], [77.494, 13.014], [77.496, 13.014], [77.496, 13.016], [77.494, 13.016]]]}, "properties": {"class": "flood"}}, {"type": "Feature", "geometry": {"type": "Polygon", "coordinates": [[[77.564, 13.016], [77.564, 13.014], [77.56599999999999, 13.014], [77.56599999999999, 13.016], [77.564, 13.016]]]}, "properties": {"class": "flood"}}, {"type": "Feature", "geometry": {"type": "Polygon", "coordinates": [[[77.576, 13.016], [77.576, 13.014], [77.57799999999999, 13.014], [77.57799999999999, 13.016], [77.576, 13.016]]]}, "properties": {"class": "flood"}}, {"type": "Feature", "geometry": {"type": "Polygon", "coordinates": [[[77.634, 13.016], [77.634, 13.014], [77.636, 13.014], [77.636, 13.016], [77.634, 13.016]]]}, "properties": {"class": "flood"}}, {"type": "Feature", "geometry": {"type": "Polygon", "coordinates": [[[77.66799999999999, 13.016], [77.66799999999999, 13.014], [77.66999999999999, 13.014], [77.66999999999999, 13.016], [77.66799999999999, 13.016]]]}, "properties": {"class": "flood"}}, {"type": "Feature", "geometry": {"type": "Polygon", "coordinates": [[[77.72399999999999, 13.016], [77.72399999999999, 13.014], [77.728, 13.014], [77.728, 13.016], [77.72399999999999, 13.016]]]}, "properties": {"class": "flood"}}, {"type": "Feature", "geometry": {"type": "Polygon", "coordinates": [[[77.404, 13.014], [77.404, 13.011999999999999], [77.40599999999999, 13.011999999999999], [77.40599999999999, 13.014], [77.404, 13.014]]]}, "properties": {"class": "flood"}}, {"type": "Feature", "geometry": {"type": "Polygon", "coordinates": [[[77.49199999999999, 13.014], [77.49199999999999, 13.011999999999999], [77.494, 13.011999999999999], [77.494, 13.014], [77.49199999999999, 13.014]]]}, "properties": {"class": "flood"}}, {"type": "Feature", "geometry": {"type": "Polygon", "coordinates": [[[77.636, 13.014], [77.636, 13.011999999999999], [77.63799999999999, 13.011999999999999], [77.63799999999999, 13.014], [77.636, 13.014]]]}, "properties": {"class": "flood"}}, {"type": "Feature", "geometry": {"type": "Polygon", "coordinates": [[[77.658, 13.014], [77.658, 13.011999999999999], [77.66, 13.011999999999999], [77.66, 13.014], [77.658, 13.014]]]}, "properties": {"class": "flood"}}, {"type": "Feature", "geometry": {"type": "Polygon", "coordinates": [[[77.666, 13.014], [77.666, 13.011999999999999], [77.66799999999999, 13.011999999999999], [77.66799999999999, 13.014], [77.666, 13.014]]]}, "properties": {"class": "flood"}}, {"type": "Feature", "geometry": {"type": "Polygon", "coordinates": [[[77.59599999999999, 13.014], [77.59599999999999, 13.01], [77.598, 13.01], [77.598, 13.014], [77.59599999999999, 13.014]]]}, "properties": {"class": "flood"}}, {"type": "Feature", "geometry": {"type": "Polygon", "coordinates": [[[77.41, 13.011999999999999], [77.41, 13.01], [77.41199999999999, 13.01], [77.41199999999999, 13.011999999999999], [77.41, 13.011999999999999]]]}, "properties": {"class": "flood"}}, {"type": "Feature", "geometry": {"type": "Polygon", "coordinates": [[[77.476, 13.011999999999999], [77.476, 13.01], [77.478, 13.01], [77.478, 13.011999999999999], [77.476, 13.011999999999999]]]}, "properties": {"class": "flood"}}, {"type": "Feature", "geometry": {"type": "Polygon", "coordinates": [[[77.58399999999999, 13.014], [77.582, 13.01], [77.586, 13.01], [77.586, 13.014], [77.58399999999999, 13.014]]]}, "properties": {"class": "flood"}}, {"type": "Feature", "geometry": {"type": "Polygon", "coordinates": [[[77.732, 13.011999999999999], [77.732, 13.01], [77.734, 13.01], [77.734, 13.011999999999999], [77.732, 13.011999999999999]]]}, "properties": {"class": "flood"}}, {"type": "Feature", "geometry": {"type": "Polygon", "coordinates": [[[77.38199999999999, 13.01], [77.38199999999999, 13.008], [77.384, 13.008], [77.384, 13.01], [77.38199999999999, 13.01]]]}, "properties": {"class": "flood"}}, {"type": "Feature", "geometry": {"type": "Polygon", "coordinates": [[[77.46799999999999, 13.011999999999999], [77.466, 13.008], [77.47, 13.008], [77.47, 13.011999999999999], [77.46799999999999, 13.011999999999999]]]}, "properties": {"class": "flood"}}, {"type": "Feature", "geometry": {"type": "Polygon", "coordinates": [[[77.734, 13.01], [77.734, 13.008], [77.73599999999999, 13.008], [77.73599999999999, 13.01], [77.734, 13.01]]]}, "properties": {"class": "flood"}}, {"type": "Feature", "geometry": {"type": "Polygon", "coordinates": [[[77.78399999999999, 13.01], [77.78399999999999, 13.008], [77.786, 13.008], [77.786, 13.01], [77.78399999999999, 13.01]]]}, "properties": {"class": "flood"}}, {"type": "Feature", "geometry": {"type": "Polygon", "coordinates": [[[77.408, 13.01], [77.408, 13.005999999999998], [77.41199999999999, 13.005999999999998], [77.41199999999999, 13.008], [77.408, 13.01]]]}, "properties": {"class": "flood"}}, {"type": "Feature", "geometry": {"type": "Polygon", "coordinates": [[[77.55, 13.01], [77.55, 13.005999999999998], [77.55199999999999, 13.005999999999998], [77.55199999999999, 13.01], [77.55, 13.01]]]}, "properties": {"class": "flood"}}, {"type": "Feature", "geometry": {"type": "Polygon", "coordinates": [[[77.362, 13.008], [77.362, 13.005999999999998], [77.366, 13.005999999999998], [77.366, 13.008], [77.362, 13.008]]]}, "properties": {"class": "flood"}}, {"type": "Feature", "geometry": {"type": "Polygon", "coordinates": [[[77.50399999999999, 13.008], [77.50399999999999, 13.005999999999998], [77.506, 13.005999999999998], [77.506, 13.008], [77.50399999999999, 13.008]]]}, "properties": {"class": "flood"}}, {"type": "Feature", "geometry": {"type": "Polygon", "coordinates": [[[77.52199999999999, 13.01], [77.52, 13.005999999999998], [77.524, 13.005999999999998], [77.524, 13.01], [77.52199999999999, 13.01]]]}, "properties": {"class": "flood"}}, {"type": "Feature", "geometry": {"type": "Polygon", "coordinates": [[[77.592, 13.008], [77.592, 13.005999999999998], [77.594, 13.005999999999998], [77.594, 13.008], [77.592, 13.008]]]}, "properties": {"class": "flood"}}, {"type": "Feature", "geometry": {"type": "Polygon", "coordinates": [[[77.616, 13.008], [77.616, 13.005999999999998], [77.618, 13.005999999999998], [77.618, 13.008], [77.616, 13.008]]]}, "properties": {"class": "flood"}}, {"type": "Feature", "geometry": {"type": "Polygon", "coordinates": [[[77.654, 13.008], [77.654, 13.005999999999998], [77.65599999999999, 13.005999999999998], [77.65599999999999, 13.008], [77.654, 13.008]]]}, "properties": {"class": "flood"}}, {"type": "Feature", "geometry": {"type": "Polygon", "coordinates": [[[77.782, 13.008], [77.782, 13.005999999999998], [77.78399999999999, 13.005999999999998], [77.78399999999999, 13.008], [77.782, 13.008]]]}, "properties": {"class": "flood"}}, {"type": "Feature", "geometry": {"type": "Polygon", "coordinates": [[[77.61, 13.008], [77.61, 13.004], [77.612, 13.004], [77.612, 13.008], [77.61, 13.008]]]}, "properties": {"class": "flood"}}, {"type": "Feature", "geometry": {"type": "Polygon", "coordinates": [[[77.72, 13.01], [77.71799999999999, 13.005999999999998], [77.722, 13.004], [77.722, 13.01], [77.72, 13.01]]]}, "properties": {"class": "flood"}}, {"type": "Feature", "geometry": {"type": "Polygon", "coordinates": [[[77.506, 13.005999999999998], [77.506, 13.004], [77.508, 13.004], [77.508, 13.005999999999998], [77.506, 13.005999999999998]]]}, "properties": {"class": "flood"}}, {"type": "Feature", "geometry": {"type": "Polygon", "coordinates": [[[77.58999999999999, 13.005999999999998], [77.58999999999999, 13.004], [77.592, 13.004], [77.592, 13.005999999999998], [77.58999999999999, 13.005999999999998]]]}, "properties": {"class": "flood"}}, {"type": "Feature", "geometry": {"type": "Polygon", "coordinates": [[[77.61399999999999, 13.005999999999998], [77.61399999999999, 13.004], [77.616, 13.004], [77.616, 13.005999999999998], [77.61399999999999, 13.005999999999998]]]}, "properties": {"class": "flood"}}, {"type": "Feature", "geometry": {"type": "Polygon", "coordinates": [[[77.61999999999999, 13.005999999999998], [77.61999999999999, 13.004], [77.622, 13.004], [77.622, 13.005999999999998], [77.61999999999999, 13.005999999999998]]]}, "properties": {"class": "flood"}}, {"type": "Feature", "geometry": {"type": "Polygon", "coordinates": [[[77.67599999999999, 13.005999999999998], [77.67599999999999, 13.004], [77.678, 13.004], [77.678, 13.005999999999998], [77.67599999999999, 13.005999999999998]]]}, "properties": {"class": "flood"}}, {"type": "Feature", "geometry": {"type": "Polygon", "coordinates": [[[77.826, 13.005999999999998], [77.826, 13.004], [77.82799999999999, 13.004], [77.82799999999999, 13.005999999999998], [77.826, 13.005999999999998]]]}, "properties": {"class": "flood"}}, {"type": "Feature", "geometry": {"type": "Polygon", "coordinates": [[[77.634, 13.005999999999998], [77.634, 13.001999999999999], [77.636, 13.001999999999999], [77.636, 13.005999999999998], [77.634, 13.005999999999998]]]}, "properties": {"class": "flood"}}, {"type": "Feature", "geometry": {"type": "Polygon", "coordinates": [[[77.71, 13.005999999999998], [77.71, 13.001999999999999], [77.71199999999999, 13.001999999999999], [77.71199999999999, 13.005999999999998], [77.71, 13.005999999999998]]]}, "properties": {"class": "flood"}}, {"type": "Feature", "geometry": {"type": "Polygon", "coordinates": [[[77.82, 13.005999999999998], [77.82, 13.001999999999999], [77.82199999999999, 13.001999999999999], [77.82199999999999, 13.005999999999998], [77.82, 13.005999999999998]]]}, "properties": {"class": "flood"}}, {"type": "Feature", "geometry": {"type": "Polygon", "coordinates": [[[77.398, 13.004], [77.398, 13.001999999999999], [77.402, 13.001999999999999], [77.402, 13.004], [77.398, 13.004]]]}, "properties": {"class": "flood"}}, {"type": "Feature", "geometry": {"type": "Polygon", "coordinates": [[[77.642, 13.004], [77.642, 13.001999999999999], [77.64399999999999, 13.001999999999999], [77.64399999999999, 13.004], [77.642, 13.004]]]}, "properties": {"class": "flood"}}, {"type": "Feature", "geometry": {"type": "Polygon", "coordinates": [[[77.678, 13.004], [77.678, 13.001999999999999], [77.67999999999999, 13.001999999999999], [77.67999999999999, 13.004], [77.678, 13.004]]]}, "properties": {"class": "flood"}}, {"type": "Feature", "geometry": {"type": "Polygon", "coordinates": [[[77.8, 13.004], [77.8, 13.001999999999999], [77.80199999999999, 13.001999999999999], [77.80199999999999, 13.004], [77.8, 13.004]]]}, "properties": {"class": "flood"}}, {"type": "Feature", "geometry": {"type": "Polygon", "coordinates": [[[77.82799999999999, 13.004], [77.82799999999999, 13.001999999999999], [77.83, 13.001999999999999], [77.83, 13.004], [77.82799999999999, 13.004]]]}, "properties": {"class": "flood"}}, {"type": "Feature", "geometry": {"type": "Polygon", "coordinates": [[[77.62599999999999, 13.001999999999999], [77.62599999999999, 13.0], [77.628, 13.0], [77.628, 13.001999999999999], [77.62599999999999, 13.001999999999999]]]}, "properties": {"class": "flood"}}, {"type": "Feature", "geometry": {"type": "Polygon", "coordinates": [[[77.636, 13.001999999999999], [77.636, 13.0], [77.63799999999999, 13.0], [77.63799999999999, 13.001999999999999], [77.636, 13.001999999999999]]]}, "properties": {"class": "flood"}}, {"type": "Feature", "geometry": {"type": "Polygon", "coordinates": [[[77.652, 13.001999999999999], [77.652, 13.0], [77.65599999999999, 13.0], [77.65599999999999, 13.001999999999999], [77.652, 13.001999999999999]]]}, "properties": {"class": "flood"}}, {"type": "Feature", "geometry": {"type": "Polygon", "coordinates": [[[77.79799999999999, 13.001999999999999], [77.79799999999999, 13.0], [77.8, 13.0], [77.8, 13.001999999999999], [77.79799999999999, 13.001999999999999]]]}, "properties": {"class": "flood"}}, {"type": "Feature", "geometry": {"type": "Polygon", "coordinates": [[[77.624, 13.0], [77.624, 12.998], [77.62599999999999, 12.998], [77.62599999999999, 13.0], [77.624, 13.0]]]}, "properties": {"class": "flood"}}, {"type": "Feature", "geometry": {"type": "Polygon", "coordinates": [[[77.49, 13.001999999999999], [77.488, 12.998], [77.49199999999999, 12.995999999999999], [77.49199999999999, 13.001999999999999], [77.49, 13.001999999999999]]]}, "properties": {"class": "flood"}}, {"type": "Feature", "geometry": {"type": "Polygon", "coordinates": [[[77.53999999999999, 13.0], [77.53999999999999, 12.995999999999999], [77.54199999999999, 12.995999999999999], [77.54199999999999, 13.0], [77.53999999999999, 13.0]]]}, "properties": {"class": "flood"}}, {"type": "Feature", "geometry": {"type": "Polygon", "coordinates": [[[77.54599999999999, 13.0], [77.54599999999999, 12.995999999999999], [77.54799999999999, 12.995999999999999], [77.54799999999999, 13.0], [77.54599999999999, 13.0]]]}, "properties": {"class": "flood"}}, {"type": "Feature", "geometry": {"type": "Polygon", "coordinates": [[[77.69, 13.0], [77.69, 12.995999999999999], [77.69399999999999, 12.995999999999999], [77.69399999999999, 12.998], [77.69, 13.0]]]}, "properties": {"class": "flood"}}, {"type": "Feature", "geometry": {"type": "Polygon", "coordinates": [[[77.44, 12.998], [77.44, 12.995999999999999], [77.44399999999999, 12.995999999999999], [77.44399999999999, 12.998], [77.44, 12.998]]]}, "properties": {"class": "flood"}}, {"type": "Feature", "geometry": {"type": "Polygon", "coordinates": [[[77.6, 12.998], [77.6, 12.995999999999999], [77.60199999999999, 12.995999999999999], [77.60199999999999, 12.998], [77.6, 12.998]]]}, "properties": {"class": "flood"}}, {"type": "Feature", "geometry": {"type": "Polygon", "coordinates": [[[77.648, 12.998], [77.648, 12.995999999999999], [77.64999999999999, 12.995999999999999], [77.64999999999999, 12.998], [77.648, 12.998]]]}, "properties": {"class": "flood"}}, {"type": "Feature", "geometry": {"type": "Polygon", "coordinates": [[[77.738, 12.998], [77.738, 12.995999999999999], [77.74, 12.995999999999999], [77.74, 12.998], [77.738, 12.998]]]}, "properties": {"class": "flood"}}, {"type": "Feature", "geometry": {"type": "Polygon", "coordinates": [[[77.8, 12.998], [77.8, 12.995999999999999], [77.80199999999999, 12.995999999999999], [77.80199999999999, 12.998], [77.8, 12.998]]]}, "properties": {"class": "flood"}}, {"type": "Feature", "geometry": {"type": "Polygon", "coordinates": [[[77.82799999999999, 12.998], [77.82799999999999, 12.995999999999999], [77.83, 12.995999999999999], [77.83, 12.998], [77.82799999999999, 12.998]]]}, "properties": {"class": "flood"}}, {"type": "Feature", "geometry": {"type": "Polygon", "coordinates": [[[77.50399999999999, 13.0], [77.502, 12.995999999999999], [77.506, 12.994], [77.508, 13.0], [77.50399999999999, 13.0]]]}, "properties": {"class": "flood"}}, {"type": "Feature", "geometry": {"type": "Polygon", "coordinates": [[[77.53399999999999, 12.995999999999999], [77.53399999999999, 12.994], [77.536, 12.994], [77.536, 12.995999999999999], [77.53399999999999, 12.995999999999999]]]}, "properties": {"class": "flood"}}, {"type": "Feature", "geometry": {"type": "Polygon", "coordinates": [[[77.598, 12.995999999999999], [77.598, 12.994], [77.6, 12.994], [77.6, 12.995999999999999], [77.598, 12.995999999999999]]]}, "properties": {"class": "flood"}}, {"type": "Feature", "geometry": {"type": "Polygon", "coordinates": [[[77.646, 12.995999999999999], [77.646, 12.994], [77.648, 12.994], [77.648, 12.995999999999999], [77.646, 12.995999999999999]]]}, "properties": {"class": "flood"}}, {"type": "Feature", "geometry": {"type": "Polygon", "coordinates": [[[77.69399999999999, 12.995999999999999], [77.69399999999999, 12.994], [77.696, 12.994], [77.696, 12.995999999999999], [77.69399999999999, 12.995999999999999]]]}, "properties": {"class": "flood"}}, {"type": "Feature", "geometry": {"type": "Polygon", "coordinates": [[[77.74, 12.995999999999999], [77.74, 12.994], [77.74199999999999, 12.994], [77.74199999999999, 12.995999999999999], [77.74, 12.995999999999999]]]}, "properties": {"class": "flood"}}, {"type": "Feature", "geometry": {"type": "Polygon", "coordinates": [[[77.80199999999999, 12.995999999999999], [77.80199999999999, 12.994], [77.80399999999999, 12.994], [77.80399999999999, 12.995999999999999], [77.80199999999999, 12.995999999999999]]]}, "properties": {"class": "flood"}}, {"type": "Feature", "geometry": {"type": "Polygon", "coordinates": [[[77.826, 12.995999999999999], [77.826, 12.994], [77.82799999999999, 12.994], [77.82799999999999, 12.995999999999999], [77.826, 12.995999999999999]]]}, "properties": {"class": "flood"}}, {"type": "Feature", "geometry": {"type": "Polygon", "coordinates": [[[77.434, 12.995999999999999], [77.434, 12.991999999999999], [77.43599999999999, 12.991999999999999], [77.43599999999999, 12.995999999999999], [77.434, 12.995999999999999]]]}, "properties": {"class": "flood"}}, {"type": "Feature", "geometry": {"type": "Polygon", "coordinates": [[[77.794, 12.995999999999999], [77.794, 12.991999999999999], [77.79799999999999, 12.991999999999999], [77.79799999999999, 12.995999999999999], [77.794, 12.995999999999999]]]}, "properties": {"class": "flood"}}, {"type": "Feature", "geometry": {"type": "Polygon", "coordinates": [[[77.46799999999999, 12.994], [77.46799999999999, 12.991999999999999], [77.47, 12.991999999999999], [77.47, 12.994], [77.46799999999999, 12.994]]]}, "properties": {"class": "flood"}}, {"type": "Feature", "geometry": {"type": "Polygon", "coordinates": [[[77.484, 12.994], [77.484, 12.991999999999999], [77.48599999999999, 12.991999999999999], [77.48599999999999, 12.994], [77.484, 12.994]]]}, "properties": {"class": "flood"}}, {"type": "Feature", "geometry": {"type": "Polygon", "coordinates": [[[77.536, 12.994], [77.536, 12.991999999999999], [77.538, 12.991999999999999], [77.538, 12.994], [77.536, 12.994]]]}, "properties": {"class": "flood"}}, {"type": "Feature", "geometry": {"type": "Polygon", "coordinates": [[[77.55, 12.994], [77.55, 12.991999999999999], [77.55399999999999, 12.991999999999999], [77.55399999999999, 12.994], [77.55, 12.994]]]}, "properties": {"class": "flood"}}, {"type": "Feature", "geometry": {"type": "Polygon", "coordinates": [[[77.704, 12.994], [77.704, 12.991999999999999], [77.70599999999999, 12.991999999999999], [77.70599999999999, 12.994], [77.704, 12.994]]]}, "properties": {"class": "flood"}}, {"type": "Feature", "geometry": {"type": "Polygon", "coordinates": [[[77.788, 12.994], [77.788, 12.991999999999999], [77.78999999999999, 12.991999999999999], [77.78999999999999, 12.994], [77.788, 12.994]]]}, "properties": {"class": "flood"}}, {"type": "Feature", "geometry": {"type": "Polygon", "coordinates": [[[77.8, 12.994], [77.8, 12.991999999999999], [77.80199999999999, 12.991999999999999], [77.80199999999999, 12.994], [77.8, 12.994]]]}, "properties": {"class": "flood"}}, {"type": "Feature", "geometry": {"type": "Polygon", "coordinates": [[[77.46, 12.994], [77.46, 12.989999999999998], [77.464, 12.989999999999998], [77.464, 12.994], [77.46, 12.994]]]}, "properties": {"class": "flood"}}, {"type": "Feature", "geometry": {"type": "Polygon", "coordinates": [[[77.58399999999999, 12.994], [77.58399999999999, 12.989999999999998], [77.588, 12.989999999999998], [77.588, 12.994], [77.58399999999999, 12.994]]]}, "properties": {"class": "flood"}}, {"type": "Feature", "geometry": {"type": "Polygon", "coordinates": [[[77.466, 12.991999999999999], [77.466, 12.989999999999998], [77.46799999999999, 12.989999999999998], [77.46799999999999, 12.991999999999999], [77.466, 12.991999999999999]]]}, "properties": {"class": "flood"}}, {"type": "Feature", "geometry": {"type": "Polygon", "coordinates": [[[77.48599999999999, 12.991999999999999], [77.48599999999999, 12.989999999999998], [77.488, 12.989999999999998], [77.488, 12.991999999999999], [77.48599999999999, 12.991999999999999]]]}, "properties": {"class": "flood"}}, {"type": "Feature", "geometry": {"type": "Polygon", "coordinates": [[[77.50399999999999, 12.991999999999999], [77.50399999999999, 12.989999999999998], [77.506, 12.989999999999998], [77.506, 12.991999999999999], [77.50399999999999, 12.991999999999999]]]}, "properties": {"class": "flood"}}, {"type": "Feature", "geometry": {"type": "Polygon", "coordinates": [[[77.53399999999999, 12.991999999999999], [77.53399999999999, 12.989999999999998], [77.536, 12.989999999999998], [77.536, 12.991999999999999], [77.53399999999999, 12.991999999999999]]]}, "properties": {"class": "flood"}}, {"type": "Feature", "geometry": {"type": "Polygon", "coordinates": [[[77.678, 12.994], [77.678, 12.991999999999999], [77.67599999999999, 12.989999999999998], [77.68199999999999, 12.991999999999999], [77.678, 12.994]]]}, "properties": {"class": "flood"}}, {"type": "Feature", "geometry": {"type": "Polygon", "coordinates": [[[77.702, 12.991999999999999], [77.702, 12.989999999999998], [77.704, 12.989999999999998], [77.704, 12.991999999999999], [77.702, 12.991999999999999]]]}, "properties": {"class": "flood"}}, {"type": "Feature", "geometry": {"type": "Polygon", "coordinates": [[[77.708, 12.991999999999999], [77.708, 12.989999999999998], [77.71, 12.989999999999998], [77.71, 12.991999999999999], [77.708, 12.991999999999999]]]}, "properties": {"class": "flood"}}, {"type": "Feature", "geometry": {"type": "Polygon", "coordinates": [[[77.78999999999999, 12.991999999999999], [77.78999999999999, 12.989999999999998], [77.79199999999999, 12.989999999999998], [77.79199999999999, 12.991999999999999], [77.78999999999999, 12.991999999999999]]]}, "properties": {"class": "flood"}}, {"type": "Feature", "geometry": {"type": "Polygon", "coordinates": [[[77.80999999999999, 12.991999999999999], [77.80999999999999, 12.989999999999998], [77.812, 12.989999999999998], [77.812, 12.991999999999999], [77.80999999999999, 12.991999999999999]]]}, "properties": {"class": "flood"}}, {"type": "Feature", "geometry": {"type": "Polygon", "coordinates": [[[77.532, 12.989999999999998], [77.532, 12.988], [77.53399999999999, 12.988], [77.53399999999999, 12.989999999999998], [77.532, 12.989999999999998]]]}, "properties": {"class": "flood"}}, {"type": "Feature", "geometry": {"type": "Polygon", "coordinates": [[[77.55399999999999, 12.989999999999998], [77.55399999999999, 12.988], [77.556, 12.988], [77.556, 12.989999999999998], [77.55399999999999, 12.989999999999998]]]}, "properties": {"class": "flood"}}, {"type": "Feature", "geometry": {"type": "Polygon", "coordinates": [[[77.80799999999999, 12.989999999999998], [77.80799999999999, 12.988], [77.80999999999999, 12.988], [77.80999999999999, 12.989999999999998], [77.80799999999999, 12.989999999999998]]]}, "properties": {"class": "flood"}}, {"type": "Feature", "geometry": {"type": "Polygon", "coordinates": [[[77.83999999999999, 12.989999999999998], [77.83999999999999, 12.988], [77.842, 12.988], [77.842, 12.989999999999998], [77.83999999999999, 12.989999999999998]]]}, "properties": {"class": "flood"}}, {"type": "Feature", "geometry": {"type": "Polygon", "coordinates": [[[77.47399999999999, 12.989999999999998], [77.47399999999999, 12.985999999999999], [77.476, 12.985999999999999], [77.476, 12.989999999999998], [77.47399999999999, 12.989999999999998]]]}, "properties": {"class": "flood"}}, {"type": "Feature", "geometry": {"type": "Polygon", "coordinates": [[[77.628, 12.989999999999998], [77.628, 12.985999999999999], [77.63, 12.985999999999999], [77.63, 12.989999999999998], [77.628, 12.989999999999998]]]}, "properties": {"class": "flood"}}, {"type": "Feature", "geometry": {"type": "Polygon", "coordinates": [[[77.654, 12.989999999999998], [77.654, 12.985999999999999], [77.65599999999999, 12.985999999999999], [77.65599999999999, 12.989999999999998], [77.654, 12.989999999999998]]]}, "properties": {"class": "flood"}}, {"type": "Feature", "geometry": {"type": "Polygon", "coordinates": [[[77.70599999999999, 12.989999999999998], [77.70599999999999, 12.985999999999999], [77.71, 12.985999999999999], [77.708, 12.989999999999998], [77.70599999999999, 12.989999999999998]]]}, "properties": {"class": "flood"}}, {"type": "Feature", "geometry": {"type": "Polygon", "coordinates": [[[77.732, 12.989999999999998], [77.732, 12.985999999999999], [77.734, 12.985999999999999], [77.734, 12.989999999999998], [77.732, 12.989999999999998]]]}, "properties": {"class": "flood"}}, {"type": "Feature", "geometry": {"type": "Polygon", "coordinates": [[[77.73599999999999, 12.989999999999998], [77.73599999999999, 12.988], [77.74, 12.985999999999999], [77.74, 12.989999999999998], [77.73599999999999, 12.989999999999998]]]}, "properties": {"class": "flood"}}, {"type": "Feature", "geometry": {"type": "Polygon", "coordinates": [[[77.44399999999999, 12.988], [77.44399999999999, 12.985999999999999], [77.448, 12.985999999999999], [77.448, 12.988], [77.44399999999999, 12.988]]]}, "properties": {"class": "flood"}}, {"type": "Feature", "geometry": {"type": "Polygon", "coordinates": [[[77.648, 12.988], [77.648, 12.985999999999999], [77.64999999999999, 12.985999999999999], [77.64999999999999, 12.988], [77.648, 12.988]]]}, "properties": {"class": "flood"}}, {"type": "Feature", "geometry": {"type": "Polygon", "coordinates": [[[77.744, 12.988], [77.744, 12.985999999999999], [77.746, 12.985999999999999], [77.746, 12.988], [77.744, 12.988]]]}, "properties": {"class": "flood"}}, {"type": "Feature", "geometry": {"type": "Polygon", "coordinates": [[[77.844, 12.988], [77.844, 12.985999999999999], [77.84599999999999, 12.985999999999999], [77.84599999999999, 12.988], [77.844, 12.988]]]}, "properties": {"class": "flood"}}, {"type": "Feature", "geometry": {"type": "Polygon", "coordinates": [[[77.372, 12.985999999999999], [77.372, 12.984], [77.374, 12.984], [77.374, 12.985999999999999], [77.372, 12.985999999999999]]]}, "properties": {"class": "flood"}}, {"type": "Feature", "geometry": {"type": "Polygon", "coordinates": [[[77.386, 12.988], [77.386, 12.985999999999999], [77.384, 12.984], [77.38799999999999, 12.984], [77.386, 12.988]]]}, "properties": {"class": "flood"}}, {"type": "Feature", "geometry": {"type": "Polygon", "coordinates": [[[77.58999999999999, 12.988], [77.588, 12.984], [77.592, 12.984], [77.592, 12.988], [77.58999999999999, 12.988]]]}, "properties": {"class": "flood"}}, {"type": "Feature", "geometry": {"type": "Polygon", "coordinates": [[[77.64999999999999, 12.985999999999999], [77.64999999999999, 12.984], [77.652, 12.984], [77.652, 12.985999999999999], [77.64999999999999, 12.985999999999999]]]}, "properties": {"class": "flood"}}, {"type": "Feature", "geometry": {"type": "Polygon", "coordinates": [[[77.74199999999999, 12.985999999999999], [77.74199999999999, 12.984], [77.744, 12.984], [77.744, 12.985999999999999], [77.74199999999999, 12.985999999999999]]]}, "properties": {"class": "flood"}}, {"type": "Feature", "geometry": {"type": "Polygon", "coordinates": [[[77.746, 12.985999999999999], [77.746, 12.984], [77.74799999999999, 12.984], [77.74799999999999, 12.985999999999999], [77.746, 12.985999999999999]]]}, "properties": {"class": "flood"}}, {"type": "Feature", "geometry": {"type": "Polygon", "coordinates": [[[77.79199999999999, 12.985999999999999], [77.79199999999999, 12.984], [77.794, 12.984], [77.794, 12.985999999999999], [77.79199999999999, 12.985999999999999]]]}, "properties": {"class": "flood"}}, {"type": "Feature", "geometry": {"type": "Polygon", "coordinates": [[[77.84599999999999, 12.985999999999999], [77.84599999999999, 12.984], [77.848, 12.984], [77.848, 12.985999999999999], [77.84599999999999, 12.985999999999999]]]}, "properties": {"class": "flood"}}, {"type": "Feature", "geometry": {"type": "Polygon", "coordinates": [[[77.43199999999999, 12.985999999999999], [77.43199999999999, 12.982], [77.434, 12.982], [77.434, 12.985999999999999], [77.43199999999999, 12.985999999999999]]]}, "properties": {"class": "flood"}}, {"type": "Feature", "geometry": {"type": "Polygon", "coordinates": [[[77.374, 12.984], [77.374, 12.982], [77.37599999999999, 12.982], [77.37599999999999, 12.984], [77.374, 12.984]]]}, "properties": {"class": "flood"}}, {"type": "Feature", "geometry": {"type": "Polygon", "coordinates": [[[77.496, 12.984], [77.496, 12.982], [77.5, 12.982], [77.5, 12.984], [77.496, 12.984]]]}, "properties": {"class": "flood"}}, {"type": "Feature", "geometry": {"type": "Polygon", "coordinates": [[[77.59599999999999, 12.984], [77.59599999999999, 12.982], [77.598, 12.982], [77.598, 12.984], [77.59599999999999, 12.984]]]}, "properties": {"class": "flood"}}, {"type": "Feature", "geometry": {"type": "Polygon", "coordinates": [[[77.744, 12.984], [77.744, 12.982], [77.746, 12.982], [77.746, 12.984], [77.744, 12.984]]]}, "properties": {"class": "flood"}}, {"type": "Feature", "geometry": {"type": "Polygon", "coordinates": [[[77.794, 12.984], [77.794, 12.982], [77.79599999999999, 12.982], [77.79599999999999, 12.984], [77.794, 12.984]]]}, "properties": {"class": "flood"}}, {"type": "Feature", "geometry": {"type": "Polygon", "coordinates": [[[77.48599999999999, 12.984], [77.48599999999999, 12.979999999999999], [77.488, 12.979999999999999], [77.49, 12.984], [77.48599999999999, 12.984]]]}, "properties": {"class": "flood"}}, {"type": "Feature", "geometry": {"type": "Polygon", "coordinates": [[[77.81599999999999, 12.985999999999999], [77.814, 12.982], [77.818, 12.979999999999999], [77.818, 12.985999999999999], [77.81599999999999, 12.985999999999999]]]}, "properties": {"class": "flood"}}, {"type": "Feature", "geometry": {"type": "Polygon", "coordinates": [[[77.82799999999999, 12.984], [77.82799999999999, 12.979999999999999], [77.83, 12.979999999999999], [77.83, 12.984], [77.82799999999999, 12.984]]]}, "properties": {"class": "flood"}}, {"type": "Feature", "geometry": {"type": "Polygon", "coordinates": [[[77.372, 12.982], [77.372, 12.979999999999999], [77.374, 12.979999999999999], [77.374, 12.982], [77.372, 12.982]]]}, "properties": {"class": "flood"}}, {"type": "Feature", "geometry": {"type": "Polygon", "coordinates": [[[77.384, 12.982], [77.384, 12.979999999999999], [77.38799999999999, 12.979999999999999], [77.38799999999999, 12.982], [77.384, 12.982]]]}, "properties": {"class": "flood"}}, {"type": "Feature", "geometry": {"type": "Polygon", "coordinates": [[[77.442, 12.984], [77.44, 12.979999999999999], [77.446, 12.979999999999999], [77.446, 12.982], [77.442, 12.984]]]}, "properties": {"class": "flood"}}, {"type": "Feature", "geometry": {"type": "Polygon", "coordinates": [[[77.594, 12.982], [77.594, 12.979999999999999], [77.59599999999999, 12.979999999999999], [77.59599999999999, 12.982], [77.594, 12.982]]]}, "properties": {"class": "flood"}}, {"type": "Feature", "geometry": {"type": "Polygon", "coordinates": [[[77.648, 12.982], [77.648, 12.979999999999999], [77.652, 12.979999999999999], [77.652, 12.982], [77.648, 12.982]]]}, "properties": {"class": "flood"}}, {"type": "Feature", "geometry": {"type": "Polygon", "coordinates": [[[77.726, 12.982], [77.726, 12.979999999999999], [77.728, 12.979999999999999], [77.728, 12.982], [77.726, 12.982]]]}, "properties": {"class": "flood"}}, {"type": "Feature", "geometry": {"type": "Polygon", "coordinates": [[[77.53399999999999, 12.979999999999999], [77.53399999999999, 12.978], [77.536, 12.978], [77.536, 12.979999999999999], [77.53399999999999, 12.979999999999999]]]}, "properties": {"class": "flood"}}, {"type": "Feature", "geometry": {"type": "Polygon", "coordinates": [[[77.64, 12.979999999999999], [77.64, 12.978], [77.642, 12.978], [77.642, 12.979999999999999], [77.64, 12.979999999999999]]]}, "properties": {"class": "flood"}}, {"type": "Feature", "geometry": {"type": "Polygon", "coordinates": [[[77.752, 12.982], [77.75, 12.978], [77.756, 12.978], [77.756, 12.979999999999999], [77.752, 12.982]]]}, "properties": {"class": "flood"}}, {"type": "Feature", "geometry": {"type": "Polygon", "coordinates": [[[77.47399999999999, 12.978], [77.47399999999999, 12.975999999999999], [77.476, 12.975999999999999], [77.476, 12.978], [77.47399999999999, 12.978]]]}, "properties": {"class": "flood"}}, {"type": "Feature", "geometry": {"type": "Polygon", "coordinates": [[[77.53, 12.978], [77.53, 12.975999999999999], [77.532, 12.975999999999999], [77.532, 12.978], [77.53, 12.978]]]}, "properties": {"class": "flood"}}, {"type": "Feature", "geometry": {"type": "Polygon", "coordinates": [[[77.568, 12.978], [77.568, 12.975999999999999], [77.57199999999999, 12.975999999999999], [77.57199999999999, 12.978], [77.568, 12.978]]]}, "properties": {"class": "flood"}}, {"type": "Feature", "geometry": {"type": "Polygon", "coordinates": [[[77.642, 12.978], [77.642, 12.975999999999999], [77.64399999999999, 12.975999999999999], [77.64399999999999, 12.978], [77.642, 12.978]]]}, "properties": {"class": "flood"}}, {"type": "Feature", "geometry": {"type": "Polygon", "coordinates": [[[77.708, 12.979999999999999], [77.70599999999999, 12.978], [77.70599999999999, 12.975999999999999], [77.71, 12.975999999999999], [77.708, 12.979999999999999]]]}, "properties": {"class": "flood"}}, {"type": "Feature", "geometry": {"type": "Polygon", "coordinates": [[[77.758, 12.978], [77.758, 12.975999999999999], [77.75999999999999, 12.975999999999999], [77.75999999999999, 12.978], [77.758, 12.978]]]}, "properties": {"class": "flood"}}, {"type": "Feature", "geometry": {"type": "Polygon", "coordinates": [[[77.71199999999999, 12.978], [77.71199999999999, 12.973999999999998], [77.714, 12.973999999999998], [77.714, 12.978], [77.71199999999999, 12.978]]]}, "properties": {"class": "flood"}}, {"type": "Feature", "geometry": {"type": "Polygon", "coordinates": [[[77.476, 12.975999999999999], [77.476, 12.973999999999998], [77.478, 12.973999999999998], [77.478, 12.975999999999999], [77.476, 12.975999999999999]]]}, "properties": {"class": "flood"}}, {"type": "Feature", "geometry": {"type": "Polygon", "coordinates": [[[77.508, 12.975999999999999], [77.508, 12.973999999999998], [77.512, 12.973999999999998], [77.512, 12.975999999999999], [77.508, 12.975999999999999]]]}, "properties": {"class": "flood"}}, {"type": "Feature", "geometry": {"type": "Polygon", "coordinates": [[[77.532, 12.975999999999999], [77.532, 12.973999999999998], [77.53399999999999, 12.973999999999998], [77.53399999999999, 12.975999999999999], [77.532, 12.975999999999999]]]}, "properties": {"class": "flood"}}, {"type": "Feature", "geometry": {"type": "Polygon", "coordinates": [[[77.538, 12.975999999999999], [77.538, 12.973999999999998], [77.53999999999999, 12.973999999999998], [77.53999999999999, 12.975999999999999], [77.538, 12.975999999999999]]]}, "properties": {"class": "flood"}}, {"type": "Feature", "geometry": {"type": "Polygon", "coordinates": [[[77.582, 12.975999999999999], [77.582, 12.973999999999998], [77.58399999999999, 12.973999999999998], [77.58399999999999, 12.975999999999999], [77.582, 12.975999999999999]]]}, "properties": {"class": "flood"}}, {"type": "Feature", "geometry": {"type": "Polygon", "coordinates": [[[77.41999999999999, 12.975999999999999], [77.41999999999999, 12.972], [77.422, 12.972], [77.422, 12.975999999999999], [77.41999999999999, 12.975999999999999]]]}, "properties": {"class": "flood"}}, {"type": "Feature", "geometry": {"type": "Polygon", "coordinates": [[[77.42599999999999, 12.975999999999999], [77.42599999999999, 12.972], [77.428, 12.972], [77.428, 12.975999999999999], [77.42599999999999, 12.975999999999999]]]}, "properties": {"class": "flood"}}, {"type": "Feature", "geometry": {"type": "Polygon", "coordinates": [[[77.806, 12.975999999999999], [77.806, 12.972], [77.80799999999999, 12.972], [77.80799999999999, 12.975999999999999], [77.806, 12.975999999999999]]]}, "properties": {"class": "flood"}}, {"type": "Feature", "geometry": {"type": "Polygon", "coordinates": [[[77.378, 12.973999999999998], [77.378, 12.972], [77.38, 12.972], [77.38, 12.973999999999998], [77.378, 12.973999999999998]]]}, "properties": {"class": "flood"}}, {"type": "Feature", "geometry": {"type": "Polygon", "coordinates": [[[77.536, 12.973999999999998], [77.536, 12.972], [77.538, 12.972], [77.538, 12.973999999999998], [77.536, 12.973999999999998]]]}, "properties": {"class": "flood"}}, {"type": "Feature", "geometry": {"type": "Polygon", "coordinates": [[[77.58399999999999, 12.973999999999998], [77.58399999999999, 12.972], [77.586, 12.972], [77.586, 12.973999999999998], [77.58399999999999, 12.973999999999998]]]}, "properties": {"class": "flood"}}, {"type": "Feature", "geometry": {"type": "Polygon", "coordinates": [[[77.616, 12.973999999999998], [77.616, 12.972], [77.61999999999999, 12.972], [77.61999999999999, 12.973999999999998], [77.616, 12.973999999999998]]]}, "properties": {"class": "flood"}}, {"type": "Feature", "geometry": {"type": "Polygon", "coordinates": [[[77.64, 12.973999999999998], [77.64, 12.972], [77.64399999999999, 12.972], [77.64399999999999, 12.973999999999998], [77.64, 12.973999999999998]]]}, "properties": {"class": "flood"}}, {"type": "Feature", "geometry": {"type": "Polygon", "coordinates": [[[77.67399999999999, 12.973999999999998], [77.67399999999999, 12.972], [77.67599999999999, 12.972], [77.67599999999999, 12.973999999999998], [77.67399999999999, 12.973999999999998]]]}, "properties": {"class": "flood"}}, {"type": "Feature", "geometry": {"type": "Polygon", "coordinates": [[[77.722, 12.973999999999998], [77.722, 12.972], [77.726, 12.972], [77.726, 12.973999999999998], [77.722, 12.973999999999998]]]}, "properties": {"class": "flood"}}, {"type": "Feature", "geometry": {"type": "Polygon", "coordinates": [[[77.818, 12.973999999999998], [77.818, 12.972], [77.82, 12.972], [77.82, 12.973999999999998], [77.818, 12.973999999999998]]]}, "properties": {"class": "flood"}}, {"type": "Feature", "geometry": {"type": "Polygon", "coordinates": [[[77.57199999999999, 12.973999999999998], [77.57199999999999, 12.969999999999999], [77.574, 12.969999999999999], [77.574, 12.973999999999998], [77.57199999999999, 12.973999999999998]]]}, "properties": {"class": "flood"}}, {"type": "Feature", "geometry": {"type": "Polygon", "coordinates": [[[77.37599999999999, 12.972], [77.37599999999999, 12.969999999999999], [77.378, 12.969999999999999], [77.378, 12.972], [77.37599999999999, 12.972]]]}, "properties": {"class": "flood"}}, {"type": "Feature", "geometry": {"type": "Polygon", "coordinates": [[[77.39999999999999, 12.973999999999998], [77.398, 12.969999999999999], [77.402, 12.969999999999999], [77.402, 12.973999999999998], [77.39999999999999, 12.973999999999998]]]}, "properties": {"class": "flood"}}, {"type": "Feature", "geometry": {"type": "Polygon", "coordinates": [[[77.6, 12.972], [77.6, 12.969999999999999], [77.604, 12.969999999999999], [77.604, 12.972], [77.6, 12.972]]]}, "properties": {"class": "flood"}}, {"type": "Feature", "geometry": {"type": "Polygon", "coordinates": [[[77.61399999999999, 12.972], [77.61399999999999, 12.969999999999999], [77.616, 12.969999999999999], [77.616, 12.972], [77.61399999999999, 12.972]]]}, "properties": {"class": "flood"}}, {"type": "Feature", "geometry": {"type": "Polygon", "coordinates": [[[77.8, 12.972], [77.8, 12.969999999999999], [77.80199999999999, 12.969999999999999], [77.80199999999999, 12.972], [77.8, 12.972]]]}, "properties": {"class": "flood"}}, {"type": "Feature", "geometry": {"type": "Polygon", "coordinates": [[[77.408, 12.969999999999999], [77.408, 12.968], [77.41, 12.968], [77.41, 12.969999999999999], [77.408, 12.969999999999999]]]}, "properties": {"class": "flood"}}, {"type": "Feature", "geometry": {"type": "Polygon", "coordinates": [[[77.42599999999999, 12.969999999999999], [77.42599999999999, 12.968], [77.428, 12.968], [77.428, 12.969999999999999], [77.42599999999999, 12.969999999999999]]]}, "properties": {"class": "flood"}}, {"type": "Feature", "geometry": {"type": "Polygon", "coordinates": [[[77.48599999999999, 12.969999999999999], [77.48599999999999, 12.968], [77.49, 12.968], [77.49, 12.969999999999999], [77.48599999999999, 12.969999999999999]]]}, "properties": {"class": "flood"}}, {"type": "Feature", "geometry": {"type": "Polygon", "coordinates": [[[77.50999999999999, 12.969999999999999], [77.50999999999999, 12.968], [77.514, 12.968], [77.514, 12.969999999999999], [77.50999999999999, 12.969999999999999]]]}, "properties": {"class": "flood"}}, {"type": "Feature", "geometry": {"type": "Polygon", "coordinates": [[[77.536, 12.969999999999999], [77.536, 12.968], [77.53999999999999, 12.968], [77.53999999999999, 12.969999999999999], [77.536, 12.969999999999999]]]}, "properties": {"class": "flood"}}, {"type": "Feature", "geometry": {"type": "Polygon", "coordinates": [[[77.66, 12.972], [77.658, 12.968], [77.66399999999999, 12.968], [77.66199999999999, 12.972], [77.66, 12.972]]]}, "properties": {"class": "flood"}}, {"type": "Feature", "geometry": {"type": "Polygon", "coordinates": [[[77.702, 12.969999999999999], [77.702, 12.968], [77.704, 12.968], [77.704, 12.969999999999999], [77.702, 12.969999999999999]]]}, "properties": {"class": "flood"}}, {"type": "Feature", "geometry": {"type": "Polygon", "coordinates": [[[77.752, 12.969999999999999], [77.752, 12.968], [77.75399999999999, 12.968], [77.75399999999999, 12.969999999999999], [77.752, 12.969999999999999]]]}, "properties": {"class": "flood"}}, {"type": "Feature", "geometry": {"type": "Polygon", "coordinates": [[[77.80199999999999, 12.969999999999999], [77.80199999999999, 12.968], [77.80399999999999, 12.968], [77.80399999999999, 12.969999999999999], [77.80199999999999, 12.969999999999999]]]}, "properties": {"class": "flood"}}, {"type": "Feature", "geometry": {"type": "Polygon", "coordinates": [[[77.472, 12.972], [77.472, 12.968], [77.476, 12.966], [77.476, 12.969999999999999], [77.472, 12.972]]]}, "properties": {"class": "flood"}}, {"type": "Feature", "geometry": {"type": "Polygon", "coordinates": [[[77.40599999999999, 12.968], [77.40599999999999, 12.966], [77.408, 12.966], [77.408, 12.968], [77.40599999999999, 12.968]]]}, "properties": {"class": "flood"}}, {"type": "Feature", "geometry": {"type": "Polygon", "coordinates": [[[77.704, 12.968], [77.704, 12.966], [77.70599999999999, 12.966], [77.70599999999999, 12.968], [77.704, 12.968]]]}, "properties": {"class": "flood"}}, {"type": "Feature", "geometry": {"type": "Polygon", "coordinates": [[[77.714, 12.968], [77.714, 12.966], [77.716, 12.966], [77.716, 12.968], [77.714, 12.968]]]}, "properties": {"class": "flood"}}, {"type": "Feature", "geometry": {"type": "Polygon", "coordinates": [[[77.75, 12.968], [77.75, 12.966], [77.752, 12.966], [77.752, 12.968], [77.75, 12.968]]]}, "properties": {"class": "flood"}}, {"type": "Feature", "geometry": {"type": "Polygon", "coordinates": [[[77.81599999999999, 12.968], [77.81599999999999, 12.966], [77.82, 12.966], [77.82, 12.968], [77.81599999999999, 12.968]]]}, "properties": {"class": "flood"}}, {"type": "Feature", "geometry": {"type": "Polygon", "coordinates": [[[77.502, 12.968], [77.502, 12.963999999999999], [77.506, 12.963999999999999], [77.506, 12.966], [77.502, 12.968]]]}, "properties": {"class": "flood"}}, {"type": "Feature", "geometry": {"type": "Polygon", "coordinates": [[[77.408, 12.966], [77.408, 12.963999999999999], [77.41, 12.963999999999999], [77.41, 12.966], [77.408, 12.966]]]}, "properties": {"class": "flood"}}, {"type": "Feature", "geometry": {"type": "Polygon", "coordinates": [[[77.622, 12.966], [77.622, 12.963999999999999], [77.624, 12.963999999999999], [77.624, 12.966], [77.622, 12.966]]]}, "properties": {"class": "flood"}}, {"type": "Feature", "geometry": {"type": "Polygon", "coordinates": [[[77.71199999999999, 12.966], [77.71199999999999, 12.963999999999999], [77.714, 12.963999999999999], [77.714, 12.966], [77.71199999999999, 12.966]]]}, "properties": {"class": "flood"}}, {"type": "Feature", "geometry": {"type": "Polygon", "coordinates": [[[77.812, 12.966], [77.812, 12.963999999999999], [77.814, 12.963999999999999], [77.814, 12.966], [77.812, 12.966]]]}, "properties": {"class": "flood"}}, {"type": "Feature", "geometry": {"type": "Polygon", "coordinates": [[[77.404, 12.963999999999999], [77.404, 12.962], [77.40599999999999, 12.962], [77.40599999999999, 12.963999999999999], [77.404, 12.963999999999999]]]}, "properties": {"class": "flood"}}, {"type": "Feature", "geometry": {"type": "Polygon", "coordinates": [[[77.57199999999999, 12.963999999999999], [77.57199999999999, 12.962], [77.574, 12.962], [77.574, 12.963999999999999], [77.57199999999999, 12.963999999999999]]]}, "properties": {"class": "flood"}}, {"type": "Feature", "geometry": {"type": "Polygon", "coordinates": [[[77.61999999999999, 12.963999999999999], [77.61999999999999, 12.962], [77.622, 12.962], [77.622, 12.963999999999999], [77.61999999999999, 12.963999999999999]]]}, "properties": {"class": "flood"}}, {"type": "Feature", "geometry": {"type": "Polygon", "coordinates": [[[77.624, 12.963999999999999], [77.624, 12.962], [77.62599999999999, 12.962], [77.62599999999999, 12.963999999999999], [77.624, 12.963999999999999]]]}, "properties": {"class": "flood"}}, {"type": "Feature", "geometry": {"type": "Polygon", "coordinates": [[[77.64999999999999, 12.963999999999999], [77.64999999999999, 12.962], [77.654, 12.962], [77.654, 12.963999999999999], [77.64999999999999, 12.963999999999999]]]}, "properties": {"class": "flood"}}, {"type": "Feature", "geometry": {"type": "Polygon", "coordinates": [[[77.69999999999999, 12.963999999999999], [77.69999999999999, 12.962], [77.704, 12.962], [77.704, 12.963999999999999], [77.69999999999999, 12.963999999999999]]]}, "properties": {"class": "flood"}}, {"type": "Feature", "geometry": {"type": "Polygon", "coordinates": [[[77.734, 12.963999999999999], [77.734, 12.962], [77.73599999999999, 12.962], [77.73599999999999, 12.963999999999999], [77.734, 12.963999999999999]]]}, "properties": {"class": "flood"}}, {"type": "Feature", "geometry": {"type": "Polygon", "coordinates": [[[77.814, 12.963999999999999], [77.814, 12.962], [77.81599999999999, 12.962], [77.81599999999999, 12.963999999999999], [77.814, 12.963999999999999]]]}, "properties": {"class": "flood"}}, {"type": "Feature", "geometry": {"type": "Polygon", "coordinates": [[[77.606, 12.963999999999999], [77.606, 12.959999999999999], [77.61, 12.962], [77.61, 12.963999999999999], [77.606, 12.963999999999999]]]}, "properties": {"class": "flood"}}, {"type": "Feature", "geometry": {"type": "Polygon", "coordinates": [[[77.362, 12.962], [77.362, 12.959999999999999], [77.36399999999999, 12.959999999999999], [77.36399999999999, 12.962], [77.362, 12.962]]]}, "properties": {"class": "flood"}}, {"type": "Feature", "geometry": {"type": "Polygon", "coordinates": [[[77.40599999999999, 12.962], [77.40599999999999, 12.959999999999999], [77.408, 12.959999999999999], [77.408, 12.962], [77.40599999999999, 12.962]]]}, "properties": {"class": "flood"}}, {"type": "Feature", "geometry": {"type": "Polygon", "coordinates": [[[77.57, 12.962], [77.57, 12.959999999999999], [77.57199999999999, 12.959999999999999], [77.57199999999999, 12.962], [77.57, 12.962]]]}, "properties": {"class": "flood"}}, {"type": "Feature", "geometry": {"type": "Polygon", "coordinates": [[[77.714, 12.963999999999999], [77.71199999999999, 12.962], [77.71199999999999, 12.959999999999999], [77.716, 12.959999999999999], [77.714, 12.963999999999999]]]}, "properties": {"class": "flood"}}, {"type": "Feature", "geometry": {"type": "Polygon", "coordinates": [[[77.732, 12.962], [77.732, 12.959999999999999], [77.734, 12.959999999999999], [77.734, 12.962], [77.732, 12.962]]]}, "properties": {"class": "flood"}}, {"type": "Feature", "geometry": {"type": "Polygon", "coordinates": [[[77.55999999999999, 12.962], [77.55999999999999, 12.959999999999999], [77.564, 12.957999999999998], [77.564, 12.962], [77.55999999999999, 12.962]]]}, "properties": {"class": "flood"}}, {"type": "Feature", "geometry": {"type": "Polygon", "coordinates": [[[77.36, 12.959999999999999], [77.36, 12.957999999999998], [77.362, 12.957999999999998], [77.362, 12.959999999999999], [77.36, 12.959999999999999]]]}, "properties": {"class": "flood"}}, {"type": "Feature", "geometry": {"type": "Polygon", "coordinates": [[[77.52, 12.959999999999999], [77.52, 12.957999999999998], [77.524, 12.957999999999998], [77.524, 12.959999999999999], [77.52, 12.959999999999999]]]}, "properties": {"class": "flood"}}, {"type": "Feature", "geometry": {"type": "Polygon", "coordinates": [[[77.66799999999999, 12.959999999999999], [77.66799999999999, 12.957999999999998], [77.66999999999999, 12.957999999999998], [77.66999999999999, 12.959999999999999], [77.66799999999999, 12.959999999999999]]]}, "properties": {"class": "flood"}}, {"type": "Feature", "geometry": {"type": "Polygon", "coordinates": [[[77.678, 12.959999999999999], [77.678, 12.957999999999998], [77.67999999999999, 12.957999999999998], [77.67999999999999, 12.959999999999999], [77.678, 12.959999999999999]]]}, "properties": {"class": "flood"}}, {"type": "Feature", "geometry": {"type": "Polygon", "coordinates": [[[77.386, 12.959999999999999], [77.38799999999999, 12.956], [77.392, 12.956], [77.39, 12.959999999999999], [77.386, 12.959999999999999]]]}, "properties": {"class": "flood"}}, {"type": "Feature", "geometry": {"type": "Polygon", "coordinates": [[[77.53, 12.959999999999999], [77.53, 12.957999999999998], [77.53399999999999, 12.956], [77.53399999999999, 12.959999999999999], [77.53, 12.959999999999999]]]}, "properties": {"class": "flood"}}, {"type": "Feature", "geometry": {"type": "Polygon", "coordinates": [[[77.422, 12.957999999999998], [77.422, 12.956], [77.42399999999999, 12.956], [77.42399999999999, 12.957999999999998], [77.422, 12.957999999999998]]]}, "properties": {"class": "flood"}}, {"type": "Feature", "geometry": {"type": "Polygon", "coordinates": [[[77.502, 12.957999999999998], [77.502, 12.956], [77.50399999999999, 12.956], [77.50399999999999, 12.957999999999998], [77.502, 12.957999999999998]]]}, "properties": {"class": "flood"}}, {"type": "Feature", "geometry": {"type": "Polygon", "coordinates": [[[77.666, 12.957999999999998], [77.666, 12.956], [77.66799999999999, 12.956], [77.66799999999999, 12.957999999999998], [77.666, 12.957999999999998]]]}, "properties": {"class": "flood"}}, {"type": "Feature", "geometry": {"type": "Polygon", "coordinates": [[[77.67599999999999, 12.957999999999998], [77.67599999999999, 12.956], [77.678, 12.956], [77.678, 12.957999999999998], [77.67599999999999, 12.957999999999998]]]}, "properties": {"class": "flood"}}, {"type": "Feature", "geometry": {"type": "Polygon", "coordinates": [[[77.704, 12.957999999999998], [77.704, 12.956], [77.70599999999999, 12.956], [77.70599999999999, 12.957999999999998], [77.704, 12.957999999999998]]]}, "properties": {"class": "flood"}}, {"type": "Feature", "geometry": {"type": "Polygon", "coordinates": [[[77.63, 12.959999999999999], [77.63, 12.953999999999999], [77.63199999999999, 12.953999999999999], [77.634, 12.959999999999999], [77.63, 12.959999999999999]]]}, "properties": {"class": "flood"}}, {"type": "Feature", "geometry": {"type": "Polygon", "coordinates": [[[77.368, 12.957999999999998], [77.368, 12.953999999999999], [77.36999999999999, 12.953999999999999], [77.36999999999999, 12.957999999999998], [77.368, 12.957999999999998]]]}, "properties": {"class": "flood"}}, {"type": "Feature", "geometry": {"type": "Polygon", "coordinates": [[[77.41999999999999, 12.956], [77.41999999999999, 12.953999999999999], [77.422, 12.953999999999999], [77.422, 12.956], [77.41999999999999, 12.956]]]}, "properties": {"class": "flood"}}, {"type": "Feature", "geometry": {"type": "Polygon", "coordinates": [[[77.442, 12.956], [77.442, 12.953999999999999], [77.44399999999999, 12.953999999999999], [77.44399999999999, 12.956], [77.442, 12.956]]]}, "properties": {"class": "flood"}}, {"type": "Feature", "geometry": {"type": "Polygon", "coordinates": [[[77.702, 12.956], [77.702, 12.953999999999999], [77.704, 12.953999999999999], [77.704, 12.956], [77.702, 12.956]]]}, "properties": {"class": "flood"}}, {"type": "Feature", "geometry": {"type": "Polygon", "coordinates": [[[77.39999999999999, 12.956], [77.39999999999999, 12.952], [77.404, 12.952], [77.402, 12.956], [77.39999999999999, 12.956]]]}, "properties": {"class": "flood"}}, {"type": "Feature", "geometry": {"type": "Polygon", "coordinates": [[[77.776, 12.956], [77.776, 12.952], [77.78, 12.952], [77.78, 12.953999999999999], [77.776, 12.956]]]}, "properties": {"class": "flood"}}, {"type": "Feature", "geometry": {"type": "Polygon", "coordinates": [[[77.44, 12.953999999999999], [77.44, 12.952], [77.442, 12.952], [77.442, 12.953999999999999], [77.44, 12.953999999999999]]]}, "properties": {"class": "flood"}}, {"type": "Feature", "geometry": {"type": "Polygon", "coordinates": [[[77.5, 12.953999999999999], [77.5, 12.95], [77.50399999999999, 12.95], [77.50399999999999, 12.953999999999999], [77.5, 12.953999999999999]]]}, "properties": {"class": "flood"}}, {"type": "Feature", "geometry": {"type": "Polygon", "coordinates": [[[77.44999999999999, 12.952], [77.44999999999999, 12.95], [77.452, 12.95], [77.452, 12.952], [77.44999999999999, 12.952]]]}, "properties": {"class": "flood"}}, {"type": "Feature", "geometry": {"type": "Polygon", "coordinates": [[[77.838, 12.952], [77.838, 12.95], [77.83999999999999, 12.95], [77.83999999999999, 12.952], [77.838, 12.952]]]}, "properties": {"class": "flood"}}, {"type": "Feature", "geometry": {"type": "Polygon", "coordinates": [[[77.38, 12.952], [77.38, 12.947999999999999], [77.386, 12.947999999999999], [77.386, 12.952], [77.384, 12.95], [77.38, 12.952]]]}, "properties": {"class": "flood"}}, {"type": "Feature", "geometry": {"type": "Polygon", "coordinates": [[[77.448, 12.95], [77.448, 12.947999999999999], [77.44999999999999, 12.947999999999999], [77.44999999999999, 12.95], [77.448, 12.95]]]}, "properties": {"class": "flood"}}, {"type": "Feature", "geometry": {"type": "Polygon", "coordinates": [[[77.586, 12.95], [77.586, 12.947999999999999], [77.588, 12.947999999999999], [77.588, 12.95], [77.586, 12.95]]]}, "properties": {"class": "flood"}}, {"type": "Feature", "geometry": {"type": "Polygon", "coordinates": [[[77.678, 12.95], [77.678, 12.947999999999999], [77.68199999999999, 12.947999999999999], [77.68199999999999, 12.95], [77.678, 12.95]]]}, "properties": {"class": "flood"}}, {"type": "Feature", "geometry": {"type": "Polygon", "coordinates": [[[77.76599999999999, 12.95], [77.76599999999999, 12.947999999999999], [77.768, 12.947999999999999], [77.768, 12.95], [77.76599999999999, 12.95]]]}, "properties": {"class": "flood"}}, {"type": "Feature", "geometry": {"type": "Polygon", "coordinates": [[[77.35799999999999, 13.011999999999999], [77.356, 13.0], [77.35199999999999, 12.998], [77.35199999999999, 12.953999999999999], [77.354, 12.947999999999999], [77.362, 12.946], [77.368, 12.95], [77.36399999999999, 12.95], [77.35799999999999, 12.956], [77.35799999999999, 12.962], [77.366, 12.962], [77.36999999999999, 12.968], [77.36399999999999, 12.972], [77.36399999999999, 12.975999999999999], [77.368, 12.975999999999999], [77.36999999999999, 12.972], [77.36999999999999, 12.988], [77.378, 12.989999999999998], [77.38, 12.984], [77.38, 12.991999999999999], [77.384, 12.989999999999998], [77.39, 12.991999999999999], [77.392, 12.985999999999999], [77.39399999999999, 12.989999999999998], [77.386, 13.001999999999999], [77.374, 12.995999999999999], [77.374, 13.005999999999998], [77.36999999999999, 13.005999999999998], [77.372, 13.004], [77.36999999999999, 12.995999999999999], [77.36399999999999, 12.994], [77.366, 13.001999999999999], [77.362, 13.0], [77.35799999999999, 13.011999999999999]]]}, "properties": {"class": "flood"}}, {"type": "Feature", "geometry": {"type": "Polygon", "coordinates": [[[77.84599999999999, 12.95], [77.84599999999999, 12.946], [77.848, 12.946], [77.848, 12.95], [77.84599999999999, 12.95]]]}, "properties": {"class": "flood"}}, {"type": "Feature", "geometry": {"type": "Polygon", "coordinates": [[[77.396, 12.947999999999999], [77.396, 12.946], [77.39999999999999, 12.946], [77.39999999999999, 12.947999999999999], [77.396, 12.947999999999999]]]}, "properties": {"class": "flood"}}, {"type": "Feature", "geometry": {"type": "Polygon", "coordinates": [[[77.42599999999999, 12.95], [77.42599999999999, 12.947999999999999], [77.422, 12.946], [77.428, 12.946], [77.42599999999999, 12.95]]]}, "properties": {"class": "flood"}}, {"type": "Feature", "geometry": {"type": "Polygon", "coordinates": [[[77.588, 12.947999999999999], [77.588, 12.946], [77.58999999999999, 12.946], [77.58999999999999, 12.947999999999999], [77.588, 12.947999999999999]]]}, "properties": {"class": "flood"}}, {"type": "Feature", "geometry": {"type": "Polygon", "coordinates": [[[77.768, 12.947999999999999], [77.768, 12.946], [77.77, 12.946], [77.77, 12.947999999999999], [77.768, 12.947999999999999]]]}, "properties": {"class": "flood"}}, {"type": "Feature", "geometry": {"type": "Polygon", "coordinates": [[[77.83999999999999, 12.95], [77.838, 12.946], [77.844, 12.946], [77.842, 12.95], [77.83999999999999, 12.95]]]}, "properties": {"class": "flood"}}, {"type": "Feature", "geometry": {"type": "Polygon", "coordinates": [[[77.47399999999999, 12.946], [77.47399999999999, 12.943999999999999], [77.478, 12.943999999999999], [77.478, 12.946], [77.47399999999999, 12.946]]]}, "properties": {"class": "flood"}}, {"type": "Feature", "geometry": {"type": "Polygon", "coordinates": [[[77.634, 12.947999999999999], [77.63199999999999, 12.943999999999999], [77.63799999999999, 12.943999999999999], [77.63799999999999, 12.946], [77.634, 12.947999999999999]]]}, "properties": {"class": "flood"}}, {"type": "Feature", "geometry": {"type": "Polygon", "coordinates": [[[77.502, 12.943999999999999], [77.502, 12.942], [77.506, 12.942], [77.506, 12.943999999999999], [77.502, 12.943999999999999]]]}, "properties": {"class": "flood"}}, {"type": "Feature", "geometry": {"type": "Polygon", "coordinates": [[[77.574, 12.943999999999999], [77.574, 12.942], [77.57799999999999, 12.942], [77.57799999999999, 12.943999999999999], [77.574, 12.943999999999999]]]}, "properties": {"class": "flood"}}, {"type": "Feature", "geometry": {"type": "Polygon", "coordinates": [[[77.764, 12.943999999999999], [77.764, 12.942], [77.76599999999999, 12.942], [77.76599999999999, 12.943999999999999], [77.764, 12.943999999999999]]]}, "properties": {"class": "flood"}}, {"type": "Feature", "geometry": {"type": "Polygon", "coordinates": [[[77.76599999999999, 12.942], [77.76599999999999, 12.94], [77.768, 12.94], [77.768, 12.942], [77.76599999999999, 12.942]]]}, "properties": {"class": "flood"}}, {"type": "Feature", "geometry": {"type": "Polygon", "coordinates": [[[77.55999999999999, 12.942], [77.562, 12.937999999999999], [77.56599999999999, 12.937999999999999], [77.56599999999999, 12.942], [77.55999999999999, 12.942]]]}, "properties": {"class": "flood"}}, {"type": "Feature", "geometry": {"type": "Polygon", "coordinates": [[[77.57, 12.942], [77.57199999999999, 12.937999999999999], [77.574, 12.937999999999999], [77.574, 12.942], [77.57, 12.942]]]}, "properties": {"class": "flood"}}, {"type": "Feature", "geometry": {"type": "Polygon", "coordinates": [[[77.652, 12.942], [77.652, 12.937999999999999], [77.654, 12.937999999999999], [77.654, 12.942], [77.652, 12.942]]]}, "properties": {"class": "flood"}}, {"type": "Feature", "geometry": {"type": "Polygon", "coordinates": [[[77.836, 12.942], [77.838, 12.937999999999999], [77.842, 12.937999999999999], [77.83999999999999, 12.942], [77.836, 12.942]]]}, "properties": {"class": "flood"}}, {"type": "Feature", "geometry": {"type": "Polygon", "coordinates": [[[77.49, 12.94], [77.49, 12.937999999999999], [77.494, 12.937999999999999], [77.494, 12.94], [77.49, 12.94]]]}, "properties": {"class": "flood"}}, {"type": "Feature", "geometry": {"type": "Polygon", "coordinates": [[[77.536, 12.94], [77.536, 12.937999999999999], [77.538, 12.937999999999999], [77.538, 12.94], [77.536, 12.94]]]}, "properties": {"class": "flood"}}, {"type": "Feature", "geometry": {"type": "Polygon", "coordinates": [[[77.53999999999999, 12.94], [77.53999999999999, 12.937999999999999], [77.54199999999999, 12.937999999999999], [77.54199999999999, 12.94], [77.53999999999999, 12.94]]]}, "properties": {"class": "flood"}}, {"type": "Feature", "geometry": {"type": "Polygon", "coordinates": [[[77.568, 12.94], [77.568, 12.937999999999999], [77.57, 12.937999999999999], [77.57, 12.94], [77.568, 12.94]]]}, "properties": {"class": "flood"}}, {"type": "Feature", "geometry": {"type": "Polygon", "coordinates": [[[77.356, 12.94], [77.356, 12.936], [77.35799999999999, 12.936], [77.35799999999999, 12.94], [77.356, 12.94]]]}, "properties": {"class": "flood"}}, {"type": "Feature", "geometry": {"type": "Polygon", "coordinates": [[[77.36399999999999, 12.94], [77.36399999999999, 12.936], [77.368, 12.936], [77.368, 12.94], [77.36399999999999, 12.94]]]}, "properties": {"class": "flood"}}, {"type": "Feature", "geometry": {"type": "Polygon", "coordinates": [[[77.372, 12.94], [77.372, 12.936], [77.37599999999999, 12.936], [77.374, 12.94], [77.372, 12.94]]]}, "properties": {"class": "flood"}}, {"type": "Feature", "geometry": {"type": "Polygon", "coordinates": [[[77.39999999999999, 12.94], [77.39999999999999, 12.936], [77.40599999999999, 12.937999999999999], [77.40599999999999, 12.94], [77.39999999999999, 12.94]]]}, "properties": {"class": "flood"}}, {"type": "Feature", "geometry": {"type": "Polygon", "coordinates": [[[77.75999999999999, 12.937999999999999], [77.75999999999999, 12.936], [77.762, 12.936], [77.762, 12.937999999999999], [77.75999999999999, 12.937999999999999]]]}, "properties": {"class": "flood"}}, {"type": "Feature", "geometry": {"type": "Polygon", "coordinates": [[[77.588, 12.937999999999999], [77.588, 12.934], [77.58999999999999, 12.934], [77.58999999999999, 12.937999999999999], [77.588, 12.937999999999999]]]}, "properties": {"class": "flood"}}, {"type": "Feature", "geometry": {"type": "Polygon", "coordinates": [[[77.606, 12.937999999999999], [77.606, 12.934], [77.61, 12.936], [77.61, 12.937999999999999], [77.606, 12.937999999999999]]]}, "properties": {"class": "flood"}}, {"type": "Feature", "geometry": {"type": "Polygon", "coordinates": [[[77.38799999999999, 12.936], [77.38799999999999, 12.934], [77.39, 12.934], [77.39, 12.936], [77.38799999999999, 12.936]]]}, "properties": {"class": "flood"}}, {"type": "Feature", "geometry": {"type": "Polygon", "coordinates": [[[77.58, 12.936], [77.58, 12.934], [77.58399999999999, 12.934], [77.58399999999999, 12.936], [77.58, 12.936]]]}, "properties": {"class": "flood"}}, {"type": "Feature", "geometry": {"type": "Polygon", "coordinates": [[[77.696, 12.936], [77.696, 12.934], [77.698, 12.934], [77.698, 12.936], [77.696, 12.936]]]}, "properties": {"class": "flood"}}, {"type": "Feature", "geometry": {"type": "Polygon", "coordinates": [[[77.762, 12.936], [77.762, 12.934], [77.764, 12.934], [77.764, 12.936], [77.762, 12.936]]]}, "properties": {"class": "flood"}}, {"type": "Feature", "geometry": {"type": "Polygon", "coordinates": [[[77.698, 12.934], [77.698, 12.931999999999999], [77.69999999999999, 12.931999999999999], [77.69999999999999, 12.934], [77.698, 12.934]]]}, "properties": {"class": "flood"}}, {"type": "Feature", "geometry": {"type": "Polygon", "coordinates": [[[77.72399999999999, 12.934], [77.72399999999999, 12.931999999999999], [77.726, 12.931999999999999], [77.726, 12.934], [77.72399999999999, 12.934]]]}, "properties": {"class": "flood"}}, {"type": "Feature", "geometry": {"type": "Polygon", "coordinates": [[[77.74199999999999, 12.934], [77.74199999999999, 12.931999999999999], [77.744, 12.931999999999999], [77.744, 12.934], [77.74199999999999, 12.934]]]}, "properties": {"class": "flood"}}, {"type": "Feature", "geometry": {"type": "Polygon", "coordinates": [[[77.39399999999999, 12.934], [77.39399999999999, 12.931999999999999], [77.398, 12.93], [77.398, 12.934], [77.39399999999999, 12.934]]]}, "properties": {"class": "flood"}}, {"type": "Feature", "geometry": {"type": "Polygon", "coordinates": [[[77.476, 12.931999999999999], [77.476, 12.93], [77.478, 12.93], [77.478, 12.931999999999999], [77.476, 12.931999999999999]]]}, "properties": {"class": "flood"}}, {"type": "Feature", "geometry": {"type": "Polygon", "coordinates": [[[77.55, 12.931999999999999], [77.55, 12.93], [77.55199999999999, 12.93], [77.55199999999999, 12.931999999999999], [77.55, 12.931999999999999]]]}, "properties": {"class": "flood"}}, {"type": "Feature", "geometry": {"type": "Polygon", "coordinates": [[[77.726, 12.931999999999999], [77.726, 12.93], [77.728, 12.93], [77.728, 12.931999999999999], [77.726, 12.931999999999999]]]}, "properties": {"class": "flood"}}, {"type": "Feature", "geometry": {"type": "Polygon", "coordinates": [[[77.74, 12.931999999999999], [77.74, 12.93], [77.74199999999999, 12.93], [77.74199999999999, 12.931999999999999], [77.74, 12.931999999999999]]]}, "properties": {"class": "flood"}}, {"type": "Feature", "geometry": {"type": "Polygon", "coordinates": [[[77.55199999999999, 12.93], [77.55199999999999, 12.927999999999999], [77.55399999999999, 12.927999999999999], [77.55399999999999, 12.93], [77.55199999999999, 12.93]]]}, "properties": {"class": "flood"}}, {"type": "Feature", "geometry": {"type": "Polygon", "coordinates": [[[77.582, 12.93], [77.582, 12.927999999999999], [77.58399999999999, 12.927999999999999], [77.58399999999999, 12.93], [77.582, 12.93]]]}, "properties": {"class": "flood"}}, {"type": "Feature", "geometry": {"type": "Polygon", "coordinates": [[[77.78, 12.93], [77.78, 12.927999999999999], [77.782, 12.927999999999999], [77.782, 12.93], [77.78, 12.93]]]}, "properties": {"class": "flood"}}, {"type": "Feature", "geometry": {"type": "Polygon", "coordinates": [[[77.402, 12.927999999999999], [77.402, 12.926], [77.404, 12.926], [77.404, 12.927999999999999], [77.402, 12.927999999999999]]]}, "properties": {"class": "flood"}}, {"type": "Feature", "geometry": {"type": "Polygon", "coordinates": [[[77.69399999999999, 12.93], [77.692, 12.926], [77.698, 12.927999999999999], [77.698, 12.93], [77.69399999999999, 12.93]]]}, "properties": {"class": "flood"}}, {"type": "Feature", "geometry": {"type": "Polygon", "coordinates": [[[77.782, 12.927999999999999], [77.782, 12.926], [77.78399999999999, 12.926], [77.78399999999999, 12.927999999999999], [77.782, 12.927999999999999]]]}, "properties": {"class": "flood"}}, {"type": "Feature", "geometry": {"type": "Polygon", "coordinates": [[[77.82799999999999, 12.927999999999999], [77.82799999999999, 12.926], [77.83, 12.926], [77.83, 12.927999999999999], [77.82799999999999, 12.927999999999999]]]}, "properties": {"class": "flood"}}, {"type": "Feature", "geometry": {"type": "Polygon", "coordinates": [[[77.714, 12.927999999999999], [77.714, 12.924], [77.716, 12.924], [77.716, 12.927999999999999], [77.714, 12.927999999999999]]]}, "properties": {"class": "flood"}}, {"type": "Feature", "geometry": {"type": "Polygon", "coordinates": [[[77.39999999999999, 12.926], [77.39999999999999, 12.924], [77.402, 12.924], [77.402, 12.926], [77.39999999999999, 12.926]]]}, "properties": {"class": "flood"}}, {"type": "Feature", "geometry": {"type": "Polygon", "coordinates": [[[77.624, 12.927999999999999], [77.622, 12.924], [77.628, 12.924], [77.628, 12.927999999999999], [77.624, 12.927999999999999]]]}, "properties": {"class": "flood"}}, {"type": "Feature", "geometry": {"type": "Polygon", "coordinates": [[[77.672, 12.927999999999999], [77.66999999999999, 12.926], [77.66999999999999, 12.924], [77.67399999999999, 12.924], [77.672, 12.927999999999999]]]}, "properties": {"class": "flood"}}, {"type": "Feature", "geometry": {"type": "Polygon", "coordinates": [[[77.58999999999999, 12.927999999999999], [77.58999999999999, 12.921999999999999], [77.592, 12.921999999999999], [77.592, 12.927999999999999], [77.58999999999999, 12.927999999999999]]]}, "properties": {"class": "flood"}}, {"type": "Feature", "geometry": {"type": "Polygon", "coordinates": [[[77.526, 12.926], [77.526, 12.921999999999999], [77.53, 12.921999999999999], [77.53, 12.926], [77.526, 12.926]]]}, "properties": {"class": "flood"}}, {"type": "Feature", "geometry": {"type": "Polygon", "coordinates": [[[77.576, 12.924], [77.576, 12.92], [77.582, 12.921999999999999], [77.582, 12.924], [77.576, 12.924]]]}, "properties": {"class": "flood"}}, {"type": "Feature", "geometry": {"type": "Polygon", "coordinates": [[[77.75, 12.926], [77.74799999999999, 12.921999999999999], [77.752, 12.92], [77.75399999999999, 12.924], [77.75, 12.926]]]}, "properties": {"class": "flood"}}, {"type": "Feature", "geometry": {"type": "Polygon", "coordinates": [[[77.65599999999999, 12.921999999999999], [77.65599999999999, 12.92], [77.66, 12.92], [77.66, 12.921999999999999], [77.65599999999999, 12.921999999999999]]]}, "properties": {"class": "flood"}}, {"type": "Feature", "geometry": {"type": "Polygon", "coordinates": [[[77.8, 12.921999999999999], [77.80199999999999, 12.918], [77.806, 12.918], [77.80399999999999, 12.921999999999999], [77.8, 12.921999999999999]]]}, "properties": {"class": "flood"}}, {"type": "Feature", "geometry": {"type": "Polygon", "coordinates": [[[77.356, 12.926], [77.354, 12.918], [77.36, 12.918], [77.362, 12.924], [77.356, 12.926]], [[77.35799999999999, 12.924], [77.36, 12.924], [77.36, 12.921999999999999], [77.35799999999999, 12.921999999999999], [77.35799999999999, 12.924]]]}, "properties": {"class": "flood"}}, {"type": "Feature", "geometry": {"type": "Polygon", "coordinates": [[[77.368, 12.92], [77.368, 12.918], [77.372, 12.918], [77.372, 12.92], [77.368, 12.92]]]}, "properties": {"class": "flood"}}, {"type": "Feature", "geometry": {"type": "Polygon", "coordinates": [[[77.648, 12.92], [77.648, 12.918], [77.64999999999999, 12.918], [77.64999999999999, 12.92], [77.648, 12.92]]]}, "properties": {"class": "flood"}}, {"type": "Feature", "geometry": {"type": "Polygon", "coordinates": [[[77.77799999999999, 12.92], [77.77799999999999, 12.918], [77.78, 12.918], [77.78, 12.92], [77.77799999999999, 12.92]]]}, "properties": {"class": "flood"}}, {"type": "Feature", "geometry": {"type": "Polygon", "coordinates": [[[77.83999999999999, 12.92], [77.83999999999999, 12.918], [77.842, 12.918], [77.842, 12.92], [77.83999999999999, 12.92]]]}, "properties": {"class": "flood"}}, {"type": "Feature", "geometry": {"type": "Polygon", "coordinates": [[[77.57199999999999, 12.918], [77.57199999999999, 12.915999999999999], [77.574, 12.915999999999999], [77.574, 12.918], [77.57199999999999, 12.918]]]}, "properties": {"class": "flood"}}, {"type": "Feature", "geometry": {"type": "Polygon", "coordinates": [[[77.646, 12.918], [77.646, 12.915999999999999], [77.648, 12.915999999999999], [77.648, 12.918], [77.646, 12.918]]]}, "properties": {"class": "flood"}}, {"type": "Feature", "geometry": {"type": "Polygon", "coordinates": [[[77.68799999999999, 12.918], [77.68799999999999, 12.915999999999999], [77.69, 12.915999999999999], [77.69, 12.918], [77.68799999999999, 12.918]]]}, "properties": {"class": "flood"}}, {"type": "Feature", "geometry": {"type": "Polygon", "coordinates": [[[77.698, 12.918], [77.698, 12.915999999999999], [77.69999999999999, 12.915999999999999], [77.69999999999999, 12.918], [77.698, 12.918]]]}, "properties": {"class": "flood"}}, {"type": "Feature", "geometry": {"type": "Polygon", "coordinates": [[[77.842, 12.918], [77.842, 12.915999999999999], [77.844, 12.915999999999999], [77.844, 12.918], [77.842, 12.918]]]}, "properties": {"class": "flood"}}, {"type": "Feature", "geometry": {"type": "Polygon", "coordinates": [[[77.574, 12.915999999999999], [77.574, 12.914], [77.576, 12.914], [77.576, 12.915999999999999], [77.574, 12.915999999999999]]]}, "properties": {"class": "flood"}}, {"type": "Feature", "geometry": {"type": "Polygon", "coordinates": [[[77.59599999999999, 12.915999999999999], [77.59599999999999, 12.914], [77.598, 12.914], [77.598, 12.915999999999999], [77.59599999999999, 12.915999999999999]]]}, "properties": {"class": "flood"}}, {"type": "Feature", "geometry": {"type": "Polygon", "coordinates": [[[77.68599999999999, 12.915999999999999], [77.68599999999999, 12.914], [77.68799999999999, 12.914], [77.68799999999999, 12.915999999999999], [77.68599999999999, 12.915999999999999]]]}, "properties": {"class": "flood"}}, {"type": "Feature", "geometry": {"type": "Polygon", "coordinates": [[[77.696, 12.915999999999999], [77.696, 12.914], [77.698, 12.914], [77.698, 12.915999999999999], [77.696, 12.915999999999999]]]}, "properties": {"class": "flood"}}, {"type": "Feature", "geometry": {"type": "Polygon", "coordinates": [[[77.79199999999999, 12.915999999999999], [77.79199999999999, 12.914], [77.794, 12.914], [77.794, 12.915999999999999], [77.79199999999999, 12.915999999999999]]]}, "properties": {"class": "flood"}}, {"type": "Feature", "geometry": {"type": "Polygon", "coordinates": [[[77.604, 12.918], [77.604, 12.914], [77.60799999999999, 12.911999999999999], [77.60799999999999, 12.918], [77.604, 12.918]]]}, "properties": {"class": "flood"}}, {"type": "Feature", "geometry": {"type": "Polygon", "coordinates": [[[77.366, 12.915999999999999], [77.366, 12.911999999999999], [77.36999999999999, 12.911999999999999], [77.36999999999999, 12.915999999999999], [77.366, 12.915999999999999]]]}, "properties": {"class": "flood"}}, {"type": "Feature", "geometry": {"type": "Polygon", "coordinates": [[[77.514, 12.915999999999999], [77.514, 12.911999999999999], [77.518, 12.914], [77.518, 12.915999999999999], [77.514, 12.915999999999999]]]}, "properties": {"class": "flood"}}, {"type": "Feature", "geometry": {"type": "Polygon", "coordinates": [[[77.55999999999999, 12.915999999999999], [77.55999999999999, 12.911999999999999], [77.562, 12.911999999999999], [77.564, 12.915999999999999], [77.55999999999999, 12.915999999999999]]]}, "properties": {"class": "flood"}}, {"type": "Feature", "geometry": {"type": "Polygon", "coordinates": [[[77.58, 12.915999999999999], [77.58, 12.911999999999999], [77.58399999999999, 12.911999999999999], [77.58399999999999, 12.915999999999999], [77.58, 12.915999999999999]]]}, "properties": {"class": "flood"}}, {"type": "Feature", "geometry": {"type": "Polygon", "coordinates": [[[77.826, 12.915999999999999], [77.826, 12.911999999999999], [77.82799999999999, 12.911999999999999], [77.82799999999999, 12.915999999999999], [77.826, 12.915999999999999]]]}, "properties": {"class": "flood"}}, {"type": "Feature", "geometry": {"type": "Polygon", "coordinates": [[[77.396, 12.914], [77.396, 12.911999999999999], [77.398, 12.911999999999999], [77.398, 12.914], [77.396, 12.914]]]}, "properties": {"class": "flood"}}, {"type": "Feature", "geometry": {"type": "Polygon", "coordinates": [[[77.594, 12.914], [77.594, 12.911999999999999], [77.59599999999999, 12.911999999999999], [77.59599999999999, 12.914], [77.594, 12.914]]]}, "properties": {"class": "flood"}}, {"type": "Feature", "geometry": {"type": "Polygon", "coordinates": [[[77.654, 12.914], [77.654, 12.911999999999999], [77.658, 12.911999999999999], [77.658, 12.914], [77.654, 12.914]]]}, "properties": {"class": "flood"}}, {"type": "Feature", "geometry": {"type": "Polygon", "coordinates": [[[77.704, 12.914], [77.704, 12.911999999999999], [77.70599999999999, 12.911999999999999], [77.70599999999999, 12.914], [77.704, 12.914]]]}, "properties": {"class": "flood"}}, {"type": "Feature", "geometry": {"type": "Polygon", "coordinates": [[[77.794, 12.914], [77.794, 12.911999999999999], [77.79599999999999, 12.911999999999999], [77.79599999999999, 12.914], [77.794, 12.914]]]}, "properties": {"class": "flood"}}, {"type": "Feature", "geometry": {"type": "Polygon", "coordinates": [[[77.842, 12.914], [77.842, 12.911999999999999], [77.844, 12.911999999999999], [77.844, 12.914], [77.842, 12.914]]]}, "properties": {"class": "flood"}}, {"type": "Feature", "geometry": {"type": "Polygon", "coordinates": [[[77.768, 12.915999999999999], [77.768, 12.911999999999999], [77.77199999999999, 12.91], [77.77199999999999, 12.914], [77.768, 12.915999999999999]]]}, "properties": {"class": "flood"}}, {"type": "Feature", "geometry": {"type": "Polygon", "coordinates": [[[77.708, 12.914], [77.708, 12.91], [77.71, 12.91], [77.71, 12.914], [77.708, 12.914]]]}, "properties": {"class": "flood"}}, {"type": "Feature", "geometry": {"type": "Polygon", "coordinates": [[[77.39399999999999, 12.911999999999999], [77.39399999999999, 12.91], [77.396, 12.91], [77.396, 12.911999999999999], [77.39399999999999, 12.911999999999999]]]}, "properties": {"class": "flood"}}, {"type": "Feature", "geometry": {"type": "Polygon", "coordinates": [[[77.564, 12.911999999999999], [77.564, 12.91], [77.568, 12.91], [77.568, 12.911999999999999], [77.564, 12.911999999999999]]]}, "properties": {"class": "flood"}}, {"type": "Feature", "geometry": {"type": "Polygon", "coordinates": [[[77.702, 12.911999999999999], [77.702, 12.91], [77.704, 12.91], [77.704, 12.911999999999999], [77.702, 12.911999999999999]]]}, "properties": {"class": "flood"}}, {"type": "Feature", "geometry": {"type": "Polygon", "coordinates": [[[77.728, 12.911999999999999], [77.728, 12.91], [77.72999999999999, 12.91], [77.72999999999999, 12.911999999999999], [77.728, 12.911999999999999]]]}, "properties": {"class": "flood"}}, {"type": "Feature", "geometry": {"type": "Polygon", "coordinates": [[[77.74799999999999, 12.911999999999999], [77.74799999999999, 12.91], [77.75, 12.91], [77.75, 12.911999999999999], [77.74799999999999, 12.911999999999999]]]}, "properties": {"class": "flood"}}, {"type": "Feature", "geometry": {"type": "Polygon", "coordinates": [[[77.752, 12.911999999999999], [77.752, 12.91], [77.75399999999999, 12.91], [77.75399999999999, 12.911999999999999], [77.752, 12.911999999999999]]]}, "properties": {"class": "flood"}}, {"type": "Feature", "geometry": {"type": "Polygon", "coordinates": [[[77.52, 12.911999999999999], [77.52, 12.908], [77.52199999999999, 12.908], [77.52199999999999, 12.911999999999999], [77.52, 12.911999999999999]]]}, "properties": {"class": "flood"}}, {"type": "Feature", "geometry": {"type": "Polygon", "coordinates": [[[77.55, 12.911999999999999], [77.55199999999999, 12.908], [77.55399999999999, 12.908], [77.55399999999999, 12.911999999999999], [77.55, 12.911999999999999]]]}, "properties": {"class": "flood"}}, {"type": "Feature", "geometry": {"type": "Polygon", "coordinates": [[[77.536, 12.91], [77.536, 12.908], [77.538, 12.908], [77.538, 12.91], [77.536, 12.91]]]}, "properties": {"class": "flood"}}, {"type": "Feature", "geometry": {"type": "Polygon", "coordinates": [[[77.654, 12.91], [77.654, 12.908], [77.65599999999999, 12.908], [77.65599999999999, 12.91], [77.654, 12.91]]]}, "properties": {"class": "flood"}}, {"type": "Feature", "geometry": {"type": "Polygon", "coordinates": [[[77.72999999999999, 12.91], [77.72999999999999, 12.908], [77.732, 12.908], [77.732, 12.91], [77.72999999999999, 12.91]]]}, "properties": {"class": "flood"}}, {"type": "Feature", "geometry": {"type": "Polygon", "coordinates": [[[77.75, 12.91], [77.75, 12.908], [77.752, 12.908], [77.752, 12.91], [77.75, 12.91]]]}, "properties": {"class": "flood"}}, {"type": "Feature", "geometry": {"type": "Polygon", "coordinates": [[[77.53, 12.911999999999999], [77.53, 12.905999999999999], [77.53399999999999, 12.905999999999999], [77.53399999999999, 12.911999999999999], [77.53, 12.911999999999999]]]}, "properties": {"class": "flood"}}, {"type": "Feature", "geometry": {"type": "Polygon", "coordinates": [[[77.366, 12.908], [77.366, 12.905999999999999], [77.36999999999999, 12.905999999999999], [77.36999999999999, 12.908], [77.366, 12.908]]]}, "properties": {"class": "flood"}}, {"type": "Feature", "geometry": {"type": "Polygon", "coordinates": [[[77.65599999999999, 12.908], [77.65599999999999, 12.905999999999999], [77.658, 12.905999999999999], [77.658, 12.908], [77.65599999999999, 12.908]]]}, "properties": {"class": "flood"}}, {"type": "Feature", "geometry": {"type": "Polygon", "coordinates": [[[77.67599999999999, 12.908], [77.67599999999999, 12.905999999999999], [77.678, 12.905999999999999], [77.678, 12.908], [77.67599999999999, 12.908]]]}, "properties": {"class": "flood"}}, {"type": "Feature", "geometry": {"type": "Polygon", "coordinates": [[[77.726, 12.908], [77.726, 12.905999999999999], [77.72999999999999, 12.905999999999999], [77.72999999999999, 12.908], [77.726, 12.908]]]}, "properties": {"class": "flood"}}, {"type": "Feature", "geometry": {"type": "Polygon", "coordinates": [[[77.622, 12.905999999999999], [77.622, 12.904], [77.624, 12.904], [77.624, 12.905999999999999], [77.622, 12.905999999999999]]]}, "properties": {"class": "flood"}}, {"type": "Feature", "geometry": {"type": "Polygon", "coordinates": [[[77.67399999999999, 12.905999999999999], [77.67399999999999, 12.904], [77.67599999999999, 12.904], [77.67599999999999, 12.905999999999999], [77.67399999999999, 12.905999999999999]]]}, "properties": {"class": "flood"}}, {"type": "Feature", "geometry": {"type": "Polygon", "coordinates": [[[77.678, 12.905999999999999], [77.678, 12.904], [77.67999999999999, 12.904], [77.67999999999999, 12.905999999999999], [77.678, 12.905999999999999]]]}, "properties": {"class": "flood"}}, {"type": "Feature", "geometry": {"type": "Polygon", "coordinates": [[[77.832, 12.905999999999999], [77.832, 12.904], [77.83399999999999, 12.904], [77.83399999999999, 12.905999999999999], [77.832, 12.905999999999999]]]}, "properties": {"class": "flood"}}, {"type": "Feature", "geometry": {"type": "Polygon", "coordinates": [[[77.652, 12.905999999999999], [77.652, 12.902], [77.654, 12.902], [77.65599999999999, 12.905999999999999], [77.652, 12.905999999999999]]]}, "properties": {"class": "flood"}}, {"type": "Feature", "geometry": {"type": "Polygon", "coordinates": [[[77.39399999999999, 12.904], [77.39399999999999, 12.902], [77.398, 12.902], [77.398, 12.904], [77.39399999999999, 12.904]]]}, "properties": {"class": "flood"}}, {"type": "Feature", "geometry": {"type": "Polygon", "coordinates": [[[77.624, 12.904], [77.624, 12.902], [77.62599999999999, 12.902], [77.62599999999999, 12.904], [77.624, 12.904]]]}, "properties": {"class": "flood"}}, {"type": "Feature", "geometry": {"type": "Polygon", "coordinates": [[[77.67599999999999, 12.904], [77.67599999999999, 12.902], [77.678, 12.902], [77.678, 12.904], [77.67599999999999, 12.904]]]}, "properties": {"class": "flood"}}, {"type": "Feature", "geometry": {"type": "Polygon", "coordinates": [[[77.83399999999999, 12.904], [77.83399999999999, 12.902], [77.836, 12.902], [77.836, 12.904], [77.83399999999999, 12.904]]]}, "properties": {"class": "flood"}}, {"type": "Feature", "geometry": {"type": "Polygon", "coordinates": [[[77.806, 12.904], [77.806, 12.899999999999999], [77.80799999999999, 12.899999999999999], [77.80799999999999, 12.904], [77.806, 12.904]]]}, "properties": {"class": "flood"}}, {"type": "Feature", "geometry": {"type": "Polygon", "coordinates": [[[77.57199999999999, 12.902], [77.57199999999999, 12.899999999999999], [77.574, 12.899999999999999], [77.574, 12.902], [77.57199999999999, 12.902]]]}, "properties": {"class": "flood"}}, {"type": "Feature", "geometry": {"type": "Polygon", "coordinates": [[[77.702, 12.902], [77.702, 12.899999999999999], [77.704, 12.899999999999999], [77.704, 12.902], [77.702, 12.902]]]}, "properties": {"class": "flood"}}, {"type": "Feature", "geometry": {"type": "Polygon", "coordinates": [[[77.50399999999999, 12.902], [77.50399999999999, 12.898], [77.508, 12.899999999999999], [77.508, 12.902], [77.50399999999999, 12.902]]]}, "properties": {"class": "flood"}}, {"type": "Feature", "geometry": {"type": "Polygon", "coordinates": [[[77.782, 12.902], [77.782, 12.898], [77.786, 12.898], [77.786, 12.899999999999999], [77.782, 12.902]]]}, "properties": {"class": "flood"}}, {"type": "Feature", "geometry": {"type": "Polygon", "coordinates": [[[77.79799999999999, 12.902], [77.79799999999999, 12.898], [77.8, 12.898], [77.8, 12.902], [77.79799999999999, 12.902]]]}, "properties": {"class": "flood"}}, {"type": "Feature", "geometry": {"type": "Polygon", "coordinates": [[[77.574, 12.899999999999999], [77.574, 12.898], [77.576, 12.898], [77.576, 12.899999999999999], [77.574, 12.899999999999999]]]}, "properties": {"class": "flood"}}, {"type": "Feature", "geometry": {"type": "Polygon", "coordinates": [[[77.61999999999999, 12.899999999999999], [77.61999999999999, 12.898], [77.622, 12.898], [77.622, 12.899999999999999], [77.61999999999999, 12.899999999999999]]]}, "properties": {"class": "flood"}}, {"type": "Feature", "geometry": {"type": "Polygon", "coordinates": [[[77.69999999999999, 12.899999999999999], [77.69999999999999, 12.898], [77.702, 12.898], [77.702, 12.899999999999999], [77.69999999999999, 12.899999999999999]]]}, "properties": {"class": "flood"}}, {"type": "Feature", "geometry": {"type": "Polygon", "coordinates": [[[77.78999999999999, 12.902], [77.788, 12.898], [77.794, 12.898], [77.794, 12.899999999999999], [77.78999999999999, 12.902]]]}, "properties": {"class": "flood"}}, {"type": "Feature", "geometry": {"type": "Polygon", "coordinates": [[[77.5, 12.899999999999999], [77.5, 12.895999999999999], [77.502, 12.895999999999999], [77.502, 12.899999999999999], [77.5, 12.899999999999999]]]}, "properties": {"class": "flood"}}, {"type": "Feature", "geometry": {"type": "Polygon", "coordinates": [[[77.60199999999999, 12.898], [77.60199999999999, 12.895999999999999], [77.604, 12.895999999999999], [77.604, 12.898], [77.60199999999999, 12.898]]]}, "properties": {"class": "flood"}}, {"type": "Feature", "geometry": {"type": "Polygon", "coordinates": [[[77.622, 12.898], [77.622, 12.895999999999999], [77.624, 12.895999999999999], [77.624, 12.898], [77.622, 12.898]]]}, "properties": {"class": "flood"}}, {"type": "Feature", "geometry": {"type": "Polygon", "coordinates": [[[77.64999999999999, 12.898], [77.64999999999999, 12.895999999999999], [77.654, 12.895999999999999], [77.654, 12.898], [77.64999999999999, 12.898]]]}, "properties": {"class": "flood"}}, {"type": "Feature", "geometry": {"type": "Polygon", "coordinates": [[[77.75, 12.898], [77.75, 12.895999999999999], [77.752, 12.895999999999999], [77.752, 12.898], [77.75, 12.898]]]}, "properties": {"class": "flood"}}, {"type": "Feature", "geometry": {"type": "Polygon", "coordinates": [[[77.77799999999999, 12.898], [77.77799999999999, 12.895999999999999], [77.78, 12.895999999999999], [77.78, 12.898], [77.77799999999999, 12.898]]]}, "properties": {"class": "flood"}}, {"type": "Feature", "geometry": {"type": "Polygon", "coordinates": [[[77.398, 12.898], [77.398, 12.894], [77.39999999999999, 12.894], [77.39999999999999, 12.898], [77.398, 12.898]]]}, "properties": {"class": "flood"}}, {"type": "Feature", "geometry": {"type": "Polygon", "coordinates": [[[77.752, 12.895999999999999], [77.752, 12.894], [77.75399999999999, 12.894], [77.75399999999999, 12.895999999999999], [77.752, 12.895999999999999]]]}, "properties": {"class": "flood"}}, {"type": "Feature", "geometry": {"type": "Polygon", "coordinates": [[[77.77, 12.898], [77.77, 12.895999999999999], [77.768, 12.894], [77.77199999999999, 12.894], [77.77, 12.898]]]}, "properties": {"class": "flood"}}, {"type": "Feature", "geometry": {"type": "Polygon", "coordinates": [[[77.708, 12.895999999999999], [77.708, 12.892], [77.71199999999999, 12.892], [77.71199999999999, 12.894], [77.708, 12.895999999999999]]]}, "properties": {"class": "flood"}}, {"type": "Feature", "geometry": {"type": "Polygon", "coordinates": [[[77.67399999999999, 12.894], [77.67399999999999, 12.892], [77.67599999999999, 12.892], [77.67599999999999, 12.894], [77.67399999999999, 12.894]]]}, "properties": {"class": "flood"}}, {"type": "Feature", "geometry": {"type": "Polygon", "coordinates": [[[77.728, 12.894], [77.728, 12.892], [77.72999999999999, 12.892], [77.72999999999999, 12.894], [77.728, 12.894]]]}, "properties": {"class": "flood"}}, {"type": "Feature", "geometry": {"type": "Polygon", "coordinates": [[[77.538, 12.892], [77.538, 12.889999999999999], [77.54199999999999, 12.889999999999999], [77.54199999999999, 12.892], [77.538, 12.892]]]}, "properties": {"class": "flood"}}, {"type": "Feature", "geometry": {"type": "Polygon", "coordinates": [[[77.564, 12.892], [77.564, 12.889999999999999], [77.56599999999999, 12.889999999999999], [77.56599999999999, 12.892], [77.564, 12.892]]]}, "properties": {"class": "flood"}}, {"type": "Feature", "geometry": {"type": "Polygon", "coordinates": [[[77.582, 12.892], [77.582, 12.889999999999999], [77.58399999999999, 12.889999999999999], [77.58399999999999, 12.892], [77.582, 12.892]]]}, "properties": {"class": "flood"}}, {"type": "Feature", "geometry": {"type": "Polygon", "coordinates": [[[77.648, 12.894], [77.648, 12.892], [77.646, 12.889999999999999], [77.64999999999999, 12.889999999999999], [77.648, 12.894]]]}, "properties": {"class": "flood"}}, {"type": "Feature", "geometry": {"type": "Polygon", "coordinates": [[[77.678, 12.894], [77.678, 12.892], [77.67599999999999, 12.889999999999999], [77.67999999999999, 12.889999999999999], [77.678, 12.894]]]}, "properties": {"class": "flood"}}, {"type": "Feature", "geometry": {"type": "Polygon", "coordinates": [[[77.73599999999999, 12.892], [77.73599999999999, 12.889999999999999], [77.738, 12.889999999999999], [77.738, 12.892], [77.73599999999999, 12.892]]]}, "properties": {"class": "flood"}}, {"type": "Feature", "geometry": {"type": "Polygon", "coordinates": [[[77.74, 12.892], [77.74, 12.889999999999999], [77.74199999999999, 12.889999999999999], [77.74199999999999, 12.892], [77.74, 12.892]]]}, "properties": {"class": "flood"}}, {"type": "Feature", "geometry": {"type": "Polygon", "coordinates": [[[77.80799999999999, 12.892], [77.80799999999999, 12.888], [77.812, 12.888], [77.812, 12.892], [77.80799999999999, 12.892]]]}, "properties": {"class": "flood"}}, {"type": "Feature", "geometry": {"type": "Polygon", "coordinates": [[[77.39399999999999, 12.889999999999999], [77.39399999999999, 12.888], [77.396, 12.888], [77.396, 12.889999999999999], [77.39399999999999, 12.889999999999999]]]}, "properties": {"class": "flood"}}, {"type": "Feature", "geometry": {"type": "Polygon", "coordinates": [[[77.58, 12.889999999999999], [77.58, 12.888], [77.582, 12.888], [77.582, 12.889999999999999], [77.58, 12.889999999999999]]]}, "properties": {"class": "flood"}}, {"type": "Feature", "geometry": {"type": "Polygon", "coordinates": [[[77.58999999999999, 12.889999999999999], [77.58999999999999, 12.888], [77.592, 12.888], [77.592, 12.889999999999999], [77.58999999999999, 12.889999999999999]]]}, "properties": {"class": "flood"}}, {"type": "Feature", "geometry": {"type": "Polygon", "coordinates": [[[77.738, 12.889999999999999], [77.738, 12.888], [77.74, 12.888], [77.74, 12.889999999999999], [77.738, 12.889999999999999]]]}, "properties": {"class": "flood"}}, {"type": "Feature", "geometry": {"type": "Polygon", "coordinates": [[[77.598, 12.889999999999999], [77.598, 12.886], [77.6, 12.886], [77.6, 12.889999999999999], [77.598, 12.889999999999999]]]}, "properties": {"class": "flood"}}, {"type": "Feature", "geometry": {"type": "Polygon", "coordinates": [[[77.526, 12.888], [77.526, 12.886], [77.53, 12.886], [77.53, 12.888], [77.526, 12.888]]]}, "properties": {"class": "flood"}}, {"type": "Feature", "geometry": {"type": "Polygon", "coordinates": [[[77.55399999999999, 12.888], [77.55399999999999, 12.886], [77.55799999999999, 12.883999999999999], [77.55799999999999, 12.888], [77.55399999999999, 12.888]]]}, "properties": {"class": "flood"}}, {"type": "Feature", "geometry": {"type": "Polygon", "coordinates": [[[77.508, 12.888], [77.508, 12.886], [77.506, 12.883999999999999], [77.50999999999999, 12.883999999999999], [77.508, 12.888]]]}, "properties": {"class": "flood"}}, {"type": "Feature", "geometry": {"type": "Polygon", "coordinates": [[[77.618, 12.886], [77.618, 12.883999999999999], [77.622, 12.883999999999999], [77.622, 12.886], [77.618, 12.886]]]}, "properties": {"class": "flood"}}, {"type": "Feature", "geometry": {"type": "Polygon", "coordinates": [[[77.74799999999999, 12.886], [77.74799999999999, 12.883999999999999], [77.75, 12.883999999999999], [77.75, 12.886], [77.74799999999999, 12.886]]]}, "properties": {"class": "flood"}}, {"type": "Feature", "geometry": {"type": "Polygon", "coordinates": [[[77.776, 12.886], [77.776, 12.883999999999999], [77.77799999999999, 12.883999999999999], [77.77799999999999, 12.886], [77.776, 12.886]]]}, "properties": {"class": "flood"}}, {"type": "Feature", "geometry": {"type": "Polygon", "coordinates": [[[77.652, 12.886], [77.652, 12.882], [77.654, 12.882], [77.65599999999999, 12.886], [77.652, 12.886]]]}, "properties": {"class": "flood"}}, {"type": "Feature", "geometry": {"type": "Polygon", "coordinates": [[[77.702, 12.883999999999999], [77.702, 12.882], [77.704, 12.882], [77.704, 12.883999999999999], [77.702, 12.883999999999999]]]}, "properties": {"class": "flood"}}, {"type": "Feature", "geometry": {"type": "Polygon", "coordinates": [[[77.71199999999999, 12.883999999999999], [77.71199999999999, 12.882], [77.714, 12.882], [77.714, 12.883999999999999], [77.71199999999999, 12.883999999999999]]]}, "properties": {"class": "flood"}}, {"type": "Feature", "geometry": {"type": "Polygon", "coordinates": [[[77.746, 12.883999999999999], [77.746, 12.882], [77.74799999999999, 12.882], [77.74799999999999, 12.883999999999999], [77.746, 12.883999999999999]]]}, "properties": {"class": "flood"}}, {"type": "Feature", "geometry": {"type": "Polygon", "coordinates": [[[77.77799999999999, 12.883999999999999], [77.77799999999999, 12.882], [77.78, 12.882], [77.78, 12.883999999999999], [77.77799999999999, 12.883999999999999]]]}, "properties": {"class": "flood"}}, {"type": "Feature", "geometry": {"type": "Polygon", "coordinates": [[[77.696, 12.883999999999999], [77.696, 12.879999999999999], [77.69999999999999, 12.879999999999999], [77.69999999999999, 12.883999999999999], [77.696, 12.883999999999999]]]}, "properties": {"class": "flood"}}, {"type": "Feature", "geometry": {"type": "Polygon", "coordinates": [[[77.396, 12.882], [77.396, 12.879999999999999], [77.398, 12.879999999999999], [77.398, 12.882], [77.396, 12.882]]]}, "properties": {"class": "flood"}}, {"type": "Feature", "geometry": {"type": "Polygon", "coordinates": [[[77.58399999999999, 12.882], [77.58399999999999, 12.879999999999999], [77.588, 12.879999999999999], [77.588, 12.882], [77.58399999999999, 12.882]]]}, "properties": {"class": "flood"}}, {"type": "Feature", "geometry": {"type": "Polygon", "coordinates": [[[77.616, 12.882], [77.616, 12.879999999999999], [77.61999999999999, 12.879999999999999], [77.61999999999999, 12.882], [77.616, 12.882]]]}, "properties": {"class": "flood"}}, {"type": "Feature", "geometry": {"type": "Polygon", "coordinates": [[[77.672, 12.882], [77.672, 12.879999999999999], [77.67599999999999, 12.879999999999999], [77.67599999999999, 12.882], [77.672, 12.882]]]}, "properties": {"class": "flood"}}, {"type": "Feature", "geometry": {"type": "Polygon", "coordinates": [[[77.704, 12.882], [77.704, 12.879999999999999], [77.70599999999999, 12.879999999999999], [77.70599999999999, 12.882], [77.704, 12.882]]]}, "properties": {"class": "flood"}}, {"type": "Feature", "geometry": {"type": "Polygon", "coordinates": [[[77.71, 12.882], [77.71, 12.879999999999999], [77.71199999999999, 12.879999999999999], [77.71199999999999, 12.882], [77.71, 12.882]]]}, "properties": {"class": "flood"}}, {"type": "Feature", "geometry": {"type": "Polygon", "coordinates": [[[77.786, 12.882], [77.786, 12.879999999999999], [77.788, 12.879999999999999], [77.788, 12.882], [77.786, 12.882]]]}, "properties": {"class": "flood"}}, {"type": "Feature", "geometry": {"type": "Polygon", "coordinates": [[[77.52799999999999, 12.883999999999999], [77.526, 12.879999999999999], [77.53, 12.878], [77.53, 12.883999999999999], [77.52799999999999, 12.883999999999999]]]}, "properties": {"class": "flood"}}, {"type": "Feature", "geometry": {"type": "Polygon", "coordinates": [[[77.39399999999999, 12.879999999999999], [77.39399999999999, 12.878], [77.396, 12.878], [77.396, 12.879999999999999], [77.39399999999999, 12.879999999999999]]]}, "properties": {"class": "flood"}}, {"type": "Feature", "geometry": {"type": "Polygon", "coordinates": [[[77.402, 12.879999999999999], [77.402, 12.878], [77.404, 12.878], [77.404, 12.879999999999999], [77.402, 12.879999999999999]]]}, "properties": {"class": "flood"}}, {"type": "Feature", "geometry": {"type": "Polygon", "coordinates": [[[77.73599999999999, 12.879999999999999], [77.73599999999999, 12.878], [77.74, 12.878], [77.74, 12.879999999999999], [77.73599999999999, 12.879999999999999]]]}, "properties": {"class": "flood"}}, {"type": "Feature", "geometry": {"type": "Polygon", "coordinates": [[[77.78399999999999, 12.879999999999999], [77.78399999999999, 12.878], [77.786, 12.878], [77.786, 12.879999999999999], [77.78399999999999, 12.879999999999999]]]}, "properties": {"class": "flood"}}, {"type": "Feature", "geometry": {"type": "Polygon", "coordinates": [[[77.532, 12.879999999999999], [77.532, 12.876], [77.53399999999999, 12.876], [77.53399999999999, 12.879999999999999], [77.532, 12.879999999999999]]]}, "properties": {"class": "flood"}}, {"type": "Feature", "geometry": {"type": "Polygon", "coordinates": [[[77.66999999999999, 12.879999999999999], [77.66999999999999, 12.876], [77.67399999999999, 12.876], [77.672, 12.879999999999999], [77.66999999999999, 12.879999999999999]]]}, "properties": {"class": "flood"}}, {"type": "Feature", "geometry": {"type": "Polygon", "coordinates": [[[77.71799999999999, 12.879999999999999], [77.71799999999999, 12.876], [77.722, 12.876], [77.722, 12.879999999999999], [77.71799999999999, 12.879999999999999]]]}, "properties": {"class": "flood"}}, {"type": "Feature", "geometry": {"type": "Polygon", "coordinates": [[[77.39999999999999, 12.878], [77.39999999999999, 12.876], [77.402, 12.876], [77.402, 12.878], [77.39999999999999, 12.878]]]}, "properties": {"class": "flood"}}, {"type": "Feature", "geometry": {"type": "Polygon", "coordinates": [[[77.52199999999999, 12.878], [77.52199999999999, 12.873999999999999], [77.526, 12.873999999999999], [77.524, 12.878], [77.52199999999999, 12.878]]]}, "properties": {"class": "flood"}}, {"type": "Feature", "geometry": {"type": "Polygon", "coordinates": [[[77.57199999999999, 12.878], [77.57199999999999, 12.876], [77.576, 12.873999999999999], [77.576, 12.878], [77.57199999999999, 12.878]]]}, "properties": {"class": "flood"}}, {"type": "Feature", "geometry": {"type": "Polygon", "coordinates": [[[77.66399999999999, 12.876], [77.66399999999999, 12.873999999999999], [77.666, 12.873999999999999], [77.666, 12.876], [77.66399999999999, 12.876]]]}, "properties": {"class": "flood"}}, {"type": "Feature", "geometry": {"type": "Polygon", "coordinates": [[[77.538, 12.876], [77.538, 12.872], [77.54199999999999, 12.872], [77.53999999999999, 12.876], [77.538, 12.876]]]}, "properties": {"class": "flood"}}, {"type": "Feature", "geometry": {"type": "Polygon", "coordinates": [[[77.64999999999999, 12.876], [77.64999999999999, 12.872], [77.652, 12.872], [77.652, 12.876], [77.64999999999999, 12.876]]]}, "properties": {"class": "flood"}}, {"type": "Feature", "geometry": {"type": "Polygon", "coordinates": [[[77.642, 12.873999999999999], [77.642, 12.872], [77.64399999999999, 12.872], [77.64399999999999, 12.873999999999999], [77.642, 12.873999999999999]]]}, "properties": {"class": "flood"}}, {"type": "Feature", "geometry": {"type": "Polygon", "coordinates": [[[77.666, 12.873999999999999], [77.666, 12.872], [77.66799999999999, 12.872], [77.66799999999999, 12.873999999999999], [77.666, 12.873999999999999]]]}, "properties": {"class": "flood"}}, {"type": "Feature", "geometry": {"type": "Polygon", "coordinates": [[[77.524, 12.872], [77.524, 12.87], [77.52799999999999, 12.87], [77.52799999999999, 12.872], [77.524, 12.872]]]}, "properties": {"class": "flood"}}, {"type": "Feature", "geometry": {"type": "Polygon", "coordinates": [[[77.582, 12.872], [77.582, 12.87], [77.58399999999999, 12.87], [77.58399999999999, 12.872], [77.582, 12.872]]]}, "properties": {"class": "flood"}}, {"type": "Feature", "geometry": {"type": "Polygon", "coordinates": [[[77.66199999999999, 12.872], [77.66199999999999, 12.87], [77.66399999999999, 12.87], [77.66399999999999, 12.872], [77.66199999999999, 12.872]]]}, "properties": {"class": "flood"}}, {"type": "Feature", "geometry": {"type": "Polygon", "coordinates": [[[77.844, 12.872], [77.844, 12.867999999999999], [77.84599999999999, 12.867999999999999], [77.84599999999999, 12.872], [77.844, 12.872]]]}, "properties": {"class": "flood"}}, {"type": "Feature", "geometry": {"type": "Polygon", "coordinates": [[[77.58399999999999, 12.87], [77.58399999999999, 12.867999999999999], [77.586, 12.867999999999999], [77.586, 12.87], [77.58399999999999, 12.87]]]}, "properties": {"class": "flood"}}, {"type": "Feature", "geometry": {"type": "Polygon", "coordinates": [[[77.61999999999999, 12.87], [77.61999999999999, 12.867999999999999], [77.624, 12.867999999999999], [77.624, 12.87], [77.61999999999999, 12.87]]]}, "properties": {"class": "flood"}}, {"type": "Feature", "geometry": {"type": "Polygon", "coordinates": [[[77.652, 12.87], [77.652, 12.867999999999999], [77.65599999999999, 12.867999999999999], [77.65599999999999, 12.87], [77.652, 12.87]]]}, "properties": {"class": "flood"}}, {"type": "Feature", "geometry": {"type": "Polygon", "coordinates": [[[77.66399999999999, 12.87], [77.66399999999999, 12.867999999999999], [77.666, 12.867999999999999], [77.666, 12.87], [77.66399999999999, 12.87]]]}, "properties": {"class": "flood"}}, {"type": "Feature", "geometry": {"type": "Polygon", "coordinates": [[[77.734, 12.87], [77.734, 12.866], [77.738, 12.867999999999999], [77.738, 12.87], [77.734, 12.87]]]}, "properties": {"class": "flood"}}, {"type": "Feature", "geometry": {"type": "Polygon", "coordinates": [[[77.69399999999999, 12.867999999999999], [77.69399999999999, 12.866], [77.696, 12.866], [77.696, 12.867999999999999], [77.69399999999999, 12.867999999999999]]]}, "properties": {"class": "flood"}}, {"type": "Feature", "geometry": {"type": "Polygon", "coordinates": [[[77.81599999999999, 12.867999999999999], [77.81599999999999, 12.866], [77.818, 12.866], [77.818, 12.867999999999999], [77.81599999999999, 12.867999999999999]]]}, "properties": {"class": "flood"}}, {"type": "Feature", "geometry": {"type": "Polygon", "coordinates": [[[77.69, 12.867999999999999], [77.69, 12.863999999999999], [77.69399999999999, 12.863999999999999], [77.69399999999999, 12.866], [77.69, 12.867999999999999]]]}, "properties": {"class": "flood"}}, {"type": "Feature", "geometry": {"type": "Polygon", "coordinates": [[[77.61, 12.866], [77.61, 12.863999999999999], [77.612, 12.863999999999999], [77.612, 12.866], [77.61, 12.866]]]}, "properties": {"class": "flood"}}, {"type": "Feature", "geometry": {"type": "Polygon", "coordinates": [[[77.752, 12.866], [77.752, 12.863999999999999], [77.75399999999999, 12.863999999999999], [77.75399999999999, 12.866], [77.752, 12.866]]]}, "properties": {"class": "flood"}}, {"type": "Feature", "geometry": {"type": "Polygon", "coordinates": [[[77.8, 12.866], [77.8, 12.863999999999999], [77.80199999999999, 12.863999999999999], [77.80199999999999, 12.866], [77.8, 12.866]]]}, "properties": {"class": "flood"}}, {"type": "Feature", "geometry": {"type": "Polygon", "coordinates": [[[77.818, 12.866], [77.818, 12.863999999999999], [77.82, 12.863999999999999], [77.82, 12.866], [77.818, 12.866]]]}, "properties": {"class": "flood"}}, {"type": "Feature", "geometry": {"type": "Polygon", "coordinates": [[[77.57799999999999, 12.867999999999999], [77.57799999999999, 12.862], [77.58, 12.862], [77.582, 12.866], [77.57799999999999, 12.867999999999999]]]}, "properties": {"class": "flood"}}, {"type": "Feature", "geometry": {"type": "Polygon", "coordinates": [[[77.74799999999999, 12.866], [77.74799999999999, 12.862], [77.752, 12.862], [77.75, 12.866], [77.74799999999999, 12.866]]]}, "properties": {"class": "flood"}}, {"type": "Feature", "geometry": {"type": "Polygon", "coordinates": [[[77.518, 12.863999999999999], [77.518, 12.862], [77.52199999999999, 12.862], [77.52199999999999, 12.863999999999999], [77.518, 12.863999999999999]]]}, "properties": {"class": "flood"}}, {"type": "Feature", "geometry": {"type": "Polygon", "coordinates": [[[77.60799999999999, 12.863999999999999], [77.60799999999999, 12.862], [77.61, 12.862], [77.61, 12.863999999999999], [77.60799999999999, 12.863999999999999]]]}, "properties": {"class": "flood"}}, {"type": "Feature", "geometry": {"type": "Polygon", "coordinates": [[[77.612, 12.863999999999999], [77.612, 12.862], [77.61399999999999, 12.862], [77.61399999999999, 12.863999999999999], [77.612, 12.863999999999999]]]}, "properties": {"class": "flood"}}, {"type": "Feature", "geometry": {"type": "Polygon", "coordinates": [[[77.652, 12.863999999999999], [77.652, 12.862], [77.654, 12.862], [77.654, 12.863999999999999], [77.652, 12.863999999999999]]]}, "properties": {"class": "flood"}}, {"type": "Feature", "geometry": {"type": "Polygon", "coordinates": [[[77.75399999999999, 12.863999999999999], [77.75399999999999, 12.862], [77.756, 12.862], [77.756, 12.863999999999999], [77.75399999999999, 12.863999999999999]]]}, "properties": {"class": "flood"}}, {"type": "Feature", "geometry": {"type": "Polygon", "coordinates": [[[77.79799999999999, 12.863999999999999], [77.79799999999999, 12.862], [77.8, 12.862], [77.8, 12.863999999999999], [77.79799999999999, 12.863999999999999]]]}, "properties": {"class": "flood"}}, {"type": "Feature", "geometry": {"type": "Polygon", "coordinates": [[[77.80199999999999, 12.863999999999999], [77.80199999999999, 12.862], [77.80399999999999, 12.862], [77.80399999999999, 12.863999999999999], [77.80199999999999, 12.863999999999999]]]}, "properties": {"class": "flood"}}, {"type": "Feature", "geometry": {"type": "Polygon", "coordinates": [[[77.814, 12.863999999999999], [77.814, 12.862], [77.818, 12.862], [77.818, 12.863999999999999], [77.814, 12.863999999999999]]]}, "properties": {"class": "flood"}}, {"type": "Feature", "geometry": {"type": "Polygon", "coordinates": [[[77.648, 12.862], [77.648, 12.86], [77.64999999999999, 12.86], [77.64999999999999, 12.862], [77.648, 12.862]]]}, "properties": {"class": "flood"}}, {"type": "Feature", "geometry": {"type": "Polygon", "coordinates": [[[77.654, 12.862], [77.654, 12.86], [77.65599999999999, 12.86], [77.65599999999999, 12.862], [77.654, 12.862]]]}, "properties": {"class": "flood"}}, {"type": "Feature", "geometry": {"type": "Polygon", "coordinates": [[[77.77, 12.862], [77.77, 12.86], [77.77199999999999, 12.86], [77.77199999999999, 12.862], [77.77, 12.862]]]}, "properties": {"class": "flood"}}, {"type": "Feature", "geometry": {"type": "Polygon", "coordinates": [[[77.8, 12.862], [77.8, 12.86], [77.80199999999999, 12.86], [77.80199999999999, 12.862], [77.8, 12.862]]]}, "properties": {"class": "flood"}}, {"type": "Feature", "geometry": {"type": "Polygon", "coordinates": [[[77.77799999999999, 12.862], [77.77799999999999, 12.857999999999999], [77.78, 12.857999999999999], [77.78, 12.862], [77.77799999999999, 12.862]]]}, "properties": {"class": "flood"}}, {"type": "Feature", "geometry": {"type": "Polygon", "coordinates": [[[77.538, 12.86], [77.538, 12.857999999999999], [77.53999999999999, 12.857999999999999], [77.53999999999999, 12.86], [77.538, 12.86]]]}, "properties": {"class": "flood"}}, {"type": "Feature", "geometry": {"type": "Polygon", "coordinates": [[[77.60799999999999, 12.86], [77.60799999999999, 12.857999999999999], [77.612, 12.857999999999999], [77.612, 12.86], [77.60799999999999, 12.86]]]}, "properties": {"class": "flood"}}, {"type": "Feature", "geometry": {"type": "Polygon", "coordinates": [[[77.64999999999999, 12.86], [77.64999999999999, 12.857999999999999], [77.652, 12.857999999999999], [77.652, 12.86], [77.64999999999999, 12.86]]]}, "properties": {"class": "flood"}}, {"type": "Feature", "geometry": {"type": "Polygon", "coordinates": [[[77.704, 12.86], [77.704, 12.857999999999999], [77.70599999999999, 12.857999999999999], [77.70599999999999, 12.86], [77.704, 12.86]]]}, "properties": {"class": "flood"}}, {"type": "Feature", "geometry": {"type": "Polygon", "coordinates": [[[77.72999999999999, 12.86], [77.72999999999999, 12.857999999999999], [77.734, 12.857999999999999], [77.734, 12.86], [77.72999999999999, 12.86]]]}, "properties": {"class": "flood"}}, {"type": "Feature", "geometry": {"type": "Polygon", "coordinates": [[[77.77199999999999, 12.86], [77.77199999999999, 12.857999999999999], [77.774, 12.857999999999999], [77.774, 12.86], [77.77199999999999, 12.86]]]}, "properties": {"class": "flood"}}, {"type": "Feature", "geometry": {"type": "Polygon", "coordinates": [[[77.568, 12.86], [77.568, 12.856], [77.57, 12.856], [77.57, 12.86], [77.568, 12.86]]]}, "properties": {"class": "flood"}}, {"type": "Feature", "geometry": {"type": "Polygon", "coordinates": [[[77.582, 12.86], [77.582, 12.856], [77.58399999999999, 12.856], [77.58399999999999, 12.86], [77.582, 12.86]]]}, "properties": {"class": "flood"}}, {"type": "Feature", "geometry": {"type": "Polygon", "coordinates": [[[77.53999999999999, 12.857999999999999], [77.53999999999999, 12.856], [77.54199999999999, 12.856], [77.54199999999999, 12.857999999999999], [77.53999999999999, 12.857999999999999]]]}, "properties": {"class": "flood"}}, {"type": "Feature", "geometry": {"type": "Polygon", "coordinates": [[[77.64399999999999, 12.857999999999999], [77.64399999999999, 12.856], [77.646, 12.856], [77.646, 12.857999999999999], [77.64399999999999, 12.857999999999999]]]}, "properties": {"class": "flood"}}, {"type": "Feature", "geometry": {"type": "Polygon", "coordinates": [[[77.702, 12.857999999999999], [77.702, 12.856], [77.704, 12.856], [77.704, 12.857999999999999], [77.702, 12.857999999999999]]]}, "properties": {"class": "flood"}}, {"type": "Feature", "geometry": {"type": "Polygon", "coordinates": [[[77.814, 12.857999999999999], [77.814, 12.856], [77.81599999999999, 12.856], [77.81599999999999, 12.857999999999999], [77.814, 12.857999999999999]]]}, "properties": {"class": "flood"}}, {"type": "Feature", "geometry": {"type": "Polygon", "coordinates": [[[77.678, 12.857999999999999], [77.678, 12.854], [77.68199999999999, 12.854], [77.68199999999999, 12.856], [77.678, 12.857999999999999]]]}, "properties": {"class": "flood"}}, {"type": "Feature", "geometry": {"type": "Polygon", "coordinates": [[[77.824, 12.857999999999999], [77.824, 12.854], [77.826, 12.854], [77.826, 12.857999999999999], [77.824, 12.857999999999999]]]}, "properties": {"class": "flood"}}, {"type": "Feature", "geometry": {"type": "Polygon", "coordinates": [[[77.518, 12.856], [77.518, 12.854], [77.52199999999999, 12.854], [77.52199999999999, 12.856], [77.518, 12.856]]]}, "properties": {"class": "flood"}}, {"type": "Feature", "geometry": {"type": "Polygon", "coordinates": [[[77.562, 12.856], [77.562, 12.854], [77.564, 12.854], [77.564, 12.856], [77.562, 12.856]]]}, "properties": {"class": "flood"}}, {"type": "Feature", "geometry": {"type": "Polygon", "coordinates": [[[77.646, 12.856], [77.646, 12.854], [77.648, 12.854], [77.648, 12.856], [77.646, 12.856]]]}, "properties": {"class": "flood"}}, {"type": "Feature", "geometry": {"type": "Polygon", "coordinates": [[[77.81599999999999, 12.856], [77.81599999999999, 12.854], [77.818, 12.854], [77.818, 12.856], [77.81599999999999, 12.856]]]}, "properties": {"class": "flood"}}, {"type": "Feature", "geometry": {"type": "Polygon", "coordinates": [[[77.564, 12.854], [77.564, 12.851999999999999], [77.56599999999999, 12.851999999999999], [77.56599999999999, 12.854], [77.564, 12.854]]]}, "properties": {"class": "flood"}}, {"type": "Feature", "geometry": {"type": "Polygon", "coordinates": [[[77.576, 12.854], [77.576, 12.851999999999999], [77.57799999999999, 12.851999999999999], [77.57799999999999, 12.854], [77.576, 12.854]]]}, "properties": {"class": "flood"}}, {"type": "Feature", "geometry": {"type": "Polygon", "coordinates": [[[77.756, 12.856], [77.756, 12.854], [77.75399999999999, 12.851999999999999], [77.758, 12.851999999999999], [77.756, 12.856]]]}, "properties": {"class": "flood"}}, {"type": "Feature", "geometry": {"type": "Polygon", "coordinates": [[[77.79599999999999, 12.854], [77.79599999999999, 12.851999999999999], [77.8, 12.851999999999999], [77.8, 12.854], [77.79599999999999, 12.854]]]}, "properties": {"class": "flood"}}, {"type": "Feature", "geometry": {"type": "Polygon", "coordinates": [[[77.728, 12.854], [77.72999999999999, 12.85], [77.732, 12.85], [77.732, 12.854], [77.728, 12.854]]]}, "properties": {"class": "flood"}}, {"type": "Feature", "geometry": {"type": "Polygon", "coordinates": [[[77.57799999999999, 12.851999999999999], [77.57799999999999, 12.85], [77.58, 12.85], [77.58, 12.851999999999999], [77.57799999999999, 12.851999999999999]]]}, "properties": {"class": "flood"}}, {"type": "Feature", "geometry": {"type": "Polygon", "coordinates": [[[77.592, 12.851999999999999], [77.592, 12.85], [77.59599999999999, 12.85], [77.59599999999999, 12.851999999999999], [77.592, 12.851999999999999]]]}, "properties": {"class": "flood"}}, {"type": "Feature", "geometry": {"type": "Polygon", "coordinates": [[[77.66799999999999, 12.851999999999999], [77.66799999999999, 12.85], [77.66999999999999, 12.85], [77.66999999999999, 12.851999999999999], [77.66799999999999, 12.851999999999999]]]}, "properties": {"class": "flood"}}, {"type": "Feature", "geometry": {"type": "Polygon", "coordinates": [[[77.80999999999999, 12.851999999999999], [77.80999999999999, 12.85], [77.812, 12.85], [77.812, 12.851999999999999], [77.80999999999999, 12.851999999999999]]]}, "properties": {"class": "flood"}}, {"type": "Feature", "geometry": {"type": "Polygon", "coordinates": [[[77.838, 12.851999999999999], [77.838, 12.85], [77.83999999999999, 12.85], [77.83999999999999, 12.851999999999999], [77.838, 12.851999999999999]]]}, "properties": {"class": "flood"}}, {"type": "Feature", "geometry": {"type": "Polygon", "coordinates": [[[77.66999999999999, 12.85], [77.66999999999999, 12.847999999999999], [77.672, 12.847999999999999], [77.672, 12.85], [77.66999999999999, 12.85]]]}, "properties": {"class": "flood"}}, {"type": "Feature", "geometry": {"type": "Polygon", "coordinates": [[[77.812, 12.85], [77.812, 12.847999999999999], [77.814, 12.847999999999999], [77.814, 12.85], [77.812, 12.85]]]}, "properties": {"class": "flood"}}, {"type": "Feature", "geometry": {"type": "Polygon", "coordinates": [[[77.83999999999999, 12.85], [77.83999999999999, 12.847999999999999], [77.842, 12.847999999999999], [77.842, 12.85], [77.83999999999999, 12.85]]]}, "properties": {"class": "flood"}}, {"type": "Feature", "geometry": {"type": "Polygon", "coordinates": [[[77.666, 12.85], [77.666, 12.846], [77.66799999999999, 12.846], [77.66799999999999, 12.85], [77.666, 12.85]]]}, "properties": {"class": "flood"}}, {"type": "Feature", "geometry": {"type": "Polygon", "coordinates": [[[77.582, 12.847999999999999], [77.582, 12.846], [77.58399999999999, 12.846], [77.58399999999999, 12.847999999999999], [77.582, 12.847999999999999]]]}, "properties": {"class": "flood"}}, {"type": "Feature", "geometry": {"type": "Polygon", "coordinates": [[[77.60799999999999, 12.847999999999999], [77.60799999999999, 12.846], [77.612, 12.846], [77.612, 12.847999999999999], [77.60799999999999, 12.847999999999999]]]}, "properties": {"class": "flood"}}, {"type": "Feature", "geometry": {"type": "Polygon", "coordinates": [[[77.658, 12.847999999999999], [77.658, 12.844], [77.66199999999999, 12.844], [77.66199999999999, 12.847999999999999], [77.658, 12.847999999999999]]]}, "properties": {"class": "flood"}}, {"type": "Feature", "geometry": {"type": "Polygon", "coordinates": [[[77.726, 12.846], [77.726, 12.844], [77.728, 12.844], [77.728, 12.846], [77.726, 12.846]]]}, "properties": {"class": "flood"}}, {"type": "Feature", "geometry": {"type": "Polygon", "coordinates": [[[77.832, 12.846], [77.832, 12.844], [77.83399999999999, 12.844], [77.83399999999999, 12.846], [77.832, 12.846]]]}, "properties": {"class": "flood"}}, {"type": "Feature", "geometry": {"type": "Polygon", "coordinates": [[[77.616, 12.846], [77.616, 12.841999999999999], [77.618, 12.841999999999999], [77.618, 12.846], [77.616, 12.846]]]}, "properties": {"class": "flood"}}, {"type": "Feature", "geometry": {"type": "Polygon", "coordinates": [[[77.646, 12.846], [77.646, 12.841999999999999], [77.648, 12.841999999999999], [77.648, 12.846], [77.646, 12.846]]]}, "properties": {"class": "flood"}}, {"type": "Feature", "geometry": {"type": "Polygon", "coordinates": [[[77.75, 12.846], [77.75, 12.844], [77.75399999999999, 12.841999999999999], [77.75399999999999, 12.846], [77.75, 12.846]]]}, "properties": {"class": "flood"}}, {"type": "Feature", "geometry": {"type": "Polygon", "coordinates": [[[77.77199999999999, 12.846], [77.77199999999999, 12.844], [77.776, 12.841999999999999], [77.776, 12.846], [77.77199999999999, 12.846]]]}, "properties": {"class": "flood"}}, {"type": "Feature", "geometry": {"type": "Polygon", "coordinates": [[[77.624, 12.844], [77.624, 12.841999999999999], [77.62599999999999, 12.841999999999999], [77.62599999999999, 12.844], [77.624, 12.844]]]}, "properties": {"class": "flood"}}, {"type": "Feature", "geometry": {"type": "Polygon", "coordinates": [[[77.83399999999999, 12.844], [77.83399999999999, 12.841999999999999], [77.836, 12.841999999999999], [77.836, 12.844], [77.83399999999999, 12.844]]]}, "properties": {"class": "flood"}}, {"type": "Feature", "geometry": {"type": "Polygon", "coordinates": [[[77.68599999999999, 12.847999999999999], [77.684, 12.846], [77.684, 12.84], [77.68799999999999, 12.84], [77.68599999999999, 12.847999999999999]]]}, "properties": {"class": "flood"}}, {"type": "Feature", "geometry": {"type": "Polygon", "coordinates": [[[77.63799999999999, 12.844], [77.63799999999999, 12.84], [77.64, 12.84], [77.64, 12.844], [77.63799999999999, 12.844]]]}, "properties": {"class": "flood"}}, {"type": "Feature", "geometry": {"type": "Polygon", "coordinates": [[[77.62599999999999, 12.841999999999999], [77.62599999999999, 12.84], [77.628, 12.84], [77.628, 12.841999999999999], [77.62599999999999, 12.841999999999999]]]}, "properties": {"class": "flood"}}, {"type": "Feature", "geometry": {"type": "Polygon", "coordinates": [[[77.64399999999999, 12.841999999999999], [77.64399999999999, 12.84], [77.646, 12.84], [77.646, 12.841999999999999], [77.64399999999999, 12.841999999999999]]]}, "properties": {"class": "flood"}}, {"type": "Feature", "geometry": {"type": "Polygon", "coordinates": [[[77.65599999999999, 12.841999999999999], [77.65599999999999, 12.84], [77.658, 12.84], [77.658, 12.841999999999999], [77.65599999999999, 12.841999999999999]]]}, "properties": {"class": "flood"}}, {"type": "Feature", "geometry": {"type": "Polygon", "coordinates": [[[77.66, 12.841999999999999], [77.66, 12.84], [77.66199999999999, 12.84], [77.66199999999999, 12.841999999999999], [77.66, 12.841999999999999]]]}, "properties": {"class": "flood"}}, {"type": "Feature", "geometry": {"type": "Polygon", "coordinates": [[[77.77, 12.841999999999999], [77.77, 12.84], [77.77199999999999, 12.84], [77.77199999999999, 12.841999999999999], [77.77, 12.841999999999999]]]}, "properties": {"class": "flood"}}, {"type": "Feature", "geometry": {"type": "Polygon", "coordinates": [[[77.79199999999999, 12.841999999999999], [77.79199999999999, 12.84], [77.79599999999999, 12.84], [77.79599999999999, 12.841999999999999], [77.79199999999999, 12.841999999999999]]]}, "properties": {"class": "flood"}}, {"type": "Feature", "geometry": {"type": "Polygon", "coordinates": [[[77.658, 12.84], [77.658, 12.838], [77.66, 12.838], [77.66, 12.84], [77.658, 12.84]]]}, "properties": {"class": "flood"}}, {"type": "Feature", "geometry": {"type": "Polygon", "coordinates": [[[77.586, 12.84], [77.586, 12.835999999999999], [77.588, 12.835999999999999], [77.588, 12.84], [77.586, 12.84]]]}, "properties": {"class": "flood"}}, {"type": "Feature", "geometry": {"type": "Polygon", "coordinates": [[[77.60199999999999, 12.84], [77.60199999999999, 12.835999999999999], [77.604, 12.835999999999999], [77.604, 12.84], [77.60199999999999, 12.84]]]}, "properties": {"class": "flood"}}, {"type": "Feature", "geometry": {"type": "Polygon", "coordinates": [[[77.622, 12.84], [77.622, 12.835999999999999], [77.624, 12.835999999999999], [77.624, 12.84], [77.622, 12.84]]]}, "properties": {"class": "flood"}}, {"type": "Feature", "geometry": {"type": "Polygon", "coordinates": [[[77.69999999999999, 12.84], [77.69999999999999, 12.835999999999999], [77.702, 12.835999999999999], [77.704, 12.84], [77.69999999999999, 12.84]]]}, "properties": {"class": "flood"}}, {"type": "Feature", "geometry": {"type": "Polygon", "coordinates": [[[77.80399999999999, 12.84], [77.80399999999999, 12.835999999999999], [77.80799999999999, 12.835999999999999], [77.80799999999999, 12.84], [77.80399999999999, 12.84]]]}, "properties": {"class": "flood"}}, {"type": "Feature", "geometry": {"type": "Polygon", "coordinates": [[[77.594, 12.84], [77.592, 12.835999999999999], [77.598, 12.835999999999999], [77.598, 12.838], [77.594, 12.84]]]}, "properties": {"class": "flood"}}, {"type": "Feature", "geometry": {"type": "Polygon", "coordinates": [[[77.728, 12.838], [77.728, 12.835999999999999], [77.732, 12.835999999999999], [77.732, 12.838], [77.728, 12.838]]]}, "properties": {"class": "flood"}}, {"type": "Feature", "geometry": {"type": "Polygon", "coordinates": [[[77.776, 12.838], [77.776, 12.835999999999999], [77.77799999999999, 12.835999999999999], [77.77799999999999, 12.838], [77.776, 12.838]]]}, "properties": {"class": "flood"}}, {"type": "Feature", "geometry": {"type": "Polygon", "coordinates": [[[77.842, 12.838], [77.842, 12.835999999999999], [77.844, 12.835999999999999], [77.844, 12.838], [77.842, 12.838]]]}, "properties": {"class": "flood"}}, {"type": "Feature", "geometry": {"type": "Polygon", "coordinates": [[[77.53999999999999, 12.835999999999999], [77.53999999999999, 12.834], [77.54199999999999, 12.834], [77.54199999999999, 12.835999999999999], [77.53999999999999, 12.835999999999999]]]}, "properties": {"class": "flood"}}, {"type": "Feature", "geometry": {"type": "Polygon", "coordinates": [[[77.774, 12.835999999999999], [77.774, 12.834], [77.776, 12.834], [77.776, 12.835999999999999], [77.774, 12.835999999999999]]]}, "properties": {"class": "flood"}}, {"type": "Feature", "geometry": {"type": "Polygon", "coordinates": [[[77.78399999999999, 12.835999999999999], [77.78399999999999, 12.834], [77.786, 12.834], [77.786, 12.835999999999999], [77.78399999999999, 12.835999999999999]]]}, "properties": {"class": "flood"}}, {"type": "Feature", "geometry": {"type": "Polygon", "coordinates": [[[77.794, 12.835999999999999], [77.794, 12.834], [77.79799999999999, 12.834], [77.79799999999999, 12.835999999999999], [77.794, 12.835999999999999]]]}, "properties": {"class": "flood"}}, {"type": "Feature", "geometry": {"type": "Polygon", "coordinates": [[[77.82, 12.838], [77.82, 12.835999999999999], [77.818, 12.834], [77.82199999999999, 12.834], [77.82, 12.838]]]}, "properties": {"class": "flood"}}, {"type": "Feature", "geometry": {"type": "Polygon", "coordinates": [[[77.844, 12.835999999999999], [77.844, 12.834], [77.84599999999999, 12.834], [77.84599999999999, 12.835999999999999], [77.844, 12.835999999999999]]]}, "properties": {"class": "flood"}}, {"type": "Feature", "geometry": {"type": "Polygon", "coordinates": [[[77.54199999999999, 12.834], [77.54199999999999, 12.831999999999999], [77.544, 12.831999999999999], [77.544, 12.834], [77.54199999999999, 12.834]]]}, "properties": {"class": "flood"}}, {"type": "Feature", "geometry": {"type": "Polygon", "coordinates": [[[77.646, 12.834], [77.646, 12.831999999999999], [77.64999999999999, 12.831999999999999], [77.64999999999999, 12.834], [77.646, 12.834]]]}, "properties": {"class": "flood"}}, {"type": "Feature", "geometry": {"type": "Polygon", "coordinates": [[[77.752, 12.834], [77.752, 12.831999999999999], [77.756, 12.831999999999999], [77.756, 12.834], [77.752, 12.834]]]}, "properties": {"class": "flood"}}, {"type": "Feature", "geometry": {"type": "Polygon", "coordinates": [[[77.782, 12.834], [77.782, 12.831999999999999], [77.78399999999999, 12.831999999999999], [77.78399999999999, 12.834], [77.782, 12.834]]]}, "properties": {"class": "flood"}}, {"type": "Feature", "geometry": {"type": "Polygon", "coordinates": [[[77.55, 12.831999999999999], [77.55, 12.83], [77.55199999999999, 12.83], [77.55199999999999, 12.831999999999999], [77.55, 12.831999999999999]]]}, "properties": {"class": "flood"}}, {"type": "Feature", "geometry": {"type": "Polygon", "coordinates": [[[77.69999999999999, 12.831999999999999], [77.69999999999999, 12.83], [77.704, 12.83], [77.704, 12.831999999999999], [77.69999999999999, 12.831999999999999]]]}, "properties": {"class": "flood"}}, {"type": "Feature", "geometry": {"type": "Polygon", "coordinates": [[[77.71199999999999, 12.831999999999999], [77.71199999999999, 12.828], [77.714, 12.828], [77.714, 12.831999999999999], [77.71199999999999, 12.831999999999999]]]}, "properties": {"class": "flood"}}, {"type": "Feature", "geometry": {"type": "Polygon", "coordinates": [[[77.55199999999999, 12.83], [77.55199999999999, 12.828], [77.55399999999999, 12.828], [77.55399999999999, 12.83], [77.55199999999999, 12.83]]]}, "properties": {"class": "flood"}}, {"type": "Feature", "geometry": {"type": "Polygon", "coordinates": [[[77.79199999999999, 12.83], [77.79199999999999, 12.828], [77.79599999999999, 12.828], [77.79599999999999, 12.83], [77.79199999999999, 12.83]]]}, "properties": {"class": "flood"}}, {"type": "Feature", "geometry": {"type": "Polygon", "coordinates": [[[77.77199999999999, 12.828], [77.77199999999999, 12.825999999999999], [77.774, 12.825999999999999], [77.774, 12.828], [77.77199999999999, 12.828]]]}, "properties": {"class": "flood"}}, {"type": "Feature", "geometry": {"type": "Polygon", "coordinates": [[[77.58399999999999, 12.828], [77.58399999999999, 12.824], [77.588, 12.824], [77.586, 12.828], [77.58399999999999, 12.828]]]}, "properties": {"class": "flood"}}, {"type": "Feature", "geometry": {"type": "Polygon", "coordinates": [[[77.57199999999999, 12.825999999999999], [77.57199999999999, 12.824], [77.574, 12.824], [77.574, 12.825999999999999], [77.57199999999999, 12.825999999999999]]]}, "properties": {"class": "flood"}}, {"type": "Feature", "geometry": {"type": "Polygon", "coordinates": [[[77.768, 12.825999999999999], [77.768, 12.824], [77.77, 12.824], [77.77, 12.825999999999999], [77.768, 12.825999999999999]]]}, "properties": {"class": "flood"}}, {"type": "Feature", "geometry": {"type": "Polygon", "coordinates": [[[77.774, 12.825999999999999], [77.774, 12.824], [77.776, 12.824], [77.776, 12.825999999999999], [77.774, 12.825999999999999]]]}, "properties": {"class": "flood"}}, {"type": "Feature", "geometry": {"type": "Polygon", "coordinates": [[[77.80799999999999, 12.825999999999999], [77.80999999999999, 12.822], [77.812, 12.822], [77.812, 12.825999999999999], [77.80799999999999, 12.825999999999999]]]}, "properties": {"class": "flood"}}, {"type": "Feature", "geometry": {"type": "Polygon", "coordinates": [[[77.574, 12.824], [77.574, 12.822], [77.57799999999999, 12.822], [77.57799999999999, 12.824], [77.574, 12.824]]]}, "properties": {"class": "flood"}}, {"type": "Feature", "geometry": {"type": "Polygon", "coordinates": [[[77.6, 12.825999999999999], [77.598, 12.824], [77.598, 12.819999999999999], [77.60199999999999, 12.822], [77.6, 12.825999999999999]]]}, "properties": {"class": "flood"}}, {"type": "Feature", "geometry": {"type": "Polygon", "coordinates": [[[77.64999999999999, 12.822], [77.64999999999999, 12.819999999999999], [77.652, 12.819999999999999], [77.652, 12.822], [77.64999999999999, 12.822]]]}, "properties": {"class": "flood"}}, {"type": "Feature", "geometry": {"type": "Polygon", "coordinates": [[[77.70599999999999, 12.822], [77.70599999999999, 12.818], [77.71, 12.818], [77.708, 12.822], [77.70599999999999, 12.822]]]}, "properties": {"class": "flood"}}, {"type": "Feature", "geometry": {"type": "Polygon", "coordinates": [[[77.652, 12.819999999999999], [77.652, 12.818], [77.654, 12.818], [77.654, 12.819999999999999], [77.652, 12.819999999999999]]]}, "properties": {"class": "flood"}}, {"type": "Feature", "geometry": {"type": "Polygon", "coordinates": [[[77.838, 12.819999999999999], [77.838, 12.818], [77.842, 12.818], [77.842, 12.819999999999999], [77.838, 12.819999999999999]]]}, "properties": {"class": "flood"}}, {"type": "Feature", "geometry": {"type": "Polygon", "coordinates": [[[77.61999999999999, 12.822], [77.61999999999999, 12.815999999999999], [77.624, 12.815999999999999], [77.624, 12.822], [77.61999999999999, 12.822]]]}, "properties": {"class": "flood"}}, {"type": "Feature", "geometry": {"type": "Polygon", "coordinates": [[[77.666, 12.819999999999999], [77.666, 12.815999999999999], [77.66799999999999, 12.815999999999999], [77.66799999999999, 12.819999999999999], [77.666, 12.819999999999999]]]}, "properties": {"class": "flood"}}, {"type": "Feature", "geometry": {"type": "Polygon", "coordinates": [[[77.69, 12.819999999999999], [77.68799999999999, 12.818], [77.68799999999999, 12.815999999999999], [77.692, 12.815999999999999], [77.69, 12.819999999999999]]]}, "properties": {"class": "flood"}}, {"type": "Feature", "geometry": {"type": "Polygon", "coordinates": [[[77.786, 12.818], [77.786, 12.815999999999999], [77.788, 12.815999999999999], [77.788, 12.818], [77.786, 12.818]]]}, "properties": {"class": "flood"}}, {"type": "Feature", "geometry": {"type": "Polygon", "coordinates": [[[77.8, 12.818], [77.8, 12.815999999999999], [77.80399999999999, 12.815999999999999], [77.80399999999999, 12.818], [77.8, 12.818]]]}, "properties": {"class": "flood"}}, {"type": "Feature", "geometry": {"type": "Polygon", "coordinates": [[[77.63799999999999, 12.818], [77.63799999999999, 12.815999999999999], [77.642, 12.814], [77.642, 12.818], [77.63799999999999, 12.818]]]}, "properties": {"class": "flood"}}, {"type": "Feature", "geometry": {"type": "Polygon", "coordinates": [[[77.67599999999999, 12.819999999999999], [77.67399999999999, 12.815999999999999], [77.678, 12.814], [77.678, 12.819999999999999], [77.67599999999999, 12.819999999999999]]]}, "properties": {"class": "flood"}}, {"type": "Feature", "geometry": {"type": "Polygon", "coordinates": [[[77.82799999999999, 12.815999999999999], [77.82799999999999, 12.814], [77.83, 12.814], [77.83, 12.815999999999999], [77.82799999999999, 12.815999999999999]]]}, "properties": {"class": "flood"}}, {"type": "Feature", "geometry": {"type": "Polygon", "coordinates": [[[77.812, 12.815999999999999], [77.814, 12.812], [77.818, 12.814], [77.818, 12.815999999999999], [77.812, 12.815999999999999]]]}, "properties": {"class": "flood"}}, {"type": "Feature", "geometry": {"type": "Polygon", "coordinates": [[[77.57199999999999, 12.814], [77.57199999999999, 12.812], [77.576, 12.812], [77.576, 12.814], [77.57199999999999, 12.814]]]}, "properties": {"class": "flood"}}, {"type": "Feature", "geometry": {"type": "Polygon", "coordinates": [[[77.588, 12.814], [77.588, 12.812], [77.58999999999999, 12.812], [77.58999999999999, 12.814], [77.588, 12.814]]]}, "properties": {"class": "flood"}}, {"type": "Feature", "geometry": {"type": "Polygon", "coordinates": [[[77.66, 12.814], [77.66, 12.812], [77.66199999999999, 12.812], [77.66199999999999, 12.814], [77.66, 12.814]]]}, "properties": {"class": "flood"}}, {"type": "Feature", "geometry": {"type": "Polygon", "coordinates": [[[77.57, 12.812], [77.57, 12.809999999999999], [77.57199999999999, 12.809999999999999], [77.57199999999999, 12.812], [77.57, 12.812]]]}, "properties": {"class": "flood"}}, {"type": "Feature", "geometry": {"type": "Polygon", "coordinates": [[[77.586, 12.812], [77.586, 12.809999999999999], [77.588, 12.809999999999999], [77.588, 12.812], [77.586, 12.812]]]}, "properties": {"class": "flood"}}, {"type": "Feature", "geometry": {"type": "Polygon", "coordinates": [[[77.604, 12.812], [77.604, 12.809999999999999], [77.60799999999999, 12.809999999999999], [77.60799999999999, 12.812], [77.604, 12.812]]]}, "properties": {"class": "flood"}}, {"type": "Feature", "geometry": {"type": "Polygon", "coordinates": [[[77.62599999999999, 12.812], [77.62599999999999, 12.809999999999999], [77.628, 12.809999999999999], [77.628, 12.812], [77.62599999999999, 12.812]]]}, "properties": {"class": "flood"}}, {"type": "Feature", "geometry": {"type": "Polygon", "coordinates": [[[77.658, 12.812], [77.658, 12.809999999999999], [77.66, 12.809999999999999], [77.66, 12.812], [77.658, 12.812]]]}, "properties": {"class": "flood"}}, {"type": "Feature", "geometry": {"type": "Polygon", "coordinates": [[[77.744, 12.812], [77.744, 12.809999999999999], [77.74799999999999, 12.809999999999999], [77.74799999999999, 12.812], [77.744, 12.812]]]}, "properties": {"class": "flood"}}, {"type": "Feature", "geometry": {"type": "Polygon", "coordinates": [[[77.77199999999999, 12.812], [77.77199999999999, 12.809999999999999], [77.774, 12.809999999999999], [77.774, 12.812], [77.77199999999999, 12.812]]]}, "properties": {"class": "flood"}}, {"type": "Feature", "geometry": {"type": "Polygon", "coordinates": [[[77.78399999999999, 12.812], [77.78399999999999, 12.809999999999999], [77.786, 12.809999999999999], [77.786, 12.812], [77.78399999999999, 12.812]]]}, "properties": {"class": "flood"}}, {"type": "Feature", "geometry": {"type": "Polygon", "coordinates": [[[77.83399999999999, 12.812], [77.83399999999999, 12.808], [77.836, 12.808], [77.836, 12.812], [77.83399999999999, 12.812]]]}, "properties": {"class": "flood"}}, {"type": "Feature", "geometry": {"type": "Polygon", "coordinates": [[[77.57199999999999, 12.809999999999999], [77.57199999999999, 12.808], [77.574, 12.808], [77.574, 12.809999999999999], [77.57199999999999, 12.809999999999999]]]}, "properties": {"class": "flood"}}, {"type": "Feature", "geometry": {"type": "Polygon", "coordinates": [[[77.624, 12.809999999999999], [77.624, 12.808], [77.62599999999999, 12.808], [77.62599999999999, 12.809999999999999], [77.624, 12.809999999999999]]]}, "properties": {"class": "flood"}}, {"type": "Feature", "geometry": {"type": "Polygon", "coordinates": [[[77.648, 12.809999999999999], [77.648, 12.808], [77.64999999999999, 12.808], [77.64999999999999, 12.809999999999999], [77.648, 12.809999999999999]]]}, "properties": {"class": "flood"}}, {"type": "Feature", "geometry": {"type": "Polygon", "coordinates": [[[77.786, 12.809999999999999], [77.786, 12.808], [77.788, 12.808], [77.788, 12.809999999999999], [77.786, 12.809999999999999]]]}, "properties": {"class": "flood"}}, {"type": "Feature", "geometry": {"type": "Polygon", "coordinates": [[[77.79799999999999, 12.809999999999999], [77.79799999999999, 12.808], [77.80199999999999, 12.808], [77.80199999999999, 12.809999999999999], [77.79799999999999, 12.809999999999999]]]}, "properties": {"class": "flood"}}, {"type": "Feature", "geometry": {"type": "Polygon", "coordinates": [[[77.732, 12.812], [77.732, 12.806], [77.734, 12.806], [77.73599999999999, 12.809999999999999], [77.732, 12.812]]]}, "properties": {"class": "flood"}}, {"type": "Feature", "geometry": {"type": "Polygon", "coordinates": [[[77.56599999999999, 12.808], [77.56599999999999, 12.806], [77.568, 12.806], [77.568, 12.808], [77.56599999999999, 12.808]]]}, "properties": {"class": "flood"}}, {"type": "Feature", "geometry": {"type": "Polygon", "coordinates": [[[77.64999999999999, 12.808], [77.64999999999999, 12.806], [77.652, 12.806], [77.652, 12.808], [77.64999999999999, 12.808]]]}, "properties": {"class": "flood"}}, {"type": "Feature", "geometry": {"type": "Polygon", "coordinates": [[[77.55999999999999, 12.806], [77.55999999999999, 12.803999999999998], [77.56599999999999, 12.803999999999998], [77.56599999999999, 12.806], [77.55999999999999, 12.806]]]}, "properties": {"class": "flood"}}, {"type": "Feature", "geometry": {"type": "Polygon", "coordinates": [[[77.568, 12.806], [77.568, 12.803999999999998], [77.57, 12.803999999999998], [77.57, 12.806], [77.568, 12.806]]]}, "properties": {"class": "flood"}}, {"type": "Feature", "geometry": {"type": "Polygon", "coordinates": [[[77.734, 12.806], [77.734, 12.803999999999998], [77.73599999999999, 12.803999999999998], [77.73599999999999, 12.806], [77.734, 12.806]]]}, "properties": {"class": "flood"}}, {"type": "Feature", "geometry": {"type": "Polygon", "coordinates": [[[77.738, 12.806], [77.738, 12.803999999999998], [77.74, 12.803999999999998], [77.74, 12.806], [77.738, 12.806]]]}, "properties": {"class": "flood"}}, {"type": "Feature", "geometry": {"type": "Polygon", "coordinates": [[[77.728, 12.806], [77.728, 12.802], [77.72999999999999, 12.802], [77.72999999999999, 12.806], [77.728, 12.806]]]}, "properties": {"class": "flood"}}, {"type": "Feature", "geometry": {"type": "Polygon", "coordinates": [[[77.844, 12.806], [77.844, 12.802], [77.84599999999999, 12.802], [77.84599999999999, 12.806], [77.844, 12.806]]]}, "properties": {"class": "flood"}}, {"type": "Feature", "geometry": {"type": "Polygon", "coordinates": [[[77.642, 12.803999999999998], [77.642, 12.802], [77.64399999999999, 12.802], [77.64399999999999, 12.803999999999998], [77.642, 12.803999999999998]]]}, "properties": {"class": "flood"}}, {"type": "Feature", "geometry": {"type": "Polygon", "coordinates": [[[77.64, 12.802], [77.64, 12.799999999999999], [77.642, 12.799999999999999], [77.642, 12.802], [77.64, 12.802]]]}, "properties": {"class": "flood"}}, {"type": "Feature", "geometry": {"type": "Polygon", "coordinates": [[[77.64399999999999, 12.802], [77.64399999999999, 12.799999999999999], [77.646, 12.799999999999999], [77.646, 12.802], [77.64399999999999, 12.802]]]}, "properties": {"class": "flood"}}, {"type": "Feature", "geometry": {"type": "Polygon", "coordinates": [[[77.68599999999999, 12.803999999999998], [77.684, 12.799999999999999], [77.69, 12.802], [77.69, 12.803999999999998], [77.68599999999999, 12.803999999999998]]]}, "properties": {"class": "flood"}}, {"type": "Feature", "geometry": {"type": "Polygon", "coordinates": [[[77.586, 12.802], [77.586, 12.798], [77.588, 12.798], [77.588, 12.802], [77.586, 12.802]]]}, "properties": {"class": "flood"}}, {"type": "Feature", "geometry": {"type": "Polygon", "coordinates": [[[77.642, 12.799999999999999], [77.642, 12.798], [77.64399999999999, 12.798], [77.64399999999999, 12.799999999999999], [77.642, 12.799999999999999]]]}, "properties": {"class": "flood"}}, {"type": "Feature", "geometry": {"type": "Polygon", "coordinates": [[[77.82799999999999, 12.799999999999999], [77.82799999999999, 12.798], [77.832, 12.798], [77.832, 12.799999999999999], [77.82799999999999, 12.799999999999999]]]}, "properties": {"class": "flood"}}, {"type": "Feature", "geometry": {"type": "Polygon", "coordinates": [[[77.57799999999999, 12.799999999999999], [77.57799999999999, 12.796], [77.58, 12.796], [77.582, 12.799999999999999], [77.57799999999999, 12.799999999999999]]]}, "properties": {"class": "flood"}}, {"type": "Feature", "geometry": {"type": "Polygon", "coordinates": [[[77.66799999999999, 12.799999999999999], [77.66799999999999, 12.796], [77.672, 12.798], [77.672, 12.799999999999999], [77.66799999999999, 12.799999999999999]]]}, "properties": {"class": "flood"}}, {"type": "Feature", "geometry": {"type": "Polygon", "coordinates": [[[77.59599999999999, 12.798], [77.59599999999999, 12.793999999999999], [77.598, 12.793999999999999], [77.598, 12.798], [77.59599999999999, 12.798]]]}, "properties": {"class": "flood"}}, {"type": "Feature", "geometry": {"type": "Polygon", "coordinates": [[[77.612, 12.792], [77.612, 12.79], [77.616, 12.79], [77.616, 12.792], [77.612, 12.792]]]}, "properties": {"class": "flood"}}, {"type": "Feature", "geometry": {"type": "Polygon", "coordinates": [[[77.592, 12.79], [77.592, 12.787999999999998], [77.59599999999999, 12.787999999999998], [77.59599999999999, 12.79], [77.592, 12.79]]]}, "properties": {"class": "flood"}}, {"type": "Feature", "geometry": {"type": "Polygon", "coordinates": [[[77.65599999999999, 12.79], [77.65599999999999, 12.787999999999998], [77.66, 12.787999999999998], [77.66, 12.79], [77.65599999999999, 12.79]]]}, "properties": {"class": "flood"}}, {"type": "Feature", "geometry": {"type": "Polygon", "coordinates": [[[77.72999999999999, 12.79], [77.72999999999999, 12.787999999999998], [77.732, 12.787999999999998], [77.732, 12.79], [77.72999999999999, 12.79]]]}, "properties": {"class": "flood"}}, {"type": "Feature", "geometry": {"type": "Polygon", "coordinates": [[[77.8, 12.79], [77.8, 12.787999999999998], [77.80199999999999, 12.787999999999998], [77.80199999999999, 12.79], [77.8, 12.79]]]}, "properties": {"class": "flood"}}, {"type": "Feature", "geometry": {"type": "Polygon", "coordinates": [[[77.83999999999999, 12.79], [77.83999999999999, 12.787999999999998], [77.844, 12.787999999999998], [77.844, 12.79], [77.83999999999999, 12.79]]]}, "properties": {"class": "flood"}}, {"type": "Feature", "geometry": {"type": "Polygon", "coordinates": [[[77.704, 12.79], [77.70599999999999, 12.786], [77.708, 12.786], [77.708, 12.79], [77.704, 12.79]]]}, "properties": {"class": "flood"}}, {"type": "Feature", "geometry": {"type": "Polygon", "coordinates": [[[77.71, 12.79], [77.71199999999999, 12.786], [77.714, 12.786], [77.714, 12.79], [77.71, 12.79]]]}, "properties": {"class": "flood"}}, {"type": "Feature", "geometry": {"type": "Polygon", "coordinates": [[[77.61399999999999, 12.787999999999998], [77.61399999999999, 12.786], [77.616, 12.786], [77.616, 12.787999999999998], [77.61399999999999, 12.787999999999998]]]}, "properties": {"class": "flood"}}, {"type": "Feature", "geometry": {"type": "Polygon", "coordinates": [[[77.702, 12.787999999999998], [77.702, 12.786], [77.704, 12.786], [77.704, 12.787999999999998], [77.702, 12.787999999999998]]]}, "properties": {"class": "flood"}}, {"type": "Feature", "geometry": {"type": "Polygon", "coordinates": [[[77.734, 12.79], [77.734, 12.787999999999998], [77.732, 12.786], [77.73599999999999, 12.786], [77.734, 12.79]]]}, "properties": {"class": "flood"}}, {"type": "Feature", "geometry": {"type": "Polygon", "coordinates": [[[77.74199999999999, 12.787999999999998], [77.74199999999999, 12.786], [77.744, 12.786], [77.744, 12.787999999999998], [77.74199999999999, 12.787999999999998]]]}, "properties": {"class": "flood"}}, {"type": "Feature", "geometry": {"type": "Polygon", "coordinates": [[[77.75399999999999, 12.787999999999998], [77.75399999999999, 12.786], [77.756, 12.786], [77.756, 12.787999999999998], [77.75399999999999, 12.787999999999998]]]}, "properties": {"class": "flood"}}, {"type": "Feature", "geometry": {"type": "Polygon", "coordinates": [[[77.782, 12.787999999999998], [77.782, 12.786], [77.78399999999999, 12.786], [77.78399999999999, 12.787999999999998], [77.782, 12.787999999999998]]]}, "properties": {"class": "flood"}}, {"type": "Feature", "geometry": {"type": "Polygon", "coordinates": [[[77.80199999999999, 12.787999999999998], [77.80199999999999, 12.786], [77.80399999999999, 12.786], [77.80399999999999, 12.787999999999998], [77.80199999999999, 12.787999999999998]]]}, "properties": {"class": "flood"}}, {"type": "Feature", "geometry": {"type": "Polygon", "coordinates": [[[77.82199999999999, 12.787999999999998], [77.82199999999999, 12.786], [77.826, 12.786], [77.826, 12.787999999999998], [77.82199999999999, 12.787999999999998]]]}, "properties": {"class": "flood"}}, {"type": "Feature", "geometry": {"type": "Polygon", "coordinates": [[[77.75999999999999, 12.787999999999998], [77.75999999999999, 12.783999999999999], [77.762, 12.783999999999999], [77.762, 12.787999999999998], [77.75999999999999, 12.787999999999998]]]}, "properties": {"class": "flood"}}, {"type": "Feature", "geometry": {"type": "Polygon", "coordinates": [[[77.74, 12.786], [77.74, 12.783999999999999], [77.74199999999999, 12.783999999999999], [77.74199999999999, 12.786], [77.74, 12.786]]]}, "properties": {"class": "flood"}}, {"type": "Feature", "geometry": {"type": "Polygon", "coordinates": [[[77.756, 12.786], [77.756, 12.783999999999999], [77.758, 12.783999999999999], [77.758, 12.786], [77.756, 12.786]]]}, "properties": {"class": "flood"}}, {"type": "Feature", "geometry": {"type": "Polygon", "coordinates": [[[77.78, 12.786], [77.78, 12.783999999999999], [77.782, 12.783999999999999], [77.782, 12.786], [77.78, 12.786]]]}, "properties": {"class": "flood"}}, {"type": "Feature", "geometry": {"type": "Polygon", "coordinates": [[[77.78399999999999, 12.786], [77.78399999999999, 12.783999999999999], [77.786, 12.783999999999999], [77.786, 12.786], [77.78399999999999, 12.786]]]}, "properties": {"class": "flood"}}, {"type": "Feature", "geometry": {"type": "Polygon", "coordinates": [[[77.722, 12.783999999999999], [77.722, 12.782], [77.72399999999999, 12.782], [77.72399999999999, 12.783999999999999], [77.722, 12.783999999999999]]]}, "properties": {"class": "flood"}}, {"type": "Feature", "geometry": {"type": "Polygon", "coordinates": [[[77.782, 12.783999999999999], [77.782, 12.782], [77.78399999999999, 12.782], [77.78399999999999, 12.783999999999999], [77.782, 12.783999999999999]]]}, "properties": {"class": "flood"}}, {"type": "Feature", "geometry": {"type": "Polygon", "coordinates": [[[77.838, 12.783999999999999], [77.838, 12.782], [77.842, 12.782], [77.842, 12.783999999999999], [77.838, 12.783999999999999]]]}, "properties": {"class": "flood"}}, {"type": "Feature", "geometry": {"type": "Polygon", "coordinates": [[[77.61, 12.783999999999999], [77.61, 12.78], [77.612, 12.78], [77.61399999999999, 12.783999999999999], [77.61, 12.783999999999999]]]}, "properties": {"class": "flood"}}, {"type": "Feature", "geometry": {"type": "Polygon", "coordinates": [[[77.716, 12.783999999999999], [77.716, 12.78], [77.71799999999999, 12.78], [77.71799999999999, 12.783999999999999], [77.716, 12.783999999999999]]]}, "properties": {"class": "flood"}}, {"type": "Feature", "geometry": {"type": "Polygon", "coordinates": [[[77.768, 12.783999999999999], [77.768, 12.78], [77.774, 12.782], [77.774, 12.783999999999999], [77.768, 12.783999999999999]]]}, "properties": {"class": "flood"}}, {"type": "Feature", "geometry": {"type": "Polygon", "coordinates": [[[77.6, 12.782], [77.6, 12.78], [77.60199999999999, 12.78], [77.60199999999999, 12.782], [77.6, 12.782]]]}, "properties": {"class": "flood"}}, {"type": "Feature", "geometry": {"type": "Polygon", "coordinates": [[[77.68799999999999, 12.782], [77.68799999999999, 12.78], [77.69, 12.78], [77.69, 12.782], [77.68799999999999, 12.782]]]}, "properties": {"class": "flood"}}, {"type": "Feature", "geometry": {"type": "Polygon", "coordinates": [[[77.72, 12.782], [77.72, 12.78], [77.722, 12.78], [77.722, 12.782], [77.72, 12.782]]]}, "properties": {"class": "flood"}}, {"type": "Feature", "geometry": {"type": "Polygon", "coordinates": [[[77.79599999999999, 12.782], [77.79599999999999, 12.78], [77.79799999999999, 12.78], [77.79799999999999, 12.782], [77.79599999999999, 12.782]]]}, "properties": {"class": "flood"}}, {"type": "Feature", "geometry": {"type": "Polygon", "coordinates": [[[77.628, 12.782], [77.628, 12.78], [77.63199999999999, 12.777999999999999], [77.63199999999999, 12.782], [77.628, 12.782]]]}, "properties": {"class": "flood"}}, {"type": "Feature", "geometry": {"type": "Polygon", "coordinates": [[[77.72399999999999, 12.782], [77.72399999999999, 12.777999999999999], [77.726, 12.777999999999999], [77.726, 12.782], [77.72399999999999, 12.782]]]}, "properties": {"class": "flood"}}, {"type": "Feature", "geometry": {"type": "Polygon", "coordinates": [[[77.58399999999999, 12.78], [77.58399999999999, 12.777999999999999], [77.588, 12.777999999999999], [77.588, 12.78], [77.58399999999999, 12.78]]]}, "properties": {"class": "flood"}}, {"type": "Feature", "geometry": {"type": "Polygon", "coordinates": [[[77.69, 12.78], [77.69, 12.777999999999999], [77.692, 12.777999999999999], [77.692, 12.78], [77.69, 12.78]]]}, "properties": {"class": "flood"}}, {"type": "Feature", "geometry": {"type": "Polygon", "coordinates": [[[77.79799999999999, 12.78], [77.79799999999999, 12.777999999999999], [77.8, 12.777999999999999], [77.8, 12.78], [77.79799999999999, 12.78]]]}, "properties": {"class": "flood"}}, {"type": "Feature", "geometry": {"type": "Polygon", "coordinates": [[[77.568, 12.78], [77.568, 12.776], [77.57199999999999, 12.776], [77.57, 12.78], [77.568, 12.78]]]}, "properties": {"class": "flood"}}, {"type": "Feature", "geometry": {"type": "Polygon", "coordinates": [[[77.612, 12.78], [77.612, 12.777999999999999], [77.61, 12.776], [77.61399999999999, 12.776], [77.612, 12.78]]]}, "properties": {"class": "flood"}}, {"type": "Feature", "geometry": {"type": "Polygon", "coordinates": [[[77.636, 12.777999999999999], [77.636, 12.776], [77.63799999999999, 12.776], [77.63799999999999, 12.777999999999999], [77.636, 12.777999999999999]]]}, "properties": {"class": "flood"}}, {"type": "Feature", "geometry": {"type": "Polygon", "coordinates": [[[77.68599999999999, 12.777999999999999], [77.68599999999999, 12.776], [77.69, 12.776], [77.69, 12.777999999999999], [77.68599999999999, 12.777999999999999]]]}, "properties": {"class": "flood"}}, {"type": "Feature", "geometry": {"type": "Polygon", "coordinates": [[[77.634, 12.776], [77.634, 12.774], [77.636, 12.774], [77.636, 12.776], [77.634, 12.776]]]}, "properties": {"class": "flood"}}, {"type": "Feature", "geometry": {"type": "Polygon", "coordinates": [[[77.63799999999999, 12.776], [77.63799999999999, 12.774], [77.64, 12.774], [77.64, 12.776], [77.63799999999999, 12.776]]]}, "properties": {"class": "flood"}}, {"type": "Feature", "geometry": {"type": "Polygon", "coordinates": [[[77.79599999999999, 12.776], [77.79599999999999, 12.774], [77.8, 12.774], [77.8, 12.776], [77.79599999999999, 12.776]]]}, "properties": {"class": "flood"}}, {"type": "Feature", "geometry": {"type": "Polygon", "coordinates": [[[77.836, 12.776], [77.836, 12.771999999999998], [77.83999999999999, 12.771999999999998], [77.83999999999999, 12.774], [77.836, 12.776]]]}, "properties": {"class": "flood"}}, {"type": "Feature", "geometry": {"type": "Polygon", "coordinates": [[[77.61, 12.774], [77.61, 12.771999999999998], [77.612, 12.771999999999998], [77.612, 12.774], [77.61, 12.774]]]}, "properties": {"class": "flood"}}, {"type": "Feature", "geometry": {"type": "Polygon", "coordinates": [[[77.61399999999999, 12.774], [77.61399999999999, 12.771999999999998], [77.616, 12.771999999999998], [77.616, 12.774], [77.61399999999999, 12.774]]]}, "properties": {"class": "flood"}}, {"type": "Feature", "geometry": {"type": "Polygon", "coordinates": [[[77.732, 12.774], [77.732, 12.771999999999998], [77.734, 12.771999999999998], [77.734, 12.774], [77.732, 12.774]]]}, "properties": {"class": "flood"}}, {"type": "Feature", "geometry": {"type": "Polygon", "coordinates": [[[77.612, 12.771999999999998], [77.612, 12.77], [77.61399999999999, 12.77], [77.61399999999999, 12.771999999999998], [77.612, 12.771999999999998]]]}, "properties": {"class": "flood"}}, {"type": "Feature", "geometry": {"type": "Polygon", "coordinates": [[[77.618, 12.771999999999998], [77.618, 12.77], [77.61999999999999, 12.77], [77.61999999999999, 12.771999999999998], [77.618, 12.771999999999998]]]}, "properties": {"class": "flood"}}, {"type": "Feature", "geometry": {"type": "Polygon", "coordinates": [[[77.684, 12.771999999999998], [77.684, 12.77], [77.68799999999999, 12.77], [77.68799999999999, 12.771999999999998], [77.684, 12.771999999999998]]]}, "properties": {"class": "flood"}}, {"type": "Feature", "geometry": {"type": "Polygon", "coordinates": [[[77.72999999999999, 12.771999999999998], [77.72999999999999, 12.77], [77.732, 12.77], [77.732, 12.771999999999998], [77.72999999999999, 12.771999999999998]]]}, "properties": {"class": "flood"}}, {"type": "Feature", "geometry": {"type": "Polygon", "coordinates": [[[77.738, 12.771999999999998], [77.738, 12.77], [77.74, 12.77], [77.74, 12.771999999999998], [77.738, 12.771999999999998]]]}, "properties": {"class": "flood"}}, {"type": "Feature", "geometry": {"type": "Polygon", "coordinates": [[[77.752, 12.771999999999998], [77.752, 12.77], [77.75399999999999, 12.77], [77.75399999999999, 12.771999999999998], [77.752, 12.771999999999998]]]}, "properties": {"class": "flood"}}, {"type": "Feature", "geometry": {"type": "Polygon", "coordinates": [[[77.624, 12.771999999999998], [77.624, 12.767999999999999], [77.62599999999999, 12.767999999999999], [77.62599999999999, 12.771999999999998], [77.624, 12.771999999999998]]]}, "properties": {"class": "flood"}}, {"type": "Feature", "geometry": {"type": "Polygon", "coordinates": [[[77.69999999999999, 12.771999999999998], [77.69999999999999, 12.767999999999999], [77.702, 12.767999999999999], [77.704, 12.771999999999998], [77.69999999999999, 12.771999999999998]]]}, "properties": {"class": "flood"}}, {"type": "Feature", "geometry": {"type": "Polygon", "coordinates": [[[77.58, 12.77], [77.58, 12.767999999999999], [77.582, 12.767999999999999], [77.582, 12.77], [77.58, 12.77]]]}, "properties": {"class": "flood"}}, {"type": "Feature", "geometry": {"type": "Polygon", "coordinates": [[[77.616, 12.77], [77.616, 12.767999999999999], [77.618, 12.767999999999999], [77.618, 12.77], [77.616, 12.77]]]}, "properties": {"class": "flood"}}, {"type": "Feature", "geometry": {"type": "Polygon", "coordinates": [[[77.71, 12.77], [77.71, 12.767999999999999], [77.71199999999999, 12.767999999999999], [77.71199999999999, 12.77], [77.71, 12.77]]]}, "properties": {"class": "flood"}}, {"type": "Feature", "geometry": {"type": "Polygon", "coordinates": [[[77.73599999999999, 12.77], [77.73599999999999, 12.767999999999999], [77.738, 12.767999999999999], [77.738, 12.77], [77.73599999999999, 12.77]]]}, "properties": {"class": "flood"}}, {"type": "Feature", "geometry": {"type": "Polygon", "coordinates": [[[77.75, 12.77], [77.75, 12.767999999999999], [77.752, 12.767999999999999], [77.752, 12.77], [77.75, 12.77]]]}, "properties": {"class": "flood"}}, {"type": "Feature", "geometry": {"type": "Polygon", "coordinates": [[[77.79799999999999, 12.77], [77.79799999999999, 12.767999999999999], [77.8, 12.767999999999999], [77.8, 12.77], [77.79799999999999, 12.77]]]}, "properties": {"class": "flood"}}, {"type": "Feature", "geometry": {"type": "Polygon", "coordinates": [[[77.812, 12.77], [77.812, 12.766], [77.814, 12.766], [77.814, 12.77], [77.812, 12.77]]]}, "properties": {"class": "flood"}}, {"type": "Feature", "geometry": {"type": "Polygon", "coordinates": [[[77.582, 12.767999999999999], [77.582, 12.766], [77.58399999999999, 12.766], [77.58399999999999, 12.767999999999999], [77.582, 12.767999999999999]]]}, "properties": {"class": "flood"}}, {"type": "Feature", "geometry": {"type": "Polygon", "coordinates": [[[77.666, 12.767999999999999], [77.666, 12.766], [77.66799999999999, 12.766], [77.66799999999999, 12.767999999999999], [77.666, 12.767999999999999]]]}, "properties": {"class": "flood"}}, {"type": "Feature", "geometry": {"type": "Polygon", "coordinates": [[[77.708, 12.767999999999999], [77.708, 12.766], [77.71, 12.766], [77.71, 12.767999999999999], [77.708, 12.767999999999999]]]}, "properties": {"class": "flood"}}, {"type": "Feature", "geometry": {"type": "Polygon", "coordinates": [[[77.8, 12.767999999999999], [77.8, 12.766], [77.80199999999999, 12.766], [77.80199999999999, 12.767999999999999], [77.8, 12.767999999999999]]]}, "properties": {"class": "flood"}}, {"type": "Feature", "geometry": {"type": "Polygon", "coordinates": [[[77.80399999999999, 12.767999999999999], [77.80399999999999, 12.766], [77.806, 12.766], [77.806, 12.767999999999999], [77.80399999999999, 12.767999999999999]]]}, "properties": {"class": "flood"}}, {"type": "Feature", "geometry": {"type": "Polygon", "coordinates": [[[77.576, 12.767999999999999], [77.576, 12.764], [77.57799999999999, 12.764], [77.57799999999999, 12.767999999999999], [77.576, 12.767999999999999]]]}, "properties": {"class": "flood"}}, {"type": "Feature", "geometry": {"type": "Polygon", "coordinates": [[[77.66799999999999, 12.766], [77.66799999999999, 12.764], [77.66999999999999, 12.764], [77.66999999999999, 12.766], [77.66799999999999, 12.766]]]}, "properties": {"class": "flood"}}, {"type": "Feature", "geometry": {"type": "Polygon", "coordinates": [[[77.696, 12.766], [77.696, 12.764], [77.698, 12.764], [77.698, 12.766], [77.696, 12.766]]]}, "properties": {"class": "flood"}}, {"type": "Feature", "geometry": {"type": "Polygon", "coordinates": [[[77.79199999999999, 12.766], [77.79199999999999, 12.764], [77.794, 12.764], [77.794, 12.766], [77.79199999999999, 12.766]]]}, "properties": {"class": "flood"}}, {"type": "Feature", "geometry": {"type": "Polygon", "coordinates": [[[77.698, 12.764], [77.698, 12.761999999999999], [77.69999999999999, 12.761999999999999], [77.69999999999999, 12.764], [77.698, 12.764]]]}, "properties": {"class": "flood"}}, {"type": "Feature", "geometry": {"type": "Polygon", "coordinates": [[[77.78999999999999, 12.764], [77.78999999999999, 12.761999999999999], [77.79199999999999, 12.761999999999999], [77.79199999999999, 12.764], [77.78999999999999, 12.764]]]}, "properties": {"class": "flood"}}, {"type": "Feature", "geometry": {"type": "Polygon", "coordinates": [[[77.794, 12.761999999999999], [77.794, 12.76], [77.79599999999999, 12.76], [77.79599999999999, 12.761999999999999], [77.794, 12.761999999999999]]]}, "properties": {"class": "flood"}}, {"type": "Feature", "geometry": {"type": "Polygon", "coordinates": [[[77.838, 12.761999999999999], [77.838, 12.76], [77.842, 12.76], [77.842, 12.761999999999999], [77.838, 12.761999999999999]]]}, "properties": {"class": "flood"}}, {"type": "Feature", "geometry": {"type": "Polygon", "coordinates": [[[77.61, 12.758], [77.61, 12.755999999999998], [77.612, 12.755999999999998], [77.612, 12.758], [77.61, 12.758]]]}, "properties": {"class": "flood"}}, {"type": "Feature", "geometry": {"type": "Polygon", "coordinates": [[[77.77, 12.758], [77.77, 12.755999999999998], [77.77199999999999, 12.755999999999998], [77.77199999999999, 12.758], [77.77, 12.758]]]}, "properties": {"class": "flood"}}, {"type": "Feature", "geometry": {"type": "Polygon", "coordinates": [[[77.66, 12.758], [77.66, 12.754], [77.66199999999999, 12.754], [77.66399999999999, 12.758], [77.66, 12.758]]]}, "properties": {"class": "flood"}}, {"type": "Feature", "geometry": {"type": "Polygon", "coordinates": [[[77.77199999999999, 12.755999999999998], [77.77199999999999, 12.754], [77.774, 12.754], [77.774, 12.755999999999998], [77.77199999999999, 12.755999999999998]]]}, "properties": {"class": "flood"}}, {"type": "Feature", "geometry": {"type": "Polygon", "coordinates": [[[77.458, 12.962], [77.458, 12.953999999999999], [77.454, 12.953999999999999], [77.45599999999999, 12.946], [77.454, 12.943999999999999], [77.446, 12.946], [77.446, 12.94], [77.44, 12.94], [77.44, 12.946], [77.434, 12.952], [77.43599999999999, 12.956], [77.42999999999999, 12.953999999999999], [77.43199999999999, 12.946], [77.42599999999999, 12.943999999999999], [77.42599999999999, 12.94], [77.41799999999999, 12.947999999999999], [77.416, 12.936], [77.408, 12.93], [77.41199999999999, 12.926], [77.41199999999999, 12.92], [77.39999999999999, 12.915999999999999], [77.402, 12.908], [77.40599999999999, 12.908], [77.402, 12.905999999999999], [77.402, 12.902], [77.41, 12.902], [77.408, 12.898], [77.41199999999999, 12.895999999999999], [77.404, 12.894], [77.402, 12.888], [77.402, 12.882], [77.408, 12.882], [77.41, 12.872], [77.404, 12.87], [77.402, 12.873999999999999], [77.396, 12.873999999999999], [77.398, 12.87], [77.392, 12.872], [77.39399999999999, 12.878], [77.39, 12.878], [77.39, 12.882], [77.396, 12.886], [77.39, 12.886], [77.39399999999999, 12.895999999999999], [77.39, 12.898], [77.392, 12.918], [77.38799999999999, 12.92], [77.38799999999999, 12.934], [77.384, 12.931999999999999], [77.38199999999999, 12.921999999999999], [77.38, 12.926], [77.37599999999999, 12.926], [77.37599999999999, 12.914], [77.372, 12.914], [77.37599999999999, 12.911999999999999], [77.37599999999999, 12.908], [77.36999999999999, 12.899999999999999], [77.36399999999999, 12.902], [77.36399999999999, 12.91], [77.36, 12.911999999999999], [77.36, 12.915999999999999], [77.356, 12.905999999999999], [77.35199999999999, 12.91], [77.35199999999999, 12.898], [77.356, 12.898], [77.356, 12.889999999999999], [77.35199999999999, 12.888], [77.354, 12.818], [77.35199999999999, 12.751999999999999], [77.362, 12.751999999999999], [77.362, 12.755999999999998], [77.36399999999999, 12.751999999999999], [77.54799999999999, 12.751999999999999], [77.556, 12.767999999999999], [77.564, 12.766], [77.564, 12.771999999999998], [77.55199999999999, 12.777999999999999], [77.55199999999999, 12.783999999999999], [77.54799999999999, 12.777999999999999], [77.54799999999999, 12.798], [77.544, 12.802], [77.54799999999999, 12.818], [77.544, 12.818], [77.544, 12.824], [77.538, 12.822], [77.53999999999999, 12.825999999999999], [77.536, 12.83], [77.53999999999999, 12.846], [77.532, 12.85], [77.53, 12.844], [77.52199999999999, 12.844], [77.526, 12.84], [77.52, 12.84], [77.51599999999999, 12.844], [77.50999999999999, 12.838], [77.506, 12.846], [77.512, 12.846], [77.512, 12.857999999999999], [77.502, 12.86], [77.50399999999999, 12.867999999999999], [77.494, 12.866], [77.496, 12.872], [77.50399999999999, 12.873999999999999], [77.50399999999999, 12.878], [77.5, 12.878], [77.49799999999999, 12.883999999999999], [77.5, 12.894], [77.496, 12.894], [77.49199999999999, 12.902], [77.49799999999999, 12.904], [77.5, 12.911999999999999], [77.50399999999999, 12.911999999999999], [77.514, 12.895999999999999], [77.514, 12.91], [77.50999999999999, 12.911999999999999], [77.512, 12.918], [77.508, 12.92], [77.514, 12.92], [77.518, 12.93], [77.52199999999999, 12.927999999999999], [77.524, 12.931999999999999], [77.53, 12.931999999999999], [77.52799999999999, 12.934], [77.53, 12.937999999999999], [77.526, 12.94], [77.52199999999999, 12.936], [77.524, 12.942], [77.518, 12.942], [77.518, 12.946], [77.512, 12.95], [77.514, 12.943999999999999], [77.50999999999999, 12.94], [77.512, 12.936], [77.49799999999999, 12.936], [77.502, 12.934], [77.5, 12.927999999999999], [77.496, 12.927999999999999], [77.496, 12.934], [77.49199999999999, 12.934], [77.49, 12.927999999999999], [77.48599999999999, 12.927999999999999], [77.48599999999999, 12.931999999999999], [77.49, 12.934], [77.48599999999999, 12.934], [77.488, 12.942], [77.484, 12.942], [77.482, 12.946], [77.482, 12.934], [77.472, 12.921999999999999], [77.47, 12.927999999999999], [77.476, 12.931999999999999], [77.47399999999999, 12.934], [77.476, 12.94], [77.472, 12.94], [77.472, 12.95], [77.46799999999999, 12.937999999999999], [77.464, 12.94], [77.46199999999999, 12.946], [77.464, 12.956], [77.46199999999999, 12.962], [77.458, 12.962]], [[77.42599999999999, 12.94], [77.428, 12.94], [77.428, 12.936], [77.42599999999999, 12.936], [77.42599999999999, 12.94]], [[77.46199999999999, 12.94], [77.464, 12.94], [77.464, 12.937999999999999], [77.46199999999999, 12.937999999999999], [77.46199999999999, 12.94]], [[77.44, 12.937999999999999], [77.446, 12.936], [77.446, 12.931999999999999], [77.44, 12.931999999999999], [77.44, 12.937999999999999]], [[77.46199999999999, 12.936], [77.464, 12.936], [77.464, 12.934], [77.46199999999999, 12.934], [77.46199999999999, 12.936]], [[77.42399999999999, 12.934], [77.42599999999999, 12.934], [77.42599999999999, 12.931999999999999], [77.42399999999999, 12.931999999999999], [77.42399999999999, 12.934]], [[77.514, 12.93], [77.51599999999999, 12.93], [77.51599999999999, 12.927999999999999], [77.514, 12.927999999999999], [77.514, 12.93]], [[77.484, 12.927999999999999], [77.48599999999999, 12.927999999999999], [77.48599999999999, 12.924], [77.484, 12.924], [77.484, 12.927999999999999]], [[77.47, 12.921999999999999], [77.472, 12.921999999999999], [77.472, 12.918], [77.47, 12.918], [77.47, 12.921999999999999]], [[77.41, 12.918], [77.41199999999999, 12.918], [77.41199999999999, 12.915999999999999], [77.41, 12.915999999999999], [77.41, 12.918]], [[77.46799999999999, 12.915999999999999], [77.472, 12.915999999999999], [77.472, 12.914], [77.46799999999999, 12.914], [77.46799999999999, 12.915999999999999]], [[77.496, 12.889999999999999], [77.49799999999999, 12.889999999999999], [77.49799999999999, 12.888], [77.496, 12.888], [77.496, 12.889999999999999]], [[77.494, 12.888], [77.496, 12.888], [77.496, 12.886], [77.494, 12.886], [77.494, 12.888]], [[77.368, 12.878], [77.36999999999999, 12.878], [77.36999999999999, 12.876], [77.368, 12.876], [77.368, 12.878]], [[77.36999999999999, 12.876], [77.372, 12.876], [77.372, 12.873999999999999], [77.36999999999999, 12.873999999999999], [77.36999999999999, 12.876]], [[77.368, 12.873999999999999], [77.36999999999999, 12.873999999999999], [77.36999999999999, 12.872], [77.368, 12.872], [77.368, 12.873999999999999]], [[77.49, 12.867999999999999], [77.49199999999999, 12.867999999999999], [77.49199999999999, 12.863999999999999], [77.49, 12.863999999999999], [77.49, 12.867999999999999]], [[77.502, 12.844], [77.50399999999999, 12.844], [77.50399999999999, 12.84], [77.502, 12.84], [77.502, 12.844]], [[77.49799999999999, 12.84], [77.5, 12.84], [77.5, 12.838], [77.49799999999999, 12.838], [77.49799999999999, 12.84]], [[77.51599999999999, 12.838], [77.518, 12.838], [77.518, 12.835999999999999], [77.51599999999999, 12.835999999999999], [77.51599999999999, 12.838]], [[77.53999999999999, 12.815999999999999], [77.54199999999999, 12.815999999999999], [77.54199999999999, 12.812], [77.538, 12.812], [77.53999999999999, 12.815999999999999]], [[77.536, 12.799999999999999], [77.538, 12.799999999999999], [77.538, 12.798], [77.536, 12.798], [77.536, 12.799999999999999]]]}, "properties": {"class": "flood"}}, {"type": "Feature", "geometry": {"type": "Polygon", "coordinates": [[[77.636, 12.755999999999998], [77.636, 12.751999999999999], [77.63799999999999, 12.751999999999999], [77.63799999999999, 12.755999999999998], [77.636, 12.755999999999998]]]}, "properties": {"class": "flood"}}, {"type": "Feature", "geometry": {"type": "Polygon", "coordinates": [[[77.55999999999999, 12.754], [77.55999999999999, 12.751999999999999], [77.564, 12.751999999999999], [77.564, 12.754], [77.55999999999999, 12.754]]]}, "properties": {"class": "flood"}}]}