{"type": "FeatureCollection", "features": [{"type": "Feature", "geometry": {"type": "Polygon", "coordinates": [[[77.35, 13.18], [77.36999999999999, 13.18], [77.36999999999999, 13.2], [77.35, 13.2], [77.35, 13.18]]]}, "properties": {"cell_id": "blr_0000", "flood_depth_m": {"rp10": 0.07, "rp100": 0.17}, "glof_depth_m": 0.0, "landslide_prob": 0.009, "population": 1006, "critical_assets": [], "eal_people": 10.865, "eal_usd": 27162.0, "observed_flood_frac": null, "modeled_flood_frac": 0.04, "elev_m": 896.0, "slope_deg": 1.1, "n_lakes": 0, "n_drains": 0, "low_income_score": 0.15}}, {"type": "Feature", "geometry": {"type": "Polygon", "coordinates": [[[77.36999999999999, 13.18], [77.39, 13.18], [77.39, 13.2], [77.36999999999999, 13.2], [77.36999999999999, 13.18]]]}, "properties": {"cell_id": "blr_0001", "flood_depth_m": {"rp10": 0.06, "rp100": 0.14}, "glof_depth_m": 0.0, "landslide_prob": 0.01, "population": 1214, "critical_assets": [], "eal_people": 10.562, "eal_usd": 26405.0, "observed_flood_frac": null, "modeled_flood_frac": 0.01, "elev_m": 894.6, "slope_deg": 1.2, "n_lakes": 0, "n_drains": 0, "low_income_score": 0.15}}, {"type": "Feature", "geometry": {"type": "Polygon", "coordinates": [[[77.39, 13.18], [77.41, 13.18], [77.41, 13.2], [77.39, 13.2], [77.39, 13.18]]]}, "properties": {"cell_id": "blr_0002", "flood_depth_m": {"rp10": 0.04, "rp100": 0.09}, "glof_depth_m": 0.0, "landslide_prob": 0.009, "population": 1539, "critical_assets": [], "eal_people": 16.621, "eal_usd": 41552.0, "observed_flood_frac": null, "modeled_flood_frac": 0.04, "elev_m": 904.8, "slope_deg": 1.1, "n_lakes": 0, "n_drains": 0, "low_income_score": 0.15}}, {"type": "Feature", "geometry": {"type": "Polygon", "coordinates": [[[77.41, 13.18], [77.42999999999999, 13.18], [77.42999999999999, 13.2], [77.41, 13.2], [77.41, 13.18]]]}, "properties": {"cell_id": "blr_0003", "flood_depth_m": {"rp10": 0.19, "rp100": 0.47}, "glof_depth_m": 0.0, "landslide_prob": 0.01, "population": 2525, "critical_assets": ["lake"], "eal_people": 70.448, "eal_usd": 176120.0, "observed_flood_frac": null, "modeled_flood_frac": 0.07, "elev_m": 902.4, "slope_deg": 1.2, "n_lakes": 1, "n_drains": 0, "low_income_score": 0.15}}, {"type": "Feature", "geometry": {"type": "Polygon", "coordinates": [[[77.42999999999999, 13.18], [77.44999999999999, 13.18], [77.44999999999999, 13.2], [77.42999999999999, 13.2], [77.42999999999999, 13.18]]]}, "properties": {"cell_id": "blr_0004", "flood_depth_m": {"rp10": 0.06, "rp100": 0.15}, "glof_depth_m": 0.0, "landslide_prob": 0.008, "population": 1887, "critical_assets": [], "eal_people": 15.096, "eal_usd": 37740.0, "observed_flood_frac": null, "modeled_flood_frac": 0.0, "elev_m": 883.5, "slope_deg": 0.9, "n_lakes": 0, "n_drains": 0, "low_income_score": 0.15}}, {"type": "Feature", "geometry": {"type": "Polygon", "coordinates": [[[77.44999999999999, 13.18], [77.47, 13.18], [77.47, 13.2], [77.44999999999999, 13.2], [77.44999999999999, 13.18]]]}, "properties": {"cell_id": "blr_0005", "flood_depth_m": {"rp10": 0.04, "rp100": 0.11}, "glof_depth_m": 0.0, "landslide_prob": 0.008, "population": 8092, "critical_assets": [], "eal_people": 64.736, "eal_usd": 161840.0, "observed_flood_frac": null, "modeled_flood_frac": 0.0, "elev_m": 874.1, "slope_deg": 1.0, "n_lakes": 0, "n_drains": 0, "low_income_score": 0.4}}, {"type": "Feature", "geometry": {"type": "Polygon", "coordinates": [[[77.47, 13.18], [77.49, 13.18], [77.49, 13.2], [77.47, 13.2], [77.47, 13.18]]]}, "properties": {"cell_id": "blr_0006", "flood_depth_m": {"rp10": 0.04, "rp100": 0.11}, "glof_depth_m": 0.0, "landslide_prob": 0.008, "population": 15555, "critical_assets": [], "eal_people": 157.106, "eal_usd": 392765.0, "observed_flood_frac": null, "modeled_flood_frac": 0.03, "elev_m": 875.6, "slope_deg": 1.0, "n_lakes": 0, "n_drains": 0, "low_income_score": 0.4}}, {"type": "Feature", "geometry": {"type": "Polygon", "coordinates": [[[77.49, 13.18], [77.50999999999999, 13.18], [77.50999999999999, 13.2], [77.49, 13.2], [77.49, 13.18]]]}, "properties": {"cell_id": "blr_0007", "flood_depth_m": {"rp10": 0.05, "rp100": 0.12}, "glof_depth_m": 0.0, "landslide_prob": 0.007, "population": 13990, "critical_assets": [], "eal_people": 131.506, "eal_usd": 328765.0, "observed_flood_frac": null, "modeled_flood_frac": 0.02, "elev_m": 868.5, "slope_deg": 0.9, "n_lakes": 0, "n_drains": 0, "low_income_score": 0.4}}, {"type": "Feature", "geometry": {"type": "Polygon", "coordinates": [[[77.50999999999999, 13.18], [77.53, 13.18], [77.53, 13.2], [77.50999999999999, 13.2], [77.50999999999999, 13.18]]]}, "properties": {"cell_id": "blr_0008", "flood_depth_m": {"rp10": 0.02, "rp100": 0.05}, "glof_depth_m": 0.0, "landslide_prob": 0.008, "population": 13377, "critical_assets": [], "eal_people": 125.744, "eal_usd": 314360.0, "observed_flood_frac": null, "modeled_flood_frac": 0.02, "elev_m": 874.8, "slope_deg": 0.9, "n_lakes": 0, "n_drains": 0, "low_income_score": 0.4}}, {"type": "Feature", "geometry": {"type": "Polygon", "coordinates": [[[77.53, 13.18], [77.55, 13.18], [77.55, 13.2], [77.53, 13.2], [77.53, 13.18]]]}, "properties": {"cell_id": "blr_0009", "flood_depth_m": {"rp10": 0.12, "rp100": 0.3}, "glof_depth_m": 0.0, "landslide_prob": 0.009, "population": 14071, "critical_assets": ["lake"], "eal_people": 343.332, "eal_usd": 858330.0, "observed_flood_frac": null, "modeled_flood_frac": 0.02, "elev_m": 891.6, "slope_deg": 1.1, "n_lakes": 1, "n_drains": 0, "low_income_score": 0.4}}, {"type": "Feature", "geometry": {"type": "Polygon", "coordinates": [[[77.55, 13.18], [77.57, 13.18], [77.57, 13.2], [77.55, 13.2], [77.55, 13.18]]]}, "properties": {"cell_id": "blr_0010", "flood_depth_m": {"rp10": 0.03, "rp100": 0.07}, "glof_depth_m": 0.0, "landslide_prob": 0.01, "population": 19284, "critical_assets": [], "eal_people": 194.768, "eal_usd": 486920.0, "observed_flood_frac": null, "modeled_flood_frac": 0.03, "elev_m": 901.4, "slope_deg": 1.2, "n_lakes": 0, "n_drains": 0, "low_income_score": 0.4}}, {"type": "Feature", "geometry": {"type": "Polygon", "coordinates": [[[77.57, 13.18], [77.58999999999999, 13.18], [77.58999999999999, 13.2], [77.57, 13.2], [77.57, 13.18]]]}, "properties": {"cell_id": "blr_0011", "flood_depth_m": {"rp10": 0.14, "rp100": 0.34}, "glof_depth_m": 0.0, "landslide_prob": 0.01, "population": 14038, "critical_assets": ["lake"], "eal_people": 372.007, "eal_usd": 930018.0, "observed_flood_frac": null, "modeled_flood_frac": 0.05, "elev_m": 919.7, "slope_deg": 1.2, "n_lakes": 1, "n_drains": 0, "low_income_score": 0.4}}, {"type": "Feature", "geometry": {"type": "Polygon", "coordinates": [[[77.58999999999999, 13.18], [77.61, 13.18], [77.61, 13.2], [77.58999999999999, 13.2], [77.58999999999999, 13.18]]]}, "properties": {"cell_id": "blr_0012", "flood_depth_m": {"rp10": 0.04, "rp100": 0.1}, "glof_depth_m": 0.0, "landslide_prob": 0.009, "population": 14824, "critical_assets": [], "eal_people": 149.722, "eal_usd": 374305.0, "observed_flood_frac": null, "modeled_flood_frac": 0.03, "elev_m": 926.3, "slope_deg": 1.1, "n_lakes": 0, "n_drains": 0, "low_income_score": 0.4}}, {"type": "Feature", "geometry": {"type": "Polygon", "coordinates": [[[77.61, 13.18], [77.63, 13.18], [77.63, 13.2], [77.61, 13.2], [77.61, 13.18]]]}, "properties": {"cell_id": "blr_0013", "flood_depth_m": {"rp10": 0.27, "rp100": 0.68}, "glof_depth_m": 0.0, "landslide_prob": 0.009, "population": 21821, "critical_assets": ["lake"], "eal_people": 532.432, "eal_usd": 1331080.0, "observed_flood_frac": null, "modeled_flood_frac": 0.02, "elev_m": 912.7, "slope_deg": 1.1, "n_lakes": 2, "n_drains": 0, "low_income_score": 0.4}}, {"type": "Feature", "geometry": {"type": "Polygon", "coordinates": [[[77.63, 13.18], [77.64999999999999, 13.18], [77.64999999999999, 13.2], [77.63, 13.2], [77.63, 13.18]]]}, "properties": {"cell_id": "blr_0014", "flood_depth_m": {"rp10": 0.03, "rp100": 0.08}, "glof_depth_m": 0.0, "landslide_prob": 0.008, "population": 30281, "critical_assets": [], "eal_people": 327.035, "eal_usd": 817588.0, "observed_flood_frac": null, "modeled_flood_frac": 0.04, "elev_m": 912.5, "slope_deg": 1.0, "n_lakes": 0, "n_drains": 0, "low_income_score": 0.4}}, {"type": "Feature", "geometry": {"type": "Polygon", "coordinates": [[[77.64999999999999, 13.18], [77.66999999999999, 13.18], [77.66999999999999, 13.2], [77.64999999999999, 13.2], [77.64999999999999, 13.18]]]}, "properties": {"cell_id": "blr_0015", "flood_depth_m": {"rp10": 0.02, "rp100": 0.05}, "glof_depth_m": 0.0, "landslide_prob": 0.009, "population": 30921, "critical_assets": [], "eal_people": 312.302, "eal_usd": 780755.0, "observed_flood_frac": null, "modeled_flood_frac": 0.03, "elev_m": 910.1, "slope_deg": 1.0, "n_lakes": 0, "n_drains": 0, "low_income_score": 0.4}}, {"type": "Feature", "geometry": {"type": "Polygon", "coordinates": [[[77.66999999999999, 13.18], [77.69, 13.18], [77.69, 13.2], [77.66999999999999, 13.2], [77.66999999999999, 13.18]]]}, "properties": {"cell_id": "blr_0016", "flood_depth_m": {"rp10": 0.04, "rp100": 0.1}, "glof_depth_m": 0.0, "landslide_prob": 0.008, "population": 35155, "critical_assets": [], "eal_people": 281.24, "eal_usd": 703100.0, "observed_flood_frac": null, "modeled_flood_frac": 0.0, "elev_m": 898.2, "slope_deg": 1.0, "n_lakes": 0, "n_drains": 0, "low_income_score": 0.4}}, {"type": "Feature", "geometry": {"type": "Polygon", "coordinates": [[[77.69, 13.18], [77.71, 13.18], [77.71, 13.2], [77.69, 13.2], [77.69, 13.18]]]}, "properties": {"cell_id": "blr_0017", "flood_depth_m": {"rp10": 0.13, "rp100": 0.32}, "glof_depth_m": 0.0, "landslide_prob": 0.008, "population": 34029, "critical_assets": ["lake"], "eal_people": 782.667, "eal_usd": 1956668.0, "observed_flood_frac": null, "modeled_flood_frac": 0.0, "elev_m": 894.4, "slope_deg": 1.0, "n_lakes": 1, "n_drains": 0, "low_income_score": 0.4}}, {"type": "Feature", "geometry": {"type": "Polygon", "coordinates": [[[77.71, 13.18], [77.72999999999999, 13.18], [77.72999999999999, 13.2], [77.71, 13.2], [77.71, 13.18]]]}, "properties": {"cell_id": "blr_0018", "flood_depth_m": {"rp10": 0.09, "rp100": 0.22}, "glof_depth_m": 0.0, "landslide_prob": 0.008, "population": 3821, "critical_assets": [], "eal_people": 41.267, "eal_usd": 103168.0, "observed_flood_frac": null, "modeled_flood_frac": 0.04, "elev_m": 898.9, "slope_deg": 1.0, "n_lakes": 0, "n_drains": 0, "low_income_score": 0.15}}, {"type": "Feature", "geometry": {"type": "Polygon", "coordinates": [[[77.72999999999999, 13.18], [77.75, 13.18], [77.75, 13.2], [77.72999999999999, 13.2], [77.72999999999999, 13.18]]]}, "properties": {"cell_id": "blr_0019", "flood_depth_m": {"rp10": 0.04, "rp100": 0.11}, "glof_depth_m": 0.0, "landslide_prob": 0.009, "population": 2192, "critical_assets": [], "eal_people": 23.674, "eal_usd": 59185.0, "observed_flood_frac": null, "modeled_flood_frac": 0.04, "elev_m": 893.5, "slope_deg": 1.1, "n_lakes": 0, "n_drains": 0, "low_income_score": 0.15}}, {"type": "Feature", "geometry": {"type": "Polygon", "coordinates": [[[77.75, 13.18], [77.77, 13.18], [77.77, 13.2], [77.75, 13.2], [77.75, 13.18]]]}, "properties": {"cell_id": "blr_0020", "flood_depth_m": {"rp10": 0.02, "rp100": 0.05}, "glof_depth_m": 0.0, "landslide_prob": 0.006, "population": 1940, "critical_assets": [], "eal_people": 16.878, "eal_usd": 42195.0, "observed_flood_frac": null, "modeled_flood_frac": 0.01, "elev_m": 876.7, "slope_deg": 0.8, "n_lakes": 0, "n_drains": 0, "low_income_score": 0.15}}, {"type": "Feature", "geometry": {"type": "Polygon", "coordinates": [[[77.77, 13.18], [77.78999999999999, 13.18], [77.78999999999999, 13.2], [77.77, 13.2], [77.77, 13.18]]]}, "properties": {"cell_id": "blr_0021", "flood_depth_m": {"rp10": 0.05, "rp100": 0.12}, "glof_depth_m": 0.0, "landslide_prob": 0.004, "population": 1779, "critical_assets": [], "eal_people": 14.232, "eal_usd": 35580.0, "observed_flood_frac": null, "modeled_flood_frac": 0.0, "elev_m": 871.7, "slope_deg": 0.5, "n_lakes": 0, "n_drains": 0, "low_income_score": 0.15}}, {"type": "Feature", "geometry": {"type": "Polygon", "coordinates": [[[77.78999999999999, 13.18], [77.80999999999999, 13.18], [77.80999999999999, 13.2], [77.78999999999999, 13.2], [77.78999999999999, 13.18]]]}, "properties": {"cell_id": "blr_0022", "flood_depth_m": {"rp10": 0.08, "rp100": 0.19}, "glof_depth_m": 0.0, "landslide_prob": 0.008, "population": 2836, "critical_assets": [], "eal_people": 34.599, "eal_usd": 86497.0, "observed_flood_frac": null, "modeled_flood_frac": 0.06, "elev_m": 882.3, "slope_deg": 1.0, "n_lakes": 0, "n_drains": 0, "low_income_score": 0.15}}, {"type": "Feature", "geometry": {"type": "Polygon", "coordinates": [[[77.80999999999999, 13.18], [77.83, 13.18], [77.83, 13.2], [77.80999999999999, 13.2], [77.80999999999999, 13.18]]]}, "properties": {"cell_id": "blr_0023", "flood_depth_m": {"rp10": 0.15, "rp100": 0.37}, "glof_depth_m": 0.0, "landslide_prob": 0.008, "population": 1491, "critical_assets": ["lake"], "eal_people": 35.337, "eal_usd": 88343.0, "observed_flood_frac": null, "modeled_flood_frac": 0.01, "elev_m": 888.7, "slope_deg": 1.0, "n_lakes": 1, "n_drains": 0, "low_income_score": 0.15}}, {"type": "Feature", "geometry": {"type": "Polygon", "coordinates": [[[77.35, 13.16], [77.36999999999999, 13.16], [77.36999999999999, 13.18], [77.35, 13.18], [77.35, 13.16]]]}, "properties": {"cell_id": "blr_0024", "flood_depth_m": {"rp10": 0.02, "rp100": 0.05}, "glof_depth_m": 0.0, "landslide_prob": 0.009, "population": 1286, "critical_assets": [], "eal_people": 10.288, "eal_usd": 25720.0, "observed_flood_frac": null, "modeled_flood_frac": 0.0, "elev_m": 877.5, "slope_deg": 1.1, "n_lakes": 0, "n_drains": 0, "low_income_score": 0.15}}, {"type": "Feature", "geometry": {"type": "Polygon", "coordinates": [[[77.36999999999999, 13.16], [77.39, 13.16], [77.39, 13.18], [77.36999999999999, 13.18], [77.36999999999999, 13.16]]]}, "properties": {"cell_id": "blr_0025", "flood_depth_m": {"rp10": 0.02, "rp100": 0.05}, "glof_depth_m": 0.0, "landslide_prob": 0.019, "population": 1265, "critical_assets": [], "eal_people": 11.891, "eal_usd": 29728.0, "observed_flood_frac": null, "modeled_flood_frac": 0.02, "elev_m": 896.5, "slope_deg": 2.3, "n_lakes": 0, "n_drains": 0, "low_income_score": 0.15}}, {"type": "Feature", "geometry": {"type": "Polygon", "coordinates": [[[77.39, 13.16], [77.41, 13.16], [77.41, 13.18], [77.39, 13.18], [77.39, 13.16]]]}, "properties": {"cell_id": "blr_0026", "flood_depth_m": {"rp10": 0.04, "rp100": 0.11}, "glof_depth_m": 0.0, "landslide_prob": 0.01, "population": 1752, "critical_assets": [], "eal_people": 20.148, "eal_usd": 50370.0, "observed_flood_frac": null, "modeled_flood_frac": 0.05, "elev_m": 914.7, "slope_deg": 1.2, "n_lakes": 0, "n_drains": 0, "low_income_score": 0.15}}, {"type": "Feature", "geometry": {"type": "Polygon", "coordinates": [[[77.41, 13.16], [77.42999999999999, 13.16], [77.42999999999999, 13.18], [77.41, 13.18], [77.41, 13.16]]]}, "properties": {"cell_id": "blr_0027", "flood_depth_m": {"rp10": 0.1, "rp100": 0.24}, "glof_depth_m": 0.0, "landslide_prob": 0.011, "population": 2507, "critical_assets": [], "eal_people": 30.585, "eal_usd": 76462.0, "observed_flood_frac": null, "modeled_flood_frac": 0.06, "elev_m": 913.6, "slope_deg": 1.3, "n_lakes": 0, "n_drains": 0, "low_income_score": 0.15}}, {"type": "Feature", "geometry": {"type": "Polygon", "coordinates": [[[77.42999999999999, 13.16], [77.44999999999999, 13.16], [77.44999999999999, 13.18], [77.42999999999999, 13.18], [77.42999999999999, 13.16]]]}, "properties": {"cell_id": "blr_0028", "flood_depth_m": {"rp10": 0.06, "rp100": 0.15}, "glof_depth_m": 0.0, "landslide_prob": 0.009, "population": 2133, "critical_assets": [], "eal_people": 29.009, "eal_usd": 72522.0, "observed_flood_frac": null, "modeled_flood_frac": 0.08, "elev_m": 897.8, "slope_deg": 1.0, "n_lakes": 0, "n_drains": 0, "low_income_score": 0.15}}, {"type": "Feature", "geometry": {"type": "Polygon", "coordinates": [[[77.44999999999999, 13.16], [77.47, 13.16], [77.47, 13.18], [77.44999999999999, 13.18], [77.44999999999999, 13.16]]]}, "properties": {"cell_id": "blr_0029", "flood_depth_m": {"rp10": 0.04, "rp100": 0.09}, "glof_depth_m": 0.0, "landslide_prob": 0.01, "population": 6906, "critical_assets": [], "eal_people": 69.751, "eal_usd": 174378.0, "observed_flood_frac": null, "modeled_flood_frac": 0.03, "elev_m": 892.7, "slope_deg": 1.2, "n_lakes": 0, "n_drains": 0, "low_income_score": 0.4}}, {"type": "Feature", "geometry": {"type": "Polygon", "coordinates": [[[77.47, 13.16], [77.49, 13.16], [77.49, 13.18], [77.47, 13.18], [77.47, 13.16]]]}, "properties": {"cell_id": "blr_0030", "flood_depth_m": {"rp10": 0.04, "rp100": 0.09}, "glof_depth_m": 0.0, "landslide_prob": 0.009, "population": 10874, "critical_assets": [], "eal_people": 109.827, "eal_usd": 274568.0, "observed_flood_frac": null, "modeled_flood_frac": 0.03, "elev_m": 871.5, "slope_deg": 1.1, "n_lakes": 0, "n_drains": 0, "low_income_score": 0.4}}, {"type": "Feature", "geometry": {"type": "Polygon", "coordinates": [[[77.49, 13.16], [77.50999999999999, 13.16], [77.50999999999999, 13.18], [77.49, 13.18], [77.49, 13.16]]]}, "properties": {"cell_id": "blr_0031", "flood_depth_m": {"rp10": 0.16, "rp100": 0.39}, "glof_depth_m": 0.0, "landslide_prob": 0.007, "population": 8282, "critical_assets": ["lake"], "eal_people": 196.283, "eal_usd": 490707.0, "observed_flood_frac": null, "modeled_flood_frac": 0.01, "elev_m": 866.7, "slope_deg": 0.9, "n_lakes": 1, "n_drains": 0, "low_income_score": 0.4}}, {"type": "Feature", "geometry": {"type": "Polygon", "coordinates": [[[77.50999999999999, 13.16], [77.53, 13.16], [77.53, 13.18], [77.50999999999999, 13.18], [77.50999999999999, 13.16]]]}, "properties": {"cell_id": "blr_0032", "flood_depth_m": {"rp10": 0.1, "rp100": 0.25}, "glof_depth_m": 0.0, "landslide_prob": 0.008, "population": 15227, "critical_assets": [], "eal_people": 207.087, "eal_usd": 517718.0, "observed_flood_frac": null, "modeled_flood_frac": 0.08, "elev_m": 886.1, "slope_deg": 0.9, "n_lakes": 0, "n_drains": 0, "low_income_score": 0.4}}, {"type": "Feature", "geometry": {"type": "Polygon", "coordinates": [[[77.53, 13.16], [77.55, 13.16], [77.55, 13.18], [77.53, 13.18], [77.53, 13.16]]]}, "properties": {"cell_id": "blr_0033", "flood_depth_m": {"rp10": 0.06, "rp100": 0.16}, "glof_depth_m": 0.0, "landslide_prob": 0.009, "population": 20109, "critical_assets": [], "eal_people": 245.33, "eal_usd": 613325.0, "observed_flood_frac": null, "modeled_flood_frac": 0.06, "elev_m": 900.1, "slope_deg": 1.1, "n_lakes": 0, "n_drains": 0, "low_income_score": 0.4}}, {"type": "Feature", "geometry": {"type": "Polygon", "coordinates": [[[77.55, 13.16], [77.57, 13.16], [77.57, 13.18], [77.55, 13.18], [77.55, 13.16]]]}, "properties": {"cell_id": "blr_0034", "flood_depth_m": {"rp10": 0.06, "rp100": 0.15}, "glof_depth_m": 0.0, "landslide_prob": 0.007, "population": 27076, "critical_assets": [], "eal_people": 330.327, "eal_usd": 825818.0, "observed_flood_frac": null, "modeled_flood_frac": 0.06, "elev_m": 915.1, "slope_deg": 0.8, "n_lakes": 0, "n_drains": 0, "low_income_score": 0.4}}, {"type": "Feature", "geometry": {"type": "Polygon", "coordinates": [[[77.57, 13.16], [77.58999999999999, 13.16], [77.58999999999999, 13.18], [77.57, 13.18], [77.57, 13.16]]]}, "properties": {"cell_id": "blr_0035", "flood_depth_m": {"rp10": 0.17, "rp100": 0.43}, "glof_depth_m": 0.0, "landslide_prob": 0.009, "population": 23009, "critical_assets": ["lake"], "eal_people": 593.632, "eal_usd": 1484080.0, "observed_flood_frac": null, "modeled_flood_frac": 0.04, "elev_m": 919.3, "slope_deg": 1.0, "n_lakes": 1, "n_drains": 0, "low_income_score": 0.4}}, {"type": "Feature", "geometry": {"type": "Polygon", "coordinates": [[[77.58999999999999, 13.16], [77.61, 13.16], [77.61, 13.18], [77.58999999999999, 13.18], [77.58999999999999, 13.16]]]}, "properties": {"cell_id": "blr_0036", "flood_depth_m": {"rp10": 0.08, "rp100": 0.19}, "glof_depth_m": 0.0, "landslide_prob": 0.009, "population": 24555, "critical_assets": [], "eal_people": 282.382, "eal_usd": 705955.0, "observed_flood_frac": null, "modeled_flood_frac": 0.05, "elev_m": 923.9, "slope_deg": 1.0, "n_lakes": 0, "n_drains": 0, "low_income_score": 0.4}}, {"type": "Feature", "geometry": {"type": "Polygon", "coordinates": [[[77.61, 13.16], [77.63, 13.16], [77.63, 13.18], [77.61, 13.18], [77.61, 13.16]]]}, "properties": {"cell_id": "blr_0037", "flood_depth_m": {"rp10": 0.04, "rp100": 0.1}, "glof_depth_m": 0.0, "landslide_prob": 0.011, "population": 33889, "critical_assets": [], "eal_people": 318.557, "eal_usd": 796392.0, "observed_flood_frac": null, "modeled_flood_frac": 0.02, "elev_m": 911.0, "slope_deg": 1.3, "n_lakes": 0, "n_drains": 0, "low_income_score": 0.4}}, {"type": "Feature", "geometry": {"type": "Polygon", "coordinates": [[[77.63, 13.16], [77.64999999999999, 13.16], [77.64999999999999, 13.18], [77.63, 13.18], [77.63, 13.16]]]}, "properties": {"cell_id": "blr_0038", "flood_depth_m": {"rp10": 0.28, "rp100": 0.71}, "glof_depth_m": 0.0, "landslide_prob": 0.014, "population": 34930, "critical_assets": ["lake"], "eal_people": 974.547, "eal_usd": 2436368.0, "observed_flood_frac": null, "modeled_flood_frac": 0.07, "elev_m": 907.8, "slope_deg": 1.7, "n_lakes": 2, "n_drains": 0, "low_income_score": 0.4}}, {"type": "Feature", "geometry": {"type": "Polygon", "coordinates": [[[77.64999999999999, 13.16], [77.66999999999999, 13.16], [77.66999999999999, 13.18], [77.64999999999999, 13.18], [77.64999999999999, 13.16]]]}, "properties": {"cell_id": "blr_0039", "flood_depth_m": {"rp10": 0.04, "rp100": 0.11}, "glof_depth_m": 0.0, "landslide_prob": 0.008, "population": 30306, "critical_assets": [], "eal_people": 242.448, "eal_usd": 606120.0, "observed_flood_frac": null, "modeled_flood_frac": 0.0, "elev_m": 897.3, "slope_deg": 1.0, "n_lakes": 0, "n_drains": 0, "low_income_score": 0.4}}, {"type": "Feature", "geometry": {"type": "Polygon", "coordinates": [[[77.66999999999999, 13.16], [77.69, 13.16], [77.69, 13.18], [77.66999999999999, 13.18], [77.66999999999999, 13.16]]]}, "properties": {"cell_id": "blr_0040", "flood_depth_m": {"rp10": 0.12, "rp100": 0.3}, "glof_depth_m": 0.0, "landslide_prob": 0.007, "population": 23953, "critical_assets": ["lake"], "eal_people": 567.686, "eal_usd": 1419215.0, "observed_flood_frac": null, "modeled_flood_frac": 0.01, "elev_m": 893.9, "slope_deg": 0.9, "n_lakes": 1, "n_drains": 0, "low_income_score": 0.4}}, {"type": "Feature", "geometry": {"type": "Polygon", "coordinates": [[[77.69, 13.16], [77.71, 13.16], [77.71, 13.18], [77.69, 13.18], [77.69, 13.16]]]}, "properties": {"cell_id": "blr_0041", "flood_depth_m": {"rp10": 0.06, "rp100": 0.15}, "glof_depth_m": 0.0, "landslide_prob": 0.008, "population": 22001, "critical_assets": [], "eal_people": 299.214, "eal_usd": 748035.0, "observed_flood_frac": null, "modeled_flood_frac": 0.08, "elev_m": 893.2, "slope_deg": 0.9, "n_lakes": 0, "n_drains": 0, "low_income_score": 0.4}}, {"type": "Feature", "geometry": {"type": "Polygon", "coordinates": [[[77.71, 13.16], [77.72999999999999, 13.16], [77.72999999999999, 13.18], [77.71, 13.18], [77.71, 13.16]]]}, "properties": {"cell_id": "blr_0042", "flood_depth_m": {"rp10": 0.02, "rp100": 0.05}, "glof_depth_m": 0.0, "landslide_prob": 0.009, "population": 4598, "critical_assets": [], "eal_people": 40.003, "eal_usd": 100008.0, "observed_flood_frac": null, "modeled_flood_frac": 0.01, "elev_m": 885.4, "slope_deg": 1.0, "n_lakes": 0, "n_drains": 1, "low_income_score": 0.4}}, {"type": "Feature", "geometry": {"type": "Polygon", "coordinates": [[[77.72999999999999, 13.16], [77.75, 13.16], [77.75, 13.18], [77.72999999999999, 13.18], [77.72999999999999, 13.16]]]}, "properties": {"cell_id": "blr_0043", "flood_depth_m": {"rp10": 0.08, "rp100": 0.21}, "glof_depth_m": 0.0, "landslide_prob": 0.007, "population": 2537, "critical_assets": [], "eal_people": 29.175, "eal_usd": 72938.0, "observed_flood_frac": null, "modeled_flood_frac": 0.05, "elev_m": 885.5, "slope_deg": 0.8, "n_lakes": 0, "n_drains": 0, "low_income_score": 0.15}}, {"type": "Feature", "geometry": {"type": "Polygon", "coordinates": [[[77.75, 13.16], [77.77, 13.16], [77.77, 13.18], [77.75, 13.18], [77.75, 13.16]]]}, "properties": {"cell_id": "blr_0044", "flood_depth_m": {"rp10": 0.08, "rp100": 0.21}, "glof_depth_m": 0.0, "landslide_prob": 0.006, "population": 1428, "critical_assets": [], "eal_people": 21.42, "eal_usd": 53550.0, "observed_flood_frac": null, "modeled_flood_frac": 0.1, "elev_m": 879.7, "slope_deg": 0.7, "n_lakes": 0, "n_drains": 0, "low_income_score": 0.15}}, {"type": "Feature", "geometry": {"type": "Polygon", "coordinates": [[[77.77, 13.16], [77.78999999999999, 13.16], [77.78999999999999, 13.18], [77.77, 13.18], [77.77, 13.16]]]}, "properties": {"cell_id": "blr_0045", "flood_depth_m": {"rp10": 0.03, "rp100": 0.07}, "glof_depth_m": 0.0, "landslide_prob": 0.003, "population": 1596, "critical_assets": [], "eal_people": 12.768, "eal_usd": 31920.0, "observed_flood_frac": null, "modeled_flood_frac": 0.0, "elev_m": 868.6, "slope_deg": 0.4, "n_lakes": 0, "n_drains": 0, "low_income_score": 0.15}}, {"type": "Feature", "geometry": {"type": "Polygon", "coordinates": [[[77.78999999999999, 13.16], [77.80999999999999, 13.16], [77.80999999999999, 13.18], [77.78999999999999, 13.18], [77.78999999999999, 13.16]]]}, "properties": {"cell_id": "blr_0046", "flood_depth_m": {"rp10": 0.07, "rp100": 0.18}, "glof_depth_m": 0.0, "landslide_prob": 0.007, "population": 1812, "critical_assets": [], "eal_people": 18.301, "eal_usd": 45752.0, "observed_flood_frac": null, "modeled_flood_frac": 0.03, "elev_m": 882.6, "slope_deg": 0.8, "n_lakes": 0, "n_drains": 0, "low_income_score": 0.15}}, {"type": "Feature", "geometry": {"type": "Polygon", "coordinates": [[[77.80999999999999, 13.16], [77.83, 13.16], [77.83, 13.18], [77.80999999999999, 13.18], [77.80999999999999, 13.16]]]}, "properties": {"cell_id": "blr_0047", "flood_depth_m": {"rp10": 0.05, "rp100": 0.13}, "glof_depth_m": 0.0, "landslide_prob": 0.008, "population": 1653, "critical_assets": [], "eal_people": 14.381, "eal_usd": 35952.0, "observed_flood_frac": null, "modeled_flood_frac": 0.01, "elev_m": 894.0, "slope_deg": 1.0, "n_lakes": 0, "n_drains": 0, "low_income_score": 0.15}}, {"type": "Feature", "geometry": {"type": "Polygon", "coordinates": [[[77.35, 13.139999999999999], [77.36999999999999, 13.139999999999999], [77.36999999999999, 13.16], [77.35, 13.16], [77.35, 13.139999999999999]]]}, "properties": {"cell_id": "blr_0048", "flood_depth_m": {"rp10": 0.03, "rp100": 0.07}, "glof_depth_m": 0.0, "landslide_prob": 0.009, "population": 2415, "critical_assets": [], "eal_people": 22.701, "eal_usd": 56752.0, "observed_flood_frac": null, "modeled_flood_frac": 0.02, "elev_m": 876.9, "slope_deg": 1.1, "n_lakes": 0, "n_drains": 0, "low_income_score": 0.15}}, {"type": "Feature", "geometry": {"type": "Polygon", "coordinates": [[[77.36999999999999, 13.139999999999999], [77.39, 13.139999999999999], [77.39, 13.16], [77.36999999999999, 13.16], [77.36999999999999, 13.139999999999999]]]}, "properties": {"cell_id": "blr_0049", "flood_depth_m": {"rp10": 0.06, "rp100": 0.14}, "glof_depth_m": 0.0, "landslide_prob": 0.012, "population": 1650, "critical_assets": [], "eal_people": 20.13, "eal_usd": 50325.0, "observed_flood_frac": null, "modeled_flood_frac": 0.06, "elev_m": 898.6, "slope_deg": 1.4, "n_lakes": 0, "n_drains": 0, "low_income_score": 0.15}}, {"type": "Feature", "geometry": {"type": "Polygon", "coordinates": [[[77.39, 13.139999999999999], [77.41, 13.139999999999999], [77.41, 13.16], [77.39, 13.16], [77.39, 13.139999999999999]]]}, "properties": {"cell_id": "blr_0050", "flood_depth_m": {"rp10": 0.07, "rp100": 0.18}, "glof_depth_m": 0.0, "landslide_prob": 0.011, "population": 1896, "critical_assets": [], "eal_people": 17.822, "eal_usd": 44555.0, "observed_flood_frac": null, "modeled_flood_frac": 0.02, "elev_m": 908.5, "slope_deg": 1.3, "n_lakes": 0, "n_drains": 0, "low_income_score": 0.15}}, {"type": "Feature", "geometry": {"type": "Polygon", "coordinates": [[[77.41, 13.139999999999999], [77.42999999999999, 13.139999999999999], [77.42999999999999, 13.16], [77.41, 13.16], [77.41, 13.139999999999999]]]}, "properties": {"cell_id": "blr_0051", "flood_depth_m": {"rp10": 0.07, "rp100": 0.18}, "glof_depth_m": 0.0, "landslide_prob": 0.009, "population": 9394, "critical_assets": [], "eal_people": 101.455, "eal_usd": 253638.0, "observed_flood_frac": null, "modeled_flood_frac": 0.04, "elev_m": 900.6, "slope_deg": 1.1, "n_lakes": 0, "n_drains": 0, "low_income_score": 0.4}}, {"type": "Feature", "geometry": {"type": "Polygon", "coordinates": [[[77.42999999999999, 13.139999999999999], [77.44999999999999, 13.139999999999999], [77.44999999999999, 13.16], [77.42999999999999, 13.16], [77.42999999999999, 13.139999999999999]]]}, "properties": {"cell_id": "blr_0052", "flood_depth_m": {"rp10": 0.1, "rp100": 0.25}, "glof_depth_m": 0.0, "landslide_prob": 0.01, "population": 11692, "critical_assets": [], "eal_people": 175.38, "eal_usd": 438450.0, "observed_flood_frac": null, "modeled_flood_frac": 0.1, "elev_m": 904.3, "slope_deg": 1.2, "n_lakes": 0, "n_drains": 0, "low_income_score": 0.4}}, {"type": "Feature", "geometry": {"type": "Polygon", "coordinates": [[[77.44999999999999, 13.139999999999999], [77.47, 13.139999999999999], [77.47, 13.16], [77.44999999999999, 13.16], [77.44999999999999, 13.139999999999999]]]}, "properties": {"cell_id": "blr_0053", "flood_depth_m": {"rp10": 0.1, "rp100": 0.24}, "glof_depth_m": 0.0, "landslide_prob": 0.012, "population": 13576, "critical_assets": [], "eal_people": 165.627, "eal_usd": 414068.0, "observed_flood_frac": null, "modeled_flood_frac": 0.06, "elev_m": 888.8, "slope_deg": 1.4, "n_lakes": 0, "n_drains": 0, "low_income_score": 0.4}}, {"type": "Feature", "geometry": {"type": "Polygon", "coordinates": [[[77.47, 13.139999999999999], [77.49, 13.139999999999999], [77.49, 13.16], [77.47, 13.16], [77.47, 13.139999999999999]]]}, "properties": {"cell_id": "blr_0054", "flood_depth_m": {"rp10": 0.05, "rp100": 0.12}, "glof_depth_m": 0.0, "landslide_prob": 0.006, "population": 13937, "critical_assets": [], "eal_people": 131.008, "eal_usd": 327520.0, "observed_flood_frac": null, "modeled_flood_frac": 0.02, "elev_m": 862.5, "slope_deg": 0.8, "n_lakes": 0, "n_drains": 0, "low_income_score": 0.4}}, {"type": "Feature", "geometry": {"type": "Polygon", "coordinates": [[[77.49, 13.139999999999999], [77.50999999999999, 13.139999999999999], [77.50999999999999, 13.16], [77.49, 13.16], [77.49, 13.139999999999999]]]}, "properties": {"cell_id": "blr_0055", "flood_depth_m": {"rp10": 0.19, "rp100": 0.47}, "glof_depth_m": 0.0, "landslide_prob": 0.008, "population": 12763, "critical_assets": ["lake"], "eal_people": 347.154, "eal_usd": 867885.0, "observed_flood_frac": null, "modeled_flood_frac": 0.06, "elev_m": 868.0, "slope_deg": 1.0, "n_lakes": 1, "n_drains": 0, "low_income_score": 0.4}}, {"type": "Feature", "geometry": {"type": "Polygon", "coordinates": [[[77.50999999999999, 13.139999999999999], [77.53, 13.139999999999999], [77.53, 13.16], [77.50999999999999, 13.16], [77.50999999999999, 13.139999999999999]]]}, "properties": {"cell_id": "blr_0056", "flood_depth_m": {"rp10": 0.12, "rp100": 0.31}, "glof_depth_m": 0.0, "landslide_prob": 0.01, "population": 15675, "critical_assets": ["lake"], "eal_people": 393.442, "eal_usd": 983605.0, "observed_flood_frac": null, "modeled_flood_frac": 0.03, "elev_m": 885.8, "slope_deg": 1.1, "n_lakes": 1, "n_drains": 0, "low_income_score": 0.4}}, {"type": "Feature", "geometry": {"type": "Polygon", "coordinates": [[[77.53, 13.139999999999999], [77.55, 13.139999999999999], [77.55, 13.16], [77.53, 13.16], [77.53, 13.139999999999999]]]}, "properties": {"cell_id": "blr_0057", "flood_depth_m": {"rp10": 0.09, "rp100": 0.23}, "glof_depth_m": 0.0, "landslide_prob": 0.013, "population": 14714, "critical_assets": [], "eal_people": 169.211, "eal_usd": 423028.0, "observed_flood_frac": null, "modeled_flood_frac": 0.05, "elev_m": 906.3, "slope_deg": 1.5, "n_lakes": 0, "n_drains": 0, "low_income_score": 0.4}}, {"type": "Feature", "geometry": {"type": "Polygon", "coordinates": [[[77.55, 13.139999999999999], [77.57, 13.139999999999999], [77.57, 13.16], [77.55, 13.16], [77.55, 13.139999999999999]]]}, "properties": {"cell_id": "blr_0058", "flood_depth_m": {"rp10": 0.07, "rp100": 0.18}, "glof_depth_m": 0.0, "landslide_prob": 0.009, "population": 30322, "critical_assets": [], "eal_people": 348.703, "eal_usd": 871757.0, "observed_flood_frac": null, "modeled_flood_frac": 0.05, "elev_m": 921.4, "slope_deg": 1.1, "n_lakes": 0, "n_drains": 0, "low_income_score": 0.4}}, {"type": "Feature", "geometry": {"type": "Polygon", "coordinates": [[[77.57, 13.139999999999999], [77.58999999999999, 13.139999999999999], [77.58999999999999, 13.16], [77.57, 13.16], [77.57, 13.139999999999999]]]}, "properties": {"cell_id": "blr_0059", "flood_depth_m": {"rp10": 0.04, "rp100": 0.1}, "glof_depth_m": 0.0, "landslide_prob": 0.008, "population": 26621, "critical_assets": [], "eal_people": 268.872, "eal_usd": 672180.0, "observed_flood_frac": null, "modeled_flood_frac": 0.03, "elev_m": 912.7, "slope_deg": 0.9, "n_lakes": 0, "n_drains": 0, "low_income_score": 0.4}}, {"type": "Feature", "geometry": {"type": "Polygon", "coordinates": [[[77.58999999999999, 13.139999999999999], [77.61, 13.139999999999999], [77.61, 13.16], [77.58999999999999, 13.16], [77.58999999999999, 13.139999999999999]]]}, "properties": {"cell_id": "blr_0060", "flood_depth_m": {"rp10": 0.19, "rp100": 0.48}, "glof_depth_m": 0.0, "landslide_prob": 0.009, "population": 28194, "critical_assets": ["lake"], "eal_people": 766.877, "eal_usd": 1917192.0, "observed_flood_frac": null, "modeled_flood_frac": 0.06, "elev_m": 921.1, "slope_deg": 1.1, "n_lakes": 1, "n_drains": 0, "low_income_score": 0.4}}, {"type": "Feature", "geometry": {"type": "Polygon", "coordinates": [[[77.61, 13.139999999999999], [77.63, 13.139999999999999], [77.63, 13.16], [77.61, 13.16], [77.61, 13.139999999999999]]]}, "properties": {"cell_id": "blr_0061", "flood_depth_m": {"rp10": 0.19, "rp100": 0.48}, "glof_depth_m": 0.0, "landslide_prob": 0.01, "population": 45263, "critical_assets": ["lake"], "eal_people": 1326.206, "eal_usd": 3315515.0, "observed_flood_frac": null, "modeled_flood_frac": 0.09, "elev_m": 920.7, "slope_deg": 1.2, "n_lakes": 1, "n_drains": 0, "low_income_score": 0.4}}, {"type": "Feature", "geometry": {"type": "Polygon", "coordinates": [[[77.63, 13.139999999999999], [77.64999999999999, 13.139999999999999], [77.64999999999999, 13.16], [77.63, 13.16], [77.63, 13.139999999999999]]]}, "properties": {"cell_id": "blr_0062", "flood_depth_m": {"rp10": 0.06, "rp100": 0.16}, "glof_depth_m": 0.0, "landslide_prob": 0.01, "population": 33788, "critical_assets": [], "eal_people": 364.91, "eal_usd": 912275.0, "observed_flood_frac": null, "modeled_flood_frac": 0.04, "elev_m": 909.0, "slope_deg": 1.2, "n_lakes": 0, "n_drains": 0, "low_income_score": 0.4}}, {"type": "Feature", "geometry": {"type": "Polygon", "coordinates": [[[77.64999999999999, 13.139999999999999], [77.66999999999999, 13.139999999999999], [77.66999999999999, 13.16], [77.64999999999999, 13.16], [77.64999999999999, 13.139999999999999]]]}, "properties": {"cell_id": "blr_0063", "flood_depth_m": {"rp10": 0.06, "rp100": 0.14}, "glof_depth_m": 0.0, "landslide_prob": 0.009, "population": 25979, "critical_assets": [], "eal_people": 316.944, "eal_usd": 792360.0, "observed_flood_frac": null, "modeled_flood_frac": 0.06, "elev_m": 906.4, "slope_deg": 1.1, "n_lakes": 0, "n_drains": 0, "low_income_score": 0.4}}, {"type": "Feature", "geometry": {"type": "Polygon", "coordinates": [[[77.66999999999999, 13.139999999999999], [77.69, 13.139999999999999], [77.69, 13.16], [77.66999999999999, 13.16], [77.66999999999999, 13.139999999999999]]]}, "properties": {"cell_id": "blr_0064", "flood_depth_m": {"rp10": 0.04, "rp100": 0.1}, "glof_depth_m": 0.0, "landslide_prob": 0.009, "population": 23568, "critical_assets": [], "eal_people": 271.032, "eal_usd": 677580.0, "observed_flood_frac": null, "modeled_flood_frac": 0.05, "elev_m": 902.6, "slope_deg": 1.1, "n_lakes": 0, "n_drains": 0, "low_income_score": 0.4}}, {"type": "Feature", "geometry": {"type": "Polygon", "coordinates": [[[77.69, 13.139999999999999], [77.71, 13.139999999999999], [77.71, 13.16], [77.69, 13.16], [77.69, 13.139999999999999]]]}, "properties": {"cell_id": "blr_0065", "flood_depth_m": {"rp10": 0.06, "rp100": 0.15}, "glof_depth_m": 0.0, "landslide_prob": 0.008, "population": 30328, "critical_assets": [], "eal_people": 306.313, "eal_usd": 765782.0, "observed_flood_frac": null, "modeled_flood_frac": 0.03, "elev_m": 893.2, "slope_deg": 1.0, "n_lakes": 0, "n_drains": 0, "low_income_score": 0.4}}, {"type": "Feature", "geometry": {"type": "Polygon", "coordinates": [[[77.71, 13.139999999999999], [77.72999999999999, 13.139999999999999], [77.72999999999999, 13.16], [77.71, 13.16], [77.71, 13.139999999999999]]]}, "properties": {"cell_id": "blr_0066", "flood_depth_m": {"rp10": 0.16, "rp100": 0.4}, "glof_depth_m": 0.0, "landslide_prob": 0.008, "population": 6678, "critical_assets": ["lake"], "eal_people": 162.943, "eal_usd": 407358.0, "observed_flood_frac": null, "modeled_flood_frac": 0.02, "elev_m": 882.4, "slope_deg": 1.0, "n_lakes": 1, "n_drains": 0, "low_income_score": 0.4}}, {"type": "Feature", "geometry": {"type": "Polygon", "coordinates": [[[77.72999999999999, 13.139999999999999], [77.75, 13.139999999999999], [77.75, 13.16], [77.72999999999999, 13.16], [77.72999999999999, 13.139999999999999]]]}, "properties": {"cell_id": "blr_0067", "flood_depth_m": {"rp10": 0.05, "rp100": 0.13}, "glof_depth_m": 0.0, "landslide_prob": 0.006, "population": 1811, "critical_assets": [], "eal_people": 17.023, "eal_usd": 42558.0, "observed_flood_frac": null, "modeled_flood_frac": 0.02, "elev_m": 873.4, "slope_deg": 0.7, "n_lakes": 0, "n_drains": 0, "low_income_score": 0.15}}, {"type": "Feature", "geometry": {"type": "Polygon", "coordinates": [[[77.75, 13.139999999999999], [77.77, 13.139999999999999], [77.77, 13.16], [77.75, 13.16], [77.75, 13.139999999999999]]]}, "properties": {"cell_id": "blr_0068", "flood_depth_m": {"rp10": 0.04, "rp100": 0.1}, "glof_depth_m": 0.0, "landslide_prob": 0.005, "population": 1631, "critical_assets": [], "eal_people": 14.19, "eal_usd": 35475.0, "observed_flood_frac": null, "modeled_flood_frac": 0.01, "elev_m": 871.6, "slope_deg": 0.6, "n_lakes": 0, "n_drains": 0, "low_income_score": 0.15}}, {"type": "Feature", "geometry": {"type": "Polygon", "coordinates": [[[77.77, 13.139999999999999], [77.78999999999999, 13.139999999999999], [77.78999999999999, 13.16], [77.77, 13.16], [77.77, 13.139999999999999]]]}, "properties": {"cell_id": "blr_0069", "flood_depth_m": {"rp10": 0.03, "rp100": 0.08}, "glof_depth_m": 0.0, "landslide_prob": 0.005, "population": 1632, "critical_assets": [], "eal_people": 13.056, "eal_usd": 32640.0, "observed_flood_frac": null, "modeled_flood_frac": 0.0, "elev_m": 872.4, "slope_deg": 0.6, "n_lakes": 0, "n_drains": 0, "low_income_score": 0.15}}, {"type": "Feature", "geometry": {"type": "Polygon", "coordinates": [[[77.78999999999999, 13.139999999999999], [77.80999999999999, 13.139999999999999], [77.80999999999999, 13.16], [77.78999999999999, 13.16], [77.78999999999999, 13.139999999999999]]]}, "properties": {"cell_id": "blr_0070", "flood_depth_m": {"rp10": 0.18, "rp100": 0.45}, "glof_depth_m": 0.0, "landslide_prob": 0.009, "population": 1412, "critical_assets": ["lake"], "eal_people": 40.383, "eal_usd": 100958.0, "observed_flood_frac": null, "modeled_flood_frac": 0.08, "elev_m": 891.8, "slope_deg": 1.1, "n_lakes": 1, "n_drains": 0, "low_income_score": 0.15}}, {"type": "Feature", "geometry": {"type": "Polygon", "coordinates": [[[77.80999999999999, 13.139999999999999], [77.83, 13.139999999999999], [77.83, 13.16], [77.80999999999999, 13.16], [77.80999999999999, 13.139999999999999]]]}, "properties": {"cell_id": "blr_0071", "flood_depth_m": {"rp10": 0.06, "rp100": 0.15}, "glof_depth_m": 0.0, "landslide_prob": 0.012, "population": 2242, "critical_assets": [], "eal_people": 30.491, "eal_usd": 76228.0, "observed_flood_frac": null, "modeled_flood_frac": 0.08, "elev_m": 909.1, "slope_deg": 1.5, "n_lakes": 0, "n_drains": 0, "low_income_score": 0.15}}, {"type": "Feature", "geometry": {"type": "Polygon", "coordinates": [[[77.35, 13.12], [77.36999999999999, 13.12], [77.36999999999999, 13.139999999999999], [77.35, 13.139999999999999], [77.35, 13.12]]]}, "properties": {"cell_id": "blr_0072", "flood_depth_m": {"rp10": 0.22, "rp100": 0.56}, "glof_depth_m": 0.0, "landslide_prob": 0.01, "population": 4097, "critical_assets": ["lake"], "eal_people": 94.231, "eal_usd": 235578.0, "observed_flood_frac": null, "modeled_flood_frac": 0.0, "elev_m": 872.3, "slope_deg": 1.1, "n_lakes": 2, "n_drains": 0, "low_income_score": 0.4}}, {"type": "Feature", "geometry": {"type": "Polygon", "coordinates": [[[77.36999999999999, 13.12], [77.39, 13.12], [77.39, 13.139999999999999], [77.36999999999999, 13.139999999999999], [77.36999999999999, 13.12]]]}, "properties": {"cell_id": "blr_0073", "flood_depth_m": {"rp10": 0.12, "rp100": 0.3}, "glof_depth_m": 0.0, "landslide_prob": 0.011, "population": 4022, "critical_assets": ["lake"], "eal_people": 92.506, "eal_usd": 231265.0, "observed_flood_frac": null, "modeled_flood_frac": 0.0, "elev_m": 890.9, "slope_deg": 1.4, "n_lakes": 1, "n_drains": 0, "low_income_score": 0.4}}, {"type": "Feature", "geometry": {"type": "Polygon", "coordinates": [[[77.39, 13.12], [77.41, 13.12], [77.41, 13.139999999999999], [77.39, 13.139999999999999], [77.39, 13.12]]]}, "properties": {"cell_id": "blr_0074", "flood_depth_m": {"rp10": 0.11, "rp100": 0.28}, "glof_depth_m": 0.0, "landslide_prob": 0.01, "population": 8075, "critical_assets": [], "eal_people": 126.778, "eal_usd": 316945.0, "observed_flood_frac": null, "modeled_flood_frac": 0.11, "elev_m": 906.4, "slope_deg": 1.2, "n_lakes": 0, "n_drains": 0, "low_income_score": 0.4}}, {"type": "Feature", "geometry": {"type": "Polygon", "coordinates": [[[77.41, 13.12], [77.42999999999999, 13.12], [77.42999999999999, 13.139999999999999], [77.41, 13.139999999999999], [77.41, 13.12]]]}, "properties": {"cell_id": "blr_0075", "flood_depth_m": {"rp10": 0.08, "rp100": 0.2}, "glof_depth_m": 0.0, "landslide_prob": 0.01, "population": 13656, "critical_assets": [], "eal_people": 185.722, "eal_usd": 464305.0, "observed_flood_frac": null, "modeled_flood_frac": 0.08, "elev_m": 892.2, "slope_deg": 1.2, "n_lakes": 0, "n_drains": 0, "low_income_score": 0.4}}, {"type": "Feature", "geometry": {"type": "Polygon", "coordinates": [[[77.42999999999999, 13.12], [77.44999999999999, 13.12], [77.44999999999999, 13.139999999999999], [77.42999999999999, 13.139999999999999], [77.42999999999999, 13.12]]]}, "properties": {"cell_id": "blr_0076", "flood_depth_m": {"rp10": 0.07, "rp100": 0.18}, "glof_depth_m": 0.0, "landslide_prob": 0.008, "population": 10985, "critical_assets": [], "eal_people": 103.259, "eal_usd": 258148.0, "observed_flood_frac": null, "modeled_flood_frac": 0.02, "elev_m": 880.4, "slope_deg": 1.0, "n_lakes": 0, "n_drains": 0, "low_income_score": 0.4}}, {"type": "Feature", "geometry": {"type": "Polygon", "coordinates": [[[77.44999999999999, 13.12], [77.47, 13.12], [77.47, 13.139999999999999], [77.44999999999999, 13.139999999999999], [77.44999999999999, 13.12]]]}, "properties": {"cell_id": "blr_0077", "flood_depth_m": {"rp10": 0.07, "rp100": 0.17}, "glof_depth_m": 0.0, "landslide_prob": 0.01, "population": 13324, "critical_assets": [], "eal_people": 181.206, "eal_usd": 453015.0, "observed_flood_frac": null, "modeled_flood_frac": 0.08, "elev_m": 875.7, "slope_deg": 1.2, "n_lakes": 0, "n_drains": 0, "low_income_score": 0.4}}, {"type": "Feature", "geometry": {"type": "Polygon", "coordinates": [[[77.47, 13.12], [77.49, 13.12], [77.49, 13.139999999999999], [77.47, 13.139999999999999], [77.47, 13.12]]]}, "properties": {"cell_id": "blr_0078", "flood_depth_m": {"rp10": 0.02, "rp100": 0.05}, "glof_depth_m": 0.0, "landslide_prob": 0.006, "population": 24360, "critical_assets": [], "eal_people": 194.88, "eal_usd": 487200.0, "observed_flood_frac": null, "modeled_flood_frac": 0.0, "elev_m": 857.3, "slope_deg": 0.7, "n_lakes": 0, "n_drains": 0, "low_income_score": 0.4}}, {"type": "Feature", "geometry": {"type": "Polygon", "coordinates": [[[77.49, 13.12], [77.50999999999999, 13.12], [77.50999999999999, 13.139999999999999], [77.49, 13.139999999999999], [77.49, 13.12]]]}, "properties": {"cell_id": "blr_0079", "flood_depth_m": {"rp10": 0.08, "rp100": 0.2}, "glof_depth_m": 0.0, "landslide_prob": 0.008, "population": 19272, "critical_assets": [], "eal_people": 208.138, "eal_usd": 520345.0, "observed_flood_frac": null, "modeled_flood_frac": 0.04, "elev_m": 867.1, "slope_deg": 0.9, "n_lakes": 0, "n_drains": 0, "low_income_score": 0.4}}, {"type": "Feature", "geometry": {"type": "Polygon", "coordinates": [[[77.50999999999999, 13.12], [77.53, 13.12], [77.53, 13.139999999999999], [77.50999999999999, 13.139999999999999], [77.50999999999999, 13.12]]]}, "properties": {"cell_id": "blr_0080", "flood_depth_m": {"rp10": 0.12, "rp100": 0.3}, "glof_depth_m": 0.0, "landslide_prob": 0.008, "population": 21311, "critical_assets": ["lake"], "eal_people": 519.988, "eal_usd": 1299970.0, "observed_flood_frac": null, "modeled_flood_frac": 0.02, "elev_m": 878.3, "slope_deg": 1.0, "n_lakes": 1, "n_drains": 0, "low_income_score": 0.4}}, {"type": "Feature", "geometry": {"type": "Polygon", "coordinates": [[[77.53, 13.12], [77.55, 13.12], [77.55, 13.139999999999999], [77.53, 13.139999999999999], [77.53, 13.12]]]}, "properties": {"cell_id": "blr_0081", "flood_depth_m": {"rp10": 0.19, "rp100": 0.47}, "glof_depth_m": 0.0, "landslide_prob": 0.014, "population": 18730, "critical_assets": ["lake"], "eal_people": 496.345, "eal_usd": 1240862.0, "observed_flood_frac": null, "modeled_flood_frac": 0.05, "elev_m": 904.5, "slope_deg": 1.7, "n_lakes": 1, "n_drains": 0, "low_income_score": 0.4}}, {"type": "Feature", "geometry": {"type": "Polygon", "coordinates": [[[77.55, 13.12], [77.57, 13.12], [77.57, 13.139999999999999], [77.55, 13.139999999999999], [77.55, 13.12]]]}, "properties": {"cell_id": "blr_0082", "flood_depth_m": {"rp10": 0.07, "rp100": 0.17}, "glof_depth_m": 0.0, "landslide_prob": 0.01, "population": 30903, "critical_assets": [], "eal_people": 420.281, "eal_usd": 1050702.0, "observed_flood_frac": null, "modeled_flood_frac": 0.08, "elev_m": 923.3, "slope_deg": 1.2, "n_lakes": 0, "n_drains": 0, "low_income_score": 0.4}}, {"type": "Feature", "geometry": {"type": "Polygon", "coordinates": [[[77.57, 13.12], [77.58999999999999, 13.12], [77.58999999999999, 13.139999999999999], [77.57, 13.139999999999999], [77.57, 13.12]]]}, "properties": {"cell_id": "blr_0083", "flood_depth_m": {"rp10": 0.14, "rp100": 0.35}, "glof_depth_m": 0.0, "landslide_prob": 0.008, "population": 39060, "critical_assets": ["lake"], "eal_people": 925.722, "eal_usd": 2314305.0, "observed_flood_frac": null, "modeled_flood_frac": 0.01, "elev_m": 908.2, "slope_deg": 0.9, "n_lakes": 1, "n_drains": 0, "low_income_score": 0.4}}, {"type": "Feature", "geometry": {"type": "Polygon", "coordinates": [[[77.58999999999999, 13.12], [77.61, 13.12], [77.61, 13.139999999999999], [77.58999999999999, 13.139999999999999], [77.58999999999999, 13.12]]]}, "properties": {"cell_id": "blr_0084", "flood_depth_m": {"rp10": 0.06, "rp100": 0.16}, "glof_depth_m": 0.0, "landslide_prob": 0.008, "population": 39430, "critical_assets": [], "eal_people": 398.243, "eal_usd": 995608.0, "observed_flood_frac": null, "modeled_flood_frac": 0.03, "elev_m": 917.4, "slope_deg": 1.0, "n_lakes": 0, "n_drains": 0, "low_income_score": 0.4}}, {"type": "Feature", "geometry": {"type": "Polygon", "coordinates": [[[77.61, 13.12], [77.63, 13.12], [77.63, 13.139999999999999], [77.61, 13.139999999999999], [77.61, 13.12]]]}, "properties": {"cell_id": "blr_0085", "flood_depth_m": {"rp10": 0.1, "rp100": 0.25}, "glof_depth_m": 0.0, "landslide_prob": 0.01, "population": 49974, "critical_assets": [], "eal_people": 679.646, "eal_usd": 1699115.0, "observed_flood_frac": null, "modeled_flood_frac": 0.08, "elev_m": 920.7, "slope_deg": 1.2, "n_lakes": 0, "n_drains": 0, "low_income_score": 0.4}}, {"type": "Feature", "geometry": {"type": "Polygon", "coordinates": [[[77.63, 13.12], [77.64999999999999, 13.12], [77.64999999999999, 13.139999999999999], [77.63, 13.139999999999999], [77.63, 13.12]]]}, "properties": {"cell_id": "blr_0086", "flood_depth_m": {"rp10": 0.02, "rp100": 0.06}, "glof_depth_m": 0.0, "landslide_prob": 0.008, "population": 34636, "critical_assets": [], "eal_people": 301.333, "eal_usd": 753333.0, "observed_flood_frac": null, "modeled_flood_frac": 0.01, "elev_m": 908.7, "slope_deg": 1.0, "n_lakes": 0, "n_drains": 0, "low_income_score": 0.4}}, {"type": "Feature", "geometry": {"type": "Polygon", "coordinates": [[[77.64999999999999, 13.12], [77.66999999999999, 13.12], [77.66999999999999, 13.139999999999999], [77.64999999999999, 13.139999999999999], [77.64999999999999, 13.12]]]}, "properties": {"cell_id": "blr_0087", "flood_depth_m": {"rp10": 0.36, "rp100": 0.9}, "glof_depth_m": 0.0, "landslide_prob": 0.008, "population": 27287, "critical_assets": ["lake"], "eal_people": 684.904, "eal_usd": 1712260.0, "observed_flood_frac": null, "modeled_flood_frac": 0.03, "elev_m": 899.1, "slope_deg": 1.0, "n_lakes": 3, "n_drains": 0, "low_income_score": 0.4}}, {"type": "Feature", "geometry": {"type": "Polygon", "coordinates": [[[77.66999999999999, 13.12], [77.69, 13.12], [77.69, 13.139999999999999], [77.66999999999999, 13.139999999999999], [77.66999999999999, 13.12]]]}, "properties": {"cell_id": "blr_0088", "flood_depth_m": {"rp10": 0.16, "rp100": 0.41}, "glof_depth_m": 0.0, "landslide_prob": 0.007, "population": 21524, "critical_assets": ["lake"], "eal_people": 525.186, "eal_usd": 1312965.0, "observed_flood_frac": null, "modeled_flood_frac": 0.02, "elev_m": 889.5, "slope_deg": 0.9, "n_lakes": 1, "n_drains": 0, "low_income_score": 0.4}}, {"type": "Feature", "geometry": {"type": "Polygon", "coordinates": [[[77.69, 13.12], [77.71, 13.12], [77.71, 13.139999999999999], [77.69, 13.139999999999999], [77.69, 13.12]]]}, "properties": {"cell_id": "blr_0089", "flood_depth_m": {"rp10": 0.08, "rp100": 0.19}, "glof_depth_m": 0.0, "landslide_prob": 0.008, "population": 18960, "critical_assets": [], "eal_people": 191.496, "eal_usd": 478740.0, "observed_flood_frac": null, "modeled_flood_frac": 0.03, "elev_m": 890.5, "slope_deg": 1.0, "n_lakes": 0, "n_drains": 0, "low_income_score": 0.4}}, {"type": "Feature", "geometry": {"type": "Polygon", "coordinates": [[[77.71, 13.12], [77.72999999999999, 13.12], [77.72999999999999, 13.139999999999999], [77.71, 13.139999999999999], [77.71, 13.12]]]}, "properties": {"cell_id": "blr_0090", "flood_depth_m": {"rp10": 0.14, "rp100": 0.35}, "glof_depth_m": 0.0, "landslide_prob": 0.007, "population": 5364, "critical_assets": ["lake"], "eal_people": 130.882, "eal_usd": 327205.0, "observed_flood_frac": null, "modeled_flood_frac": 0.02, "elev_m": 888.2, "slope_deg": 0.9, "n_lakes": 1, "n_drains": 0, "low_income_score": 0.4}}, {"type": "Feature", "geometry": {"type": "Polygon", "coordinates": [[[77.72999999999999, 13.12], [77.75, 13.12], [77.75, 13.139999999999999], [77.72999999999999, 13.139999999999999], [77.72999999999999, 13.12]]]}, "properties": {"cell_id": "blr_0091", "flood_depth_m": {"rp10": 0.03, "rp100": 0.07}, "glof_depth_m": 0.0, "landslide_prob": 0.007, "population": 2632, "critical_assets": [], "eal_people": 26.583, "eal_usd": 66458.0, "observed_flood_frac": null, "modeled_flood_frac": 0.03, "elev_m": 879.3, "slope_deg": 0.9, "n_lakes": 0, "n_drains": 0, "low_income_score": 0.15}}, {"type": "Feature", "geometry": {"type": "Polygon", "coordinates": [[[77.75, 13.12], [77.77, 13.12], [77.77, 13.139999999999999], [77.75, 13.139999999999999], [77.75, 13.12]]]}, "properties": {"cell_id": "blr_0092", "flood_depth_m": {"rp10": 0.04, "rp100": 0.11}, "glof_depth_m": 0.0, "landslide_prob": 0.003, "population": 1956, "critical_assets": [], "eal_people": 15.648, "eal_usd": 39120.0, "observed_flood_frac": null, "modeled_flood_frac": 0.0, "elev_m": 865.8, "slope_deg": 0.4, "n_lakes": 0, "n_drains": 0, "low_income_score": 0.15}}, {"type": "Feature", "geometry": {"type": "Polygon", "coordinates": [[[77.77, 13.12], [77.78999999999999, 13.12], [77.78999999999999, 13.139999999999999], [77.77, 13.139999999999999], [77.77, 13.12]]]}, "properties": {"cell_id": "blr_0093", "flood_depth_m": {"rp10": 0.03, "rp100": 0.07}, "glof_depth_m": 0.0, "landslide_prob": 0.007, "population": 1683, "critical_assets": [], "eal_people": 18.176, "eal_usd": 45440.0, "observed_flood_frac": null, "modeled_flood_frac": 0.04, "elev_m": 880.5, "slope_deg": 0.8, "n_lakes": 0, "n_drains": 0, "low_income_score": 0.15}}, {"type": "Feature", "geometry": {"type": "Polygon", "coordinates": [[[77.78999999999999, 13.12], [77.80999999999999, 13.12], [77.80999999999999, 13.139999999999999], [77.78999999999999, 13.139999999999999], [77.78999999999999, 13.12]]]}, "properties": {"cell_id": "blr_0094", "flood_depth_m": {"rp10": 0.03, "rp100": 0.07}, "glof_depth_m": 0.0, "landslide_prob": 0.009, "population": 1533, "critical_assets": [], "eal_people": 12.264, "eal_usd": 30660.0, "observed_flood_frac": null, "modeled_flood_frac": 0.0, "elev_m": 890.7, "slope_deg": 1.1, "n_lakes": 0, "n_drains": 0, "low_income_score": 0.15}}, {"type": "Feature", "geometry": {"type": "Polygon", "coordinates": [[[77.80999999999999, 13.12], [77.83, 13.12], [77.83, 13.139999999999999], [77.80999999999999, 13.139999999999999], [77.80999999999999, 13.12]]]}, "properties": {"cell_id": "blr_0095", "flood_depth_m": {"rp10": 0.1, "rp100": 0.24}, "glof_depth_m": 0.0, "landslide_prob": 0.009, "population": 4130, "critical_assets": [], "eal_people": 53.277, "eal_usd": 133192.0, "observed_flood_frac": null, "modeled_flood_frac": 0.07, "elev_m": 902.6, "slope_deg": 1.0, "n_lakes": 0, "n_drains": 0, "low_income_score": 0.4}}, {"type": "Feature", "geometry": {"type": "Polygon", "coordinates": [[[77.35, 13.1], [77.36999999999999, 13.1], [77.36999999999999, 13.12], [77.35, 13.12], [77.35, 13.1]]]}, "properties": {"cell_id": "blr_0096", "flood_depth_m": {"rp10": 0.02, "rp100": 0.05}, "glof_depth_m": 0.0, "landslide_prob": 0.011, "population": 2689, "critical_assets": [], "eal_people": 25.277, "eal_usd": 63192.0, "observed_flood_frac": null, "modeled_flood_frac": 0.02, "elev_m": 874.7, "slope_deg": 1.3, "n_lakes": 0, "n_drains": 0, "low_income_score": 0.15}}, {"type": "Feature", "geometry": {"type": "Polygon", "coordinates": [[[77.36999999999999, 13.1], [77.39, 13.1], [77.39, 13.12], [77.36999999999999, 13.12], [77.36999999999999, 13.1]]]}, "properties": {"cell_id": "blr_0097", "flood_depth_m": {"rp10": 0.11, "rp100": 0.27}, "glof_depth_m": 0.0, "landslide_prob": 0.011, "population": 5987, "critical_assets": [], "eal_people": 89.805, "eal_usd": 224513.0, "observed_flood_frac": null, "modeled_flood_frac": 0.1, "elev_m": 898.2, "slope_deg": 1.3, "n_lakes": 0, "n_drains": 0, "low_income_score": 0.4}}, {"type": "Feature", "geometry": {"type": "Polygon", "coordinates": [[[77.39, 13.1], [77.41, 13.1], [77.41, 13.12], [77.39, 13.12], [77.39, 13.1]]]}, "properties": {"cell_id": "blr_0098", "flood_depth_m": {"rp10": 0.05, "rp100": 0.12}, "glof_depth_m": 0.0, "landslide_prob": 0.009, "population": 25066, "critical_assets": [], "eal_people": 253.167, "eal_usd": 632918.0, "observed_flood_frac": null, "modeled_flood_frac": 0.03, "elev_m": 892.6, "slope_deg": 1.0, "n_lakes": 0, "n_drains": 0, "low_income_score": 0.4}}, {"type": "Feature", "geometry": {"type": "Polygon", "coordinates": [[[77.41, 13.1], [77.42999999999999, 13.1], [77.42999999999999, 13.12], [77.41, 13.12], [77.41, 13.1]]]}, "properties": {"cell_id": "blr_0099", "flood_depth_m": {"rp10": 0.1, "rp100": 0.24}, "glof_depth_m": 0.0, "landslide_prob": 0.01, "population": 20676, "critical_assets": [], "eal_people": 237.774, "eal_usd": 594435.0, "observed_flood_frac": null, "modeled_flood_frac": 0.05, "elev_m": 884.3, "slope_deg": 1.2, "n_lakes": 0, "n_drains": 0, "low_income_score": 0.4}}, {"type": "Feature", "geometry": {"type": "Polygon", "coordinates": [[[77.42999999999999, 13.1], [77.44999999999999, 13.1], [77.44999999999999, 13.12], [77.42999999999999, 13.12], [77.42999999999999, 13.1]]]}, "properties": {"cell_id": "blr_0100", "flood_depth_m": {"rp10": 0.07, "rp100": 0.17}, "glof_depth_m": 0.0, "landslide_prob": 0.01, "population": 29044, "critical_assets": [], "eal_people": 374.668, "eal_usd": 936670.0, "observed_flood_frac": null, "modeled_flood_frac": 0.07, "elev_m": 878.6, "slope_deg": 1.2, "n_lakes": 0, "n_drains": 0, "low_income_score": 0.4}}, {"type": "Feature", "geometry": {"type": "Polygon", "coordinates": [[[77.44999999999999, 13.1], [77.47, 13.1], [77.47, 13.12], [77.44999999999999, 13.12], [77.44999999999999, 13.1]]]}, "properties": {"cell_id": "blr_0101", "flood_depth_m": {"rp10": 0.09, "rp100": 0.23}, "glof_depth_m": 0.0, "landslide_prob": 0.01, "population": 17997, "critical_assets": [], "eal_people": 232.161, "eal_usd": 580402.0, "observed_flood_frac": null, "modeled_flood_frac": 0.07, "elev_m": 866.2, "slope_deg": 1.2, "n_lakes": 0, "n_drains": 0, "low_income_score": 0.4}}, {"type": "Feature", "geometry": {"type": "Polygon", "coordinates": [[[77.47, 13.1], [77.49, 13.1], [77.49, 13.12], [77.47, 13.12], [77.47, 13.1]]]}, "properties": {"cell_id": "blr_0102", "flood_depth_m": {"rp10": 0.06, "rp100": 0.14}, "glof_depth_m": 0.0, "landslide_prob": 0.009, "population": 25626, "critical_assets": [], "eal_people": 222.946, "eal_usd": 557365.0, "observed_flood_frac": null, "modeled_flood_frac": 0.01, "elev_m": 856.3, "slope_deg": 1.0, "n_lakes": 0, "n_drains": 0, "low_income_score": 0.4}}, {"type": "Feature", "geometry": {"type": "Polygon", "coordinates": [[[77.49, 13.1], [77.50999999999999, 13.1], [77.50999999999999, 13.12], [77.49, 13.12], [77.49, 13.1]]]}, "properties": {"cell_id": "blr_0103", "flood_depth_m": {"rp10": 0.05, "rp100": 0.13}, "glof_depth_m": 0.0, "landslide_prob": 0.01, "population": 22908, "critical_assets": [], "eal_people": 247.406, "eal_usd": 618515.0, "observed_flood_frac": null, "modeled_flood_frac": 0.04, "elev_m": 872.9, "slope_deg": 1.2, "n_lakes": 0, "n_drains": 0, "low_income_score": 0.4}}, {"type": "Feature", "geometry": {"type": "Polygon", "coordinates": [[[77.50999999999999, 13.1], [77.53, 13.1], [77.53, 13.12], [77.50999999999999, 13.12], [77.50999999999999, 13.1]]]}, "properties": {"cell_id": "blr_0104", "flood_depth_m": {"rp10": 0.09, "rp100": 0.22}, "glof_depth_m": 0.0, "landslide_prob": 0.009, "population": 28669, "critical_assets": [], "eal_people": 430.035, "eal_usd": 1075088.0, "observed_flood_frac": null, "modeled_flood_frac": 0.1, "elev_m": 889.3, "slope_deg": 1.1, "n_lakes": 0, "n_drains": 0, "low_income_score": 0.4}}, {"type": "Feature", "geometry": {"type": "Polygon", "coordinates": [[[77.53, 13.1], [77.55, 13.1], [77.55, 13.12], [77.53, 13.12], [77.53, 13.1]]]}, "properties": {"cell_id": "blr_0105", "flood_depth_m": {"rp10": 0.14, "rp100": 0.36}, "glof_depth_m": 0.0, "landslide_prob": 0.01, "population": 29987, "critical_assets": [], "eal_people": 491.787, "eal_usd": 1229468.0, "observed_flood_frac": null, "modeled_flood_frac": 0.12, "elev_m": 912.9, "slope_deg": 1.2, "n_lakes": 0, "n_drains": 0, "low_income_score": 0.4}}, {"type": "Feature", "geometry": {"type": "Polygon", "coordinates": [[[77.55, 13.1], [77.57, 13.1], [77.57, 13.12], [77.55, 13.12], [77.55, 13.1]]]}, "properties": {"cell_id": "blr_0106", "flood_depth_m": {"rp10": 0.1, "rp100": 0.26}, "glof_depth_m": 0.0, "landslide_prob": 0.01, "population": 49833, "critical_assets": ["lake"], "eal_people": 1146.159, "eal_usd": 2865398.0, "observed_flood_frac": null, "modeled_flood_frac": 0.0, "elev_m": 912.7, "slope_deg": 1.1, "n_lakes": 1, "n_drains": 0, "low_income_score": 0.4}}, {"type": "Feature", "geometry": {"type": "Polygon", "coordinates": [[[77.57, 13.1], [77.58999999999999, 13.1], [77.58999999999999, 13.12], [77.57, 13.12], [77.57, 13.1]]]}, "properties": {"cell_id": "blr_0107", "flood_depth_m": {"rp10": 0.03, "rp100": 0.08}, "glof_depth_m": 0.0, "landslide_prob": 0.008, "population": 105393, "critical_assets": [], "eal_people": 1064.469, "eal_usd": 2661172.0, "observed_flood_frac": null, "modeled_flood_frac": 0.03, "elev_m": 910.7, "slope_deg": 1.0, "n_lakes": 0, "n_drains": 0, "low_income_score": 0.4}}, {"type": "Feature", "geometry": {"type": "Polygon", "coordinates": [[[77.58999999999999, 13.1], [77.61, 13.1], [77.61, 13.12], [77.58999999999999, 13.12], [77.58999999999999, 13.1]]]}, "properties": {"cell_id": "blr_0108", "flood_depth_m": {"rp10": 0.04, "rp100": 0.09}, "glof_depth_m": 0.0, "landslide_prob": 0.009, "population": 61797, "critical_assets": [], "eal_people": 580.892, "eal_usd": 1452230.0, "observed_flood_frac": null, "modeled_flood_frac": 0.02, "elev_m": 901.7, "slope_deg": 1.0, "n_lakes": 0, "n_drains": 0, "low_income_score": 0.4}}, {"type": "Feature", "geometry": {"type": "Polygon", "coordinates": [[[77.61, 13.1], [77.63, 13.1], [77.63, 13.12], [77.61, 13.12], [77.61, 13.1]]]}, "properties": {"cell_id": "blr_0109", "flood_depth_m": {"rp10": 0.22, "rp100": 0.54}, "glof_depth_m": 0.0, "landslide_prob": 0.009, "population": 46795, "critical_assets": ["lake"], "eal_people": 1076.285, "eal_usd": 2690712.0, "observed_flood_frac": null, "modeled_flood_frac": 0.0, "elev_m": 905.1, "slope_deg": 1.1, "n_lakes": 2, "n_drains": 0, "low_income_score": 0.4}}, {"type": "Feature", "geometry": {"type": "Polygon", "coordinates": [[[77.63, 13.1], [77.64999999999999, 13.1], [77.64999999999999, 13.12], [77.63, 13.12], [77.63, 13.1]]]}, "properties": {"cell_id": "blr_0110", "flood_depth_m": {"rp10": 0.09, "rp100": 0.23}, "glof_depth_m": 0.0, "landslide_prob": 0.01, "population": 22097, "critical_assets": [], "eal_people": 300.519, "eal_usd": 751298.0, "observed_flood_frac": null, "modeled_flood_frac": 0.08, "elev_m": 914.8, "slope_deg": 1.2, "n_lakes": 0, "n_drains": 0, "low_income_score": 0.4}}, {"type": "Feature", "geometry": {"type": "Polygon", "coordinates": [[[77.64999999999999, 13.1], [77.66999999999999, 13.1], [77.66999999999999, 13.12], [77.64999999999999, 13.12], [77.64999999999999, 13.1]]]}, "properties": {"cell_id": "blr_0111", "flood_depth_m": {"rp10": 0.12, "rp100": 0.29}, "glof_depth_m": 0.0, "landslide_prob": 0.01, "population": 9740, "critical_assets": [], "eal_people": 132.464, "eal_usd": 331160.0, "observed_flood_frac": null, "modeled_flood_frac": 0.08, "elev_m": 906.4, "slope_deg": 1.2, "n_lakes": 0, "n_drains": 0, "low_income_score": 0.4}}, {"type": "Feature", "geometry": {"type": "Polygon", "coordinates": [[[77.66999999999999, 13.1], [77.69, 13.1], [77.69, 13.12], [77.66999999999999, 13.12], [77.66999999999999, 13.1]]]}, "properties": {"cell_id": "blr_0112", "flood_depth_m": {"rp10": 0.07, "rp100": 0.17}, "glof_depth_m": 0.0, "landslide_prob": 0.01, "population": 16614, "critical_assets": [], "eal_people": 179.431, "eal_usd": 448578.0, "observed_flood_frac": null, "modeled_flood_frac": 0.04, "elev_m": 904.4, "slope_deg": 1.1, "n_lakes": 0, "n_drains": 0, "low_income_score": 0.4}}, {"type": "Feature", "geometry": {"type": "Polygon", "coordinates": [[[77.69, 13.1], [77.71, 13.1], [77.71, 13.12], [77.69, 13.12], [77.69, 13.1]]]}, "properties": {"cell_id": "blr_0113", "flood_depth_m": {"rp10": 0.09, "rp100": 0.22}, "glof_depth_m": 0.0, "landslide_prob": 0.009, "population": 10992, "critical_assets": [], "eal_people": 134.102, "eal_usd": 335255.0, "observed_flood_frac": null, "modeled_flood_frac": 0.06, "elev_m": 911.4, "slope_deg": 1.1, "n_lakes": 0, "n_drains": 0, "low_income_score": 0.4}}, {"type": "Feature", "geometry": {"type": "Polygon", "coordinates": [[[77.71, 13.1], [77.72999999999999, 13.1], [77.72999999999999, 13.12], [77.71, 13.12], [77.71, 13.1]]]}, "properties": {"cell_id": "blr_0114", "flood_depth_m": {"rp10": 0.08, "rp100": 0.2}, "glof_depth_m": 0.0, "landslide_prob": 0.01, "population": 9280, "critical_assets": [], "eal_people": 100.224, "eal_usd": 250560.0, "observed_flood_frac": null, "modeled_flood_frac": 0.04, "elev_m": 904.7, "slope_deg": 1.2, "n_lakes": 0, "n_drains": 0, "low_income_score": 0.4}}, {"type": "Feature", "geometry": {"type": "Polygon", "coordinates": [[[77.72999999999999, 13.1], [77.75, 13.1], [77.75, 13.12], [77.72999999999999, 13.12], [77.72999999999999, 13.1]]]}, "properties": {"cell_id": "blr_0115", "flood_depth_m": {"rp10": 0.11, "rp100": 0.28}, "glof_depth_m": 0.0, "landslide_prob": 0.009, "population": 904, "critical_assets": [], "eal_people": 14.193, "eal_usd": 35482.0, "observed_flood_frac": null, "modeled_flood_frac": 0.11, "elev_m": 891.0, "slope_deg": 1.0, "n_lakes": 0, "n_drains": 0, "low_income_score": 0.15}}, {"type": "Feature", "geometry": {"type": "Polygon", "coordinates": [[[77.75, 13.1], [77.77, 13.1], [77.77, 13.12], [77.75, 13.12], [77.75, 13.1]]]}, "properties": {"cell_id": "blr_0116", "flood_depth_m": {"rp10": 0.02, "rp100": 0.05}, "glof_depth_m": 0.0, "landslide_prob": 0.005, "population": 1868, "critical_assets": [], "eal_people": 14.944, "eal_usd": 37360.0, "observed_flood_frac": null, "modeled_flood_frac": 0.0, "elev_m": 867.1, "slope_deg": 0.6, "n_lakes": 0, "n_drains": 0, "low_income_score": 0.15}}, {"type": "Feature", "geometry": {"type": "Polygon", "coordinates": [[[77.77, 13.1], [77.78999999999999, 13.1], [77.78999999999999, 13.12], [77.77, 13.12], [77.77, 13.1]]]}, "properties": {"cell_id": "blr_0117", "flood_depth_m": {"rp10": 0.14, "rp100": 0.36}, "glof_depth_m": 0.0, "landslide_prob": 0.008, "population": 2350, "critical_assets": ["lake"], "eal_people": 62.275, "eal_usd": 155688.0, "observed_flood_frac": null, "modeled_flood_frac": 0.05, "elev_m": 881.6, "slope_deg": 1.0, "n_lakes": 1, "n_drains": 0, "low_income_score": 0.15}}, {"type": "Feature", "geometry": {"type": "Polygon", "coordinates": [[[77.78999999999999, 13.1], [77.80999999999999, 13.1], [77.80999999999999, 13.12], [77.78999999999999, 13.12], [77.78999999999999, 13.1]]]}, "properties": {"cell_id": "blr_0118", "flood_depth_m": {"rp10": 0.13, "rp100": 0.32}, "glof_depth_m": 0.0, "landslide_prob": 0.011, "population": 1809, "critical_assets": [], "eal_people": 29.668, "eal_usd": 74170.0, "observed_flood_frac": null, "modeled_flood_frac": 0.12, "elev_m": 903.5, "slope_deg": 1.3, "n_lakes": 0, "n_drains": 0, "low_income_score": 0.15}}, {"type": "Feature", "geometry": {"type": "Polygon", "coordinates": [[[77.80999999999999, 13.1], [77.83, 13.1], [77.83, 13.12], [77.80999999999999, 13.12], [77.80999999999999, 13.1]]]}, "properties": {"cell_id": "blr_0119", "flood_depth_m": {"rp10": 0.03, "rp100": 0.08}, "glof_depth_m": 0.0, "landslide_prob": 0.008, "population": 3765, "critical_assets": [], "eal_people": 35.391, "eal_usd": 88478.0, "observed_flood_frac": null, "modeled_flood_frac": 0.02, "elev_m": 894.0, "slope_deg": 1.0, "n_lakes": 0, "n_drains": 0, "low_income_score": 0.15}}, {"type": "Feature", "geometry": {"type": "Polygon", "coordinates": [[[77.35, 13.08], [77.36999999999999, 13.08], [77.36999999999999, 13.1], [77.35, 13.1], [77.35, 13.08]]]}, "properties": {"cell_id": "blr_0120", "flood_depth_m": {"rp10": 0.04, "rp100": 0.1}, "glof_depth_m": 0.0, "landslide_prob": 0.012, "population": 2554, "critical_assets": [], "eal_people": 27.583, "eal_usd": 68958.0, "observed_flood_frac": null, "modeled_flood_frac": 0.04, "elev_m": 876.8, "slope_deg": 1.4, "n_lakes": 0, "n_drains": 0, "low_income_score": 0.15}}, {"type": "Feature", "geometry": {"type": "Polygon", "coordinates": [[[77.36999999999999, 13.08], [77.39, 13.08], [77.39, 13.1], [77.36999999999999, 13.1], [77.36999999999999, 13.08]]]}, "properties": {"cell_id": "blr_0121", "flood_depth_m": {"rp10": 0.12, "rp100": 0.3}, "glof_depth_m": 0.0, "landslide_prob": 0.009, "population": 5118, "critical_assets": [], "eal_people": 94.683, "eal_usd": 236708.0, "observed_flood_frac": null, "modeled_flood_frac": 0.15, "elev_m": 899.9, "slope_deg": 1.1, "n_lakes": 0, "n_drains": 0, "low_income_score": 0.4}}, {"type": "Feature", "geometry": {"type": "Polygon", "coordinates": [[[77.39, 13.08], [77.41, 13.08], [77.41, 13.1], [77.39, 13.1], [77.39, 13.08]]]}, "properties": {"cell_id": "blr_0122", "flood_depth_m": {"rp10": 0.17, "rp100": 0.43}, "glof_depth_m": 0.0, "landslide_prob": 0.011, "population": 13915, "critical_assets": ["lake"], "eal_people": 378.488, "eal_usd": 946220.0, "observed_flood_frac": null, "modeled_flood_frac": 0.06, "elev_m": 889.5, "slope_deg": 1.3, "n_lakes": 1, "n_drains": 0, "low_income_score": 0.4}}, {"type": "Feature", "geometry": {"type": "Polygon", "coordinates": [[[77.41, 13.08], [77.42999999999999, 13.08], [77.42999999999999, 13.1], [77.41, 13.1], [77.41, 13.08]]]}, "properties": {"cell_id": "blr_0123", "flood_depth_m": {"rp10": 0.04, "rp100": 0.11}, "glof_depth_m": 0.0, "landslide_prob": 0.009, "population": 31162, "critical_assets": [], "eal_people": 336.55, "eal_usd": 841375.0, "observed_flood_frac": null, "modeled_flood_frac": 0.04, "elev_m": 872.4, "slope_deg": 1.1, "n_lakes": 0, "n_drains": 0, "low_income_score": 0.4}}, {"type": "Feature", "geometry": {"type": "Polygon", "coordinates": [[[77.42999999999999, 13.08], [77.44999999999999, 13.08], [77.44999999999999, 13.1], [77.42999999999999, 13.1], [77.42999999999999, 13.08]]]}, "properties": {"cell_id": "blr_0124", "flood_depth_m": {"rp10": 0.37, "rp100": 0.93}, "glof_depth_m": 0.0, "landslide_prob": 0.01, "population": 33837, "critical_assets": ["lake"], "eal_people": 896.68, "eal_usd": 2241700.0, "observed_flood_frac": null, "modeled_flood_frac": 0.05, "elev_m": 865.6, "slope_deg": 1.2, "n_lakes": 3, "n_drains": 0, "low_income_score": 0.4}}, {"type": "Feature", "geometry": {"type": "Polygon", "coordinates": [[[77.44999999999999, 13.08], [77.47, 13.08], [77.47, 13.1], [77.44999999999999, 13.1], [77.44999999999999, 13.08]]]}, "properties": {"cell_id": "blr_0125", "flood_depth_m": {"rp10": 0.16, "rp100": 0.39}, "glof_depth_m": 0.0, "landslide_prob": 0.009, "population": 27039, "critical_assets": ["lake"], "eal_people": 621.897, "eal_usd": 1554743.0, "observed_flood_frac": null, "modeled_flood_frac": 0.0, "elev_m": 854.6, "slope_deg": 1.1, "n_lakes": 1, "n_drains": 0, "low_income_score": 0.4}}, {"type": "Feature", "geometry": {"type": "Polygon", "coordinates": [[[77.47, 13.08], [77.49, 13.08], [77.49, 13.1], [77.47, 13.1], [77.47, 13.08]]]}, "properties": {"cell_id": "blr_0126", "flood_depth_m": {"rp10": 0.06, "rp100": 0.15}, "glof_depth_m": 0.0, "landslide_prob": 0.012, "population": 31050, "critical_assets": [], "eal_people": 357.075, "eal_usd": 892688.0, "observed_flood_frac": null, "modeled_flood_frac": 0.05, "elev_m": 860.8, "slope_deg": 1.4, "n_lakes": 0, "n_drains": 0, "low_income_score": 0.4}}, {"type": "Feature", "geometry": {"type": "Polygon", "coordinates": [[[77.49, 13.08], [77.50999999999999, 13.08], [77.50999999999999, 13.1], [77.49, 13.1], [77.49, 13.08]]]}, "properties": {"cell_id": "blr_0127", "flood_depth_m": {"rp10": 0.13, "rp100": 0.32}, "glof_depth_m": 0.0, "landslide_prob": 0.009, "population": 34071, "critical_assets": ["lake"], "eal_people": 831.332, "eal_usd": 2078330.0, "observed_flood_frac": null, "modeled_flood_frac": 0.02, "elev_m": 867.6, "slope_deg": 1.1, "n_lakes": 1, "n_drains": 0, "low_income_score": 0.4}}, {"type": "Feature", "geometry": {"type": "Polygon", "coordinates": [[[77.50999999999999, 13.08], [77.53, 13.08], [77.53, 13.1], [77.50999999999999, 13.1], [77.50999999999999, 13.08]]]}, "properties": {"cell_id": "blr_0128", "flood_depth_m": {"rp10": 0.07, "rp100": 0.18}, "glof_depth_m": 0.0, "landslide_prob": 0.009, "population": 36097, "critical_assets": [], "eal_people": 339.312, "eal_usd": 848280.0, "observed_flood_frac": null, "modeled_flood_frac": 0.02, "elev_m": 881.9, "slope_deg": 1.1, "n_lakes": 0, "n_drains": 0, "low_income_score": 0.4}}, {"type": "Feature", "geometry": {"type": "Polygon", "coordinates": [[[77.53, 13.08], [77.55, 13.08], [77.55, 13.1], [77.53, 13.1], [77.53, 13.08]]]}, "properties": {"cell_id": "blr_0129", "flood_depth_m": {"rp10": 0.14, "rp100": 0.36}, "glof_depth_m": 0.0, "landslide_prob": 0.011, "population": 43459, "critical_assets": ["lake"], "eal_people": 1151.663, "eal_usd": 2879158.0, "observed_flood_frac": null, "modeled_flood_frac": 0.05, "elev_m": 909.1, "slope_deg": 1.4, "n_lakes": 1, "n_drains": 0, "low_income_score": 0.4}}, {"type": "Feature", "geometry": {"type": "Polygon", "coordinates": [[[77.55, 13.08], [77.57, 13.08], [77.57, 13.1], [77.55, 13.1], [77.55, 13.08]]]}, "properties": {"cell_id": "blr_0130", "flood_depth_m": {"rp10": 0.07, "rp100": 0.18}, "glof_depth_m": 0.0, "landslide_prob": 0.01, "population": 70240, "critical_assets": [], "eal_people": 906.096, "eal_usd": 2265240.0, "observed_flood_frac": null, "modeled_flood_frac": 0.07, "elev_m": 930.0, "slope_deg": 1.2, "n_lakes": 0, "n_drains": 0, "low_income_score": 0.4}}, {"type": "Feature", "geometry": {"type": "Polygon", "coordinates": [[[77.57, 13.08], [77.58999999999999, 13.08], [77.58999999999999, 13.1], [77.57, 13.1], [77.57, 13.08]]]}, "properties": {"cell_id": "blr_0131", "flood_depth_m": {"rp10": 0.14, "rp100": 0.36}, "glof_depth_m": 0.0, "landslide_prob": 0.01, "population": 93082, "critical_assets": ["lake"], "eal_people": 2206.043, "eal_usd": 5515108.0, "observed_flood_frac": null, "modeled_flood_frac": 0.01, "elev_m": 919.9, "slope_deg": 1.2, "n_lakes": 1, "n_drains": 0, "low_income_score": 0.4}}, {"type": "Feature", "geometry": {"type": "Polygon", "coordinates": [[[77.58999999999999, 13.08], [77.61, 13.08], [77.61, 13.1], [77.58999999999999, 13.1], [77.58999999999999, 13.08]]]}, "properties": {"cell_id": "blr_0132", "flood_depth_m": {"rp10": 0.06, "rp100": 0.16}, "glof_depth_m": 0.0, "landslide_prob": 0.008, "population": 60097, "critical_assets": [], "eal_people": 564.912, "eal_usd": 1412280.0, "observed_flood_frac": null, "modeled_flood_frac": 0.02, "elev_m": 901.9, "slope_deg": 1.0, "n_lakes": 0, "n_drains": 0, "low_income_score": 0.4}}, {"type": "Feature", "geometry": {"type": "Polygon", "coordinates": [[[77.61, 13.08], [77.63, 13.08], [77.63, 13.1], [77.61, 13.1], [77.61, 13.08]]]}, "properties": {"cell_id": "blr_0133", "flood_depth_m": {"rp10": 0.24, "rp100": 0.6}, "glof_depth_m": 0.0, "landslide_prob": 0.009, "population": 38390, "critical_assets": ["lake"], "eal_people": 990.462, "eal_usd": 2476155.0, "observed_flood_frac": null, "modeled_flood_frac": 0.04, "elev_m": 903.0, "slope_deg": 1.1, "n_lakes": 2, "n_drains": 0, "low_income_score": 0.4}}, {"type": "Feature", "geometry": {"type": "Polygon", "coordinates": [[[77.63, 13.08], [77.64999999999999, 13.08], [77.64999999999999, 13.1], [77.63, 13.1], [77.63, 13.08]]]}, "properties": {"cell_id": "blr_0134", "flood_depth_m": {"rp10": 0.1, "rp100": 0.25}, "glof_depth_m": 0.0, "landslide_prob": 0.01, "population": 27924, "critical_assets": [], "eal_people": 379.766, "eal_usd": 949415.0, "observed_flood_frac": null, "modeled_flood_frac": 0.08, "elev_m": 912.6, "slope_deg": 1.1, "n_lakes": 0, "n_drains": 0, "low_income_score": 0.4}}, {"type": "Feature", "geometry": {"type": "Polygon", "coordinates": [[[77.64999999999999, 13.08], [77.66999999999999, 13.08], [77.66999999999999, 13.1], [77.64999999999999, 13.1], [77.64999999999999, 13.08]]]}, "properties": {"cell_id": "blr_0135", "flood_depth_m": {"rp10": 0.13, "rp100": 0.32}, "glof_depth_m": 0.0, "landslide_prob": 0.01, "population": 931, "critical_assets": ["lake"], "eal_people": 22.716, "eal_usd": 56790.0, "observed_flood_frac": null, "modeled_flood_frac": 0.02, "elev_m": 898.7, "slope_deg": 1.2, "n_lakes": 1, "n_drains": 0, "low_income_score": 0.15}}, {"type": "Feature", "geometry": {"type": "Polygon", "coordinates": [[[77.66999999999999, 13.08], [77.69, 13.08], [77.69, 13.1], [77.66999999999999, 13.1], [77.66999999999999, 13.08]]]}, "properties": {"cell_id": "blr_0136", "flood_depth_m": {"rp10": 0.04, "rp100": 0.09}, "glof_depth_m": 0.0, "landslide_prob": 0.009, "population": 815, "critical_assets": [], "eal_people": 8.802, "eal_usd": 22005.0, "observed_flood_frac": null, "modeled_flood_frac": 0.04, "elev_m": 902.3, "slope_deg": 1.1, "n_lakes": 0, "n_drains": 0, "low_income_score": 0.15}}, {"type": "Feature", "geometry": {"type": "Polygon", "coordinates": [[[77.69, 13.08], [77.71, 13.08], [77.71, 13.1], [77.69, 13.1], [77.69, 13.08]]]}, "properties": {"cell_id": "blr_0137", "flood_depth_m": {"rp10": 0.02, "rp100": 0.05}, "glof_depth_m": 0.0, "landslide_prob": 0.009, "population": 677, "critical_assets": [], "eal_people": 5.416, "eal_usd": 13540.0, "observed_flood_frac": null, "modeled_flood_frac": 0.0, "elev_m": 904.6, "slope_deg": 1.0, "n_lakes": 0, "n_drains": 0, "low_income_score": 0.15}}, {"type": "Feature", "geometry": {"type": "Polygon", "coordinates": [[[77.71, 13.08], [77.72999999999999, 13.08], [77.72999999999999, 13.1], [77.71, 13.1], [77.71, 13.08]]]}, "properties": {"cell_id": "blr_0138", "flood_depth_m": {"rp10": 0.16, "rp100": 0.4}, "glof_depth_m": 0.0, "landslide_prob": 0.008, "population": 2612, "critical_assets": ["lake"], "eal_people": 67.39, "eal_usd": 168475.0, "observed_flood_frac": null, "modeled_flood_frac": 0.04, "elev_m": 895.1, "slope_deg": 1.0, "n_lakes": 1, "n_drains": 0, "low_income_score": 0.15}}, {"type": "Feature", "geometry": {"type": "Polygon", "coordinates": [[[77.72999999999999, 13.08], [77.75, 13.08], [77.75, 13.1], [77.72999999999999, 13.1], [77.72999999999999, 13.08]]]}, "properties": {"cell_id": "blr_0139", "flood_depth_m": {"rp10": 0.24, "rp100": 0.61}, "glof_depth_m": 0.0, "landslide_prob": 0.009, "population": 737, "critical_assets": ["lake"], "eal_people": 20.046, "eal_usd": 50115.0, "observed_flood_frac": null, "modeled_flood_frac": 0.06, "elev_m": 884.5, "slope_deg": 1.0, "n_lakes": 2, "n_drains": 0, "low_income_score": 0.15}}, {"type": "Feature", "geometry": {"type": "Polygon", "coordinates": [[[77.75, 13.08], [77.77, 13.08], [77.77, 13.1], [77.75, 13.1], [77.75, 13.08]]]}, "properties": {"cell_id": "blr_0140", "flood_depth_m": {"rp10": 0.03, "rp100": 0.07}, "glof_depth_m": 0.0, "landslide_prob": 0.004, "population": 1274, "critical_assets": [], "eal_people": 10.192, "eal_usd": 25480.0, "observed_flood_frac": null, "modeled_flood_frac": 0.0, "elev_m": 866.4, "slope_deg": 0.5, "n_lakes": 0, "n_drains": 0, "low_income_score": 0.15}}, {"type": "Feature", "geometry": {"type": "Polygon", "coordinates": [[[77.77, 13.08], [77.78999999999999, 13.08], [77.78999999999999, 13.1], [77.77, 13.1], [77.77, 13.08]]]}, "properties": {"cell_id": "blr_0141", "flood_depth_m": {"rp10": 0.02, "rp100": 0.06}, "glof_depth_m": 0.0, "landslide_prob": 0.006, "population": 3169, "critical_assets": [], "eal_people": 25.352, "eal_usd": 63380.0, "observed_flood_frac": null, "modeled_flood_frac": 0.0, "elev_m": 869.9, "slope_deg": 0.7, "n_lakes": 0, "n_drains": 0, "low_income_score": 0.15}}, {"type": "Feature", "geometry": {"type": "Polygon", "coordinates": [[[77.78999999999999, 13.08], [77.80999999999999, 13.08], [77.80999999999999, 13.1], [77.78999999999999, 13.1], [77.78999999999999, 13.08]]]}, "properties": {"cell_id": "blr_0142", "flood_depth_m": {"rp10": 0.02, "rp100": 0.05}, "glof_depth_m": 0.0, "landslide_prob": 0.006, "population": 3597, "critical_assets": [], "eal_people": 28.776, "eal_usd": 71940.0, "observed_flood_frac": null, "modeled_flood_frac": 0.0, "elev_m": 875.4, "slope_deg": 0.7, "n_lakes": 0, "n_drains": 0, "low_income_score": 0.15}}, {"type": "Feature", "geometry": {"type": "Polygon", "coordinates": [[[77.80999999999999, 13.08], [77.83, 13.08], [77.83, 13.1], [77.80999999999999, 13.1], [77.80999999999999, 13.08]]]}, "properties": {"cell_id": "blr_0143", "flood_depth_m": {"rp10": 0.02, "rp100": 0.05}, "glof_depth_m": 0.0, "landslide_prob": 0.006, "population": 2391, "critical_assets": [], "eal_people": 19.128, "eal_usd": 47820.0, "observed_flood_frac": null, "modeled_flood_frac": 0.0, "elev_m": 876.2, "slope_deg": 0.7, "n_lakes": 0, "n_drains": 0, "low_income_score": 0.15}}, {"type": "Feature", "geometry": {"type": "Polygon", "coordinates": [[[77.35, 13.059999999999999], [77.36999999999999, 13.059999999999999], [77.36999999999999, 13.08], [77.35, 13.08], [77.35, 13.059999999999999]]]}, "properties": {"cell_id": "blr_0144", "flood_depth_m": {"rp10": 0.19, "rp100": 0.47}, "glof_depth_m": 0.0, "landslide_prob": 0.012, "population": 3098, "critical_assets": ["lake"], "eal_people": 84.266, "eal_usd": 210665.0, "observed_flood_frac": null, "modeled_flood_frac": 0.06, "elev_m": 875.2, "slope_deg": 1.5, "n_lakes": 1, "n_drains": 0, "low_income_score": 0.15}}, {"type": "Feature", "geometry": {"type": "Polygon", "coordinates": [[[77.36999999999999, 13.059999999999999], [77.39, 13.059999999999999], [77.39, 13.08], [77.36999999999999, 13.08], [77.36999999999999, 13.059999999999999]]]}, "properties": {"cell_id": "blr_0145", "flood_depth_m": {"rp10": 0.18, "rp100": 0.45}, "glof_depth_m": 0.0, "landslide_prob": 0.01, "population": 7094, "critical_assets": ["lake"], "eal_people": 178.059, "eal_usd": 445148.0, "observed_flood_frac": null, "modeled_flood_frac": 0.03, "elev_m": 882.6, "slope_deg": 1.2, "n_lakes": 1, "n_drains": 0, "low_income_score": 0.4}}, {"type": "Feature", "geometry": {"type": "Polygon", "coordinates": [[[77.39, 13.059999999999999], [77.41, 13.059999999999999], [77.41, 13.08], [77.39, 13.08], [77.39, 13.059999999999999]]]}, "properties": {"cell_id": "blr_0146", "flood_depth_m": {"rp10": 0.17, "rp100": 0.43}, "glof_depth_m": 0.0, "landslide_prob": 0.012, "population": 9909, "critical_assets": ["lake"], "eal_people": 269.525, "eal_usd": 673812.0, "observed_flood_frac": null, "modeled_flood_frac": 0.06, "elev_m": 883.5, "slope_deg": 1.4, "n_lakes": 1, "n_drains": 0, "low_income_score": 0.4}}, {"type": "Feature", "geometry": {"type": "Polygon", "coordinates": [[[77.41, 13.059999999999999], [77.42999999999999, 13.059999999999999], [77.42999999999999, 13.08], [77.41, 13.08], [77.41, 13.059999999999999]]]}, "properties": {"cell_id": "blr_0147", "flood_depth_m": {"rp10": 0.13, "rp100": 0.32}, "glof_depth_m": 0.0, "landslide_prob": 0.011, "population": 24884, "critical_assets": [], "eal_people": 373.26, "eal_usd": 933150.0, "observed_flood_frac": null, "modeled_flood_frac": 0.1, "elev_m": 872.5, "slope_deg": 1.4, "n_lakes": 0, "n_drains": 0, "low_income_score": 0.4}}, {"type": "Feature", "geometry": {"type": "Polygon", "coordinates": [[[77.42999999999999, 13.059999999999999], [77.44999999999999, 13.059999999999999], [77.44999999999999, 13.08], [77.42999999999999, 13.08], [77.42999999999999, 13.059999999999999]]]}, "properties": {"cell_id": "blr_0148", "flood_depth_m": {"rp10": 0.06, "rp100": 0.16}, "glof_depth_m": 0.0, "landslide_prob": 0.01, "population": 38944, "critical_assets": [], "eal_people": 447.856, "eal_usd": 1119640.0, "observed_flood_frac": null, "modeled_flood_frac": 0.05, "elev_m": 856.5, "slope_deg": 1.1, "n_lakes": 0, "n_drains": 0, "low_income_score": 0.4}}, {"type": "Feature", "geometry": {"type": "Polygon", "coordinates": [[[77.44999999999999, 13.059999999999999], [77.47, 13.059999999999999], [77.47, 13.08], [77.44999999999999, 13.08], [77.44999999999999, 13.059999999999999]]]}, "properties": {"cell_id": "blr_0149", "flood_depth_m": {"rp10": 0.07, "rp100": 0.18}, "glof_depth_m": 0.0, "landslide_prob": 0.01, "population": 50650, "critical_assets": [], "eal_people": 582.475, "eal_usd": 1456188.0, "observed_flood_frac": null, "modeled_flood_frac": 0.05, "elev_m": 851.4, "slope_deg": 1.1, "n_lakes": 0, "n_drains": 0, "low_income_score": 0.4}}, {"type": "Feature", "geometry": {"type": "Polygon", "coordinates": [[[77.47, 13.059999999999999], [77.49, 13.059999999999999], [77.49, 13.08], [77.47, 13.08], [77.47, 13.059999999999999]]]}, "properties": {"cell_id": "blr_0150", "flood_depth_m": {"rp10": 0.03, "rp100": 0.07}, "glof_depth_m": 0.0, "landslide_prob": 0.012, "population": 37919, "critical_assets": [], "eal_people": 382.982, "eal_usd": 957455.0, "observed_flood_frac": null, "modeled_flood_frac": 0.03, "elev_m": 868.1, "slope_deg": 1.4, "n_lakes": 0, "n_drains": 0, "low_income_score": 0.4}}, {"type": "Feature", "geometry": {"type": "Polygon", "coordinates": [[[77.49, 13.059999999999999], [77.50999999999999, 13.059999999999999], [77.50999999999999, 13.08], [77.49, 13.08], [77.49, 13.059999999999999]]]}, "properties": {"cell_id": "blr_0151", "flood_depth_m": {"rp10": 0.1, "rp100": 0.24}, "glof_depth_m": 0.0, "landslide_prob": 0.017, "population": 69780, "critical_assets": [], "eal_people": 997.854, "eal_usd": 2494635.0, "observed_flood_frac": null, "modeled_flood_frac": 0.09, "elev_m": 888.3, "slope_deg": 2.0, "n_lakes": 0, "n_drains": 0, "low_income_score": 0.4}}, {"type": "Feature", "geometry": {"type": "Polygon", "coordinates": [[[77.50999999999999, 13.059999999999999], [77.53, 13.059999999999999], [77.53, 13.08], [77.50999999999999, 13.08], [77.50999999999999, 13.059999999999999]]]}, "properties": {"cell_id": "blr_0152", "flood_depth_m": {"rp10": 0.22, "rp100": 0.54}, "glof_depth_m": 0.0, "landslide_prob": 0.011, "population": 45393, "critical_assets": ["lake"], "eal_people": 1044.039, "eal_usd": 2610098.0, "observed_flood_frac": null, "modeled_flood_frac": 0.0, "elev_m": 888.1, "slope_deg": 1.3, "n_lakes": 2, "n_drains": 1, "low_income_score": 0.4}}, {"type": "Feature", "geometry": {"type": "Polygon", "coordinates": [[[77.53, 13.059999999999999], [77.55, 13.059999999999999], [77.55, 13.08], [77.53, 13.08], [77.53, 13.059999999999999]]]}, "properties": {"cell_id": "blr_0153", "flood_depth_m": {"rp10": 0.04, "rp100": 0.11}, "glof_depth_m": 0.0, "landslide_prob": 0.012, "population": 46494, "critical_assets": [], "eal_people": 567.227, "eal_usd": 1418068.0, "observed_flood_frac": null, "modeled_flood_frac": 0.06, "elev_m": 916.6, "slope_deg": 1.5, "n_lakes": 0, "n_drains": 0, "low_income_score": 0.4}}, {"type": "Feature", "geometry": {"type": "Polygon", "coordinates": [[[77.55, 13.059999999999999], [77.57, 13.059999999999999], [77.57, 13.08], [77.55, 13.08], [77.55, 13.059999999999999]]]}, "properties": {"cell_id": "blr_0154", "flood_depth_m": {"rp10": 0.06, "rp100": 0.15}, "glof_depth_m": 0.0, "landslide_prob": 0.01, "population": 96720, "critical_assets": [], "eal_people": 773.76, "eal_usd": 1934400.0, "observed_flood_frac": null, "modeled_flood_frac": 0.0, "elev_m": 913.7, "slope_deg": 1.2, "n_lakes": 0, "n_drains": 0, "low_income_score": 0.4}}, {"type": "Feature", "geometry": {"type": "Polygon", "coordinates": [[[77.57, 13.059999999999999], [77.58999999999999, 13.059999999999999], [77.58999999999999, 13.08], [77.57, 13.08], [77.57, 13.059999999999999]]]}, "properties": {"cell_id": "blr_0155", "flood_depth_m": {"rp10": 0.04, "rp100": 0.11}, "glof_depth_m": 0.0, "landslide_prob": 0.011, "population": 89452, "critical_assets": [], "eal_people": 1028.698, "eal_usd": 2571745.0, "observed_flood_frac": null, "modeled_flood_frac": 0.05, "elev_m": 923.5, "slope_deg": 1.3, "n_lakes": 0, "n_drains": 0, "low_income_score": 0.4}}, {"type": "Feature", "geometry": {"type": "Polygon", "coordinates": [[[77.58999999999999, 13.059999999999999], [77.61, 13.059999999999999], [77.61, 13.08], [77.58999999999999, 13.08], [77.58999999999999, 13.059999999999999]]]}, "properties": {"cell_id": "blr_0156", "flood_depth_m": {"rp10": 0.06, "rp100": 0.15}, "glof_depth_m": 0.0, "landslide_prob": 0.009, "population": 71758, "critical_assets": [], "eal_people": 875.448, "eal_usd": 2188620.0, "observed_flood_frac": null, "modeled_flood_frac": 0.06, "elev_m": 906.3, "slope_deg": 1.1, "n_lakes": 0, "n_drains": 0, "low_income_score": 0.4}}, {"type": "Feature", "geometry": {"type": "Polygon", "coordinates": [[[77.61, 13.059999999999999], [77.63, 13.059999999999999], [77.63, 13.08], [77.61, 13.08], [77.61, 13.059999999999999]]]}, "properties": {"cell_id": "blr_0157", "flood_depth_m": {"rp10": 0.15, "rp100": 0.37}, "glof_depth_m": 0.0, "landslide_prob": 0.009, "population": 26019, "critical_assets": ["lake"], "eal_people": 598.437, "eal_usd": 1496092.0, "observed_flood_frac": null, "modeled_flood_frac": 0.0, "elev_m": 898.2, "slope_deg": 1.0, "n_lakes": 1, "n_drains": 0, "low_income_score": 0.4}}, {"type": "Feature", "geometry": {"type": "Polygon", "coordinates": [[[77.63, 13.059999999999999], [77.64999999999999, 13.059999999999999], [77.64999999999999, 13.08], [77.63, 13.08], [77.63, 13.059999999999999]]]}, "properties": {"cell_id": "blr_0158", "flood_depth_m": {"rp10": 0.05, "rp100": 0.13}, "glof_depth_m": 0.0, "landslide_prob": 0.01, "population": 8695, "critical_assets": [], "eal_people": 99.992, "eal_usd": 249980.0, "observed_flood_frac": null, "modeled_flood_frac": 0.05, "elev_m": 903.1, "slope_deg": 1.1, "n_lakes": 0, "n_drains": 0, "low_income_score": 0.4}}, {"type": "Feature", "geometry": {"type": "Polygon", "coordinates": [[[77.64999999999999, 13.059999999999999], [77.66999999999999, 13.059999999999999], [77.66999999999999, 13.08], [77.64999999999999, 13.08], [77.64999999999999, 13.059999999999999]]]}, "properties": {"cell_id": "blr_0159", "flood_depth_m": {"rp10": 0.13, "rp100": 0.33}, "glof_depth_m": 0.0, "landslide_prob": 0.008, "population": 1392, "critical_assets": [], "eal_people": 22.829, "eal_usd": 57072.0, "observed_flood_frac": null, "modeled_flood_frac": 0.12, "elev_m": 899.5, "slope_deg": 0.9, "n_lakes": 0, "n_drains": 0, "low_income_score": 0.15}}, {"type": "Feature", "geometry": {"type": "Polygon", "coordinates": [[[77.66999999999999, 13.059999999999999], [77.69, 13.059999999999999], [77.69, 13.08], [77.66999999999999, 13.08], [77.66999999999999, 13.059999999999999]]]}, "properties": {"cell_id": "blr_0160", "flood_depth_m": {"rp10": 0.27, "rp100": 0.68}, "glof_depth_m": 0.0, "landslide_prob": 0.008, "population": 828, "critical_assets": ["lake"], "eal_people": 21.362, "eal_usd": 53405.0, "observed_flood_frac": null, "modeled_flood_frac": 0.04, "elev_m": 887.0, "slope_deg": 1.0, "n_lakes": 2, "n_drains": 0, "low_income_score": 0.15}}, {"type": "Feature", "geometry": {"type": "Polygon", "coordinates": [[[77.69, 13.059999999999999], [77.71, 13.059999999999999], [77.71, 13.08], [77.69, 13.08], [77.69, 13.059999999999999]]]}, "properties": {"cell_id": "blr_0161", "flood_depth_m": {"rp10": 0.09, "rp100": 0.22}, "glof_depth_m": 0.0, "landslide_prob": 0.009, "population": 610, "critical_assets": [], "eal_people": 9.15, "eal_usd": 22875.0, "observed_flood_frac": null, "modeled_flood_frac": 0.1, "elev_m": 902.0, "slope_deg": 1.1, "n_lakes": 0, "n_drains": 0, "low_income_score": 0.15}}, {"type": "Feature", "geometry": {"type": "Polygon", "coordinates": [[[77.71, 13.059999999999999], [77.72999999999999, 13.059999999999999], [77.72999999999999, 13.08], [77.71, 13.08], [77.71, 13.059999999999999]]]}, "properties": {"cell_id": "blr_0162", "flood_depth_m": {"rp10": 0.16, "rp100": 0.41}, "glof_depth_m": 0.0, "landslide_prob": 0.008, "population": 744, "critical_assets": ["lake"], "eal_people": 17.633, "eal_usd": 44082.0, "observed_flood_frac": null, "modeled_flood_frac": 0.01, "elev_m": 886.2, "slope_deg": 1.0, "n_lakes": 1, "n_drains": 0, "low_income_score": 0.15}}, {"type": "Feature", "geometry": {"type": "Polygon", "coordinates": [[[77.72999999999999, 13.059999999999999], [77.75, 13.059999999999999], [77.75, 13.08], [77.72999999999999, 13.08], [77.72999999999999, 13.059999999999999]]]}, "properties": {"cell_id": "blr_0163", "flood_depth_m": {"rp10": 0.06, "rp100": 0.14}, "glof_depth_m": 0.0, "landslide_prob": 0.008, "population": 988, "critical_assets": [], "eal_people": 11.362, "eal_usd": 28405.0, "observed_flood_frac": null, "modeled_flood_frac": 0.05, "elev_m": 888.5, "slope_deg": 1.0, "n_lakes": 0, "n_drains": 0, "low_income_score": 0.15}}, {"type": "Feature", "geometry": {"type": "Polygon", "coordinates": [[[77.75, 13.059999999999999], [77.77, 13.059999999999999], [77.77, 13.08], [77.75, 13.08], [77.75, 13.059999999999999]]]}, "properties": {"cell_id": "blr_0164", "flood_depth_m": {"rp10": 0.16, "rp100": 0.4}, "glof_depth_m": 0.0, "landslide_prob": 0.006, "population": 2258, "critical_assets": ["lake"], "eal_people": 58.256, "eal_usd": 145640.0, "observed_flood_frac": null, "modeled_flood_frac": 0.04, "elev_m": 869.7, "slope_deg": 0.7, "n_lakes": 1, "n_drains": 0, "low_income_score": 0.15}}, {"type": "Feature", "geometry": {"type": "Polygon", "coordinates": [[[77.77, 13.059999999999999], [77.78999999999999, 13.059999999999999], [77.78999999999999, 13.08], [77.77, 13.08], [77.77, 13.059999999999999]]]}, "properties": {"cell_id": "blr_0165", "flood_depth_m": {"rp10": 0.08, "rp100": 0.2}, "glof_depth_m": 0.0, "landslide_prob": 0.007, "population": 7348, "critical_assets": [], "eal_people": 89.646, "eal_usd": 224115.0, "observed_flood_frac": null, "modeled_flood_frac": 0.06, "elev_m": 872.2, "slope_deg": 0.9, "n_lakes": 0, "n_drains": 0, "low_income_score": 0.4}}, {"type": "Feature", "geometry": {"type": "Polygon", "coordinates": [[[77.78999999999999, 13.059999999999999], [77.80999999999999, 13.059999999999999], [77.80999999999999, 13.08], [77.78999999999999, 13.08], [77.78999999999999, 13.059999999999999]]]}, "properties": {"cell_id": "blr_0166", "flood_depth_m": {"rp10": 0.04, "rp100": 0.1}, "glof_depth_m": 0.0, "landslide_prob": 0.008, "population": 6777, "critical_assets": [], "eal_people": 77.936, "eal_usd": 194840.0, "observed_flood_frac": null, "modeled_flood_frac": 0.05, "elev_m": 882.2, "slope_deg": 1.0, "n_lakes": 0, "n_drains": 0, "low_income_score": 0.4}}, {"type": "Feature", "geometry": {"type": "Polygon", "coordinates": [[[77.80999999999999, 13.059999999999999], [77.83, 13.059999999999999], [77.83, 13.08], [77.80999999999999, 13.08], [77.80999999999999, 13.059999999999999]]]}, "properties": {"cell_id": "blr_0167", "flood_depth_m": {"rp10": 0.1, "rp100": 0.26}, "glof_depth_m": 0.0, "landslide_prob": 0.008, "population": 2735, "critical_assets": [], "eal_people": 37.196, "eal_usd": 92990.0, "observed_flood_frac": null, "modeled_flood_frac": 0.08, "elev_m": 888.9, "slope_deg": 1.0, "n_lakes": 0, "n_drains": 0, "low_income_score": 0.15}}, {"type": "Feature", "geometry": {"type": "Polygon", "coordinates": [[[77.35, 13.04], [77.36999999999999, 13.04], [77.36999999999999, 13.059999999999999], [77.35, 13.059999999999999], [77.35, 13.04]]]}, "properties": {"cell_id": "blr_0168", "flood_depth_m": {"rp10": 0.06, "rp100": 0.15}, "glof_depth_m": 0.0, "landslide_prob": 0.011, "population": 1789, "critical_assets": [], "eal_people": 15.564, "eal_usd": 38910.0, "observed_flood_frac": null, "modeled_flood_frac": 0.01, "elev_m": 863.6, "slope_deg": 1.3, "n_lakes": 0, "n_drains": 0, "low_income_score": 0.15}}, {"type": "Feature", "geometry": {"type": "Polygon", "coordinates": [[[77.36999999999999, 13.04], [77.39, 13.04], [77.39, 13.059999999999999], [77.36999999999999, 13.059999999999999], [77.36999999999999, 13.04]]]}, "properties": {"cell_id": "blr_0169", "flood_depth_m": {"rp10": 0.12, "rp100": 0.31}, "glof_depth_m": 0.0, "landslide_prob": 0.011, "population": 8732, "critical_assets": [], "eal_people": 124.868, "eal_usd": 312170.0, "observed_flood_frac": null, "modeled_flood_frac": 0.09, "elev_m": 874.0, "slope_deg": 1.4, "n_lakes": 0, "n_drains": 0, "low_income_score": 0.4}}, {"type": "Feature", "geometry": {"type": "Polygon", "coordinates": [[[77.39, 13.04], [77.41, 13.04], [77.41, 13.059999999999999], [77.39, 13.059999999999999], [77.39, 13.04]]]}, "properties": {"cell_id": "blr_0170", "flood_depth_m": {"rp10": 0.16, "rp100": 0.39}, "glof_depth_m": 0.0, "landslide_prob": 0.012, "population": 15297, "critical_assets": ["lake"], "eal_people": 405.37, "eal_usd": 1013425.0, "observed_flood_frac": null, "modeled_flood_frac": 0.05, "elev_m": 876.0, "slope_deg": 1.5, "n_lakes": 1, "n_drains": 0, "low_income_score": 0.4}}, {"type": "Feature", "geometry": {"type": "Polygon", "coordinates": [[[77.41, 13.04], [77.42999999999999, 13.04], [77.42999999999999, 13.059999999999999], [77.41, 13.059999999999999], [77.41, 13.04]]]}, "properties": {"cell_id": "blr_0171", "flood_depth_m": {"rp10": 0.05, "rp100": 0.13}, "glof_depth_m": 0.0, "landslide_prob": 0.01, "population": 16114, "critical_assets": [], "eal_people": 151.472, "eal_usd": 378680.0, "observed_flood_frac": null, "modeled_flood_frac": 0.02, "elev_m": 853.8, "slope_deg": 1.2, "n_lakes": 0, "n_drains": 0, "low_income_score": 0.4}}, {"type": "Feature", "geometry": {"type": "Polygon", "coordinates": [[[77.42999999999999, 13.04], [77.44999999999999, 13.04], [77.44999999999999, 13.059999999999999], [77.42999999999999, 13.059999999999999], [77.42999999999999, 13.04]]]}, "properties": {"cell_id": "blr_0172", "flood_depth_m": {"rp10": 0.12, "rp100": 0.3}, "glof_depth_m": 0.0, "landslide_prob": 0.01, "population": 24334, "critical_assets": ["lake"], "eal_people": 593.75, "eal_usd": 1484375.0, "observed_flood_frac": null, "modeled_flood_frac": 0.02, "elev_m": 848.2, "slope_deg": 1.2, "n_lakes": 1, "n_drains": 0, "low_income_score": 0.4}}, {"type": "Feature", "geometry": {"type": "Polygon", "coordinates": [[[77.44999999999999, 13.04], [77.47, 13.04], [77.47, 13.059999999999999], [77.44999999999999, 13.059999999999999], [77.44999999999999, 13.04]]]}, "properties": {"cell_id": "blr_0173", "flood_depth_m": {"rp10": 0.06, "rp100": 0.16}, "glof_depth_m": 0.0, "landslide_prob": 0.01, "population": 40713, "critical_assets": [], "eal_people": 439.7, "eal_usd": 1099250.0, "observed_flood_frac": null, "modeled_flood_frac": 0.04, "elev_m": 852.2, "slope_deg": 1.2, "n_lakes": 0, "n_drains": 0, "low_income_score": 0.4}}, {"type": "Feature", "geometry": {"type": "Polygon", "coordinates": [[[77.47, 13.04], [77.49, 13.04], [77.49, 13.059999999999999], [77.47, 13.059999999999999], [77.47, 13.04]]]}, "properties": {"cell_id": "blr_0174", "flood_depth_m": {"rp10": 0.07, "rp100": 0.17}, "glof_depth_m": 0.0, "landslide_prob": 0.011, "population": 45226, "critical_assets": [], "eal_people": 551.757, "eal_usd": 1379392.0, "observed_flood_frac": null, "modeled_flood_frac": 0.06, "elev_m": 866.9, "slope_deg": 1.4, "n_lakes": 0, "n_drains": 0, "low_income_score": 0.4}}, {"type": "Feature", "geometry": {"type": "Polygon", "coordinates": [[[77.49, 13.04], [77.50999999999999, 13.04], [77.50999999999999, 13.059999999999999], [77.49, 13.059999999999999], [77.49, 13.04]]]}, "properties": {"cell_id": "blr_0175", "flood_depth_m": {"rp10": 0.07, "rp100": 0.18}, "glof_depth_m": 0.0, "landslide_prob": 0.011, "population": 113357, "critical_assets": [], "eal_people": 1065.556, "eal_usd": 2663890.0, "observed_flood_frac": null, "modeled_flood_frac": 0.02, "elev_m": 887.5, "slope_deg": 1.3, "n_lakes": 0, "n_drains": 0, "low_income_score": 0.4}}, {"type": "Feature", "geometry": {"type": "Polygon", "coordinates": [[[77.50999999999999, 13.04], [77.53, 13.04], [77.53, 13.059999999999999], [77.50999999999999, 13.059999999999999], [77.50999999999999, 13.04]]]}, "properties": {"cell_id": "blr_0176", "flood_depth_m": {"rp10": 0.16, "rp100": 0.41}, "glof_depth_m": 0.0, "landslide_prob": 0.012, "population": 129691, "critical_assets": ["lake"], "eal_people": 3618.379, "eal_usd": 9045948.0, "observed_flood_frac": null, "modeled_flood_frac": 0.07, "elev_m": 913.7, "slope_deg": 1.5, "n_lakes": 1, "n_drains": 0, "low_income_score": 0.4}}, {"type": "Feature", "geometry": {"type": "Polygon", "coordinates": [[[77.53, 13.04], [77.55, 13.04], [77.55, 13.059999999999999], [77.53, 13.059999999999999], [77.53, 13.04]]]}, "properties": {"cell_id": "blr_0177", "flood_depth_m": {"rp10": 0.1, "rp100": 0.26}, "glof_depth_m": 0.0, "landslide_prob": 0.01, "population": 76071, "critical_assets": [], "eal_people": 981.316, "eal_usd": 2453290.0, "observed_flood_frac": null, "modeled_flood_frac": 0.07, "elev_m": 925.1, "slope_deg": 1.2, "n_lakes": 0, "n_drains": 0, "low_income_score": 0.4}}, {"type": "Feature", "geometry": {"type": "Polygon", "coordinates": [[[77.55, 13.04], [77.57, 13.04], [77.57, 13.059999999999999], [77.55, 13.059999999999999], [77.55, 13.04]]]}, "properties": {"cell_id": "blr_0178", "flood_depth_m": {"rp10": 0.15, "rp100": 0.37}, "glof_depth_m": 0.0, "landslide_prob": 0.011, "population": 111511, "critical_assets": ["lake"], "eal_people": 2798.926, "eal_usd": 6997315.0, "observed_flood_frac": null, "modeled_flood_frac": 0.03, "elev_m": 918.3, "slope_deg": 1.3, "n_lakes": 1, "n_drains": 2, "low_income_score": 0.4}}, {"type": "Feature", "geometry": {"type": "Polygon", "coordinates": [[[77.57, 13.04], [77.58999999999999, 13.04], [77.58999999999999, 13.059999999999999], [77.57, 13.059999999999999], [77.57, 13.04]]]}, "properties": {"cell_id": "blr_0179", "flood_depth_m": {"rp10": 0.15, "rp100": 0.37}, "glof_depth_m": 0.0, "landslide_prob": 0.009, "population": 109110, "critical_assets": ["lake"], "eal_people": 2738.661, "eal_usd": 6846652.0, "observed_flood_frac": null, "modeled_flood_frac": 0.03, "elev_m": 902.5, "slope_deg": 1.1, "n_lakes": 1, "n_drains": 1, "low_income_score": 0.4}}, {"type": "Feature", "geometry": {"type": "Polygon", "coordinates": [[[77.58999999999999, 13.04], [77.61, 13.04], [77.61, 13.059999999999999], [77.58999999999999, 13.059999999999999], [77.58999999999999, 13.04]]]}, "properties": {"cell_id": "blr_0180", "flood_depth_m": {"rp10": 0.25, "rp100": 0.62}, "glof_depth_m": 0.0, "landslide_prob": 0.011, "population": 96193, "critical_assets": ["lake"], "eal_people": 2481.779, "eal_usd": 6204448.0, "observed_flood_frac": null, "modeled_flood_frac": 0.04, "elev_m": 902.1, "slope_deg": 1.3, "n_lakes": 2, "n_drains": 2, "low_income_score": 0.4}}, {"type": "Feature", "geometry": {"type": "Polygon", "coordinates": [[[77.61, 13.04], [77.63, 13.04], [77.63, 13.059999999999999], [77.61, 13.059999999999999], [77.61, 13.04]]]}, "properties": {"cell_id": "blr_0181", "flood_depth_m": {"rp10": 0.04, "rp100": 0.11}, "glof_depth_m": 0.0, "landslide_prob": 0.008, "population": 54799, "critical_assets": [], "eal_people": 438.392, "eal_usd": 1095980.0, "observed_flood_frac": null, "modeled_flood_frac": 0.0, "elev_m": 888.3, "slope_deg": 0.9, "n_lakes": 0, "n_drains": 0, "low_income_score": 0.4}}, {"type": "Feature", "geometry": {"type": "Polygon", "coordinates": [[[77.63, 13.04], [77.64999999999999, 13.04], [77.64999999999999, 13.059999999999999], [77.63, 13.059999999999999], [77.63, 13.04]]]}, "properties": {"cell_id": "blr_0182", "flood_depth_m": {"rp10": 0.08, "rp100": 0.2}, "glof_depth_m": 0.0, "landslide_prob": 0.007, "population": 10506, "critical_assets": [], "eal_people": 120.819, "eal_usd": 302048.0, "observed_flood_frac": null, "modeled_flood_frac": 0.05, "elev_m": 888.6, "slope_deg": 0.9, "n_lakes": 0, "n_drains": 2, "low_income_score": 0.4}}, {"type": "Feature", "geometry": {"type": "Polygon", "coordinates": [[[77.64999999999999, 13.04], [77.66999999999999, 13.04], [77.66999999999999, 13.059999999999999], [77.64999999999999, 13.059999999999999], [77.64999999999999, 13.04]]]}, "properties": {"cell_id": "blr_0183", "flood_depth_m": {"rp10": 0.04, "rp100": 0.1}, "glof_depth_m": 0.0, "landslide_prob": 0.007, "population": 1431, "critical_assets": [], "eal_people": 11.448, "eal_usd": 28620.0, "observed_flood_frac": null, "modeled_flood_frac": 0.0, "elev_m": 883.8, "slope_deg": 0.9, "n_lakes": 0, "n_drains": 0, "low_income_score": 0.15}}, {"type": "Feature", "geometry": {"type": "Polygon", "coordinates": [[[77.66999999999999, 13.04], [77.69, 13.04], [77.69, 13.059999999999999], [77.66999999999999, 13.059999999999999], [77.66999999999999, 13.04]]]}, "properties": {"cell_id": "blr_0184", "flood_depth_m": {"rp10": 0.02, "rp100": 0.05}, "glof_depth_m": 0.0, "landslide_prob": 0.007, "population": 968, "critical_assets": [], "eal_people": 7.744, "eal_usd": 19360.0, "observed_flood_frac": null, "modeled_flood_frac": 0.0, "elev_m": 879.1, "slope_deg": 0.8, "n_lakes": 0, "n_drains": 0, "low_income_score": 0.15}}, {"type": "Feature", "geometry": {"type": "Polygon", "coordinates": [[[77.69, 13.04], [77.71, 13.04], [77.71, 13.059999999999999], [77.69, 13.059999999999999], [77.69, 13.04]]]}, "properties": {"cell_id": "blr_0185", "flood_depth_m": {"rp10": 0.03, "rp100": 0.08}, "glof_depth_m": 0.0, "landslide_prob": 0.007, "population": 843, "critical_assets": [], "eal_people": 6.744, "eal_usd": 16860.0, "observed_flood_frac": null, "modeled_flood_frac": 0.0, "elev_m": 876.7, "slope_deg": 0.9, "n_lakes": 0, "n_drains": 0, "low_income_score": 0.15}}, {"type": "Feature", "geometry": {"type": "Polygon", "coordinates": [[[77.71, 13.04], [77.72999999999999, 13.04], [77.72999999999999, 13.059999999999999], [77.71, 13.059999999999999], [77.71, 13.04]]]}, "properties": {"cell_id": "blr_0186", "flood_depth_m": {"rp10": 0.02, "rp100": 0.05}, "glof_depth_m": 0.0, "landslide_prob": 0.006, "population": 842, "critical_assets": [], "eal_people": 7.325, "eal_usd": 18312.0, "observed_flood_frac": null, "modeled_flood_frac": 0.01, "elev_m": 876.1, "slope_deg": 0.7, "n_lakes": 0, "n_drains": 0, "low_income_score": 0.15}}, {"type": "Feature", "geometry": {"type": "Polygon", "coordinates": [[[77.72999999999999, 13.04], [77.75, 13.04], [77.75, 13.059999999999999], [77.72999999999999, 13.059999999999999], [77.72999999999999, 13.04]]]}, "properties": {"cell_id": "blr_0187", "flood_depth_m": {"rp10": 0.11, "rp100": 0.27}, "glof_depth_m": 0.0, "landslide_prob": 0.008, "population": 999, "critical_assets": [], "eal_people": 15.684, "eal_usd": 39210.0, "observed_flood_frac": null, "modeled_flood_frac": 0.11, "elev_m": 886.3, "slope_deg": 1.0, "n_lakes": 0, "n_drains": 0, "low_income_score": 0.15}}, {"type": "Feature", "geometry": {"type": "Polygon", "coordinates": [[[77.75, 13.04], [77.77, 13.04], [77.77, 13.059999999999999], [77.75, 13.059999999999999], [77.75, 13.04]]]}, "properties": {"cell_id": "blr_0188", "flood_depth_m": {"rp10": 0.25, "rp100": 0.63}, "glof_depth_m": 0.0, "landslide_prob": 0.007, "population": 2217, "critical_assets": ["lake"], "eal_people": 57.199, "eal_usd": 142998.0, "observed_flood_frac": null, "modeled_flood_frac": 0.04, "elev_m": 874.6, "slope_deg": 0.9, "n_lakes": 2, "n_drains": 0, "low_income_score": 0.15}}, {"type": "Feature", "geometry": {"type": "Polygon", "coordinates": [[[77.77, 13.04], [77.78999999999999, 13.04], [77.78999999999999, 13.059999999999999], [77.77, 13.059999999999999], [77.77, 13.04]]]}, "properties": {"cell_id": "blr_0189", "flood_depth_m": {"rp10": 0.02, "rp100": 0.05}, "glof_depth_m": 0.0, "landslide_prob": 0.005, "population": 3424, "critical_assets": [], "eal_people": 27.392, "eal_usd": 68480.0, "observed_flood_frac": null, "modeled_flood_frac": 0.0, "elev_m": 863.9, "slope_deg": 0.6, "n_lakes": 0, "n_drains": 1, "low_income_score": 0.15}}, {"type": "Feature", "geometry": {"type": "Polygon", "coordinates": [[[77.78999999999999, 13.04], [77.80999999999999, 13.04], [77.80999999999999, 13.059999999999999], [77.78999999999999, 13.059999999999999], [77.78999999999999, 13.04]]]}, "properties": {"cell_id": "blr_0190", "flood_depth_m": {"rp10": 0.06, "rp100": 0.14}, "glof_depth_m": 0.0, "landslide_prob": 0.007, "population": 2529, "critical_assets": [], "eal_people": 27.313, "eal_usd": 68282.0, "observed_flood_frac": null, "modeled_flood_frac": 0.04, "elev_m": 877.9, "slope_deg": 0.9, "n_lakes": 0, "n_drains": 0, "low_income_score": 0.15}}, {"type": "Feature", "geometry": {"type": "Polygon", "coordinates": [[[77.80999999999999, 13.04], [77.83, 13.04], [77.83, 13.059999999999999], [77.80999999999999, 13.059999999999999], [77.80999999999999, 13.04]]]}, "properties": {"cell_id": "blr_0191", "flood_depth_m": {"rp10": 0.09, "rp100": 0.23}, "glof_depth_m": 0.0, "landslide_prob": 0.009, "population": 1769, "critical_assets": [], "eal_people": 25.297, "eal_usd": 63242.0, "observed_flood_frac": null, "modeled_flood_frac": 0.09, "elev_m": 898.8, "slope_deg": 1.0, "n_lakes": 0, "n_drains": 0, "low_income_score": 0.15}}, {"type": "Feature", "geometry": {"type": "Polygon", "coordinates": [[[77.35, 13.02], [77.36999999999999, 13.02], [77.36999999999999, 13.04], [77.35, 13.04], [77.35, 13.02]]]}, "properties": {"cell_id": "blr_0192", "flood_depth_m": {"rp10": 0.06, "rp100": 0.16}, "glof_depth_m": 0.0, "landslide_prob": 0.011, "population": 1414, "critical_assets": [], "eal_people": 13.292, "eal_usd": 33230.0, "observed_flood_frac": null, "modeled_flood_frac": 0.02, "elev_m": 851.2, "slope_deg": 1.3, "n_lakes": 0, "n_drains": 0, "low_income_score": 0.15}}, {"type": "Feature", "geometry": {"type": "Polygon", "coordinates": [[[77.36999999999999, 13.02], [77.39, 13.02], [77.39, 13.04], [77.36999999999999, 13.04], [77.36999999999999, 13.02]]]}, "properties": {"cell_id": "blr_0193", "flood_depth_m": {"rp10": 0.04, "rp100": 0.11}, "glof_depth_m": 0.0, "landslide_prob": 0.012, "population": 7891, "critical_assets": [], "eal_people": 85.223, "eal_usd": 213058.0, "observed_flood_frac": null, "modeled_flood_frac": 0.04, "elev_m": 854.0, "slope_deg": 1.4, "n_lakes": 0, "n_drains": 0, "low_income_score": 0.4}}, {"type": "Feature", "geometry": {"type": "Polygon", "coordinates": [[[77.39, 13.02], [77.41, 13.02], [77.41, 13.04], [77.39, 13.04], [77.39, 13.02]]]}, "properties": {"cell_id": "blr_0194", "flood_depth_m": {"rp10": 0.04, "rp100": 0.1}, "glof_depth_m": 0.0, "landslide_prob": 0.011, "population": 10688, "critical_assets": [], "eal_people": 122.912, "eal_usd": 307280.0, "observed_flood_frac": null, "modeled_flood_frac": 0.05, "elev_m": 858.2, "slope_deg": 1.4, "n_lakes": 0, "n_drains": 0, "low_income_score": 0.4}}, {"type": "Feature", "geometry": {"type": "Polygon", "coordinates": [[[77.41, 13.02], [77.42999999999999, 13.02], [77.42999999999999, 13.04], [77.41, 13.04], [77.41, 13.02]]]}, "properties": {"cell_id": "blr_0195", "flood_depth_m": {"rp10": 0.08, "rp100": 0.2}, "glof_depth_m": 0.0, "landslide_prob": 0.011, "population": 15803, "critical_assets": [], "eal_people": 170.672, "eal_usd": 426680.0, "observed_flood_frac": null, "modeled_flood_frac": 0.04, "elev_m": 848.6, "slope_deg": 1.3, "n_lakes": 0, "n_drains": 0, "low_income_score": 0.4}}, {"type": "Feature", "geometry": {"type": "Polygon", "coordinates": [[[77.42999999999999, 13.02], [77.44999999999999, 13.02], [77.44999999999999, 13.04], [77.42999999999999, 13.04], [77.42999999999999, 13.02]]]}, "properties": {"cell_id": "blr_0196", "flood_depth_m": {"rp10": 0.12, "rp100": 0.3}, "glof_depth_m": 0.0, "landslide_prob": 0.011, "population": 21398, "critical_assets": [], "eal_people": 305.991, "eal_usd": 764978.0, "observed_flood_frac": null, "modeled_flood_frac": 0.09, "elev_m": 846.5, "slope_deg": 1.3, "n_lakes": 0, "n_drains": 0, "low_income_score": 0.4}}, {"type": "Feature", "geometry": {"type": "Polygon", "coordinates": [[[77.44999999999999, 13.02], [77.47, 13.02], [77.47, 13.04], [77.44999999999999, 13.04], [77.44999999999999, 13.02]]]}, "properties": {"cell_id": "blr_0197", "flood_depth_m": {"rp10": 0.06, "rp100": 0.15}, "glof_depth_m": 0.0, "landslide_prob": 0.01, "population": 30950, "critical_assets": [], "eal_people": 312.595, "eal_usd": 781488.0, "observed_flood_frac": null, "modeled_flood_frac": 0.03, "elev_m": 859.1, "slope_deg": 1.2, "n_lakes": 0, "n_drains": 0, "low_income_score": 0.4}}, {"type": "Feature", "geometry": {"type": "Polygon", "coordinates": [[[77.47, 13.02], [77.49, 13.02], [77.49, 13.04], [77.47, 13.04], [77.47, 13.02]]]}, "properties": {"cell_id": "blr_0198", "flood_depth_m": {"rp10": 0.08, "rp100": 0.21}, "glof_depth_m": 0.0, "landslide_prob": 0.011, "population": 43835, "critical_assets": [], "eal_people": 504.102, "eal_usd": 1260255.0, "observed_flood_frac": null, "modeled_flood_frac": 0.05, "elev_m": 875.0, "slope_deg": 1.3, "n_lakes": 0, "n_drains": 0, "low_income_score": 0.4}}, {"type": "Feature", "geometry": {"type": "Polygon", "coordinates": [[[77.49, 13.02], [77.50999999999999, 13.02], [77.50999999999999, 13.04], [77.49, 13.04], [77.49, 13.02]]]}, "properties": {"cell_id": "blr_0199", "flood_depth_m": {"rp10": 0.19, "rp100": 0.47}, "glof_depth_m": 0.0, "landslide_prob": 0.013, "population": 96965, "critical_assets": ["lake"], "eal_people": 2569.572, "eal_usd": 6423930.0, "observed_flood_frac": null, "modeled_flood_frac": 0.05, "elev_m": 895.7, "slope_deg": 1.5, "n_lakes": 1, "n_drains": 0, "low_income_score": 0.4}}, {"type": "Feature", "geometry": {"type": "Polygon", "coordinates": [[[77.50999999999999, 13.02], [77.53, 13.02], [77.53, 13.04], [77.50999999999999, 13.04], [77.50999999999999, 13.02]]]}, "properties": {"cell_id": "blr_0200", "flood_depth_m": {"rp10": 0.06, "rp100": 0.14}, "glof_depth_m": 0.0, "landslide_prob": 0.011, "population": 203063, "critical_assets": [], "eal_people": 1908.792, "eal_usd": 4771980.0, "observed_flood_frac": null, "modeled_flood_frac": 0.02, "elev_m": 912.7, "slope_deg": 1.3, "n_lakes": 0, "n_drains": 0, "low_income_score": 0.4}}, {"type": "Feature", "geometry": {"type": "Polygon", "coordinates": [[[77.53, 13.02], [77.55, 13.02], [77.55, 13.04], [77.53, 13.04], [77.53, 13.02]]]}, "properties": {"cell_id": "blr_0201", "flood_depth_m": {"rp10": 0.08, "rp100": 0.19}, "glof_depth_m": 0.0, "landslide_prob": 0.009, "population": 150969, "critical_assets": [], "eal_people": 1524.787, "eal_usd": 3811968.0, "observed_flood_frac": null, "modeled_flood_frac": 0.03, "elev_m": 914.3, "slope_deg": 1.1, "n_lakes": 0, "n_drains": 0, "low_income_score": 0.4}}, {"type": "Feature", "geometry": {"type": "Polygon", "coordinates": [[[77.55, 13.02], [77.57, 13.02], [77.57, 13.04], [77.55, 13.04], [77.55, 13.02]]]}, "properties": {"cell_id": "blr_0202", "flood_depth_m": {"rp10": 0.08, "rp100": 0.2}, "glof_depth_m": 0.0, "landslide_prob": 0.009, "population": 183261, "critical_assets": [], "eal_people": 1979.219, "eal_usd": 4948048.0, "observed_flood_frac": null, "modeled_flood_frac": 0.04, "elev_m": 919.1, "slope_deg": 1.1, "n_lakes": 0, "n_drains": 1, "low_income_score": 0.4}}, {"type": "Feature", "geometry": {"type": "Polygon", "coordinates": [[[77.57, 13.02], [77.58999999999999, 13.02], [77.58999999999999, 13.04], [77.57, 13.04], [77.57, 13.02]]]}, "properties": {"cell_id": "blr_0203", "flood_depth_m": {"rp10": 0.09, "rp100": 0.22}, "glof_depth_m": 0.0, "landslide_prob": 0.011, "population": 143499, "critical_assets": [], "eal_people": 1851.137, "eal_usd": 4627842.0, "observed_flood_frac": null, "modeled_flood_frac": 0.07, "elev_m": 919.7, "slope_deg": 1.3, "n_lakes": 0, "n_drains": 1, "low_income_score": 0.4}}, {"type": "Feature", "geometry": {"type": "Polygon", "coordinates": [[[77.58999999999999, 13.02], [77.61, 13.02], [77.61, 13.04], [77.58999999999999, 13.04], [77.58999999999999, 13.02]]]}, "properties": {"cell_id": "blr_0204", "flood_depth_m": {"rp10": 0.06, "rp100": 0.16}, "glof_depth_m": 0.0, "landslide_prob": 0.01, "population": 217651, "critical_assets": [], "eal_people": 2350.631, "eal_usd": 5876578.0, "observed_flood_frac": null, "modeled_flood_frac": 0.04, "elev_m": 909.2, "slope_deg": 1.3, "n_lakes": 0, "n_drains": 1, "low_income_score": 0.4}}, {"type": "Feature", "geometry": {"type": "Polygon", "coordinates": [[[77.61, 13.02], [77.63, 13.02], [77.63, 13.04], [77.61, 13.04], [77.61, 13.02]]]}, "properties": {"cell_id": "blr_0205", "flood_depth_m": {"rp10": 0.06, "rp100": 0.16}, "glof_depth_m": 0.0, "landslide_prob": 0.009, "population": 195803, "critical_assets": [], "eal_people": 1840.548, "eal_usd": 4601370.0, "observed_flood_frac": null, "modeled_flood_frac": 0.02, "elev_m": 895.1, "slope_deg": 1.1, "n_lakes": 0, "n_drains": 2, "low_income_score": 0.4}}, {"type": "Feature", "geometry": {"type": "Polygon", "coordinates": [[[77.63, 13.02], [77.64999999999999, 13.02], [77.64999999999999, 13.04], [77.63, 13.04], [77.63, 13.02]]]}, "properties": {"cell_id": "blr_0206", "flood_depth_m": {"rp10": 0.07, "rp100": 0.17}, "glof_depth_m": 0.0, "landslide_prob": 0.009, "population": 75518, "critical_assets": [], "eal_people": 762.732, "eal_usd": 1906830.0, "observed_flood_frac": null, "modeled_flood_frac": 0.03, "elev_m": 894.3, "slope_deg": 1.1, "n_lakes": 0, "n_drains": 1, "low_income_score": 0.4}}, {"type": "Feature", "geometry": {"type": "Polygon", "coordinates": [[[77.64999999999999, 13.02], [77.66999999999999, 13.02], [77.66999999999999, 13.04], [77.64999999999999, 13.04], [77.64999999999999, 13.02]]]}, "properties": {"cell_id": "blr_0207", "flood_depth_m": {"rp10": 0.17, "rp100": 0.42}, "glof_depth_m": 0.0, "landslide_prob": 0.01, "population": 3346, "critical_assets": ["lake"], "eal_people": 88.669, "eal_usd": 221672.0, "observed_flood_frac": null, "modeled_flood_frac": 0.05, "elev_m": 897.8, "slope_deg": 1.1, "n_lakes": 1, "n_drains": 0, "low_income_score": 0.15}}, {"type": "Feature", "geometry": {"type": "Polygon", "coordinates": [[[77.66999999999999, 13.02], [77.69, 13.02], [77.69, 13.04], [77.66999999999999, 13.04], [77.66999999999999, 13.02]]]}, "properties": {"cell_id": "blr_0208", "flood_depth_m": {"rp10": 0.23, "rp100": 0.57}, "glof_depth_m": 0.0, "landslide_prob": 0.008, "population": 2437, "critical_assets": ["lake"], "eal_people": 59.463, "eal_usd": 148658.0, "observed_flood_frac": null, "modeled_flood_frac": 0.02, "elev_m": 893.1, "slope_deg": 1.0, "n_lakes": 2, "n_drains": 0, "low_income_score": 0.15}}, {"type": "Feature", "geometry": {"type": "Polygon", "coordinates": [[[77.69, 13.02], [77.71, 13.02], [77.71, 13.04], [77.69, 13.04], [77.69, 13.02]]]}, "properties": {"cell_id": "blr_0209", "flood_depth_m": {"rp10": 0.2, "rp100": 0.49}, "glof_depth_m": 0.0, "landslide_prob": 0.008, "population": 1730, "critical_assets": ["lake"], "eal_people": 48.267, "eal_usd": 120668.0, "observed_flood_frac": null, "modeled_flood_frac": 0.07, "elev_m": 887.9, "slope_deg": 1.0, "n_lakes": 1, "n_drains": 0, "low_income_score": 0.15}}, {"type": "Feature", "geometry": {"type": "Polygon", "coordinates": [[[77.71, 13.02], [77.72999999999999, 13.02], [77.72999999999999, 13.04], [77.71, 13.04], [77.71, 13.02]]]}, "properties": {"cell_id": "blr_0210", "flood_depth_m": {"rp10": 0.26, "rp100": 0.65}, "glof_depth_m": 0.0, "landslide_prob": 0.007, "population": 1203, "critical_assets": ["lake"], "eal_people": 29.353, "eal_usd": 73382.0, "observed_flood_frac": null, "modeled_flood_frac": 0.02, "elev_m": 872.1, "slope_deg": 0.8, "n_lakes": 2, "n_drains": 0, "low_income_score": 0.15}}, {"type": "Feature", "geometry": {"type": "Polygon", "coordinates": [[[77.72999999999999, 13.02], [77.75, 13.02], [77.75, 13.04], [77.72999999999999, 13.04], [77.72999999999999, 13.02]]]}, "properties": {"cell_id": "blr_0211", "flood_depth_m": {"rp10": 0.02, "rp100": 0.06}, "glof_depth_m": 0.0, "landslide_prob": 0.008, "population": 1102, "critical_assets": [], "eal_people": 10.359, "eal_usd": 25898.0, "observed_flood_frac": null, "modeled_flood_frac": 0.02, "elev_m": 875.5, "slope_deg": 0.9, "n_lakes": 0, "n_drains": 0, "low_income_score": 0.15}}, {"type": "Feature", "geometry": {"type": "Polygon", "coordinates": [[[77.75, 13.02], [77.77, 13.02], [77.77, 13.04], [77.75, 13.04], [77.75, 13.02]]]}, "properties": {"cell_id": "blr_0212", "flood_depth_m": {"rp10": 0.14, "rp100": 0.35}, "glof_depth_m": 0.0, "landslide_prob": 0.007, "population": 1393, "critical_assets": ["lake"], "eal_people": 36.914, "eal_usd": 92285.0, "observed_flood_frac": null, "modeled_flood_frac": 0.05, "elev_m": 879.1, "slope_deg": 0.9, "n_lakes": 1, "n_drains": 0, "low_income_score": 0.15}}, {"type": "Feature", "geometry": {"type": "Polygon", "coordinates": [[[77.77, 13.02], [77.78999999999999, 13.02], [77.78999999999999, 13.04], [77.77, 13.04], [77.77, 13.02]]]}, "properties": {"cell_id": "blr_0213", "flood_depth_m": {"rp10": 0.04, "rp100": 0.1}, "glof_depth_m": 0.0, "landslide_prob": 0.006, "population": 2776, "critical_assets": [], "eal_people": 26.094, "eal_usd": 65235.0, "observed_flood_frac": null, "modeled_flood_frac": 0.02, "elev_m": 864.0, "slope_deg": 0.7, "n_lakes": 0, "n_drains": 0, "low_income_score": 0.15}}, {"type": "Feature", "geometry": {"type": "Polygon", "coordinates": [[[77.78999999999999, 13.02], [77.80999999999999, 13.02], [77.80999999999999, 13.04], [77.78999999999999, 13.04], [77.78999999999999, 13.02]]]}, "properties": {"cell_id": "blr_0214", "flood_depth_m": {"rp10": 0.09, "rp100": 0.22}, "glof_depth_m": 0.0, "landslide_prob": 0.007, "population": 2370, "critical_assets": [], "eal_people": 38.868, "eal_usd": 97170.0, "observed_flood_frac": null, "modeled_flood_frac": 0.12, "elev_m": 880.5, "slope_deg": 0.8, "n_lakes": 0, "n_drains": 0, "low_income_score": 0.15}}, {"type": "Feature", "geometry": {"type": "Polygon", "coordinates": [[[77.80999999999999, 13.02], [77.83, 13.02], [77.83, 13.04], [77.80999999999999, 13.04], [77.80999999999999, 13.02]]]}, "properties": {"cell_id": "blr_0215", "flood_depth_m": {"rp10": 0.02, "rp100": 0.05}, "glof_depth_m": 0.0, "landslide_prob": 0.008, "population": 1596, "critical_assets": [], "eal_people": 12.768, "eal_usd": 31920.0, "observed_flood_frac": null, "modeled_flood_frac": 0.0, "elev_m": 885.7, "slope_deg": 0.9, "n_lakes": 0, "n_drains": 0, "low_income_score": 0.15}}, {"type": "Feature", "geometry": {"type": "Polygon", "coordinates": [[[77.35, 13.0], [77.36999999999999, 13.0], [77.36999999999999, 13.02], [77.35, 13.02], [77.35, 13.0]]]}, "properties": {"cell_id": "blr_0216", "flood_depth_m": {"rp10": 0.17, "rp100": 0.42}, "glof_depth_m": 0.0, "landslide_prob": 0.017, "population": 4007, "critical_assets": [], "eal_people": 74.13, "eal_usd": 185325.0, "observed_flood_frac": null, "modeled_flood_frac": 0.15, "elev_m": 830.0, "slope_deg": 2.0, "n_lakes": 0, "n_drains": 0, "low_income_score": 0.4}}, {"type": "Feature", "geometry": {"type": "Polygon", "coordinates": [[[77.36999999999999, 13.0], [77.39, 13.0], [77.39, 13.02], [77.36999999999999, 13.02], [77.36999999999999, 13.0]]]}, "properties": {"cell_id": "blr_0217", "flood_depth_m": {"rp10": 0.1, "rp100": 0.24}, "glof_depth_m": 0.0, "landslide_prob": 0.012, "population": 10032, "critical_assets": [], "eal_people": 150.48, "eal_usd": 376200.0, "observed_flood_frac": null, "modeled_flood_frac": 0.1, "elev_m": 830.4, "slope_deg": 1.5, "n_lakes": 0, "n_drains": 0, "low_income_score": 0.4}}, {"type": "Feature", "geometry": {"type": "Polygon", "coordinates": [[[77.39, 13.0], [77.41, 13.0], [77.41, 13.02], [77.39, 13.02], [77.39, 13.0]]]}, "properties": {"cell_id": "blr_0218", "flood_depth_m": {"rp10": 0.1, "rp100": 0.25}, "glof_depth_m": 0.0, "landslide_prob": 0.013, "population": 12019, "critical_assets": [], "eal_people": 163.458, "eal_usd": 408645.0, "observed_flood_frac": null, "modeled_flood_frac": 0.08, "elev_m": 850.8, "slope_deg": 1.6, "n_lakes": 0, "n_drains": 0, "low_income_score": 0.4}}, {"type": "Feature", "geometry": {"type": "Polygon", "coordinates": [[[77.41, 13.0], [77.42999999999999, 13.0], [77.42999999999999, 13.02], [77.41, 13.02], [77.41, 13.0]]]}, "properties": {"cell_id": "blr_0219", "flood_depth_m": {"rp10": 0.05, "rp100": 0.12}, "glof_depth_m": 0.0, "landslide_prob": 0.011, "population": 19899, "critical_assets": [], "eal_people": 187.051, "eal_usd": 467627.0, "observed_flood_frac": null, "modeled_flood_frac": 0.02, "elev_m": 842.7, "slope_deg": 1.3, "n_lakes": 0, "n_drains": 0, "low_income_score": 0.4}}, {"type": "Feature", "geometry": {"type": "Polygon", "coordinates": [[[77.42999999999999, 13.0], [77.44999999999999, 13.0], [77.44999999999999, 13.02], [77.42999999999999, 13.02], [77.42999999999999, 13.0]]]}, "properties": {"cell_id": "blr_0220", "flood_depth_m": {"rp10": 0.02, "rp100": 0.05}, "glof_depth_m": 0.0, "landslide_prob": 0.011, "population": 27102, "critical_assets": [], "eal_people": 235.787, "eal_usd": 589468.0, "observed_flood_frac": null, "modeled_flood_frac": 0.01, "elev_m": 839.9, "slope_deg": 1.3, "n_lakes": 0, "n_drains": 0, "low_income_score": 0.4}}, {"type": "Feature", "geometry": {"type": "Polygon", "coordinates": [[[77.44999999999999, 13.0], [77.47, 13.0], [77.47, 13.02], [77.44999999999999, 13.02], [77.44999999999999, 13.0]]]}, "properties": {"cell_id": "blr_0221", "flood_depth_m": {"rp10": 0.13, "rp100": 0.32}, "glof_depth_m": 0.0, "landslide_prob": 0.01, "population": 33010, "critical_assets": ["lake"], "eal_people": 828.551, "eal_usd": 2071378.0, "observed_flood_frac": null, "modeled_flood_frac": 0.03, "elev_m": 855.1, "slope_deg": 1.2, "n_lakes": 1, "n_drains": 0, "low_income_score": 0.4}}, {"type": "Feature", "geometry": {"type": "Polygon", "coordinates": [[[77.47, 13.0], [77.49, 13.0], [77.49, 13.02], [77.47, 13.02], [77.47, 13.0]]]}, "properties": {"cell_id": "blr_0222", "flood_depth_m": {"rp10": 0.36, "rp100": 0.89}, "glof_depth_m": 0.0, "landslide_prob": 0.012, "population": 42834, "critical_assets": ["lake"], "eal_people": 1015.166, "eal_usd": 2537915.0, "observed_flood_frac": null, "modeled_flood_frac": 0.01, "elev_m": 877.9, "slope_deg": 1.4, "n_lakes": 3, "n_drains": 0, "low_income_score": 0.4}}, {"type": "Feature", "geometry": {"type": "Polygon", "coordinates": [[[77.49, 13.0], [77.50999999999999, 13.0], [77.50999999999999, 13.02], [77.49, 13.02], [77.49, 13.0]]]}, "properties": {"cell_id": "blr_0223", "flood_depth_m": {"rp10": 0.04, "rp100": 0.1}, "glof_depth_m": 0.0, "landslide_prob": 0.013, "population": 165013, "critical_assets": [], "eal_people": 1897.649, "eal_usd": 4744122.0, "observed_flood_frac": null, "modeled_flood_frac": 0.05, "elev_m": 909.8, "slope_deg": 1.6, "n_lakes": 0, "n_drains": 1, "low_income_score": 0.4}}, {"type": "Feature", "geometry": {"type": "Polygon", "coordinates": [[[77.50999999999999, 13.0], [77.53, 13.0], [77.53, 13.02], [77.50999999999999, 13.02], [77.50999999999999, 13.0]]]}, "properties": {"cell_id": "blr_0224", "flood_depth_m": {"rp10": 0.16, "rp100": 0.4}, "glof_depth_m": 0.0, "landslide_prob": 0.015, "population": 167524, "critical_assets": ["lake"], "eal_people": 4439.386, "eal_usd": 11098465.0, "observed_flood_frac": null, "modeled_flood_frac": 0.05, "elev_m": 899.5, "slope_deg": 1.8, "n_lakes": 1, "n_drains": 3, "low_income_score": 0.4}}, {"type": "Feature", "geometry": {"type": "Polygon", "coordinates": [[[77.53, 13.0], [77.55, 13.0], [77.55, 13.02], [77.53, 13.02], [77.53, 13.0]]]}, "properties": {"cell_id": "blr_0225", "flood_depth_m": {"rp10": 0.07, "rp100": 0.18}, "glof_depth_m": 0.0, "landslide_prob": 0.016, "population": 235118, "critical_assets": [], "eal_people": 2210.109, "eal_usd": 5525272.0, "observed_flood_frac": null, "modeled_flood_frac": 0.02, "elev_m": 901.7, "slope_deg": 2.0, "n_lakes": 0, "n_drains": 6, "low_income_score": 0.4}}, {"type": "Feature", "geometry": {"type": "Polygon", "coordinates": [[[77.55, 13.0], [77.57, 13.0], [77.57, 13.02], [77.55, 13.02], [77.55, 13.0]]]}, "properties": {"cell_id": "blr_0226", "flood_depth_m": {"rp10": 0.18, "rp100": 0.44}, "glof_depth_m": 0.0, "landslide_prob": 0.012, "population": 207110, "critical_assets": ["lake"], "eal_people": 5343.438, "eal_usd": 13358595.0, "observed_flood_frac": null, "modeled_flood_frac": 0.04, "elev_m": 928.4, "slope_deg": 1.5, "n_lakes": 1, "n_drains": 0, "low_income_score": 0.4}}, {"type": "Feature", "geometry": {"type": "Polygon", "coordinates": [[[77.57, 13.0], [77.58999999999999, 13.0], [77.58999999999999, 13.02], [77.57, 13.02], [77.57, 13.0]]]}, "properties": {"cell_id": "blr_0227", "flood_depth_m": {"rp10": 0.18, "rp100": 0.45}, "glof_depth_m": 0.0, "landslide_prob": 0.012, "population": 132846, "critical_assets": ["lake"], "eal_people": 3520.419, "eal_usd": 8801048.0, "observed_flood_frac": null, "modeled_flood_frac": 0.05, "elev_m": 934.3, "slope_deg": 1.4, "n_lakes": 1, "n_drains": 1, "low_income_score": 0.4}}, {"type": "Feature", "geometry": {"type": "Polygon", "coordinates": [[[77.58999999999999, 13.0], [77.61, 13.0], [77.61, 13.02], [77.58999999999999, 13.02], [77.58999999999999, 13.0]]]}, "properties": {"cell_id": "blr_0228", "flood_depth_m": {"rp10": 0.06, "rp100": 0.15}, "glof_depth_m": 0.0, "landslide_prob": 0.009, "population": 123673, "critical_assets": [], "eal_people": 1335.668, "eal_usd": 3339170.0, "observed_flood_frac": null, "modeled_flood_frac": 0.04, "elev_m": 920.6, "slope_deg": 1.1, "n_lakes": 0, "n_drains": 3, "low_income_score": 0.4}}, {"type": "Feature", "geometry": {"type": "Polygon", "coordinates": [[[77.61, 13.0], [77.63, 13.0], [77.63, 13.02], [77.61, 13.02], [77.61, 13.0]]]}, "properties": {"cell_id": "blr_0229", "flood_depth_m": {"rp10": 0.2, "rp100": 0.49}, "glof_depth_m": 0.0, "landslide_prob": 0.009, "population": 216380, "critical_assets": ["lake"], "eal_people": 5885.536, "eal_usd": 14713840.0, "observed_flood_frac": null, "modeled_flood_frac": 0.06, "elev_m": 910.7, "slope_deg": 1.1, "n_lakes": 1, "n_drains": 3, "low_income_score": 0.4}}, {"type": "Feature", "geometry": {"type": "Polygon", "coordinates": [[[77.63, 13.0], [77.64999999999999, 13.0], [77.64999999999999, 13.02], [77.63, 13.02], [77.63, 13.0]]]}, "properties": {"cell_id": "blr_0230", "flood_depth_m": {"rp10": 0.06, "rp100": 0.16}, "glof_depth_m": 0.0, "landslide_prob": 0.008, "population": 85155, "critical_assets": [], "eal_people": 1098.5, "eal_usd": 2746250.0, "observed_flood_frac": null, "modeled_flood_frac": 0.07, "elev_m": 909.0, "slope_deg": 1.0, "n_lakes": 0, "n_drains": 1, "low_income_score": 0.4}}, {"type": "Feature", "geometry": {"type": "Polygon", "coordinates": [[[77.64999999999999, 13.0], [77.66999999999999, 13.0], [77.66999999999999, 13.02], [77.64999999999999, 13.02], [77.64999999999999, 13.0]]]}, "properties": {"cell_id": "blr_0231", "flood_depth_m": {"rp10": 0.07, "rp100": 0.17}, "glof_depth_m": 0.0, "landslide_prob": 0.009, "population": 4933, "critical_assets": [], "eal_people": 70.542, "eal_usd": 176355.0, "observed_flood_frac": null, "modeled_flood_frac": 0.09, "elev_m": 913.4, "slope_deg": 1.1, "n_lakes": 0, "n_drains": 0, "low_income_score": 0.4}}, {"type": "Feature", "geometry": {"type": "Polygon", "coordinates": [[[77.66999999999999, 13.0], [77.69, 13.0], [77.69, 13.02], [77.66999999999999, 13.02], [77.66999999999999, 13.0]]]}, "properties": {"cell_id": "blr_0232", "flood_depth_m": {"rp10": 0.14, "rp100": 0.36}, "glof_depth_m": 0.0, "landslide_prob": 0.009, "population": 4417, "critical_assets": ["lake"], "eal_people": 113.959, "eal_usd": 284898.0, "observed_flood_frac": null, "modeled_flood_frac": 0.04, "elev_m": 900.4, "slope_deg": 1.1, "n_lakes": 1, "n_drains": 0, "low_income_score": 0.4}}, {"type": "Feature", "geometry": {"type": "Polygon", "coordinates": [[[77.69, 13.0], [77.71, 13.0], [77.71, 13.02], [77.69, 13.02], [77.69, 13.0]]]}, "properties": {"cell_id": "blr_0233", "flood_depth_m": {"rp10": 0.15, "rp100": 0.38}, "glof_depth_m": 0.0, "landslide_prob": 0.009, "population": 3263, "critical_assets": ["lake"], "eal_people": 75.049, "eal_usd": 187623.0, "observed_flood_frac": null, "modeled_flood_frac": 0.0, "elev_m": 886.1, "slope_deg": 1.0, "n_lakes": 1, "n_drains": 0, "low_income_score": 0.15}}, {"type": "Feature", "geometry": {"type": "Polygon", "coordinates": [[[77.71, 13.0], [77.72999999999999, 13.0], [77.72999999999999, 13.02], [77.71, 13.02], [77.71, 13.0]]]}, "properties": {"cell_id": "blr_0234", "flood_depth_m": {"rp10": 0.3, "rp100": 0.75}, "glof_depth_m": 0.0, "landslide_prob": 0.009, "population": 1615, "critical_assets": ["lake"], "eal_people": 46.189, "eal_usd": 115472.0, "observed_flood_frac": null, "modeled_flood_frac": 0.08, "elev_m": 881.5, "slope_deg": 1.1, "n_lakes": 2, "n_drains": 0, "low_income_score": 0.15}}, {"type": "Feature", "geometry": {"type": "Polygon", "coordinates": [[[77.72999999999999, 13.0], [77.75, 13.0], [77.75, 13.02], [77.72999999999999, 13.02], [77.72999999999999, 13.0]]]}, "properties": {"cell_id": "blr_0235", "flood_depth_m": {"rp10": 0.07, "rp100": 0.18}, "glof_depth_m": 0.0, "landslide_prob": 0.007, "population": 1199, "critical_assets": [], "eal_people": 11.271, "eal_usd": 28178.0, "observed_flood_frac": null, "modeled_flood_frac": 0.02, "elev_m": 868.4, "slope_deg": 0.8, "n_lakes": 0, "n_drains": 0, "low_income_score": 0.15}}, {"type": "Feature", "geometry": {"type": "Polygon", "coordinates": [[[77.75, 13.0], [77.77, 13.0], [77.77, 13.02], [77.75, 13.02], [77.75, 13.0]]]}, "properties": {"cell_id": "blr_0236", "flood_depth_m": {"rp10": 0.16, "rp100": 0.4}, "glof_depth_m": 0.0, "landslide_prob": 0.006, "population": 2011, "critical_assets": ["lake"], "eal_people": 47.661, "eal_usd": 119152.0, "observed_flood_frac": null, "modeled_flood_frac": 0.01, "elev_m": 864.8, "slope_deg": 0.7, "n_lakes": 1, "n_drains": 0, "low_income_score": 0.15}}, {"type": "Feature", "geometry": {"type": "Polygon", "coordinates": [[[77.77, 13.0], [77.78999999999999, 13.0], [77.78999999999999, 13.02], [77.77, 13.02], [77.77, 13.0]]]}, "properties": {"cell_id": "blr_0237", "flood_depth_m": {"rp10": 0.03, "rp100": 0.07}, "glof_depth_m": 0.0, "landslide_prob": 0.005, "population": 3775, "critical_assets": [], "eal_people": 35.485, "eal_usd": 88712.0, "observed_flood_frac": null, "modeled_flood_frac": 0.02, "elev_m": 861.9, "slope_deg": 0.6, "n_lakes": 0, "n_drains": 0, "low_income_score": 0.15}}, {"type": "Feature", "geometry": {"type": "Polygon", "coordinates": [[[77.78999999999999, 13.0], [77.80999999999999, 13.0], [77.80999999999999, 13.02], [77.78999999999999, 13.02], [77.78999999999999, 13.0]]]}, "properties": {"cell_id": "blr_0238", "flood_depth_m": {"rp10": 0.05, "rp100": 0.12}, "glof_depth_m": 0.0, "landslide_prob": 0.007, "population": 2618, "critical_assets": [], "eal_people": 24.609, "eal_usd": 61523.0, "observed_flood_frac": null, "modeled_flood_frac": 0.02, "elev_m": 870.6, "slope_deg": 0.8, "n_lakes": 0, "n_drains": 0, "low_income_score": 0.15}}, {"type": "Feature", "geometry": {"type": "Polygon", "coordinates": [[[77.80999999999999, 13.0], [77.83, 13.0], [77.83, 13.02], [77.80999999999999, 13.02], [77.80999999999999, 13.0]]]}, "properties": {"cell_id": "blr_0239", "flood_depth_m": {"rp10": 0.06, "rp100": 0.16}, "glof_depth_m": 0.0, "landslide_prob": 0.006, "population": 2028, "critical_assets": [], "eal_people": 21.902, "eal_usd": 54755.0, "observed_flood_frac": null, "modeled_flood_frac": 0.04, "elev_m": 876.9, "slope_deg": 0.8, "n_lakes": 0, "n_drains": 0, "low_income_score": 0.15}}, {"type": "Feature", "geometry": {"type": "Polygon", "coordinates": [[[77.35, 12.979999999999999], [77.36999999999999, 12.979999999999999], [77.36999999999999, 13.0], [77.35, 13.0], [77.35, 12.979999999999999]]]}, "properties": {"cell_id": "blr_0240", "flood_depth_m": {"rp10": 0.65, "rp100": 1.62}, "glof_depth_m": 0.0, "landslide_prob": 0.019, "population": 783, "critical_assets": [], "eal_people": 51.756, "eal_usd": 129390.0, "observed_flood_frac": null, "modeled_flood_frac": 0.83, "elev_m": 795.4, "slope_deg": 2.2, "n_lakes": 0, "n_drains": 0, "low_income_score": 0.15}}, {"type": "Feature", "geometry": {"type": "Polygon", "coordinates": [[[77.36999999999999, 12.979999999999999], [77.39, 12.979999999999999], [77.39, 13.0], [77.36999999999999, 13.0], [77.36999999999999, 12.979999999999999]]]}, "properties": {"cell_id": "blr_0241", "flood_depth_m": {"rp10": 0.4, "rp100": 0.99}, "glof_depth_m": 0.0, "landslide_prob": 0.013, "population": 746, "critical_assets": [], "eal_people": 33.645, "eal_usd": 84113.0, "observed_flood_frac": null, "modeled_flood_frac": 0.53, "elev_m": 818.2, "slope_deg": 1.6, "n_lakes": 0, "n_drains": 0, "low_income_score": 0.15}}, {"type": "Feature", "geometry": {"type": "Polygon", "coordinates": [[[77.39, 12.979999999999999], [77.41, 12.979999999999999], [77.41, 13.0], [77.39, 13.0], [77.39, 12.979999999999999]]]}, "properties": {"cell_id": "blr_0242", "flood_depth_m": {"rp10": 0.08, "rp100": 0.19}, "glof_depth_m": 0.0, "landslide_prob": 0.012, "population": 2875, "critical_assets": [], "eal_people": 33.062, "eal_usd": 82655.0, "observed_flood_frac": null, "modeled_flood_frac": 0.05, "elev_m": 829.3, "slope_deg": 1.4, "n_lakes": 0, "n_drains": 0, "low_income_score": 0.15}}, {"type": "Feature", "geometry": {"type": "Polygon", "coordinates": [[[77.41, 12.979999999999999], [77.42999999999999, 12.979999999999999], [77.42999999999999, 13.0], [77.41, 13.0], [77.41, 12.979999999999999]]]}, "properties": {"cell_id": "blr_0243", "flood_depth_m": {"rp10": 0.04, "rp100": 0.09}, "glof_depth_m": 0.0, "landslide_prob": 0.012, "population": 12766, "critical_assets": [], "eal_people": 102.128, "eal_usd": 255320.0, "observed_flood_frac": null, "modeled_flood_frac": 0.0, "elev_m": 835.6, "slope_deg": 1.4, "n_lakes": 0, "n_drains": 0, "low_income_score": 0.4}}, {"type": "Feature", "geometry": {"type": "Polygon", "coordinates": [[[77.42999999999999, 12.979999999999999], [77.44999999999999, 12.979999999999999], [77.44999999999999, 13.0], [77.42999999999999, 13.0], [77.42999999999999, 12.979999999999999]]]}, "properties": {"cell_id": "blr_0244", "flood_depth_m": {"rp10": 0.1, "rp100": 0.25}, "glof_depth_m": 0.0, "landslide_prob": 0.012, "population": 32565, "critical_assets": [], "eal_people": 534.066, "eal_usd": 1335165.0, "observed_flood_frac": null, "modeled_flood_frac": 0.12, "elev_m": 858.0, "slope_deg": 1.5, "n_lakes": 0, "n_drains": 0, "low_income_score": 0.4}}, {"type": "Feature", "geometry": {"type": "Polygon", "coordinates": [[[77.44999999999999, 12.979999999999999], [77.47, 12.979999999999999], [77.47, 13.0], [77.44999999999999, 13.0], [77.44999999999999, 12.979999999999999]]]}, "properties": {"cell_id": "blr_0245", "flood_depth_m": {"rp10": 0.18, "rp100": 0.46}, "glof_depth_m": 0.0, "landslide_prob": 0.013, "population": 37535, "critical_assets": ["lake"], "eal_people": 1020.952, "eal_usd": 2552380.0, "observed_flood_frac": null, "modeled_flood_frac": 0.06, "elev_m": 859.2, "slope_deg": 1.6, "n_lakes": 1, "n_drains": 0, "low_income_score": 0.4}}, {"type": "Feature", "geometry": {"type": "Polygon", "coordinates": [[[77.47, 12.979999999999999], [77.49, 12.979999999999999], [77.49, 13.0], [77.47, 13.0], [77.47, 12.979999999999999]]]}, "properties": {"cell_id": "blr_0246", "flood_depth_m": {"rp10": 0.08, "rp100": 0.21}, "glof_depth_m": 0.0, "landslide_prob": 0.012, "population": 59686, "critical_assets": [], "eal_people": 811.73, "eal_usd": 2029325.0, "observed_flood_frac": null, "modeled_flood_frac": 0.08, "elev_m": 878.1, "slope_deg": 1.4, "n_lakes": 0, "n_drains": 0, "low_income_score": 0.4}}, {"type": "Feature", "geometry": {"type": "Polygon", "coordinates": [[[77.49, 12.979999999999999], [77.50999999999999, 12.979999999999999], [77.50999999999999, 13.0], [77.49, 13.0], [77.49, 12.979999999999999]]]}, "properties": {"cell_id": "blr_0247", "flood_depth_m": {"rp10": 0.21, "rp100": 0.53}, "glof_depth_m": 0.0, "landslide_prob": 0.015, "population": 113324, "critical_assets": ["lake"], "eal_people": 3479.047, "eal_usd": 8697618.0, "observed_flood_frac": null, "modeled_flood_frac": 0.11, "elev_m": 900.1, "slope_deg": 1.8, "n_lakes": 1, "n_drains": 0, "low_income_score": 0.4}}, {"type": "Feature", "geometry": {"type": "Polygon", "coordinates": [[[77.50999999999999, 12.979999999999999], [77.53, 12.979999999999999], [77.53, 13.0], [77.50999999999999, 13.0], [77.50999999999999, 12.979999999999999]]]}, "properties": {"cell_id": "blr_0248", "flood_depth_m": {"rp10": 0.14, "rp100": 0.34}, "glof_depth_m": 0.0, "landslide_prob": 0.022, "population": 135579, "critical_assets": ["lake"], "eal_people": 3118.317, "eal_usd": 7795792.0, "observed_flood_frac": null, "modeled_flood_frac": 0.0, "elev_m": 880.5, "slope_deg": 2.6, "n_lakes": 1, "n_drains": 1, "low_income_score": 0.4}}, {"type": "Feature", "geometry": {"type": "Polygon", "coordinates": [[[77.53, 12.979999999999999], [77.55, 12.979999999999999], [77.55, 13.0], [77.53, 13.0], [77.53, 12.979999999999999]]]}, "properties": {"cell_id": "blr_0249", "flood_depth_m": {"rp10": 0.09, "rp100": 0.22}, "glof_depth_m": 0.0, "landslide_prob": 0.014, "population": 212090, "critical_assets": [], "eal_people": 2884.424, "eal_usd": 7211060.0, "observed_flood_frac": null, "modeled_flood_frac": 0.08, "elev_m": 905.9, "slope_deg": 1.7, "n_lakes": 0, "n_drains": 0, "low_income_score": 0.4}}, {"type": "Feature", "geometry": {"type": "Polygon", "coordinates": [[[77.55, 12.979999999999999], [77.57, 12.979999999999999], [77.57, 13.0], [77.55, 13.0], [77.55, 12.979999999999999]]]}, "properties": {"cell_id": "blr_0250", "flood_depth_m": {"rp10": 0.05, "rp100": 0.13}, "glof_depth_m": 0.0, "landslide_prob": 0.012, "population": 203549, "critical_assets": [], "eal_people": 2055.845, "eal_usd": 5139612.0, "observed_flood_frac": null, "modeled_flood_frac": 0.03, "elev_m": 900.5, "slope_deg": 1.5, "n_lakes": 0, "n_drains": 2, "low_income_score": 0.4}}, {"type": "Feature", "geometry": {"type": "Polygon", "coordinates": [[[77.57, 12.979999999999999], [77.58999999999999, 12.979999999999999], [77.58999999999999, 13.0], [77.57, 13.0], [77.57, 12.979999999999999]]]}, "properties": {"cell_id": "blr_0251", "flood_depth_m": {"rp10": 0.06, "rp100": 0.15}, "glof_depth_m": 0.0, "landslide_prob": 0.012, "population": 172046, "critical_assets": [], "eal_people": 1978.529, "eal_usd": 4946322.0, "observed_flood_frac": null, "modeled_flood_frac": 0.05, "elev_m": 919.2, "slope_deg": 1.4, "n_lakes": 0, "n_drains": 5, "low_income_score": 0.4}}, {"type": "Feature", "geometry": {"type": "Polygon", "coordinates": [[[77.58999999999999, 12.979999999999999], [77.61, 12.979999999999999], [77.61, 13.0], [77.58999999999999, 13.0], [77.58999999999999, 12.979999999999999]]]}, "properties": {"cell_id": "blr_0252", "flood_depth_m": {"rp10": 0.04, "rp100": 0.11}, "glof_depth_m": 0.0, "landslide_prob": 0.011, "population": 200291, "critical_assets": [], "eal_people": 2443.55, "eal_usd": 6108875.0, "observed_flood_frac": null, "modeled_flood_frac": 0.06, "elev_m": 923.1, "slope_deg": 1.4, "n_lakes": 0, "n_drains": 2, "low_income_score": 0.4}}, {"type": "Feature", "geometry": {"type": "Polygon", "coordinates": [[[77.61, 12.979999999999999], [77.63, 12.979999999999999], [77.63, 13.0], [77.61, 13.0], [77.61, 12.979999999999999]]]}, "properties": {"cell_id": "blr_0253", "flood_depth_m": {"rp10": 0.13, "rp100": 0.32}, "glof_depth_m": 0.0, "landslide_prob": 0.01, "population": 157416, "critical_assets": ["lake"], "eal_people": 3951.142, "eal_usd": 9877855.0, "observed_flood_frac": null, "modeled_flood_frac": 0.03, "elev_m": 905.9, "slope_deg": 1.2, "n_lakes": 1, "n_drains": 2, "low_income_score": 0.4}}, {"type": "Feature", "geometry": {"type": "Polygon", "coordinates": [[[77.63, 12.979999999999999], [77.64999999999999, 12.979999999999999], [77.64999999999999, 13.0], [77.63, 13.0], [77.63, 12.979999999999999]]]}, "properties": {"cell_id": "blr_0254", "flood_depth_m": {"rp10": 0.17, "rp100": 0.42}, "glof_depth_m": 0.0, "landslide_prob": 0.008, "population": 38517, "critical_assets": ["lake"], "eal_people": 993.739, "eal_usd": 2484348.0, "observed_flood_frac": null, "modeled_flood_frac": 0.04, "elev_m": 907.4, "slope_deg": 1.0, "n_lakes": 1, "n_drains": 0, "low_income_score": 0.4}}, {"type": "Feature", "geometry": {"type": "Polygon", "coordinates": [[[77.64999999999999, 12.979999999999999], [77.66999999999999, 12.979999999999999], [77.66999999999999, 13.0], [77.64999999999999, 13.0], [77.64999999999999, 12.979999999999999]]]}, "properties": {"cell_id": "blr_0255", "flood_depth_m": {"rp10": 0.15, "rp100": 0.37}, "glof_depth_m": 0.0, "landslide_prob": 0.01, "population": 3982, "critical_assets": ["lake"], "eal_people": 102.736, "eal_usd": 256840.0, "observed_flood_frac": null, "modeled_flood_frac": 0.04, "elev_m": 905.3, "slope_deg": 1.2, "n_lakes": 1, "n_drains": 0, "low_income_score": 0.15}}, {"type": "Feature", "geometry": {"type": "Polygon", "coordinates": [[[77.66999999999999, 12.979999999999999], [77.69, 12.979999999999999], [77.69, 13.0], [77.66999999999999, 13.0], [77.66999999999999, 12.979999999999999]]]}, "properties": {"cell_id": "blr_0256", "flood_depth_m": {"rp10": 0.26, "rp100": 0.64}, "glof_depth_m": 0.0, "landslide_prob": 0.01, "population": 4011, "critical_assets": ["lake"], "eal_people": 103.484, "eal_usd": 258710.0, "observed_flood_frac": null, "modeled_flood_frac": 0.04, "elev_m": 897.9, "slope_deg": 1.2, "n_lakes": 2, "n_drains": 0, "low_income_score": 0.4}}, {"type": "Feature", "geometry": {"type": "Polygon", "coordinates": [[[77.69, 12.979999999999999], [77.71, 12.979999999999999], [77.71, 13.0], [77.69, 13.0], [77.69, 12.979999999999999]]]}, "properties": {"cell_id": "blr_0257", "flood_depth_m": {"rp10": 0.18, "rp100": 0.44}, "glof_depth_m": 0.0, "landslide_prob": 0.008, "population": 3454, "critical_assets": ["lake"], "eal_people": 103.62, "eal_usd": 259050.0, "observed_flood_frac": null, "modeled_flood_frac": 0.1, "elev_m": 896.3, "slope_deg": 1.0, "n_lakes": 1, "n_drains": 0, "low_income_score": 0.15}}, {"type": "Feature", "geometry": {"type": "Polygon", "coordinates": [[[77.71, 12.979999999999999], [77.72999999999999, 12.979999999999999], [77.72999999999999, 13.0], [77.71, 13.0], [77.71, 12.979999999999999]]]}, "properties": {"cell_id": "blr_0258", "flood_depth_m": {"rp10": 0.16, "rp100": 0.4}, "glof_depth_m": 0.0, "landslide_prob": 0.009, "population": 2312, "critical_assets": ["lake"], "eal_people": 54.794, "eal_usd": 136985.0, "observed_flood_frac": null, "modeled_flood_frac": 0.01, "elev_m": 887.7, "slope_deg": 1.0, "n_lakes": 1, "n_drains": 0, "low_income_score": 0.15}}, {"type": "Feature", "geometry": {"type": "Polygon", "coordinates": [[[77.72999999999999, 12.979999999999999], [77.75, 12.979999999999999], [77.75, 13.0], [77.72999999999999, 13.0], [77.72999999999999, 12.979999999999999]]]}, "properties": {"cell_id": "blr_0259", "flood_depth_m": {"rp10": 0.1, "rp100": 0.24}, "glof_depth_m": 0.0, "landslide_prob": 0.009, "population": 1793, "critical_assets": [], "eal_people": 28.15, "eal_usd": 70375.0, "observed_flood_frac": null, "modeled_flood_frac": 0.11, "elev_m": 890.2, "slope_deg": 1.0, "n_lakes": 0, "n_drains": 0, "low_income_score": 0.15}}, {"type": "Feature", "geometry": {"type": "Polygon", "coordinates": [[[77.75, 12.979999999999999], [77.77, 12.979999999999999], [77.77, 13.0], [77.75, 13.0], [77.75, 12.979999999999999]]]}, "properties": {"cell_id": "blr_0260", "flood_depth_m": {"rp10": 0.05, "rp100": 0.12}, "glof_depth_m": 0.0, "landslide_prob": 0.008, "population": 2269, "critical_assets": [], "eal_people": 19.74, "eal_usd": 49350.0, "observed_flood_frac": null, "modeled_flood_frac": 0.01, "elev_m": 875.4, "slope_deg": 1.0, "n_lakes": 0, "n_drains": 0, "low_income_score": 0.15}}, {"type": "Feature", "geometry": {"type": "Polygon", "coordinates": [[[77.77, 12.979999999999999], [77.78999999999999, 12.979999999999999], [77.78999999999999, 13.0], [77.77, 13.0], [77.77, 12.979999999999999]]]}, "properties": {"cell_id": "blr_0261", "flood_depth_m": {"rp10": 0.02, "rp100": 0.05}, "glof_depth_m": 0.0, "landslide_prob": 0.006, "population": 5459, "critical_assets": [], "eal_people": 47.493, "eal_usd": 118732.0, "observed_flood_frac": null, "modeled_flood_frac": 0.01, "elev_m": 863.2, "slope_deg": 0.7, "n_lakes": 0, "n_drains": 0, "low_income_score": 0.4}}, {"type": "Feature", "geometry": {"type": "Polygon", "coordinates": [[[77.78999999999999, 12.979999999999999], [77.80999999999999, 12.979999999999999], [77.80999999999999, 13.0], [77.78999999999999, 13.0], [77.78999999999999, 12.979999999999999]]]}, "properties": {"cell_id": "blr_0262", "flood_depth_m": {"rp10": 0.2, "rp100": 0.49}, "glof_depth_m": 0.0, "landslide_prob": 0.008, "population": 3981, "critical_assets": ["lake"], "eal_people": 122.217, "eal_usd": 305542.0, "observed_flood_frac": null, "modeled_flood_frac": 0.11, "elev_m": 878.1, "slope_deg": 0.9, "n_lakes": 1, "n_drains": 0, "low_income_score": 0.15}}, {"type": "Feature", "geometry": {"type": "Polygon", "coordinates": [[[77.80999999999999, 12.979999999999999], [77.83, 12.979999999999999], [77.83, 13.0], [77.80999999999999, 13.0], [77.80999999999999, 12.979999999999999]]]}, "properties": {"cell_id": "blr_0263", "flood_depth_m": {"rp10": 0.28, "rp100": 0.71}, "glof_depth_m": 0.0, "landslide_prob": 0.008, "population": 3699, "critical_assets": ["lake"], "eal_people": 108.381, "eal_usd": 270952.0, "observed_flood_frac": null, "modeled_flood_frac": 0.09, "elev_m": 888.0, "slope_deg": 0.9, "n_lakes": 2, "n_drains": 0, "low_income_score": 0.15}}, {"type": "Feature", "geometry": {"type": "Polygon", "coordinates": [[[77.35, 12.959999999999999], [77.36999999999999, 12.959999999999999], [77.36999999999999, 12.979999999999999], [77.35, 12.979999999999999], [77.35, 12.959999999999999]]]}, "properties": {"cell_id": "blr_0264", "flood_depth_m": {"rp10": 0.55, "rp100": 1.38}, "glof_depth_m": 0.0, "landslide_prob": 0.018, "population": 429, "critical_assets": [], "eal_people": 25.354, "eal_usd": 63385.0, "observed_flood_frac": null, "modeled_flood_frac": 0.73, "elev_m": 800.0, "slope_deg": 2.2, "n_lakes": 0, "n_drains": 0, "low_income_score": 0.15}}, {"type": "Feature", "geometry": {"type": "Polygon", "coordinates": [[[77.36999999999999, 12.959999999999999], [77.39, 12.959999999999999], [77.39, 12.979999999999999], [77.36999999999999, 12.979999999999999], [77.36999999999999, 12.959999999999999]]]}, "properties": {"cell_id": "blr_0265", "flood_depth_m": {"rp10": 0.06, "rp100": 0.16}, "glof_depth_m": 0.0, "landslide_prob": 0.015, "population": 566, "critical_assets": [], "eal_people": 5.32, "eal_usd": 13300.0, "observed_flood_frac": null, "modeled_flood_frac": 0.02, "elev_m": 843.7, "slope_deg": 1.7, "n_lakes": 0, "n_drains": 0, "low_income_score": 0.15}}, {"type": "Feature", "geometry": {"type": "Polygon", "coordinates": [[[77.39, 12.959999999999999], [77.41, 12.959999999999999], [77.41, 12.979999999999999], [77.39, 12.979999999999999], [77.39, 12.959999999999999]]]}, "properties": {"cell_id": "blr_0266", "flood_depth_m": {"rp10": 0.09, "rp100": 0.23}, "glof_depth_m": 0.0, "landslide_prob": 0.012, "population": 1060, "critical_assets": [], "eal_people": 14.416, "eal_usd": 36040.0, "observed_flood_frac": null, "modeled_flood_frac": 0.08, "elev_m": 852.5, "slope_deg": 1.5, "n_lakes": 0, "n_drains": 0, "low_income_score": 0.15}}, {"type": "Feature", "geometry": {"type": "Polygon", "coordinates": [[[77.41, 12.959999999999999], [77.42999999999999, 12.959999999999999], [77.42999999999999, 12.979999999999999], [77.41, 12.979999999999999], [77.41, 12.959999999999999]]]}, "properties": {"cell_id": "blr_0267", "flood_depth_m": {"rp10": 0.04, "rp100": 0.11}, "glof_depth_m": 0.0, "landslide_prob": 0.011, "population": 1409, "critical_assets": [], "eal_people": 16.203, "eal_usd": 40508.0, "observed_flood_frac": null, "modeled_flood_frac": 0.05, "elev_m": 850.1, "slope_deg": 1.3, "n_lakes": 0, "n_drains": 0, "low_income_score": 0.15}}, {"type": "Feature", "geometry": {"type": "Polygon", "coordinates": [[[77.42999999999999, 12.959999999999999], [77.44999999999999, 12.959999999999999], [77.44999999999999, 12.979999999999999], [77.42999999999999, 12.979999999999999], [77.42999999999999, 12.959999999999999]]]}, "properties": {"cell_id": "blr_0268", "flood_depth_m": {"rp10": 0.12, "rp100": 0.3}, "glof_depth_m": 0.0, "landslide_prob": 0.014, "population": 28800, "critical_assets": ["lake"], "eal_people": 662.4, "eal_usd": 1656000.0, "observed_flood_frac": null, "modeled_flood_frac": 0.0, "elev_m": 847.9, "slope_deg": 1.6, "n_lakes": 1, "n_drains": 0, "low_income_score": 0.4}}, {"type": "Feature", "geometry": {"type": "Polygon", "coordinates": [[[77.44999999999999, 12.959999999999999], [77.47, 12.959999999999999], [77.47, 12.979999999999999], [77.44999999999999, 12.979999999999999], [77.44999999999999, 12.959999999999999]]]}, "properties": {"cell_id": "blr_0269", "flood_depth_m": {"rp10": 0.12, "rp100": 0.3}, "glof_depth_m": 0.0, "landslide_prob": 0.013, "population": 33180, "critical_assets": ["lake"], "eal_people": 809.592, "eal_usd": 2023980.0, "observed_flood_frac": null, "modeled_flood_frac": 0.02, "elev_m": 835.6, "slope_deg": 1.5, "n_lakes": 1, "n_drains": 0, "low_income_score": 0.4}}, {"type": "Feature", "geometry": {"type": "Polygon", "coordinates": [[[77.47, 12.959999999999999], [77.49, 12.959999999999999], [77.49, 12.979999999999999], [77.47, 12.979999999999999], [77.47, 12.959999999999999]]]}, "properties": {"cell_id": "blr_0270", "flood_depth_m": {"rp10": 0.21, "rp100": 0.53}, "glof_depth_m": 0.0, "landslide_prob": 0.016, "population": 41654, "critical_assets": ["lake"], "eal_people": 1191.304, "eal_usd": 2978260.0, "observed_flood_frac": null, "modeled_flood_frac": 0.08, "elev_m": 858.9, "slope_deg": 1.9, "n_lakes": 1, "n_drains": 0, "low_income_score": 0.4}}, {"type": "Feature", "geometry": {"type": "Polygon", "coordinates": [[[77.49, 12.959999999999999], [77.50999999999999, 12.959999999999999], [77.50999999999999, 12.979999999999999], [77.49, 12.979999999999999], [77.49, 12.959999999999999]]]}, "properties": {"cell_id": "blr_0271", "flood_depth_m": {"rp10": 0.18, "rp100": 0.44}, "glof_depth_m": 0.0, "landslide_prob": 0.017, "population": 89778, "critical_assets": ["lake"], "eal_people": 2316.272, "eal_usd": 5790680.0, "observed_flood_frac": null, "modeled_flood_frac": 0.04, "elev_m": 858.9, "slope_deg": 2.0, "n_lakes": 1, "n_drains": 0, "low_income_score": 0.4}}, {"type": "Feature", "geometry": {"type": "Polygon", "coordinates": [[[77.50999999999999, 12.959999999999999], [77.53, 12.959999999999999], [77.53, 12.979999999999999], [77.50999999999999, 12.979999999999999], [77.50999999999999, 12.959999999999999]]]}, "properties": {"cell_id": "blr_0272", "flood_depth_m": {"rp10": 0.06, "rp100": 0.14}, "glof_depth_m": 0.0, "landslide_prob": 0.02, "population": 169290, "critical_assets": [], "eal_people": 1709.829, "eal_usd": 4274572.0, "observed_flood_frac": null, "modeled_flood_frac": 0.03, "elev_m": 862.3, "slope_deg": 2.4, "n_lakes": 0, "n_drains": 1, "low_income_score": 0.4}}, {"type": "Feature", "geometry": {"type": "Polygon", "coordinates": [[[77.53, 12.959999999999999], [77.55, 12.959999999999999], [77.55, 12.979999999999999], [77.53, 12.979999999999999], [77.53, 12.959999999999999]]]}, "properties": {"cell_id": "blr_0273", "flood_depth_m": {"rp10": 0.07, "rp100": 0.17}, "glof_depth_m": 0.0, "landslide_prob": 0.012, "population": 197913, "critical_assets": [], "eal_people": 2553.078, "eal_usd": 6382695.0, "observed_flood_frac": null, "modeled_flood_frac": 0.07, "elev_m": 877.8, "slope_deg": 1.4, "n_lakes": 0, "n_drains": 1, "low_income_score": 0.4}}, {"type": "Feature", "geometry": {"type": "Polygon", "coordinates": [[[77.55, 12.959999999999999], [77.57, 12.959999999999999], [77.57, 12.979999999999999], [77.55, 12.979999999999999], [77.55, 12.959999999999999]]]}, "properties": {"cell_id": "blr_0274", "flood_depth_m": {"rp10": 0.07, "rp100": 0.18}, "glof_depth_m": 0.0, "landslide_prob": 0.012, "population": 233606, "critical_assets": [], "eal_people": 2359.421, "eal_usd": 5898552.0, "observed_flood_frac": null, "modeled_flood_frac": 0.03, "elev_m": 887.0, "slope_deg": 1.4, "n_lakes": 0, "n_drains": 1, "low_income_score": 0.4}}, {"type": "Feature", "geometry": {"type": "Polygon", "coordinates": [[[77.57, 12.959999999999999], [77.58999999999999, 12.959999999999999], [77.58999999999999, 12.979999999999999], [77.57, 12.979999999999999], [77.57, 12.959999999999999]]]}, "properties": {"cell_id": "blr_0275", "flood_depth_m": {"rp10": 0.08, "rp100": 0.19}, "glof_depth_m": 0.0, "landslide_prob": 0.008, "population": 209031, "critical_assets": [], "eal_people": 2696.5, "eal_usd": 6741250.0, "observed_flood_frac": null, "modeled_flood_frac": 0.07, "elev_m": 911.2, "slope_deg": 1.0, "n_lakes": 0, "n_drains": 0, "low_income_score": 0.4}}, {"type": "Feature", "geometry": {"type": "Polygon", "coordinates": [[[77.58999999999999, 12.959999999999999], [77.61, 12.959999999999999], [77.61, 12.979999999999999], [77.58999999999999, 12.979999999999999], [77.58999999999999, 12.959999999999999]]]}, "properties": {"cell_id": "blr_0276", "flood_depth_m": {"rp10": 0.26, "rp100": 0.65}, "glof_depth_m": 0.0, "landslide_prob": 0.008, "population": 197373, "critical_assets": ["lake"], "eal_people": 5230.385, "eal_usd": 13075962.0, "observed_flood_frac": null, "modeled_flood_frac": 0.05, "elev_m": 912.5, "slope_deg": 0.9, "n_lakes": 2, "n_drains": 0, "low_income_score": 0.4}}, {"type": "Feature", "geometry": {"type": "Polygon", "coordinates": [[[77.61, 12.959999999999999], [77.63, 12.959999999999999], [77.63, 12.979999999999999], [77.61, 12.979999999999999], [77.61, 12.959999999999999]]]}, "properties": {"cell_id": "blr_0277", "flood_depth_m": {"rp10": 0.48, "rp100": 1.21}, "glof_depth_m": 0.0, "landslide_prob": 0.009, "population": 175061, "critical_assets": ["lake"], "eal_people": 4761.659, "eal_usd": 11904148.0, "observed_flood_frac": null, "modeled_flood_frac": 0.06, "elev_m": 904.2, "slope_deg": 1.1, "n_lakes": 5, "n_drains": 4, "low_income_score": 0.4}}, {"type": "Feature", "geometry": {"type": "Polygon", "coordinates": [[[77.63, 12.959999999999999], [77.64999999999999, 12.959999999999999], [77.64999999999999, 12.979999999999999], [77.63, 12.979999999999999], [77.63, 12.959999999999999]]]}, "properties": {"cell_id": "blr_0278", "flood_depth_m": {"rp10": 0.27, "rp100": 0.68}, "glof_depth_m": 0.0, "landslide_prob": 0.008, "population": 101331, "critical_assets": ["lake"], "eal_people": 2614.34, "eal_usd": 6535850.0, "observed_flood_frac": null, "modeled_flood_frac": 0.04, "elev_m": 896.4, "slope_deg": 0.9, "n_lakes": 2, "n_drains": 5, "low_income_score": 0.4}}, {"type": "Feature", "geometry": {"type": "Polygon", "coordinates": [[[77.64999999999999, 12.959999999999999], [77.66999999999999, 12.959999999999999], [77.66999999999999, 12.979999999999999], [77.64999999999999, 12.979999999999999], [77.64999999999999, 12.959999999999999]]]}, "properties": {"cell_id": "blr_0279", "flood_depth_m": {"rp10": 0.18, "rp100": 0.45}, "glof_depth_m": 0.0, "landslide_prob": 0.009, "population": 4762, "critical_assets": ["lake"], "eal_people": 129.526, "eal_usd": 323815.0, "observed_flood_frac": null, "modeled_flood_frac": 0.06, "elev_m": 901.7, "slope_deg": 1.1, "n_lakes": 1, "n_drains": 0, "low_income_score": 0.4}}, {"type": "Feature", "geometry": {"type": "Polygon", "coordinates": [[[77.66999999999999, 12.959999999999999], [77.69, 12.959999999999999], [77.69, 12.979999999999999], [77.66999999999999, 12.979999999999999], [77.66999999999999, 12.959999999999999]]]}, "properties": {"cell_id": "blr_0280", "flood_depth_m": {"rp10": 0.02, "rp100": 0.06}, "glof_depth_m": 0.0, "landslide_prob": 0.007, "population": 3119, "critical_assets": [], "eal_people": 27.135, "eal_usd": 67838.0, "observed_flood_frac": null, "modeled_flood_frac": 0.01, "elev_m": 885.6, "slope_deg": 0.9, "n_lakes": 0, "n_drains": 1, "low_income_score": 0.15}}, {"type": "Feature", "geometry": {"type": "Polygon", "coordinates": [[[77.69, 12.959999999999999], [77.71, 12.959999999999999], [77.71, 12.979999999999999], [77.69, 12.979999999999999], [77.69, 12.959999999999999]]]}, "properties": {"cell_id": "blr_0281", "flood_depth_m": {"rp10": 0.05, "rp100": 0.13}, "glof_depth_m": 0.0, "landslide_prob": 0.008, "population": 3224, "critical_assets": [], "eal_people": 41.59, "eal_usd": 103975.0, "observed_flood_frac": null, "modeled_flood_frac": 0.07, "elev_m": 889.0, "slope_deg": 1.0, "n_lakes": 0, "n_drains": 0, "low_income_score": 0.15}}, {"type": "Feature", "geometry": {"type": "Polygon", "coordinates": [[[77.71, 12.959999999999999], [77.72999999999999, 12.959999999999999], [77.72999999999999, 12.979999999999999], [77.71, 12.979999999999999], [77.71, 12.959999999999999]]]}, "properties": {"cell_id": "blr_0282", "flood_depth_m": {"rp10": 0.28, "rp100": 0.69}, "glof_depth_m": 0.0, "landslide_prob": 0.009, "population": 2780, "critical_assets": ["lake"], "eal_people": 81.454, "eal_usd": 203635.0, "observed_flood_frac": null, "modeled_flood_frac": 0.09, "elev_m": 893.6, "slope_deg": 1.0, "n_lakes": 2, "n_drains": 0, "low_income_score": 0.15}}, {"type": "Feature", "geometry": {"type": "Polygon", "coordinates": [[[77.72999999999999, 12.959999999999999], [77.75, 12.959999999999999], [77.75, 12.979999999999999], [77.72999999999999, 12.979999999999999], [77.72999999999999, 12.959999999999999]]]}, "properties": {"cell_id": "blr_0283", "flood_depth_m": {"rp10": 0.33, "rp100": 0.82}, "glof_depth_m": 0.0, "landslide_prob": 0.009, "population": 1726, "critical_assets": ["lake"], "eal_people": 42.114, "eal_usd": 105285.0, "observed_flood_frac": null, "modeled_flood_frac": 0.02, "elev_m": 880.5, "slope_deg": 1.1, "n_lakes": 3, "n_drains": 1, "low_income_score": 0.15}}, {"type": "Feature", "geometry": {"type": "Polygon", "coordinates": [[[77.75, 12.959999999999999], [77.77, 12.959999999999999], [77.77, 12.979999999999999], [77.75, 12.979999999999999], [77.75, 12.959999999999999]]]}, "properties": {"cell_id": "blr_0284", "flood_depth_m": {"rp10": 0.1, "rp100": 0.24}, "glof_depth_m": 0.0, "landslide_prob": 0.009, "population": 2089, "critical_assets": [], "eal_people": 25.486, "eal_usd": 63715.0, "observed_flood_frac": null, "modeled_flood_frac": 0.06, "elev_m": 874.5, "slope_deg": 1.1, "n_lakes": 0, "n_drains": 0, "low_income_score": 0.15}}, {"type": "Feature", "geometry": {"type": "Polygon", "coordinates": [[[77.77, 12.959999999999999], [77.78999999999999, 12.959999999999999], [77.78999999999999, 12.979999999999999], [77.77, 12.979999999999999], [77.77, 12.959999999999999]]]}, "properties": {"cell_id": "blr_0285", "flood_depth_m": {"rp10": 0.06, "rp100": 0.14}, "glof_depth_m": 0.0, "landslide_prob": 0.005, "population": 3392, "critical_assets": [], "eal_people": 27.136, "eal_usd": 67840.0, "observed_flood_frac": null, "modeled_flood_frac": 0.0, "elev_m": 858.9, "slope_deg": 0.6, "n_lakes": 0, "n_drains": 0, "low_income_score": 0.15}}, {"type": "Feature", "geometry": {"type": "Polygon", "coordinates": [[[77.78999999999999, 12.959999999999999], [77.80999999999999, 12.959999999999999], [77.80999999999999, 12.979999999999999], [77.78999999999999, 12.979999999999999], [77.78999999999999, 12.959999999999999]]]}, "properties": {"cell_id": "blr_0286", "flood_depth_m": {"rp10": 0.05, "rp100": 0.13}, "glof_depth_m": 0.0, "landslide_prob": 0.007, "population": 3239, "critical_assets": [], "eal_people": 34.981, "eal_usd": 87452.0, "observed_flood_frac": null, "modeled_flood_frac": 0.04, "elev_m": 869.0, "slope_deg": 0.8, "n_lakes": 0, "n_drains": 0, "low_income_score": 0.15}}, {"type": "Feature", "geometry": {"type": "Polygon", "coordinates": [[[77.80999999999999, 12.959999999999999], [77.83, 12.959999999999999], [77.83, 12.979999999999999], [77.80999999999999, 12.979999999999999], [77.80999999999999, 12.959999999999999]]]}, "properties": {"cell_id": "blr_0287", "flood_depth_m": {"rp10": 0.08, "rp100": 0.21}, "glof_depth_m": 0.0, "landslide_prob": 0.008, "population": 2920, "critical_assets": [], "eal_people": 33.58, "eal_usd": 83950.0, "observed_flood_frac": null, "modeled_flood_frac": 0.05, "elev_m": 879.8, "slope_deg": 1.0, "n_lakes": 0, "n_drains": 0, "low_income_score": 0.15}}, {"type": "Feature", "geometry": {"type": "Polygon", "coordinates": [[[77.35, 12.94], [77.36999999999999, 12.94], [77.36999999999999, 12.959999999999999], [77.35, 12.959999999999999], [77.35, 12.94]]]}, "properties": {"cell_id": "blr_0288", "flood_depth_m": {"rp10": 0.24, "rp100": 0.61}, "glof_depth_m": 0.0, "landslide_prob": 0.019, "population": 470, "critical_assets": [], "eal_people": 13.63, "eal_usd": 34075.0, "observed_flood_frac": null, "modeled_flood_frac": 0.3, "elev_m": 824.0, "slope_deg": 2.3, "n_lakes": 0, "n_drains": 0, "low_income_score": 0.15}}, {"type": "Feature", "geometry": {"type": "Polygon", "coordinates": [[[77.36999999999999, 12.94], [77.39, 12.94], [77.39, 12.959999999999999], [77.36999999999999, 12.959999999999999], [77.36999999999999, 12.94]]]}, "properties": {"cell_id": "blr_0289", "flood_depth_m": {"rp10": 0.06, "rp100": 0.15}, "glof_depth_m": 0.0, "landslide_prob": 0.015, "population": 495, "critical_assets": [], "eal_people": 6.732, "eal_usd": 16830.0, "observed_flood_frac": null, "modeled_flood_frac": 0.08, "elev_m": 854.2, "slope_deg": 1.8, "n_lakes": 0, "n_drains": 0, "low_income_score": 0.15}}, {"type": "Feature", "geometry": {"type": "Polygon", "coordinates": [[[77.39, 12.94], [77.41, 12.94], [77.41, 12.959999999999999], [77.39, 12.959999999999999], [77.39, 12.94]]]}, "properties": {"cell_id": "blr_0290", "flood_depth_m": {"rp10": 0.09, "rp100": 0.22}, "glof_depth_m": 0.0, "landslide_prob": 0.017, "population": 669, "critical_assets": [], "eal_people": 8.162, "eal_usd": 20405.0, "observed_flood_frac": null, "modeled_flood_frac": 0.06, "elev_m": 854.7, "slope_deg": 2.0, "n_lakes": 0, "n_drains": 0, "low_income_score": 0.15}}, {"type": "Feature", "geometry": {"type": "Polygon", "coordinates": [[[77.41, 12.94], [77.42999999999999, 12.94], [77.42999999999999, 12.959999999999999], [77.41, 12.959999999999999], [77.41, 12.94]]]}, "properties": {"cell_id": "blr_0291", "flood_depth_m": {"rp10": 0.15, "rp100": 0.38}, "glof_depth_m": 0.0, "landslide_prob": 0.013, "population": 812, "critical_assets": [], "eal_people": 16.727, "eal_usd": 41818.0, "observed_flood_frac": null, "modeled_flood_frac": 0.18, "elev_m": 828.2, "slope_deg": 1.5, "n_lakes": 0, "n_drains": 0, "low_income_score": 0.15}}, {"type": "Feature", "geometry": {"type": "Polygon", "coordinates": [[[77.42999999999999, 12.94], [77.44999999999999, 12.94], [77.44999999999999, 12.959999999999999], [77.42999999999999, 12.959999999999999], [77.42999999999999, 12.94]]]}, "properties": {"cell_id": "blr_0292", "flood_depth_m": {"rp10": 0.32, "rp100": 0.81}, "glof_depth_m": 0.0, "landslide_prob": 0.014, "population": 3092, "critical_assets": [], "eal_people": 104.819, "eal_usd": 262048.0, "observed_flood_frac": null, "modeled_flood_frac": 0.37, "elev_m": 822.0, "slope_deg": 1.7, "n_lakes": 0, "n_drains": 0, "low_income_score": 0.15}}, {"type": "Feature", "geometry": {"type": "Polygon", "coordinates": [[[77.44999999999999, 12.94], [77.47, 12.94], [77.47, 12.959999999999999], [77.44999999999999, 12.959999999999999], [77.44999999999999, 12.94]]]}, "properties": {"cell_id": "blr_0293", "flood_depth_m": {"rp10": 0.36, "rp100": 0.89}, "glof_depth_m": 0.0, "landslide_prob": 0.012, "population": 15064, "critical_assets": [], "eal_people": 595.028, "eal_usd": 1487570.0, "observed_flood_frac": null, "modeled_flood_frac": 0.45, "elev_m": 818.5, "slope_deg": 1.5, "n_lakes": 0, "n_drains": 0, "low_income_score": 0.4}}, {"type": "Feature", "geometry": {"type": "Polygon", "coordinates": [[[77.47, 12.94], [77.49, 12.94], [77.49, 12.959999999999999], [77.47, 12.959999999999999], [77.47, 12.94]]]}, "properties": {"cell_id": "blr_0294", "flood_depth_m": {"rp10": 0.3, "rp100": 0.75}, "glof_depth_m": 0.0, "landslide_prob": 0.012, "population": 39300, "critical_assets": ["lake"], "eal_people": 1234.02, "eal_usd": 3085050.0, "observed_flood_frac": null, "modeled_flood_frac": 0.12, "elev_m": 827.3, "slope_deg": 1.5, "n_lakes": 2, "n_drains": 2, "low_income_score": 0.4}}, {"type": "Feature", "geometry": {"type": "Polygon", "coordinates": [[[77.49, 12.94], [77.50999999999999, 12.94], [77.50999999999999, 12.959999999999999], [77.49, 12.959999999999999], [77.49, 12.94]]]}, "properties": {"cell_id": "blr_0295", "flood_depth_m": {"rp10": 0.08, "rp100": 0.19}, "glof_depth_m": 0.0, "landslide_prob": 0.015, "population": 60358, "critical_assets": [], "eal_people": 778.618, "eal_usd": 1946545.0, "observed_flood_frac": null, "modeled_flood_frac": 0.07, "elev_m": 840.2, "slope_deg": 1.8, "n_lakes": 0, "n_drains": 4, "low_income_score": 0.4}}, {"type": "Feature", "geometry": {"type": "Polygon", "coordinates": [[[77.50999999999999, 12.94], [77.53, 12.94], [77.53, 12.959999999999999], [77.50999999999999, 12.959999999999999], [77.50999999999999, 12.94]]]}, "properties": {"cell_id": "blr_0296", "flood_depth_m": {"rp10": 0.12, "rp100": 0.31}, "glof_depth_m": 0.0, "landslide_prob": 0.014, "population": 76752, "critical_assets": [], "eal_people": 1473.638, "eal_usd": 3684095.0, "observed_flood_frac": null, "modeled_flood_frac": 0.16, "elev_m": 831.2, "slope_deg": 1.7, "n_lakes": 0, "n_drains": 3, "low_income_score": 0.4}}, {"type": "Feature", "geometry": {"type": "Polygon", "coordinates": [[[77.53, 12.94], [77.55, 12.94], [77.55, 12.959999999999999], [77.53, 12.959999999999999], [77.53, 12.94]]]}, "properties": {"cell_id": "blr_0297", "flood_depth_m": {"rp10": 0.18, "rp100": 0.44}, "glof_depth_m": 0.0, "landslide_prob": 0.016, "population": 141227, "critical_assets": ["lake"], "eal_people": 3544.798, "eal_usd": 8861995.0, "observed_flood_frac": null, "modeled_flood_frac": 0.03, "elev_m": 853.4, "slope_deg": 1.9, "n_lakes": 1, "n_drains": 1, "low_income_score": 0.4}}, {"type": "Feature", "geometry": {"type": "Polygon", "coordinates": [[[77.55, 12.94], [77.57, 12.94], [77.57, 12.959999999999999], [77.55, 12.959999999999999], [77.55, 12.94]]]}, "properties": {"cell_id": "blr_0298", "flood_depth_m": {"rp10": 0.14, "rp100": 0.36}, "glof_depth_m": 0.0, "landslide_prob": 0.015, "population": 212168, "critical_assets": ["lake"], "eal_people": 5473.934, "eal_usd": 13684835.0, "observed_flood_frac": null, "modeled_flood_frac": 0.04, "elev_m": 892.9, "slope_deg": 1.8, "n_lakes": 1, "n_drains": 2, "low_income_score": 0.4}}, {"type": "Feature", "geometry": {"type": "Polygon", "coordinates": [[[77.57, 12.94], [77.58999999999999, 12.94], [77.58999999999999, 12.959999999999999], [77.57, 12.959999999999999], [77.57, 12.94]]]}, "properties": {"cell_id": "blr_0299", "flood_depth_m": {"rp10": 0.46, "rp100": 1.15}, "glof_depth_m": 0.0, "landslide_prob": 0.008, "population": 168057, "critical_assets": ["lake"], "eal_people": 4571.15, "eal_usd": 11427875.0, "observed_flood_frac": null, "modeled_flood_frac": 0.06, "elev_m": 909.0, "slope_deg": 0.9, "n_lakes": 4, "n_drains": 0, "low_income_score": 0.4}}, {"type": "Feature", "geometry": {"type": "Polygon", "coordinates": [[[77.58999999999999, 12.94], [77.61, 12.94], [77.61, 12.959999999999999], [77.58999999999999, 12.959999999999999], [77.58999999999999, 12.94]]]}, "properties": {"cell_id": "blr_0300", "flood_depth_m": {"rp10": 0.04, "rp100": 0.1}, "glof_depth_m": 0.0, "landslide_prob": 0.01, "population": 98304, "critical_assets": [], "eal_people": 786.432, "eal_usd": 1966080.0, "observed_flood_frac": null, "modeled_flood_frac": 0.0, "elev_m": 899.6, "slope_deg": 1.2, "n_lakes": 0, "n_drains": 1, "low_income_score": 0.4}}, {"type": "Feature", "geometry": {"type": "Polygon", "coordinates": [[[77.61, 12.94], [77.63, 12.94], [77.63, 12.959999999999999], [77.61, 12.959999999999999], [77.61, 12.94]]]}, "properties": {"cell_id": "blr_0301", "flood_depth_m": {"rp10": 0.02, "rp100": 0.05}, "glof_depth_m": 0.0, "landslide_prob": 0.008, "population": 65240, "critical_assets": [], "eal_people": 521.92, "eal_usd": 1304800.0, "observed_flood_frac": null, "modeled_flood_frac": 0.0, "elev_m": 892.0, "slope_deg": 0.9, "n_lakes": 0, "n_drains": 3, "low_income_score": 0.4}}, {"type": "Feature", "geometry": {"type": "Polygon", "coordinates": [[[77.63, 12.94], [77.64999999999999, 12.94], [77.64999999999999, 12.959999999999999], [77.63, 12.959999999999999], [77.63, 12.94]]]}, "properties": {"cell_id": "blr_0302", "flood_depth_m": {"rp10": 0.18, "rp100": 0.46}, "glof_depth_m": 0.0, "landslide_prob": 0.007, "population": 40459, "critical_assets": ["lake"], "eal_people": 1185.449, "eal_usd": 2963622.0, "observed_flood_frac": null, "modeled_flood_frac": 0.09, "elev_m": 891.2, "slope_deg": 0.9, "n_lakes": 1, "n_drains": 2, "low_income_score": 0.4}}, {"type": "Feature", "geometry": {"type": "Polygon", "coordinates": [[[77.64999999999999, 12.94], [77.66999999999999, 12.94], [77.66999999999999, 12.959999999999999], [77.64999999999999, 12.959999999999999], [77.64999999999999, 12.94]]]}, "properties": {"cell_id": "blr_0303", "flood_depth_m": {"rp10": 0.36, "rp100": 0.91}, "glof_depth_m": 0.0, "landslide_prob": 0.008, "population": 3124, "critical_assets": ["lake"], "eal_people": 78.412, "eal_usd": 196030.0, "observed_flood_frac": null, "modeled_flood_frac": 0.03, "elev_m": 885.8, "slope_deg": 1.0, "n_lakes": 3, "n_drains": 6, "low_income_score": 0.15}}, {"type": "Feature", "geometry": {"type": "Polygon", "coordinates": [[[77.66999999999999, 12.94], [77.69, 12.94], [77.69, 12.959999999999999], [77.66999999999999, 12.959999999999999], [77.66999999999999, 12.94]]]}, "properties": {"cell_id": "blr_0304", "flood_depth_m": {"rp10": 0.05, "rp100": 0.12}, "glof_depth_m": 0.0, "landslide_prob": 0.008, "population": 2015, "critical_assets": [], "eal_people": 21.762, "eal_usd": 54405.0, "observed_flood_frac": null, "modeled_flood_frac": 0.04, "elev_m": 882.6, "slope_deg": 1.0, "n_lakes": 0, "n_drains": 0, "low_income_score": 0.15}}, {"type": "Feature", "geometry": {"type": "Polygon", "coordinates": [[[77.69, 12.94], [77.71, 12.94], [77.71, 12.959999999999999], [77.69, 12.959999999999999], [77.69, 12.94]]]}, "properties": {"cell_id": "blr_0305", "flood_depth_m": {"rp10": 0.03, "rp100": 0.08}, "glof_depth_m": 0.0, "landslide_prob": 0.008, "population": 2925, "critical_assets": [], "eal_people": 27.495, "eal_usd": 68738.0, "observed_flood_frac": null, "modeled_flood_frac": 0.02, "elev_m": 876.0, "slope_deg": 0.9, "n_lakes": 0, "n_drains": 0, "low_income_score": 0.15}}, {"type": "Feature", "geometry": {"type": "Polygon", "coordinates": [[[77.71, 12.94], [77.72999999999999, 12.94], [77.72999999999999, 12.959999999999999], [77.71, 12.959999999999999], [77.71, 12.94]]]}, "properties": {"cell_id": "blr_0306", "flood_depth_m": {"rp10": 0.05, "rp100": 0.12}, "glof_depth_m": 0.0, "landslide_prob": 0.007, "population": 1760, "critical_assets": [], "eal_people": 14.08, "eal_usd": 35200.0, "observed_flood_frac": null, "modeled_flood_frac": 0.0, "elev_m": 872.7, "slope_deg": 0.9, "n_lakes": 0, "n_drains": 0, "low_income_score": 0.15}}, {"type": "Feature", "geometry": {"type": "Polygon", "coordinates": [[[77.72999999999999, 12.94], [77.75, 12.94], [77.75, 12.959999999999999], [77.72999999999999, 12.959999999999999], [77.72999999999999, 12.94]]]}, "properties": {"cell_id": "blr_0307", "flood_depth_m": {"rp10": 0.04, "rp100": 0.1}, "glof_depth_m": 0.0, "landslide_prob": 0.006, "population": 1026, "critical_assets": [], "eal_people": 8.208, "eal_usd": 20520.0, "observed_flood_frac": null, "modeled_flood_frac": 0.0, "elev_m": 866.3, "slope_deg": 0.7, "n_lakes": 0, "n_drains": 0, "low_income_score": 0.15}}, {"type": "Feature", "geometry": {"type": "Polygon", "coordinates": [[[77.75, 12.94], [77.77, 12.94], [77.77, 12.959999999999999], [77.75, 12.959999999999999], [77.75, 12.94]]]}, "properties": {"cell_id": "blr_0308", "flood_depth_m": {"rp10": 0.07, "rp100": 0.18}, "glof_depth_m": 0.0, "landslide_prob": 0.007, "population": 2100, "critical_assets": [], "eal_people": 22.68, "eal_usd": 56700.0, "observed_flood_frac": null, "modeled_flood_frac": 0.04, "elev_m": 869.0, "slope_deg": 0.8, "n_lakes": 0, "n_drains": 0, "low_income_score": 0.15}}, {"type": "Feature", "geometry": {"type": "Polygon", "coordinates": [[[77.77, 12.94], [77.78999999999999, 12.94], [77.78999999999999, 12.959999999999999], [77.77, 12.959999999999999], [77.77, 12.94]]]}, "properties": {"cell_id": "blr_0309", "flood_depth_m": {"rp10": 0.06, "rp100": 0.16}, "glof_depth_m": 0.0, "landslide_prob": 0.007, "population": 3318, "critical_assets": [], "eal_people": 33.512, "eal_usd": 83780.0, "observed_flood_frac": null, "modeled_flood_frac": 0.03, "elev_m": 867.8, "slope_deg": 0.9, "n_lakes": 0, "n_drains": 0, "low_income_score": 0.15}}, {"type": "Feature", "geometry": {"type": "Polygon", "coordinates": [[[77.78999999999999, 12.94], [77.80999999999999, 12.94], [77.80999999999999, 12.959999999999999], [77.78999999999999, 12.959999999999999], [77.78999999999999, 12.94]]]}, "properties": {"cell_id": "blr_0310", "flood_depth_m": {"rp10": 0.13, "rp100": 0.33}, "glof_depth_m": 0.0, "landslide_prob": 0.006, "population": 2158, "critical_assets": ["lake"], "eal_people": 49.634, "eal_usd": 124085.0, "observed_flood_frac": null, "modeled_flood_frac": 0.0, "elev_m": 858.8, "slope_deg": 0.7, "n_lakes": 1, "n_drains": 0, "low_income_score": 0.15}}, {"type": "Feature", "geometry": {"type": "Polygon", "coordinates": [[[77.80999999999999, 12.94], [77.83, 12.94], [77.83, 12.959999999999999], [77.80999999999999, 12.959999999999999], [77.80999999999999, 12.94]]]}, "properties": {"cell_id": "blr_0311", "flood_depth_m": {"rp10": 0.15, "rp100": 0.38}, "glof_depth_m": 0.0, "landslide_prob": 0.007, "population": 1970, "critical_assets": ["lake"], "eal_people": 45.31, "eal_usd": 113275.0, "observed_flood_frac": null, "modeled_flood_frac": 0.0, "elev_m": 864.9, "slope_deg": 0.8, "n_lakes": 1, "n_drains": 0, "low_income_score": 0.15}}, {"type": "Feature", "geometry": {"type": "Polygon", "coordinates": [[[77.35, 12.92], [77.36999999999999, 12.92], [77.36999999999999, 12.94], [77.35, 12.94], [77.35, 12.92]]]}, "properties": {"cell_id": "blr_0312", "flood_depth_m": {"rp10": 0.1, "rp100": 0.26}, "glof_depth_m": 0.0, "landslide_prob": 0.02, "population": 751, "critical_assets": [], "eal_people": 12.842, "eal_usd": 32105.0, "observed_flood_frac": null, "modeled_flood_frac": 0.13, "elev_m": 838.9, "slope_deg": 2.4, "n_lakes": 0, "n_drains": 0, "low_income_score": 0.15}}, {"type": "Feature", "geometry": {"type": "Polygon", "coordinates": [[[77.36999999999999, 12.92], [77.39, 12.92], [77.39, 12.94], [77.36999999999999, 12.94], [77.36999999999999, 12.92]]]}, "properties": {"cell_id": "blr_0313", "flood_depth_m": {"rp10": 0.23, "rp100": 0.57}, "glof_depth_m": 0.0, "landslide_prob": 0.016, "population": 444, "critical_assets": [], "eal_people": 11.633, "eal_usd": 29082.0, "observed_flood_frac": null, "modeled_flood_frac": 0.26, "elev_m": 830.1, "slope_deg": 1.9, "n_lakes": 0, "n_drains": 0, "low_income_score": 0.15}}, {"type": "Feature", "geometry": {"type": "Polygon", "coordinates": [[[77.39, 12.92], [77.41, 12.92], [77.41, 12.94], [77.39, 12.94], [77.39, 12.92]]]}, "properties": {"cell_id": "blr_0314", "flood_depth_m": {"rp10": 0.14, "rp100": 0.34}, "glof_depth_m": 0.0, "landslide_prob": 0.019, "population": 472, "critical_assets": [], "eal_people": 7.41, "eal_usd": 18525.0, "observed_flood_frac": null, "modeled_flood_frac": 0.11, "elev_m": 841.5, "slope_deg": 2.3, "n_lakes": 0, "n_drains": 0, "low_income_score": 0.15}}, {"type": "Feature", "geometry": {"type": "Polygon", "coordinates": [[[77.41, 12.92], [77.42999999999999, 12.92], [77.42999999999999, 12.94], [77.41, 12.94], [77.41, 12.92]]]}, "properties": {"cell_id": "blr_0315", "flood_depth_m": {"rp10": 0.64, "rp100": 1.61}, "glof_depth_m": 0.0, "landslide_prob": 0.014, "population": 613, "critical_assets": [], "eal_people": 41.378, "eal_usd": 103445.0, "observed_flood_frac": null, "modeled_flood_frac": 0.85, "elev_m": 807.4, "slope_deg": 1.6, "n_lakes": 0, "n_drains": 0, "low_income_score": 0.15}}, {"type": "Feature", "geometry": {"type": "Polygon", "coordinates": [[[77.42999999999999, 12.92], [77.44999999999999, 12.92], [77.44999999999999, 12.94], [77.42999999999999, 12.94], [77.42999999999999, 12.92]]]}, "properties": {"cell_id": "blr_0316", "flood_depth_m": {"rp10": 0.82, "rp100": 2.05}, "glof_depth_m": 0.0, "landslide_prob": 0.014, "population": 733, "critical_assets": ["lake"], "eal_people": 64.577, "eal_usd": 161442.0, "observed_flood_frac": null, "modeled_flood_frac": 0.93, "elev_m": 801.6, "slope_deg": 1.7, "n_lakes": 1, "n_drains": 0, "low_income_score": 0.15}}, {"type": "Feature", "geometry": {"type": "Polygon", "coordinates": [[[77.44999999999999, 12.92], [77.47, 12.92], [77.47, 12.94], [77.44999999999999, 12.94], [77.44999999999999, 12.92]]]}, "properties": {"cell_id": "blr_0317", "flood_depth_m": {"rp10": 0.74, "rp100": 1.85}, "glof_depth_m": 0.0, "landslide_prob": 0.012, "population": 1406, "critical_assets": [], "eal_people": 106.715, "eal_usd": 266788.0, "observed_flood_frac": null, "modeled_flood_frac": 0.97, "elev_m": 801.1, "slope_deg": 1.5, "n_lakes": 0, "n_drains": 0, "low_income_score": 0.15}}, {"type": "Feature", "geometry": {"type": "Polygon", "coordinates": [[[77.47, 12.92], [77.49, 12.92], [77.49, 12.94], [77.47, 12.94], [77.47, 12.92]]]}, "properties": {"cell_id": "blr_0318", "flood_depth_m": {"rp10": 0.6, "rp100": 1.5}, "glof_depth_m": 0.0, "landslide_prob": 0.015, "population": 3548, "critical_assets": ["lake"], "eal_people": 240.554, "eal_usd": 601385.0, "observed_flood_frac": null, "modeled_flood_frac": 0.64, "elev_m": 814.1, "slope_deg": 1.8, "n_lakes": 1, "n_drains": 0, "low_income_score": 0.15}}, {"type": "Feature", "geometry": {"type": "Polygon", "coordinates": [[[77.49, 12.92], [77.50999999999999, 12.92], [77.50999999999999, 12.94], [77.49, 12.94], [77.49, 12.92]]]}, "properties": {"cell_id": "blr_0319", "flood_depth_m": {"rp10": 0.75, "rp100": 1.87}, "glof_depth_m": 0.0, "landslide_prob": 0.013, "population": 4724, "critical_assets": ["lake"], "eal_people": 336.821, "eal_usd": 842053.0, "observed_flood_frac": null, "modeled_flood_frac": 0.69, "elev_m": 810.9, "slope_deg": 1.6, "n_lakes": 2, "n_drains": 0, "low_income_score": 0.4}}, {"type": "Feature", "geometry": {"type": "Polygon", "coordinates": [[[77.50999999999999, 12.92], [77.53, 12.92], [77.53, 12.94], [77.50999999999999, 12.94], [77.50999999999999, 12.92]]]}, "properties": {"cell_id": "blr_0320", "flood_depth_m": {"rp10": 0.55, "rp100": 1.38}, "glof_depth_m": 0.0, "landslide_prob": 0.015, "population": 5449, "critical_assets": ["lake"], "eal_people": 350.371, "eal_usd": 875928.0, "observed_flood_frac": null, "modeled_flood_frac": 0.59, "elev_m": 821.1, "slope_deg": 1.8, "n_lakes": 1, "n_drains": 1, "low_income_score": 0.4}}, {"type": "Feature", "geometry": {"type": "Polygon", "coordinates": [[[77.53, 12.92], [77.55, 12.92], [77.55, 12.94], [77.53, 12.94], [77.53, 12.92]]]}, "properties": {"cell_id": "blr_0321", "flood_depth_m": {"rp10": 0.17, "rp100": 0.42}, "glof_depth_m": 0.0, "landslide_prob": 0.02, "population": 27429, "critical_assets": ["lake"], "eal_people": 669.268, "eal_usd": 1673170.0, "observed_flood_frac": null, "modeled_flood_frac": 0.02, "elev_m": 857.6, "slope_deg": 2.4, "n_lakes": 1, "n_drains": 2, "low_income_score": 0.4}}, {"type": "Feature", "geometry": {"type": "Polygon", "coordinates": [[[77.55, 12.92], [77.57, 12.92], [77.57, 12.94], [77.55, 12.94], [77.55, 12.92]]]}, "properties": {"cell_id": "blr_0322", "flood_depth_m": {"rp10": 0.08, "rp100": 0.21}, "glof_depth_m": 0.0, "landslide_prob": 0.014, "population": 69843, "critical_assets": [], "eal_people": 803.194, "eal_usd": 2007985.0, "observed_flood_frac": null, "modeled_flood_frac": 0.05, "elev_m": 898.4, "slope_deg": 1.7, "n_lakes": 0, "n_drains": 2, "low_income_score": 0.4}}, {"type": "Feature", "geometry": {"type": "Polygon", "coordinates": [[[77.57, 12.92], [77.58999999999999, 12.92], [77.58999999999999, 12.94], [77.57, 12.94], [77.57, 12.92]]]}, "properties": {"cell_id": "blr_0323", "flood_depth_m": {"rp10": 0.13, "rp100": 0.33}, "glof_depth_m": 0.0, "landslide_prob": 0.01, "population": 53617, "critical_assets": [], "eal_people": 841.787, "eal_usd": 2104468.0, "observed_flood_frac": null, "modeled_flood_frac": 0.11, "elev_m": 919.7, "slope_deg": 1.2, "n_lakes": 0, "n_drains": 0, "low_income_score": 0.4}}, {"type": "Feature", "geometry": {"type": "Polygon", "coordinates": [[[77.58999999999999, 12.92], [77.61, 12.92], [77.61, 12.94], [77.58999999999999, 12.94], [77.58999999999999, 12.92]]]}, "properties": {"cell_id": "blr_0324", "flood_depth_m": {"rp10": 0.29, "rp100": 0.72}, "glof_depth_m": 0.0, "landslide_prob": 0.01, "population": 11135, "critical_assets": ["lake"], "eal_people": 302.872, "eal_usd": 757180.0, "observed_flood_frac": null, "modeled_flood_frac": 0.06, "elev_m": 906.9, "slope_deg": 1.2, "n_lakes": 2, "n_drains": 0, "low_income_score": 0.4}}, {"type": "Feature", "geometry": {"type": "Polygon", "coordinates": [[[77.61, 12.92], [77.63, 12.92], [77.63, 12.94], [77.61, 12.94], [77.61, 12.92]]]}, "properties": {"cell_id": "blr_0325", "flood_depth_m": {"rp10": 0.08, "rp100": 0.19}, "glof_depth_m": 0.0, "landslide_prob": 0.008, "population": 10991, "critical_assets": [], "eal_people": 126.397, "eal_usd": 315992.0, "observed_flood_frac": null, "modeled_flood_frac": 0.05, "elev_m": 897.2, "slope_deg": 1.0, "n_lakes": 0, "n_drains": 2, "low_income_score": 0.4}}, {"type": "Feature", "geometry": {"type": "Polygon", "coordinates": [[[77.63, 12.92], [77.64999999999999, 12.92], [77.64999999999999, 12.94], [77.63, 12.94], [77.63, 12.92]]]}, "properties": {"cell_id": "blr_0326", "flood_depth_m": {"rp10": 0.04, "rp100": 0.09}, "glof_depth_m": 0.0, "landslide_prob": 0.008, "population": 25632, "critical_assets": [], "eal_people": 205.056, "eal_usd": 512640.0, "observed_flood_frac": null, "modeled_flood_frac": 0.0, "elev_m": 883.2, "slope_deg": 0.9, "n_lakes": 0, "n_drains": 2, "low_income_score": 0.4}}, {"type": "Feature", "geometry": {"type": "Polygon", "coordinates": [[[77.64999999999999, 12.92], [77.66999999999999, 12.92], [77.66999999999999, 12.94], [77.64999999999999, 12.94], [77.64999999999999, 12.92]]]}, "properties": {"cell_id": "blr_0327", "flood_depth_m": {"rp10": 0.05, "rp100": 0.13}, "glof_depth_m": 0.0, "landslide_prob": 0.007, "population": 13212, "critical_assets": [], "eal_people": 133.441, "eal_usd": 333602.0, "observed_flood_frac": null, "modeled_flood_frac": 0.03, "elev_m": 879.3, "slope_deg": 0.9, "n_lakes": 0, "n_drains": 0, "low_income_score": 0.4}}, {"type": "Feature", "geometry": {"type": "Polygon", "coordinates": [[[77.66999999999999, 12.92], [77.69, 12.92], [77.69, 12.94], [77.66999999999999, 12.94], [77.66999999999999, 12.92]]]}, "properties": {"cell_id": "blr_0328", "flood_depth_m": {"rp10": 0.05, "rp100": 0.13}, "glof_depth_m": 0.0, "landslide_prob": 0.006, "population": 2037, "critical_assets": [], "eal_people": 20.574, "eal_usd": 51435.0, "observed_flood_frac": null, "modeled_flood_frac": 0.03, "elev_m": 877.6, "slope_deg": 0.8, "n_lakes": 0, "n_drains": 0, "low_income_score": 0.15}}, {"type": "Feature", "geometry": {"type": "Polygon", "coordinates": [[[77.69, 12.92], [77.71, 12.92], [77.71, 12.94], [77.69, 12.94], [77.69, 12.92]]]}, "properties": {"cell_id": "blr_0329", "flood_depth_m": {"rp10": 0.07, "rp100": 0.18}, "glof_depth_m": 0.0, "landslide_prob": 0.008, "population": 1741, "critical_assets": [], "eal_people": 21.24, "eal_usd": 53100.0, "observed_flood_frac": null, "modeled_flood_frac": 0.06, "elev_m": 882.9, "slope_deg": 0.9, "n_lakes": 0, "n_drains": 0, "low_income_score": 0.15}}, {"type": "Feature", "geometry": {"type": "Polygon", "coordinates": [[[77.71, 12.92], [77.72999999999999, 12.92], [77.72999999999999, 12.94], [77.71, 12.94], [77.71, 12.92]]]}, "properties": {"cell_id": "blr_0330", "flood_depth_m": {"rp10": 0.04, "rp100": 0.11}, "glof_depth_m": 0.0, "landslide_prob": 0.008, "population": 1222, "critical_assets": [], "eal_people": 13.198, "eal_usd": 32995.0, "observed_flood_frac": null, "modeled_flood_frac": 0.04, "elev_m": 879.1, "slope_deg": 1.0, "n_lakes": 0, "n_drains": 0, "low_income_score": 0.15}}, {"type": "Feature", "geometry": {"type": "Polygon", "coordinates": [[[77.72999999999999, 12.92], [77.75, 12.92], [77.75, 12.94], [77.72999999999999, 12.94], [77.72999999999999, 12.92]]]}, "properties": {"cell_id": "blr_0331", "flood_depth_m": {"rp10": 0.05, "rp100": 0.13}, "glof_depth_m": 0.0, "landslide_prob": 0.008, "population": 1469, "critical_assets": [], "eal_people": 14.837, "eal_usd": 37092.0, "observed_flood_frac": null, "modeled_flood_frac": 0.03, "elev_m": 876.2, "slope_deg": 0.9, "n_lakes": 0, "n_drains": 0, "low_income_score": 0.15}}, {"type": "Feature", "geometry": {"type": "Polygon", "coordinates": [[[77.75, 12.92], [77.77, 12.92], [77.77, 12.94], [77.75, 12.94], [77.75, 12.92]]]}, "properties": {"cell_id": "blr_0332", "flood_depth_m": {"rp10": 0.1, "rp100": 0.25}, "glof_depth_m": 0.0, "landslide_prob": 0.007, "population": 3217, "critical_assets": [], "eal_people": 39.247, "eal_usd": 98118.0, "observed_flood_frac": null, "modeled_flood_frac": 0.06, "elev_m": 881.4, "slope_deg": 0.9, "n_lakes": 0, "n_drains": 0, "low_income_score": 0.15}}, {"type": "Feature", "geometry": {"type": "Polygon", "coordinates": [[[77.77, 12.92], [77.78999999999999, 12.92], [77.78999999999999, 12.94], [77.77, 12.94], [77.77, 12.92]]]}, "properties": {"cell_id": "blr_0333", "flood_depth_m": {"rp10": 0.06, "rp100": 0.14}, "glof_depth_m": 0.0, "landslide_prob": 0.008, "population": 3566, "critical_assets": [], "eal_people": 33.52, "eal_usd": 83800.0, "observed_flood_frac": null, "modeled_flood_frac": 0.02, "elev_m": 872.8, "slope_deg": 1.0, "n_lakes": 0, "n_drains": 0, "low_income_score": 0.15}}, {"type": "Feature", "geometry": {"type": "Polygon", "coordinates": [[[77.78999999999999, 12.92], [77.80999999999999, 12.92], [77.80999999999999, 12.94], [77.78999999999999, 12.94], [77.78999999999999, 12.92]]]}, "properties": {"cell_id": "blr_0334", "flood_depth_m": {"rp10": 0.06, "rp100": 0.16}, "glof_depth_m": 0.0, "landslide_prob": 0.007, "population": 2458, "critical_assets": [], "eal_people": 23.105, "eal_usd": 57762.0, "observed_flood_frac": null, "modeled_flood_frac": 0.02, "elev_m": 862.6, "slope_deg": 0.8, "n_lakes": 0, "n_drains": 0, "low_income_score": 0.15}}, {"type": "Feature", "geometry": {"type": "Polygon", "coordinates": [[[77.80999999999999, 12.92], [77.83, 12.92], [77.83, 12.94], [77.80999999999999, 12.94], [77.80999999999999, 12.92]]]}, "properties": {"cell_id": "blr_0335", "flood_depth_m": {"rp10": 0.02, "rp100": 0.06}, "glof_depth_m": 0.0, "landslide_prob": 0.008, "population": 1890, "critical_assets": [], "eal_people": 16.443, "eal_usd": 41108.0, "observed_flood_frac": null, "modeled_flood_frac": 0.01, "elev_m": 861.4, "slope_deg": 1.0, "n_lakes": 0, "n_drains": 0, "low_income_score": 0.15}}, {"type": "Feature", "geometry": {"type": "Polygon", "coordinates": [[[77.35, 12.899999999999999], [77.36999999999999, 12.899999999999999], [77.36999999999999, 12.92], [77.35, 12.92], [77.35, 12.899999999999999]]]}, "properties": {"cell_id": "blr_0336", "flood_depth_m": {"rp10": 0.35, "rp100": 0.87}, "glof_depth_m": 0.0, "landslide_prob": 0.018, "population": 659, "critical_assets": [], "eal_people": 25.108, "eal_usd": 62770.0, "observed_flood_frac": null, "modeled_flood_frac": 0.43, "elev_m": 818.6, "slope_deg": 2.2, "n_lakes": 0, "n_drains": 0, "low_income_score": 0.15}}, {"type": "Feature", "geometry": {"type": "Polygon", "coordinates": [[[77.36999999999999, 12.899999999999999], [77.39, 12.899999999999999], [77.39, 12.92], [77.36999999999999, 12.92], [77.36999999999999, 12.899999999999999]]]}, "properties": {"cell_id": "blr_0337", "flood_depth_m": {"rp10": 0.62, "rp100": 1.56}, "glof_depth_m": 0.0, "landslide_prob": 0.015, "population": 563, "critical_assets": [], "eal_people": 36.426, "eal_usd": 91065.0, "observed_flood_frac": null, "modeled_flood_frac": 0.81, "elev_m": 804.9, "slope_deg": 1.8, "n_lakes": 0, "n_drains": 0, "low_income_score": 0.15}}, {"type": "Feature", "geometry": {"type": "Polygon", "coordinates": [[[77.39, 12.899999999999999], [77.41, 12.899999999999999], [77.41, 12.92], [77.39, 12.92], [77.39, 12.899999999999999]]]}, "properties": {"cell_id": "blr_0338", "flood_depth_m": {"rp10": 0.3, "rp100": 0.76}, "glof_depth_m": 0.0, "landslide_prob": 0.014, "population": 590, "critical_assets": [], "eal_people": 20.001, "eal_usd": 50002.0, "observed_flood_frac": null, "modeled_flood_frac": 0.37, "elev_m": 820.0, "slope_deg": 1.6, "n_lakes": 0, "n_drains": 0, "low_income_score": 0.15}}, {"type": "Feature", "geometry": {"type": "Polygon", "coordinates": [[[77.41, 12.899999999999999], [77.42999999999999, 12.899999999999999], [77.42999999999999, 12.92], [77.41, 12.92], [77.41, 12.899999999999999]]]}, "properties": {"cell_id": "blr_0339", "flood_depth_m": {"rp10": 0.73, "rp100": 1.82}, "glof_depth_m": 0.0, "landslide_prob": 0.012, "population": 750, "critical_assets": [], "eal_people": 57.975, "eal_usd": 144938.0, "observed_flood_frac": null, "modeled_flood_frac": 0.99, "elev_m": 798.1, "slope_deg": 1.4, "n_lakes": 0, "n_drains": 0, "low_income_score": 0.15}}, {"type": "Feature", "geometry": {"type": "Polygon", "coordinates": [[[77.42999999999999, 12.899999999999999], [77.44999999999999, 12.899999999999999], [77.44999999999999, 12.92], [77.42999999999999, 12.92], [77.42999999999999, 12.899999999999999]]]}, "properties": {"cell_id": "blr_0340", "flood_depth_m": {"rp10": 0.83, "rp100": 2.07}, "glof_depth_m": 0.0, "landslide_prob": 0.013, "population": 816, "critical_assets": ["lake"], "eal_people": 75.888, "eal_usd": 189720.0, "observed_flood_frac": null, "modeled_flood_frac": 1.0, "elev_m": 783.7, "slope_deg": 1.6, "n_lakes": 1, "n_drains": 0, "low_income_score": 0.15}}, {"type": "Feature", "geometry": {"type": "Polygon", "coordinates": [[[77.44999999999999, 12.899999999999999], [77.47, 12.899999999999999], [77.47, 12.92], [77.44999999999999, 12.92], [77.44999999999999, 12.899999999999999]]]}, "properties": {"cell_id": "blr_0341", "flood_depth_m": {"rp10": 0.73, "rp100": 1.83}, "glof_depth_m": 0.0, "landslide_prob": 0.014, "population": 1932, "critical_assets": [], "eal_people": 149.344, "eal_usd": 373360.0, "observed_flood_frac": null, "modeled_flood_frac": 0.99, "elev_m": 785.8, "slope_deg": 1.6, "n_lakes": 0, "n_drains": 1, "low_income_score": 0.15}}, {"type": "Feature", "geometry": {"type": "Polygon", "coordinates": [[[77.47, 12.899999999999999], [77.49, 12.899999999999999], [77.49, 12.92], [77.47, 12.92], [77.47, 12.899999999999999]]]}, "properties": {"cell_id": "blr_0342", "flood_depth_m": {"rp10": 0.72, "rp100": 1.79}, "glof_depth_m": 0.0, "landslide_prob": 0.012, "population": 4394, "critical_assets": [], "eal_people": 336.58, "eal_usd": 841450.0, "observed_flood_frac": null, "modeled_flood_frac": 0.98, "elev_m": 792.3, "slope_deg": 1.5, "n_lakes": 0, "n_drains": 1, "low_income_score": 0.4}}, {"type": "Feature", "geometry": {"type": "Polygon", "coordinates": [[[77.49, 12.899999999999999], [77.50999999999999, 12.899999999999999], [77.50999999999999, 12.92], [77.49, 12.92], [77.49, 12.899999999999999]]]}, "properties": {"cell_id": "blr_0343", "flood_depth_m": {"rp10": 0.84, "rp100": 2.1}, "glof_depth_m": 0.0, "landslide_prob": 0.016, "population": 3351, "critical_assets": ["lake"], "eal_people": 238.926, "eal_usd": 597315.0, "observed_flood_frac": null, "modeled_flood_frac": 0.69, "elev_m": 811.5, "slope_deg": 1.9, "n_lakes": 3, "n_drains": 0, "low_income_score": 0.15}}, {"type": "Feature", "geometry": {"type": "Polygon", "coordinates": [[[77.50999999999999, 12.899999999999999], [77.53, 12.899999999999999], [77.53, 12.92], [77.50999999999999, 12.92], [77.50999999999999, 12.899999999999999]]]}, "properties": {"cell_id": "blr_0344", "flood_depth_m": {"rp10": 0.49, "rp100": 1.23}, "glof_depth_m": 0.0, "landslide_prob": 0.016, "population": 4889, "critical_assets": ["lake"], "eal_people": 177.471, "eal_usd": 443678.0, "observed_flood_frac": null, "modeled_flood_frac": 0.19, "elev_m": 835.1, "slope_deg": 1.9, "n_lakes": 3, "n_drains": 1, "low_income_score": 0.4}}, {"type": "Feature", "geometry": {"type": "Polygon", "coordinates": [[[77.53, 12.899999999999999], [77.55, 12.899999999999999], [77.55, 12.92], [77.53, 12.92], [77.53, 12.899999999999999]]]}, "properties": {"cell_id": "blr_0345", "flood_depth_m": {"rp10": 0.2, "rp100": 0.5}, "glof_depth_m": 0.0, "landslide_prob": 0.016, "population": 4310, "critical_assets": ["lake"], "eal_people": 120.249, "eal_usd": 300622.0, "observed_flood_frac": null, "modeled_flood_frac": 0.07, "elev_m": 863.2, "slope_deg": 1.9, "n_lakes": 1, "n_drains": 3, "low_income_score": 0.4}}, {"type": "Feature", "geometry": {"type": "Polygon", "coordinates": [[[77.55, 12.899999999999999], [77.57, 12.899999999999999], [77.57, 12.92], [77.55, 12.92], [77.55, 12.899999999999999]]]}, "properties": {"cell_id": "blr_0346", "flood_depth_m": {"rp10": 0.28, "rp100": 0.69}, "glof_depth_m": 0.0, "landslide_prob": 0.013, "population": 7664, "critical_assets": ["lake"], "eal_people": 219.19, "eal_usd": 547975.0, "observed_flood_frac": null, "modeled_flood_frac": 0.08, "elev_m": 886.9, "slope_deg": 1.6, "n_lakes": 2, "n_drains": 2, "low_income_score": 0.4}}, {"type": "Feature", "geometry": {"type": "Polygon", "coordinates": [[[77.57, 12.899999999999999], [77.58999999999999, 12.899999999999999], [77.58999999999999, 12.92], [77.57, 12.92], [77.57, 12.899999999999999]]]}, "properties": {"cell_id": "blr_0347", "flood_depth_m": {"rp10": 0.07, "rp100": 0.18}, "glof_depth_m": 0.0, "landslide_prob": 0.01, "population": 8898, "critical_assets": [], "eal_people": 114.784, "eal_usd": 286960.0, "observed_flood_frac": null, "modeled_flood_frac": 0.07, "elev_m": 912.5, "slope_deg": 1.1, "n_lakes": 0, "n_drains": 1, "low_income_score": 0.4}}, {"type": "Feature", "geometry": {"type": "Polygon", "coordinates": [[[77.58999999999999, 12.899999999999999], [77.61, 12.899999999999999], [77.61, 12.92], [77.58999999999999, 12.92], [77.58999999999999, 12.899999999999999]]]}, "properties": {"cell_id": "blr_0348", "flood_depth_m": {"rp10": 0.1, "rp100": 0.26}, "glof_depth_m": 0.0, "landslide_prob": 0.008, "population": 8589, "critical_assets": [], "eal_people": 110.798, "eal_usd": 276995.0, "observed_flood_frac": null, "modeled_flood_frac": 0.07, "elev_m": 903.4, "slope_deg": 1.0, "n_lakes": 0, "n_drains": 2, "low_income_score": 0.4}}, {"type": "Feature", "geometry": {"type": "Polygon", "coordinates": [[[77.61, 12.899999999999999], [77.63, 12.899999999999999], [77.63, 12.92], [77.61, 12.92], [77.61, 12.899999999999999]]]}, "properties": {"cell_id": "blr_0349", "flood_depth_m": {"rp10": 0.06, "rp100": 0.14}, "glof_depth_m": 0.0, "landslide_prob": 0.01, "population": 6043, "critical_assets": [], "eal_people": 56.804, "eal_usd": 142010.0, "observed_flood_frac": null, "modeled_flood_frac": 0.02, "elev_m": 891.2, "slope_deg": 1.2, "n_lakes": 0, "n_drains": 7, "low_income_score": 0.4}}, {"type": "Feature", "geometry": {"type": "Polygon", "coordinates": [[[77.63, 12.899999999999999], [77.64999999999999, 12.899999999999999], [77.64999999999999, 12.92], [77.63, 12.92], [77.63, 12.899999999999999]]]}, "properties": {"cell_id": "blr_0350", "flood_depth_m": {"rp10": 0.04, "rp100": 0.11}, "glof_depth_m": 0.0, "landslide_prob": 0.007, "population": 5660, "critical_assets": [], "eal_people": 53.204, "eal_usd": 133010.0, "observed_flood_frac": null, "modeled_flood_frac": 0.02, "elev_m": 888.9, "slope_deg": 0.9, "n_lakes": 0, "n_drains": 7, "low_income_score": 0.4}}, {"type": "Feature", "geometry": {"type": "Polygon", "coordinates": [[[77.64999999999999, 12.899999999999999], [77.66999999999999, 12.899999999999999], [77.66999999999999, 12.92], [77.64999999999999, 12.92], [77.64999999999999, 12.899999999999999]]]}, "properties": {"cell_id": "blr_0351", "flood_depth_m": {"rp10": 0.37, "rp100": 0.93}, "glof_depth_m": 0.0, "landslide_prob": 0.009, "population": 4256, "critical_assets": ["lake"], "eal_people": 118.742, "eal_usd": 296855.0, "observed_flood_frac": null, "modeled_flood_frac": 0.07, "elev_m": 896.2, "slope_deg": 1.1, "n_lakes": 3, "n_drains": 1, "low_income_score": 0.4}}, {"type": "Feature", "geometry": {"type": "Polygon", "coordinates": [[[77.66999999999999, 12.899999999999999], [77.69, 12.899999999999999], [77.69, 12.92], [77.66999999999999, 12.92], [77.66999999999999, 12.899999999999999]]]}, "properties": {"cell_id": "blr_0352", "flood_depth_m": {"rp10": 0.1, "rp100": 0.25}, "glof_depth_m": 0.0, "landslide_prob": 0.008, "population": 2111, "critical_assets": [], "eal_people": 25.754, "eal_usd": 64385.0, "observed_flood_frac": null, "modeled_flood_frac": 0.06, "elev_m": 886.4, "slope_deg": 1.0, "n_lakes": 0, "n_drains": 0, "low_income_score": 0.15}}, {"type": "Feature", "geometry": {"type": "Polygon", "coordinates": [[[77.69, 12.899999999999999], [77.71, 12.899999999999999], [77.71, 12.92], [77.69, 12.92], [77.69, 12.899999999999999]]]}, "properties": {"cell_id": "blr_0353", "flood_depth_m": {"rp10": 0.1, "rp100": 0.25}, "glof_depth_m": 0.0, "landslide_prob": 0.008, "population": 1212, "critical_assets": [], "eal_people": 15.635, "eal_usd": 39088.0, "observed_flood_frac": null, "modeled_flood_frac": 0.07, "elev_m": 894.2, "slope_deg": 0.9, "n_lakes": 0, "n_drains": 0, "low_income_score": 0.15}}, {"type": "Feature", "geometry": {"type": "Polygon", "coordinates": [[[77.71, 12.899999999999999], [77.72999999999999, 12.899999999999999], [77.72999999999999, 12.92], [77.71, 12.92], [77.71, 12.899999999999999]]]}, "properties": {"cell_id": "blr_0354", "flood_depth_m": {"rp10": 0.28, "rp100": 0.69}, "glof_depth_m": 0.0, "landslide_prob": 0.008, "population": 1107, "critical_assets": ["lake"], "eal_people": 27.786, "eal_usd": 69465.0, "observed_flood_frac": null, "modeled_flood_frac": 0.03, "elev_m": 886.2, "slope_deg": 1.0, "n_lakes": 2, "n_drains": 0, "low_income_score": 0.15}}, {"type": "Feature", "geometry": {"type": "Polygon", "coordinates": [[[77.72999999999999, 12.899999999999999], [77.75, 12.899999999999999], [77.75, 12.92], [77.72999999999999, 12.92], [77.72999999999999, 12.899999999999999]]]}, "properties": {"cell_id": "blr_0355", "flood_depth_m": {"rp10": 0.14, "rp100": 0.35}, "glof_depth_m": 0.0, "landslide_prob": 0.009, "population": 2908, "critical_assets": ["lake"], "eal_people": 70.955, "eal_usd": 177388.0, "observed_flood_frac": null, "modeled_flood_frac": 0.02, "elev_m": 889.1, "slope_deg": 1.1, "n_lakes": 1, "n_drains": 0, "low_income_score": 0.15}}, {"type": "Feature", "geometry": {"type": "Polygon", "coordinates": [[[77.75, 12.899999999999999], [77.77, 12.899999999999999], [77.77, 12.92], [77.75, 12.92], [77.75, 12.899999999999999]]]}, "properties": {"cell_id": "blr_0356", "flood_depth_m": {"rp10": 0.06, "rp100": 0.14}, "glof_depth_m": 0.0, "landslide_prob": 0.008, "population": 5092, "critical_assets": [], "eal_people": 54.994, "eal_usd": 137485.0, "observed_flood_frac": null, "modeled_flood_frac": 0.04, "elev_m": 891.2, "slope_deg": 0.9, "n_lakes": 0, "n_drains": 0, "low_income_score": 0.4}}, {"type": "Feature", "geometry": {"type": "Polygon", "coordinates": [[[77.77, 12.899999999999999], [77.78999999999999, 12.899999999999999], [77.78999999999999, 12.92], [77.77, 12.92], [77.77, 12.899999999999999]]]}, "properties": {"cell_id": "blr_0357", "flood_depth_m": {"rp10": 0.08, "rp100": 0.2}, "glof_depth_m": 0.0, "landslide_prob": 0.008, "population": 3532, "critical_assets": [], "eal_people": 38.146, "eal_usd": 95365.0, "observed_flood_frac": null, "modeled_flood_frac": 0.04, "elev_m": 883.1, "slope_deg": 0.9, "n_lakes": 0, "n_drains": 0, "low_income_score": 0.15}}, {"type": "Feature", "geometry": {"type": "Polygon", "coordinates": [[[77.78999999999999, 12.899999999999999], [77.80999999999999, 12.899999999999999], [77.80999999999999, 12.92], [77.78999999999999, 12.92], [77.78999999999999, 12.899999999999999]]]}, "properties": {"cell_id": "blr_0358", "flood_depth_m": {"rp10": 0.1, "rp100": 0.25}, "glof_depth_m": 0.0, "landslide_prob": 0.008, "population": 2984, "critical_assets": [], "eal_people": 40.582, "eal_usd": 101455.0, "observed_flood_frac": null, "modeled_flood_frac": 0.08, "elev_m": 871.6, "slope_deg": 1.0, "n_lakes": 0, "n_drains": 0, "low_income_score": 0.15}}, {"type": "Feature", "geometry": {"type": "Polygon", "coordinates": [[[77.80999999999999, 12.899999999999999], [77.83, 12.899999999999999], [77.83, 12.92], [77.80999999999999, 12.92], [77.80999999999999, 12.899999999999999]]]}, "properties": {"cell_id": "blr_0359", "flood_depth_m": {"rp10": 0.02, "rp100": 0.05}, "glof_depth_m": 0.0, "landslide_prob": 0.007, "population": 2119, "critical_assets": [], "eal_people": 19.919, "eal_usd": 49798.0, "observed_flood_frac": null, "modeled_flood_frac": 0.02, "elev_m": 856.2, "slope_deg": 0.8, "n_lakes": 0, "n_drains": 0, "low_income_score": 0.15}}, {"type": "Feature", "geometry": {"type": "Polygon", "coordinates": [[[77.35, 12.879999999999999], [77.36999999999999, 12.879999999999999], [77.36999999999999, 12.899999999999999], [77.35, 12.899999999999999], [77.35, 12.879999999999999]]]}, "properties": {"cell_id": "blr_0360", "flood_depth_m": {"rp10": 0.6, "rp100": 1.5}, "glof_depth_m": 0.0, "landslide_prob": 0.016, "population": 684, "critical_assets": [], "eal_people": 44.734, "eal_usd": 111835.0, "observed_flood_frac": null, "modeled_flood_frac": 0.82, "elev_m": 804.0, "slope_deg": 1.9, "n_lakes": 0, "n_drains": 0, "low_income_score": 0.15}}, {"type": "Feature", "geometry": {"type": "Polygon", "coordinates": [[[77.36999999999999, 12.879999999999999], [77.39, 12.879999999999999], [77.39, 12.899999999999999], [77.36999999999999, 12.899999999999999], [77.36999999999999, 12.879999999999999]]]}, "properties": {"cell_id": "blr_0361", "flood_depth_m": {"rp10": 0.75, "rp100": 1.88}, "glof_depth_m": 0.0, "landslide_prob": 0.015, "population": 491, "critical_assets": [], "eal_people": 38.298, "eal_usd": 95745.0, "observed_flood_frac": null, "modeled_flood_frac": 1.0, "elev_m": 785.3, "slope_deg": 1.8, "n_lakes": 0, "n_drains": 0, "low_income_score": 0.15}}, {"type": "Feature", "geometry": {"type": "Polygon", "coordinates": [[[77.39, 12.879999999999999], [77.41, 12.879999999999999], [77.41, 12.899999999999999], [77.39, 12.899999999999999], [77.39, 12.879999999999999]]]}, "properties": {"cell_id": "blr_0362", "flood_depth_m": {"rp10": 0.28, "rp100": 0.71}, "glof_depth_m": 0.0, "landslide_prob": 0.017, "population": 517, "critical_assets": [], "eal_people": 17.526, "eal_usd": 43815.0, "observed_flood_frac": null, "modeled_flood_frac": 0.37, "elev_m": 821.9, "slope_deg": 2.1, "n_lakes": 0, "n_drains": 0, "low_income_score": 0.15}}, {"type": "Feature", "geometry": {"type": "Polygon", "coordinates": [[[77.41, 12.879999999999999], [77.42999999999999, 12.879999999999999], [77.42999999999999, 12.899999999999999], [77.41, 12.899999999999999], [77.41, 12.879999999999999]]]}, "properties": {"cell_id": "blr_0363", "flood_depth_m": {"rp10": 0.73, "rp100": 1.83}, "glof_depth_m": 0.0, "landslide_prob": 0.011, "population": 712, "critical_assets": [], "eal_people": 55.038, "eal_usd": 137595.0, "observed_flood_frac": null, "modeled_flood_frac": 0.99, "elev_m": 793.1, "slope_deg": 1.4, "n_lakes": 0, "n_drains": 0, "low_income_score": 0.15}}, {"type": "Feature", "geometry": {"type": "Polygon", "coordinates": [[[77.42999999999999, 12.879999999999999], [77.44999999999999, 12.879999999999999], [77.44999999999999, 12.899999999999999], [77.42999999999999, 12.899999999999999], [77.42999999999999, 12.879999999999999]]]}, "properties": {"cell_id": "blr_0364", "flood_depth_m": {"rp10": 0.75, "rp100": 1.87}, "glof_depth_m": 0.0, "landslide_prob": 0.012, "population": 2112, "critical_assets": [], "eal_people": 164.736, "eal_usd": 411840.0, "observed_flood_frac": null, "modeled_flood_frac": 1.0, "elev_m": 775.9, "slope_deg": 1.4, "n_lakes": 0, "n_drains": 0, "low_income_score": 0.15}}, {"type": "Feature", "geometry": {"type": "Polygon", "coordinates": [[[77.44999999999999, 12.879999999999999], [77.47, 12.879999999999999], [77.47, 12.899999999999999], [77.44999999999999, 12.899999999999999], [77.44999999999999, 12.879999999999999]]]}, "properties": {"cell_id": "blr_0365", "flood_depth_m": {"rp10": 0.72, "rp100": 1.8}, "glof_depth_m": 0.0, "landslide_prob": 0.014, "population": 2991, "critical_assets": [], "eal_people": 233.298, "eal_usd": 583245.0, "observed_flood_frac": null, "modeled_flood_frac": 1.0, "elev_m": 772.0, "slope_deg": 1.7, "n_lakes": 0, "n_drains": 0, "low_income_score": 0.15}}, {"type": "Feature", "geometry": {"type": "Polygon", "coordinates": [[[77.47, 12.879999999999999], [77.49, 12.879999999999999], [77.49, 12.899999999999999], [77.47, 12.899999999999999], [77.47, 12.879999999999999]]]}, "properties": {"cell_id": "blr_0366", "flood_depth_m": {"rp10": 0.83, "rp100": 2.07}, "glof_depth_m": 0.0, "landslide_prob": 0.012, "population": 2156, "critical_assets": ["lake"], "eal_people": 200.508, "eal_usd": 501270.0, "observed_flood_frac": null, "modeled_flood_frac": 1.0, "elev_m": 786.4, "slope_deg": 1.5, "n_lakes": 1, "n_drains": 0, "low_income_score": 0.15}}, {"type": "Feature", "geometry": {"type": "Polygon", "coordinates": [[[77.49, 12.879999999999999], [77.50999999999999, 12.879999999999999], [77.50999999999999, 12.899999999999999], [77.49, 12.899999999999999], [77.49, 12.879999999999999]]]}, "properties": {"cell_id": "blr_0367", "flood_depth_m": {"rp10": 0.35, "rp100": 0.87}, "glof_depth_m": 0.0, "landslide_prob": 0.016, "population": 1768, "critical_assets": [], "eal_people": 68.598, "eal_usd": 171495.0, "observed_flood_frac": null, "modeled_flood_frac": 0.44, "elev_m": 823.5, "slope_deg": 2.0, "n_lakes": 0, "n_drains": 0, "low_income_score": 0.15}}, {"type": "Feature", "geometry": {"type": "Polygon", "coordinates": [[[77.50999999999999, 12.879999999999999], [77.53, 12.879999999999999], [77.53, 12.899999999999999], [77.50999999999999, 12.899999999999999], [77.50999999999999, 12.879999999999999]]]}, "properties": {"cell_id": "blr_0368", "flood_depth_m": {"rp10": 0.09, "rp100": 0.22}, "glof_depth_m": 0.0, "landslide_prob": 0.021, "population": 1977, "critical_assets": [], "eal_people": 25.503, "eal_usd": 63758.0, "observed_flood_frac": null, "modeled_flood_frac": 0.07, "elev_m": 846.6, "slope_deg": 2.6, "n_lakes": 0, "n_drains": 0, "low_income_score": 0.15}}, {"type": "Feature", "geometry": {"type": "Polygon", "coordinates": [[[77.53, 12.879999999999999], [77.55, 12.879999999999999], [77.55, 12.899999999999999], [77.53, 12.899999999999999], [77.53, 12.879999999999999]]]}, "properties": {"cell_id": "blr_0369", "flood_depth_m": {"rp10": 0.02, "rp100": 0.05}, "glof_depth_m": 0.0, "landslide_prob": 0.018, "population": 1942, "critical_assets": [], "eal_people": 18.255, "eal_usd": 45638.0, "observed_flood_frac": null, "modeled_flood_frac": 0.02, "elev_m": 867.6, "slope_deg": 2.2, "n_lakes": 0, "n_drains": 0, "low_income_score": 0.15}}, {"type": "Feature", "geometry": {"type": "Polygon", "coordinates": [[[77.55, 12.879999999999999], [77.57, 12.879999999999999], [77.57, 12.899999999999999], [77.55, 12.899999999999999], [77.55, 12.879999999999999]]]}, "properties": {"cell_id": "blr_0370", "flood_depth_m": {"rp10": 0.48, "rp100": 1.2}, "glof_depth_m": 0.0, "landslide_prob": 0.012, "population": 4788, "critical_assets": ["lake"], "eal_people": 123.53, "eal_usd": 308825.0, "observed_flood_frac": null, "modeled_flood_frac": 0.04, "elev_m": 896.7, "slope_deg": 1.4, "n_lakes": 4, "n_drains": 0, "low_income_score": 0.4}}, {"type": "Feature", "geometry": {"type": "Polygon", "coordinates": [[[77.57, 12.879999999999999], [77.58999999999999, 12.879999999999999], [77.58999999999999, 12.899999999999999], [77.57, 12.899999999999999], [77.57, 12.879999999999999]]]}, "properties": {"cell_id": "blr_0371", "flood_depth_m": {"rp10": 0.18, "rp100": 0.46}, "glof_depth_m": 0.0, "landslide_prob": 0.009, "population": 5631, "critical_assets": ["lake"], "eal_people": 149.221, "eal_usd": 373052.0, "observed_flood_frac": null, "modeled_flood_frac": 0.05, "elev_m": 913.4, "slope_deg": 1.1, "n_lakes": 1, "n_drains": 0, "low_income_score": 0.4}}, {"type": "Feature", "geometry": {"type": "Polygon", "coordinates": [[[77.58999999999999, 12.879999999999999], [77.61, 12.879999999999999], [77.61, 12.899999999999999], [77.58999999999999, 12.899999999999999], [77.58999999999999, 12.879999999999999]]]}, "properties": {"cell_id": "blr_0372", "flood_depth_m": {"rp10": 0.13, "rp100": 0.33}, "glof_depth_m": 0.0, "landslide_prob": 0.01, "population": 5847, "critical_assets": ["lake"], "eal_people": 150.853, "eal_usd": 377132.0, "observed_flood_frac": null, "modeled_flood_frac": 0.04, "elev_m": 907.8, "slope_deg": 1.2, "n_lakes": 1, "n_drains": 0, "low_income_score": 0.4}}, {"type": "Feature", "geometry": {"type": "Polygon", "coordinates": [[[77.61, 12.879999999999999], [77.63, 12.879999999999999], [77.63, 12.899999999999999], [77.61, 12.899999999999999], [77.61, 12.879999999999999]]]}, "properties": {"cell_id": "blr_0373", "flood_depth_m": {"rp10": 0.09, "rp100": 0.23}, "glof_depth_m": 0.0, "landslide_prob": 0.009, "population": 5909, "critical_assets": [], "eal_people": 72.09, "eal_usd": 180225.0, "observed_flood_frac": null, "modeled_flood_frac": 0.06, "elev_m": 897.2, "slope_deg": 1.1, "n_lakes": 0, "n_drains": 13, "low_income_score": 0.4}}, {"type": "Feature", "geometry": {"type": "Polygon", "coordinates": [[[77.63, 12.879999999999999], [77.64999999999999, 12.879999999999999], [77.64999999999999, 12.899999999999999], [77.63, 12.899999999999999], [77.63, 12.879999999999999]]]}, "properties": {"cell_id": "blr_0374", "flood_depth_m": {"rp10": 0.44, "rp100": 1.09}, "glof_depth_m": 0.0, "landslide_prob": 0.008, "population": 10357, "critical_assets": ["lake"], "eal_people": 259.961, "eal_usd": 649902.0, "observed_flood_frac": null, "modeled_flood_frac": 0.03, "elev_m": 900.0, "slope_deg": 1.0, "n_lakes": 4, "n_drains": 0, "low_income_score": 0.4}}, {"type": "Feature", "geometry": {"type": "Polygon", "coordinates": [[[77.64999999999999, 12.879999999999999], [77.66999999999999, 12.879999999999999], [77.66999999999999, 12.899999999999999], [77.64999999999999, 12.899999999999999], [77.64999999999999, 12.879999999999999]]]}, "properties": {"cell_id": "blr_0375", "flood_depth_m": {"rp10": 0.36, "rp100": 0.91}, "glof_depth_m": 0.0, "landslide_prob": 0.01, "population": 8635, "critical_assets": ["lake"], "eal_people": 228.827, "eal_usd": 572068.0, "observed_flood_frac": null, "modeled_flood_frac": 0.05, "elev_m": 902.9, "slope_deg": 1.2, "n_lakes": 3, "n_drains": 0, "low_income_score": 0.4}}, {"type": "Feature", "geometry": {"type": "Polygon", "coordinates": [[[77.66999999999999, 12.879999999999999], [77.69, 12.879999999999999], [77.69, 12.899999999999999], [77.66999999999999, 12.899999999999999], [77.66999999999999, 12.879999999999999]]]}, "properties": {"cell_id": "blr_0376", "flood_depth_m": {"rp10": 0.09, "rp100": 0.22}, "glof_depth_m": 0.0, "landslide_prob": 0.009, "population": 4217, "critical_assets": [], "eal_people": 51.447, "eal_usd": 128618.0, "observed_flood_frac": null, "modeled_flood_frac": 0.06, "elev_m": 903.8, "slope_deg": 1.1, "n_lakes": 0, "n_drains": 0, "low_income_score": 0.4}}, {"type": "Feature", "geometry": {"type": "Polygon", "coordinates": [[[77.69, 12.879999999999999], [77.71, 12.879999999999999], [77.71, 12.899999999999999], [77.69, 12.899999999999999], [77.69, 12.879999999999999]]]}, "properties": {"cell_id": "blr_0377", "flood_depth_m": {"rp10": 0.08, "rp100": 0.2}, "glof_depth_m": 0.0, "landslide_prob": 0.008, "population": 1158, "critical_assets": [], "eal_people": 16.559, "eal_usd": 41398.0, "observed_flood_frac": null, "modeled_flood_frac": 0.09, "elev_m": 901.2, "slope_deg": 1.0, "n_lakes": 0, "n_drains": 0, "low_income_score": 0.15}}, {"type": "Feature", "geometry": {"type": "Polygon", "coordinates": [[[77.71, 12.879999999999999], [77.72999999999999, 12.879999999999999], [77.72999999999999, 12.899999999999999], [77.71, 12.899999999999999], [77.71, 12.879999999999999]]]}, "properties": {"cell_id": "blr_0378", "flood_depth_m": {"rp10": 0.09, "rp100": 0.22}, "glof_depth_m": 0.0, "landslide_prob": 0.008, "population": 1115, "critical_assets": [], "eal_people": 12.042, "eal_usd": 30105.0, "observed_flood_frac": null, "modeled_flood_frac": 0.04, "elev_m": 897.7, "slope_deg": 1.0, "n_lakes": 0, "n_drains": 0, "low_income_score": 0.15}}, {"type": "Feature", "geometry": {"type": "Polygon", "coordinates": [[[77.72999999999999, 12.879999999999999], [77.75, 12.879999999999999], [77.75, 12.899999999999999], [77.72999999999999, 12.899999999999999], [77.72999999999999, 12.879999999999999]]]}, "properties": {"cell_id": "blr_0379", "flood_depth_m": {"rp10": 0.06, "rp100": 0.16}, "glof_depth_m": 0.0, "landslide_prob": 0.009, "population": 4816, "critical_assets": [], "eal_people": 55.384, "eal_usd": 138460.0, "observed_flood_frac": null, "modeled_flood_frac": 0.05, "elev_m": 906.1, "slope_deg": 1.1, "n_lakes": 0, "n_drains": 0, "low_income_score": 0.4}}, {"type": "Feature", "geometry": {"type": "Polygon", "coordinates": [[[77.75, 12.879999999999999], [77.77, 12.879999999999999], [77.77, 12.899999999999999], [77.75, 12.899999999999999], [77.75, 12.879999999999999]]]}, "properties": {"cell_id": "blr_0380", "flood_depth_m": {"rp10": 0.18, "rp100": 0.45}, "glof_depth_m": 0.0, "landslide_prob": 0.008, "population": 5758, "critical_assets": ["lake"], "eal_people": 144.526, "eal_usd": 361315.0, "observed_flood_frac": null, "modeled_flood_frac": 0.03, "elev_m": 893.2, "slope_deg": 0.9, "n_lakes": 1, "n_drains": 0, "low_income_score": 0.4}}, {"type": "Feature", "geometry": {"type": "Polygon", "coordinates": [[[77.77, 12.879999999999999], [77.78999999999999, 12.879999999999999], [77.78999999999999, 12.899999999999999], [77.77, 12.899999999999999], [77.77, 12.879999999999999]]]}, "properties": {"cell_id": "blr_0381", "flood_depth_m": {"rp10": 0.09, "rp100": 0.23}, "glof_depth_m": 0.0, "landslide_prob": 0.007, "population": 3563, "critical_assets": [], "eal_people": 50.951, "eal_usd": 127378.0, "observed_flood_frac": null, "modeled_flood_frac": 0.09, "elev_m": 887.7, "slope_deg": 0.9, "n_lakes": 0, "n_drains": 0, "low_income_score": 0.15}}, {"type": "Feature", "geometry": {"type": "Polygon", "coordinates": [[[77.78999999999999, 12.879999999999999], [77.80999999999999, 12.879999999999999], [77.80999999999999, 12.899999999999999], [77.78999999999999, 12.899999999999999], [77.78999999999999, 12.879999999999999]]]}, "properties": {"cell_id": "blr_0382", "flood_depth_m": {"rp10": 0.04, "rp100": 0.11}, "glof_depth_m": 0.0, "landslide_prob": 0.008, "population": 2817, "critical_assets": [], "eal_people": 32.395, "eal_usd": 80988.0, "observed_flood_frac": null, "modeled_flood_frac": 0.05, "elev_m": 873.1, "slope_deg": 0.9, "n_lakes": 0, "n_drains": 0, "low_income_score": 0.15}}, {"type": "Feature", "geometry": {"type": "Polygon", "coordinates": [[[77.80999999999999, 12.879999999999999], [77.83, 12.879999999999999], [77.83, 12.899999999999999], [77.80999999999999, 12.899999999999999], [77.80999999999999, 12.879999999999999]]]}, "properties": {"cell_id": "blr_0383", "flood_depth_m": {"rp10": 0.06, "rp100": 0.14}, "glof_depth_m": 0.0, "landslide_prob": 0.008, "population": 3082, "critical_assets": [], "eal_people": 28.971, "eal_usd": 72428.0, "observed_flood_frac": null, "modeled_flood_frac": 0.02, "elev_m": 858.5, "slope_deg": 0.9, "n_lakes": 0, "n_drains": 0, "low_income_score": 0.15}}, {"type": "Feature", "geometry": {"type": "Polygon", "coordinates": [[[77.35, 12.86], [77.36999999999999, 12.86], [77.36999999999999, 12.879999999999999], [77.35, 12.879999999999999], [77.35, 12.86]]]}, "properties": {"cell_id": "blr_0384", "flood_depth_m": {"rp10": 0.66, "rp100": 1.65}, "glof_depth_m": 0.0, "landslide_prob": 0.016, "population": 742, "critical_assets": [], "eal_people": 51.643, "eal_usd": 129108.0, "observed_flood_frac": null, "modeled_flood_frac": 0.88, "elev_m": 786.4, "slope_deg": 1.9, "n_lakes": 0, "n_drains": 0, "low_income_score": 0.15}}, {"type": "Feature", "geometry": {"type": "Polygon", "coordinates": [[[77.36999999999999, 12.86], [77.39, 12.86], [77.39, 12.879999999999999], [77.36999999999999, 12.879999999999999], [77.36999999999999, 12.86]]]}, "properties": {"cell_id": "blr_0385", "flood_depth_m": {"rp10": 0.73, "rp100": 1.82}, "glof_depth_m": 0.0, "landslide_prob": 0.017, "population": 700, "critical_assets": [], "eal_people": 54.11, "eal_usd": 135275.0, "observed_flood_frac": null, "modeled_flood_frac": 0.99, "elev_m": 775.2, "slope_deg": 2.0, "n_lakes": 0, "n_drains": 0, "low_income_score": 0.15}}, {"type": "Feature", "geometry": {"type": "Polygon", "coordinates": [[[77.39, 12.86], [77.41, 12.86], [77.41, 12.879999999999999], [77.39, 12.879999999999999], [77.39, 12.86]]]}, "properties": {"cell_id": "blr_0386", "flood_depth_m": {"rp10": 0.52, "rp100": 1.29}, "glof_depth_m": 0.0, "landslide_prob": 0.017, "population": 1339, "critical_assets": [], "eal_people": 76.323, "eal_usd": 190807.0, "observed_flood_frac": null, "modeled_flood_frac": 0.7, "elev_m": 809.7, "slope_deg": 2.1, "n_lakes": 0, "n_drains": 0, "low_income_score": 0.15}}, {"type": "Feature", "geometry": {"type": "Polygon", "coordinates": [[[77.41, 12.86], [77.42999999999999, 12.86], [77.42999999999999, 12.879999999999999], [77.41, 12.879999999999999], [77.41, 12.86]]]}, "properties": {"cell_id": "blr_0387", "flood_depth_m": {"rp10": 0.77, "rp100": 1.92}, "glof_depth_m": 0.0, "landslide_prob": 0.012, "population": 947, "critical_assets": [], "eal_people": 73.866, "eal_usd": 184665.0, "observed_flood_frac": null, "modeled_flood_frac": 1.0, "elev_m": 793.4, "slope_deg": 1.4, "n_lakes": 0, "n_drains": 0, "low_income_score": 0.15}}, {"type": "Feature", "geometry": {"type": "Polygon", "coordinates": [[[77.42999999999999, 12.86], [77.44999999999999, 12.86], [77.44999999999999, 12.879999999999999], [77.42999999999999, 12.879999999999999], [77.42999999999999, 12.86]]]}, "properties": {"cell_id": "blr_0388", "flood_depth_m": {"rp10": 0.75, "rp100": 1.88}, "glof_depth_m": 0.0, "landslide_prob": 0.011, "population": 2461, "critical_assets": [], "eal_people": 191.958, "eal_usd": 479895.0, "observed_flood_frac": null, "modeled_flood_frac": 1.0, "elev_m": 762.7, "slope_deg": 1.3, "n_lakes": 0, "n_drains": 0, "low_income_score": 0.15}}, {"type": "Feature", "geometry": {"type": "Polygon", "coordinates": [[[77.44999999999999, 12.86], [77.47, 12.86], [77.47, 12.879999999999999], [77.44999999999999, 12.879999999999999], [77.44999999999999, 12.86]]]}, "properties": {"cell_id": "blr_0389", "flood_depth_m": {"rp10": 0.74, "rp100": 1.84}, "glof_depth_m": 0.0, "landslide_prob": 0.013, "population": 1393, "critical_assets": [], "eal_people": 108.654, "eal_usd": 271635.0, "observed_flood_frac": null, "modeled_flood_frac": 1.0, "elev_m": 767.7, "slope_deg": 1.5, "n_lakes": 0, "n_drains": 0, "low_income_score": 0.15}}, {"type": "Feature", "geometry": {"type": "Polygon", "coordinates": [[[77.47, 12.86], [77.49, 12.86], [77.49, 12.879999999999999], [77.47, 12.879999999999999], [77.47, 12.86]]]}, "properties": {"cell_id": "blr_0390", "flood_depth_m": {"rp10": 0.77, "rp100": 1.93}, "glof_depth_m": 0.0, "landslide_prob": 0.012, "population": 1143, "critical_assets": [], "eal_people": 89.154, "eal_usd": 222885.0, "observed_flood_frac": null, "modeled_flood_frac": 1.0, "elev_m": 788.0, "slope_deg": 1.5, "n_lakes": 0, "n_drains": 0, "low_income_score": 0.15}}, {"type": "Feature", "geometry": {"type": "Polygon", "coordinates": [[[77.49, 12.86], [77.50999999999999, 12.86], [77.50999999999999, 12.879999999999999], [77.49, 12.879999999999999], [77.49, 12.86]]]}, "properties": {"cell_id": "blr_0391", "flood_depth_m": {"rp10": 0.47, "rp100": 1.17}, "glof_depth_m": 0.0, "landslide_prob": 0.019, "population": 1092, "critical_assets": ["lake"], "eal_people": 63.336, "eal_usd": 158340.0, "observed_flood_frac": null, "modeled_flood_frac": 0.5, "elev_m": 816.1, "slope_deg": 2.3, "n_lakes": 1, "n_drains": 2, "low_income_score": 0.15}}, {"type": "Feature", "geometry": {"type": "Polygon", "coordinates": [[[77.50999999999999, 12.86], [77.53, 12.86], [77.53, 12.879999999999999], [77.50999999999999, 12.879999999999999], [77.50999999999999, 12.86]]]}, "properties": {"cell_id": "blr_0392", "flood_depth_m": {"rp10": 0.1, "rp100": 0.24}, "glof_depth_m": 0.0, "landslide_prob": 0.02, "population": 1397, "critical_assets": [], "eal_people": 18.999, "eal_usd": 47498.0, "observed_flood_frac": null, "modeled_flood_frac": 0.08, "elev_m": 865.7, "slope_deg": 2.4, "n_lakes": 0, "n_drains": 0, "low_income_score": 0.15}}, {"type": "Feature", "geometry": {"type": "Polygon", "coordinates": [[[77.53, 12.86], [77.55, 12.86], [77.55, 12.879999999999999], [77.53, 12.879999999999999], [77.53, 12.86]]]}, "properties": {"cell_id": "blr_0393", "flood_depth_m": {"rp10": 0.08, "rp100": 0.2}, "glof_depth_m": 0.0, "landslide_prob": 0.013, "population": 1778, "critical_assets": [], "eal_people": 20.447, "eal_usd": 51118.0, "observed_flood_frac": null, "modeled_flood_frac": 0.05, "elev_m": 877.6, "slope_deg": 1.6, "n_lakes": 0, "n_drains": 0, "low_income_score": 0.15}}, {"type": "Feature", "geometry": {"type": "Polygon", "coordinates": [[[77.55, 12.86], [77.57, 12.86], [77.57, 12.879999999999999], [77.55, 12.879999999999999], [77.55, 12.86]]]}, "properties": {"cell_id": "blr_0394", "flood_depth_m": {"rp10": 0.15, "rp100": 0.38}, "glof_depth_m": 0.0, "landslide_prob": 0.015, "population": 1936, "critical_assets": ["lake"], "eal_people": 44.528, "eal_usd": 111320.0, "observed_flood_frac": null, "modeled_flood_frac": 0.0, "elev_m": 900.4, "slope_deg": 1.8, "n_lakes": 1, "n_drains": 0, "low_income_score": 0.15}}, {"type": "Feature", "geometry": {"type": "Polygon", "coordinates": [[[77.57, 12.86], [77.58999999999999, 12.86], [77.58999999999999, 12.879999999999999], [77.57, 12.879999999999999], [77.57, 12.86]]]}, "properties": {"cell_id": "blr_0395", "flood_depth_m": {"rp10": 0.21, "rp100": 0.52}, "glof_depth_m": 0.0, "landslide_prob": 0.01, "population": 2873, "critical_assets": ["lake"], "eal_people": 84.179, "eal_usd": 210448.0, "observed_flood_frac": null, "modeled_flood_frac": 0.09, "elev_m": 928.6, "slope_deg": 1.2, "n_lakes": 1, "n_drains": 0, "low_income_score": 0.15}}, {"type": "Feature", "geometry": {"type": "Polygon", "coordinates": [[[77.58999999999999, 12.86], [77.61, 12.86], [77.61, 12.879999999999999], [77.58999999999999, 12.879999999999999], [77.58999999999999, 12.86]]]}, "properties": {"cell_id": "blr_0396", "flood_depth_m": {"rp10": 0.13, "rp100": 0.32}, "glof_depth_m": 0.0, "landslide_prob": 0.011, "population": 3856, "critical_assets": ["lake"], "eal_people": 91.387, "eal_usd": 228468.0, "observed_flood_frac": null, "modeled_flood_frac": 0.01, "elev_m": 910.0, "slope_deg": 1.3, "n_lakes": 1, "n_drains": 0, "low_income_score": 0.15}}, {"type": "Feature", "geometry": {"type": "Polygon", "coordinates": [[[77.61, 12.86], [77.63, 12.86], [77.63, 12.879999999999999], [77.61, 12.879999999999999], [77.61, 12.86]]]}, "properties": {"cell_id": "blr_0397", "flood_depth_m": {"rp10": 0.24, "rp100": 0.6}, "glof_depth_m": 0.0, "landslide_prob": 0.01, "population": 2348, "critical_assets": ["lake"], "eal_people": 60.578, "eal_usd": 151445.0, "observed_flood_frac": null, "modeled_flood_frac": 0.04, "elev_m": 907.3, "slope_deg": 1.2, "n_lakes": 2, "n_drains": 0, "low_income_score": 0.15}}, {"type": "Feature", "geometry": {"type": "Polygon", "coordinates": [[[77.63, 12.86], [77.64999999999999, 12.86], [77.64999999999999, 12.879999999999999], [77.63, 12.879999999999999], [77.63, 12.86]]]}, "properties": {"cell_id": "blr_0398", "flood_depth_m": {"rp10": 0.42, "rp100": 1.06}, "glof_depth_m": 0.0, "landslide_prob": 0.01, "population": 2393, "critical_assets": ["lake"], "eal_people": 58.389, "eal_usd": 145972.0, "observed_flood_frac": null, "modeled_flood_frac": 0.02, "elev_m": 908.2, "slope_deg": 1.2, "n_lakes": 4, "n_drains": 0, "low_income_score": 0.15}}, {"type": "Feature", "geometry": {"type": "Polygon", "coordinates": [[[77.64999999999999, 12.86], [77.66999999999999, 12.86], [77.66999999999999, 12.879999999999999], [77.64999999999999, 12.879999999999999], [77.64999999999999, 12.86]]]}, "properties": {"cell_id": "blr_0399", "flood_depth_m": {"rp10": 0.09, "rp100": 0.22}, "glof_depth_m": 0.0, "landslide_prob": 0.009, "population": 3690, "critical_assets": [], "eal_people": 55.35, "eal_usd": 138375.0, "observed_flood_frac": null, "modeled_flood_frac": 0.1, "elev_m": 917.2, "slope_deg": 1.1, "n_lakes": 0, "n_drains": 0, "low_income_score": 0.15}}, {"type": "Feature", "geometry": {"type": "Polygon", "coordinates": [[[77.66999999999999, 12.86], [77.69, 12.86], [77.69, 12.879999999999999], [77.66999999999999, 12.879999999999999], [77.66999999999999, 12.86]]]}, "properties": {"cell_id": "blr_0400", "flood_depth_m": {"rp10": 0.18, "rp100": 0.44}, "glof_depth_m": 0.0, "landslide_prob": 0.009, "population": 6470, "critical_assets": ["lake"], "eal_people": 162.397, "eal_usd": 405992.0, "observed_flood_frac": null, "modeled_flood_frac": 0.03, "elev_m": 908.2, "slope_deg": 1.0, "n_lakes": 1, "n_drains": 0, "low_income_score": 0.4}}, {"type": "Feature", "geometry": {"type": "Polygon", "coordinates": [[[77.69, 12.86], [77.71, 12.86], [77.71, 12.879999999999999], [77.69, 12.879999999999999], [77.69, 12.86]]]}, "properties": {"cell_id": "blr_0401", "flood_depth_m": {"rp10": 0.16, "rp100": 0.39}, "glof_depth_m": 0.0, "landslide_prob": 0.009, "population": 5481, "critical_assets": ["lake"], "eal_people": 141.41, "eal_usd": 353525.0, "observed_flood_frac": null, "modeled_flood_frac": 0.04, "elev_m": 900.3, "slope_deg": 1.1, "n_lakes": 1, "n_drains": 0, "low_income_score": 0.4}}, {"type": "Feature", "geometry": {"type": "Polygon", "coordinates": [[[77.71, 12.86], [77.72999999999999, 12.86], [77.72999999999999, 12.879999999999999], [77.71, 12.879999999999999], [77.71, 12.86]]]}, "properties": {"cell_id": "blr_0402", "flood_depth_m": {"rp10": 0.16, "rp100": 0.39}, "glof_depth_m": 0.0, "landslide_prob": 0.008, "population": 3989, "critical_assets": ["lake"], "eal_people": 102.916, "eal_usd": 257290.0, "observed_flood_frac": null, "modeled_flood_frac": 0.04, "elev_m": 899.6, "slope_deg": 0.9, "n_lakes": 1, "n_drains": 0, "low_income_score": 0.15}}, {"type": "Feature", "geometry": {"type": "Polygon", "coordinates": [[[77.72999999999999, 12.86], [77.75, 12.86], [77.75, 12.879999999999999], [77.72999999999999, 12.879999999999999], [77.72999999999999, 12.86]]]}, "properties": {"cell_id": "blr_0403", "flood_depth_m": {"rp10": 0.07, "rp100": 0.17}, "glof_depth_m": 0.0, "landslide_prob": 0.008, "population": 5003, "critical_assets": [], "eal_people": 64.539, "eal_usd": 161348.0, "observed_flood_frac": null, "modeled_flood_frac": 0.07, "elev_m": 902.8, "slope_deg": 0.9, "n_lakes": 0, "n_drains": 0, "low_income_score": 0.4}}, {"type": "Feature", "geometry": {"type": "Polygon", "coordinates": [[[77.75, 12.86], [77.77, 12.86], [77.77, 12.879999999999999], [77.75, 12.879999999999999], [77.75, 12.86]]]}, "properties": {"cell_id": "blr_0404", "flood_depth_m": {"rp10": 0.06, "rp100": 0.16}, "glof_depth_m": 0.0, "landslide_prob": 0.007, "population": 6102, "critical_assets": [], "eal_people": 61.63, "eal_usd": 154075.0, "observed_flood_frac": null, "modeled_flood_frac": 0.03, "elev_m": 889.1, "slope_deg": 0.8, "n_lakes": 0, "n_drains": 0, "low_income_score": 0.4}}, {"type": "Feature", "geometry": {"type": "Polygon", "coordinates": [[[77.77, 12.86], [77.78999999999999, 12.86], [77.78999999999999, 12.879999999999999], [77.77, 12.879999999999999], [77.77, 12.86]]]}, "properties": {"cell_id": "blr_0405", "flood_depth_m": {"rp10": 0.04, "rp100": 0.1}, "glof_depth_m": 0.0, "landslide_prob": 0.007, "population": 6497, "critical_assets": [], "eal_people": 65.62, "eal_usd": 164050.0, "observed_flood_frac": null, "modeled_flood_frac": 0.03, "elev_m": 877.4, "slope_deg": 0.9, "n_lakes": 0, "n_drains": 0, "low_income_score": 0.4}}, {"type": "Feature", "geometry": {"type": "Polygon", "coordinates": [[[77.78999999999999, 12.86], [77.80999999999999, 12.86], [77.80999999999999, 12.879999999999999], [77.78999999999999, 12.879999999999999], [77.78999999999999, 12.86]]]}, "properties": {"cell_id": "blr_0406", "flood_depth_m": {"rp10": 0.04, "rp100": 0.11}, "glof_depth_m": 0.0, "landslide_prob": 0.007, "population": 5103, "critical_assets": [], "eal_people": 55.112, "eal_usd": 137780.0, "observed_flood_frac": null, "modeled_flood_frac": 0.04, "elev_m": 867.2, "slope_deg": 0.9, "n_lakes": 0, "n_drains": 0, "low_income_score": 0.4}}, {"type": "Feature", "geometry": {"type": "Polygon", "coordinates": [[[77.80999999999999, 12.86], [77.83, 12.86], [77.83, 12.879999999999999], [77.80999999999999, 12.879999999999999], [77.80999999999999, 12.86]]]}, "properties": {"cell_id": "blr_0407", "flood_depth_m": {"rp10": 0.05, "rp100": 0.13}, "glof_depth_m": 0.0, "landslide_prob": 0.008, "population": 3393, "critical_assets": [], "eal_people": 36.644, "eal_usd": 91610.0, "observed_flood_frac": null, "modeled_flood_frac": 0.04, "elev_m": 858.8, "slope_deg": 1.0, "n_lakes": 0, "n_drains": 0, "low_income_score": 0.15}}, {"type": "Feature", "geometry": {"type": "Polygon", "coordinates": [[[77.35, 12.84], [77.36999999999999, 12.84], [77.36999999999999, 12.86], [77.35, 12.86], [77.35, 12.84]]]}, "properties": {"cell_id": "blr_0408", "flood_depth_m": {"rp10": 0.68, "rp100": 1.69}, "glof_depth_m": 0.0, "landslide_prob": 0.019, "population": 1679, "critical_assets": [], "eal_people": 119.209, "eal_usd": 298022.0, "observed_flood_frac": null, "modeled_flood_frac": 0.9, "elev_m": 771.5, "slope_deg": 2.3, "n_lakes": 0, "n_drains": 0, "low_income_score": 0.15}}, {"type": "Feature", "geometry": {"type": "Polygon", "coordinates": [[[77.36999999999999, 12.84], [77.39, 12.84], [77.39, 12.86], [77.36999999999999, 12.86], [77.36999999999999, 12.84]]]}, "properties": {"cell_id": "blr_0409", "flood_depth_m": {"rp10": 0.74, "rp100": 1.86}, "glof_depth_m": 0.0, "landslide_prob": 0.012, "population": 1350, "critical_assets": [], "eal_people": 105.3, "eal_usd": 263250.0, "observed_flood_frac": null, "modeled_flood_frac": 1.0, "elev_m": 759.4, "slope_deg": 1.4, "n_lakes": 0, "n_drains": 0, "low_income_score": 0.15}}, {"type": "Feature", "geometry": {"type": "Polygon", "coordinates": [[[77.39, 12.84], [77.41, 12.84], [77.41, 12.86], [77.39, 12.86], [77.39, 12.84]]]}, "properties": {"cell_id": "blr_0410", "flood_depth_m": {"rp10": 0.76, "rp100": 1.91}, "glof_depth_m": 0.0, "landslide_prob": 0.016, "population": 1772, "critical_assets": [], "eal_people": 138.216, "eal_usd": 345540.0, "observed_flood_frac": null, "modeled_flood_frac": 1.0, "elev_m": 786.2, "slope_deg": 2.0, "n_lakes": 0, "n_drains": 0, "low_income_score": 0.15}}, {"type": "Feature", "geometry": {"type": "Polygon", "coordinates": [[[77.41, 12.84], [77.42999999999999, 12.84], [77.42999999999999, 12.86], [77.41, 12.86], [77.41, 12.84]]]}, "properties": {"cell_id": "blr_0411", "flood_depth_m": {"rp10": 0.83, "rp100": 2.08}, "glof_depth_m": 0.0, "landslide_prob": 0.013, "population": 1827, "critical_assets": ["lake"], "eal_people": 169.911, "eal_usd": 424778.0, "observed_flood_frac": null, "modeled_flood_frac": 1.0, "elev_m": 772.3, "slope_deg": 1.5, "n_lakes": 1, "n_drains": 0, "low_income_score": 0.15}}, {"type": "Feature", "geometry": {"type": "Polygon", "coordinates": [[[77.42999999999999, 12.84], [77.44999999999999, 12.84], [77.44999999999999, 12.86], [77.42999999999999, 12.86], [77.42999999999999, 12.84]]]}, "properties": {"cell_id": "blr_0412", "flood_depth_m": {"rp10": 0.77, "rp100": 1.93}, "glof_depth_m": 0.0, "landslide_prob": 0.014, "population": 984, "critical_assets": [], "eal_people": 76.752, "eal_usd": 191880.0, "observed_flood_frac": null, "modeled_flood_frac": 1.0, "elev_m": 752.7, "slope_deg": 1.7, "n_lakes": 0, "n_drains": 0, "low_income_score": 0.15}}, {"type": "Feature", "geometry": {"type": "Polygon", "coordinates": [[[77.44999999999999, 12.84], [77.47, 12.84], [77.47, 12.86], [77.44999999999999, 12.86], [77.44999999999999, 12.84]]]}, "properties": {"cell_id": "blr_0413", "flood_depth_m": {"rp10": 0.75, "rp100": 1.88}, "glof_depth_m": 0.0, "landslide_prob": 0.012, "population": 767, "critical_assets": [], "eal_people": 59.826, "eal_usd": 149565.0, "observed_flood_frac": null, "modeled_flood_frac": 1.0, "elev_m": 761.7, "slope_deg": 1.5, "n_lakes": 0, "n_drains": 0, "low_income_score": 0.15}}, {"type": "Feature", "geometry": {"type": "Polygon", "coordinates": [[[77.47, 12.84], [77.49, 12.84], [77.49, 12.86], [77.47, 12.86], [77.47, 12.84]]]}, "properties": {"cell_id": "blr_0414", "flood_depth_m": {"rp10": 0.74, "rp100": 1.85}, "glof_depth_m": 0.0, "landslide_prob": 0.015, "population": 714, "critical_assets": [], "eal_people": 55.692, "eal_usd": 139230.0, "observed_flood_frac": null, "modeled_flood_frac": 1.0, "elev_m": 767.7, "slope_deg": 1.8, "n_lakes": 0, "n_drains": 0, "low_income_score": 0.15}}, {"type": "Feature", "geometry": {"type": "Polygon", "coordinates": [[[77.49, 12.84], [77.50999999999999, 12.84], [77.50999999999999, 12.86], [77.49, 12.86], [77.49, 12.84]]]}, "properties": {"cell_id": "blr_0415", "flood_depth_m": {"rp10": 0.77, "rp100": 1.93}, "glof_depth_m": 0.0, "landslide_prob": 0.018, "population": 794, "critical_assets": ["lake"], "eal_people": 69.396, "eal_usd": 173490.0, "observed_flood_frac": null, "modeled_flood_frac": 0.92, "elev_m": 793.4, "slope_deg": 2.2, "n_lakes": 1, "n_drains": 0, "low_income_score": 0.15}}, {"type": "Feature", "geometry": {"type": "Polygon", "coordinates": [[[77.50999999999999, 12.84], [77.53, 12.84], [77.53, 12.86], [77.50999999999999, 12.86], [77.50999999999999, 12.84]]]}, "properties": {"cell_id": "blr_0416", "flood_depth_m": {"rp10": 0.16, "rp100": 0.4}, "glof_depth_m": 0.0, "landslide_prob": 0.016, "population": 1073, "critical_assets": [], "eal_people": 22.855, "eal_usd": 57138.0, "observed_flood_frac": null, "modeled_flood_frac": 0.19, "elev_m": 830.1, "slope_deg": 1.9, "n_lakes": 0, "n_drains": 0, "low_income_score": 0.15}}, {"type": "Feature", "geometry": {"type": "Polygon", "coordinates": [[[77.53, 12.84], [77.55, 12.84], [77.55, 12.86], [77.53, 12.86], [77.53, 12.84]]]}, "properties": {"cell_id": "blr_0417", "flood_depth_m": {"rp10": 0.21, "rp100": 0.52}, "glof_depth_m": 0.0, "landslide_prob": 0.02, "population": 1386, "critical_assets": [], "eal_people": 32.432, "eal_usd": 81080.0, "observed_flood_frac": null, "modeled_flood_frac": 0.22, "elev_m": 838.9, "slope_deg": 2.4, "n_lakes": 0, "n_drains": 0, "low_income_score": 0.15}}, {"type": "Feature", "geometry": {"type": "Polygon", "coordinates": [[[77.55, 12.84], [77.57, 12.84], [77.57, 12.86], [77.55, 12.86], [77.55, 12.84]]]}, "properties": {"cell_id": "blr_0418", "flood_depth_m": {"rp10": 0.18, "rp100": 0.44}, "glof_depth_m": 0.0, "landslide_prob": 0.017, "population": 1515, "critical_assets": ["lake"], "eal_people": 39.087, "eal_usd": 97718.0, "observed_flood_frac": null, "modeled_flood_frac": 0.04, "elev_m": 891.1, "slope_deg": 2.1, "n_lakes": 1, "n_drains": 0, "low_income_score": 0.15}}, {"type": "Feature", "geometry": {"type": "Polygon", "coordinates": [[[77.57, 12.84], [77.58999999999999, 12.84], [77.58999999999999, 12.86], [77.57, 12.86], [77.57, 12.84]]]}, "properties": {"cell_id": "blr_0419", "flood_depth_m": {"rp10": 0.08, "rp100": 0.2}, "glof_depth_m": 0.0, "landslide_prob": 0.015, "population": 1822, "critical_assets": [], "eal_people": 20.953, "eal_usd": 52382.0, "observed_flood_frac": null, "modeled_flood_frac": 0.05, "elev_m": 928.2, "slope_deg": 1.8, "n_lakes": 0, "n_drains": 0, "low_income_score": 0.15}}, {"type": "Feature", "geometry": {"type": "Polygon", "coordinates": [[[77.58999999999999, 12.84], [77.61, 12.84], [77.61, 12.86], [77.58999999999999, 12.86], [77.58999999999999, 12.84]]]}, "properties": {"cell_id": "blr_0420", "flood_depth_m": {"rp10": 0.25, "rp100": 0.62}, "glof_depth_m": 0.0, "landslide_prob": 0.011, "population": 1716, "critical_assets": ["lake"], "eal_people": 44.273, "eal_usd": 110683.0, "observed_flood_frac": null, "modeled_flood_frac": 0.04, "elev_m": 924.7, "slope_deg": 1.4, "n_lakes": 2, "n_drains": 0, "low_income_score": 0.15}}, {"type": "Feature", "geometry": {"type": "Polygon", "coordinates": [[[77.61, 12.84], [77.63, 12.84], [77.63, 12.86], [77.61, 12.86], [77.61, 12.84]]]}, "properties": {"cell_id": "blr_0421", "flood_depth_m": {"rp10": 0.18, "rp100": 0.45}, "glof_depth_m": 0.0, "landslide_prob": 0.01, "population": 1678, "critical_assets": ["lake"], "eal_people": 45.642, "eal_usd": 114105.0, "observed_flood_frac": null, "modeled_flood_frac": 0.06, "elev_m": 922.6, "slope_deg": 1.3, "n_lakes": 1, "n_drains": 0, "low_income_score": 0.15}}, {"type": "Feature", "geometry": {"type": "Polygon", "coordinates": [[[77.63, 12.84], [77.64999999999999, 12.84], [77.64999999999999, 12.86], [77.63, 12.86], [77.63, 12.84]]]}, "properties": {"cell_id": "blr_0422", "flood_depth_m": {"rp10": 0.16, "rp100": 0.4}, "glof_depth_m": 0.0, "landslide_prob": 0.009, "population": 1807, "critical_assets": ["lake"], "eal_people": 50.415, "eal_usd": 126038.0, "observed_flood_frac": null, "modeled_flood_frac": 0.07, "elev_m": 925.1, "slope_deg": 1.1, "n_lakes": 1, "n_drains": 0, "low_income_score": 0.15}}, {"type": "Feature", "geometry": {"type": "Polygon", "coordinates": [[[77.64999999999999, 12.84], [77.66999999999999, 12.84], [77.66999999999999, 12.86], [77.64999999999999, 12.86], [77.64999999999999, 12.84]]]}, "properties": {"cell_id": "blr_0423", "flood_depth_m": {"rp10": 0.48, "rp100": 1.19}, "glof_depth_m": 0.0, "landslide_prob": 0.01, "population": 3763, "critical_assets": ["lake"], "eal_people": 112.89, "eal_usd": 282225.0, "observed_flood_frac": null, "modeled_flood_frac": 0.1, "elev_m": 924.2, "slope_deg": 1.2, "n_lakes": 6, "n_drains": 0, "low_income_score": 0.15}}, {"type": "Feature", "geometry": {"type": "Polygon", "coordinates": [[[77.66999999999999, 12.84], [77.69, 12.84], [77.69, 12.86], [77.66999999999999, 12.86], [77.66999999999999, 12.84]]]}, "properties": {"cell_id": "blr_0424", "flood_depth_m": {"rp10": 0.32, "rp100": 0.8}, "glof_depth_m": 0.0, "landslide_prob": 0.009, "population": 8626, "critical_assets": ["lake"], "eal_people": 264.818, "eal_usd": 662045.0, "observed_flood_frac": null, "modeled_flood_frac": 0.11, "elev_m": 920.6, "slope_deg": 1.1, "n_lakes": 2, "n_drains": 0, "low_income_score": 0.4}}, {"type": "Feature", "geometry": {"type": "Polygon", "coordinates": [[[77.69, 12.84], [77.71, 12.84], [77.71, 12.86], [77.69, 12.86], [77.69, 12.84]]]}, "properties": {"cell_id": "blr_0425", "flood_depth_m": {"rp10": 0.04, "rp100": 0.1}, "glof_depth_m": 0.0, "landslide_prob": 0.009, "population": 6954, "critical_assets": [], "eal_people": 65.368, "eal_usd": 163420.0, "observed_flood_frac": null, "modeled_flood_frac": 0.02, "elev_m": 902.2, "slope_deg": 1.1, "n_lakes": 0, "n_drains": 0, "low_income_score": 0.4}}, {"type": "Feature", "geometry": {"type": "Polygon", "coordinates": [[[77.71, 12.84], [77.72999999999999, 12.84], [77.72999999999999, 12.86], [77.71, 12.86], [77.71, 12.84]]]}, "properties": {"cell_id": "blr_0426", "flood_depth_m": {"rp10": 0.07, "rp100": 0.17}, "glof_depth_m": 0.0, "landslide_prob": 0.008, "population": 6033, "critical_assets": [], "eal_people": 56.71, "eal_usd": 141775.0, "observed_flood_frac": null, "modeled_flood_frac": 0.02, "elev_m": 889.0, "slope_deg": 0.9, "n_lakes": 0, "n_drains": 0, "low_income_score": 0.4}}, {"type": "Feature", "geometry": {"type": "Polygon", "coordinates": [[[77.72999999999999, 12.84], [77.75, 12.84], [77.75, 12.86], [77.72999999999999, 12.86], [77.72999999999999, 12.84]]]}, "properties": {"cell_id": "blr_0427", "flood_depth_m": {"rp10": 0.06, "rp100": 0.14}, "glof_depth_m": 0.0, "landslide_prob": 0.007, "population": 4293, "critical_assets": [], "eal_people": 46.364, "eal_usd": 115910.0, "observed_flood_frac": null, "modeled_flood_frac": 0.04, "elev_m": 890.0, "slope_deg": 0.9, "n_lakes": 0, "n_drains": 0, "low_income_score": 0.4}}, {"type": "Feature", "geometry": {"type": "Polygon", "coordinates": [[[77.75, 12.84], [77.77, 12.84], [77.77, 12.86], [77.75, 12.86], [77.75, 12.84]]]}, "properties": {"cell_id": "blr_0428", "flood_depth_m": {"rp10": 0.07, "rp100": 0.17}, "glof_depth_m": 0.0, "landslide_prob": 0.007, "population": 4244, "critical_assets": [], "eal_people": 51.777, "eal_usd": 129442.0, "observed_flood_frac": null, "modeled_flood_frac": 0.06, "elev_m": 894.8, "slope_deg": 0.9, "n_lakes": 0, "n_drains": 0, "low_income_score": 0.4}}, {"type": "Feature", "geometry": {"type": "Polygon", "coordinates": [[[77.77, 12.84], [77.78999999999999, 12.84], [77.78999999999999, 12.86], [77.77, 12.86], [77.77, 12.84]]]}, "properties": {"cell_id": "blr_0429", "flood_depth_m": {"rp10": 0.05, "rp100": 0.13}, "glof_depth_m": 0.0, "landslide_prob": 0.007, "population": 6457, "critical_assets": [], "eal_people": 78.775, "eal_usd": 196938.0, "observed_flood_frac": null, "modeled_flood_frac": 0.06, "elev_m": 887.1, "slope_deg": 0.9, "n_lakes": 0, "n_drains": 0, "low_income_score": 0.4}}, {"type": "Feature", "geometry": {"type": "Polygon", "coordinates": [[[77.78999999999999, 12.84], [77.80999999999999, 12.84], [77.80999999999999, 12.86], [77.78999999999999, 12.86], [77.78999999999999, 12.84]]]}, "properties": {"cell_id": "blr_0430", "flood_depth_m": {"rp10": 0.24, "rp100": 0.6}, "glof_depth_m": 0.0, "landslide_prob": 0.009, "population": 5339, "critical_assets": ["lake"], "eal_people": 137.746, "eal_usd": 344365.0, "observed_flood_frac": null, "modeled_flood_frac": 0.04, "elev_m": 880.8, "slope_deg": 1.0, "n_lakes": 2, "n_drains": 0, "low_income_score": 0.4}}, {"type": "Feature", "geometry": {"type": "Polygon", "coordinates": [[[77.80999999999999, 12.84], [77.83, 12.84], [77.83, 12.86], [77.80999999999999, 12.86], [77.80999999999999, 12.84]]]}, "properties": {"cell_id": "blr_0431", "flood_depth_m": {"rp10": 0.05, "rp100": 0.12}, "glof_depth_m": 0.0, "landslide_prob": 0.009, "population": 2960, "critical_assets": [], "eal_people": 36.112, "eal_usd": 90280.0, "observed_flood_frac": null, "modeled_flood_frac": 0.06, "elev_m": 871.9, "slope_deg": 1.1, "n_lakes": 0, "n_drains": 0, "low_income_score": 0.15}}, {"type": "Feature", "geometry": {"type": "Polygon", "coordinates": [[[77.35, 12.819999999999999], [77.36999999999999, 12.819999999999999], [77.36999999999999, 12.84], [77.35, 12.84], [77.35, 12.819999999999999]]]}, "properties": {"cell_id": "blr_0432", "flood_depth_m": {"rp10": 0.67, "rp100": 1.67}, "glof_depth_m": 0.0, "landslide_prob": 0.026, "population": 2416, "critical_assets": [], "eal_people": 171.536, "eal_usd": 428840.0, "observed_flood_frac": null, "modeled_flood_frac": 0.9, "elev_m": 765.6, "slope_deg": 3.1, "n_lakes": 0, "n_drains": 0, "low_income_score": 0.15}}, {"type": "Feature", "geometry": {"type": "Polygon", "coordinates": [[[77.36999999999999, 12.819999999999999], [77.39, 12.819999999999999], [77.39, 12.84], [77.36999999999999, 12.84], [77.36999999999999, 12.819999999999999]]]}, "properties": {"cell_id": "blr_0433", "flood_depth_m": {"rp10": 0.78, "rp100": 1.94}, "glof_depth_m": 0.0, "landslide_prob": 0.014, "population": 1276, "critical_assets": [], "eal_people": 99.528, "eal_usd": 248820.0, "observed_flood_frac": null, "modeled_flood_frac": 1.0, "elev_m": 749.6, "slope_deg": 1.7, "n_lakes": 0, "n_drains": 0, "low_income_score": 0.15}}, {"type": "Feature", "geometry": {"type": "Polygon", "coordinates": [[[77.39, 12.819999999999999], [77.41, 12.819999999999999], [77.41, 12.84], [77.39, 12.84], [77.39, 12.819999999999999]]]}, "properties": {"cell_id": "blr_0434", "flood_depth_m": {"rp10": 0.72, "rp100": 1.8}, "glof_depth_m": 0.0, "landslide_prob": 0.015, "population": 3052, "critical_assets": [], "eal_people": 238.056, "eal_usd": 595140.0, "observed_flood_frac": null, "modeled_flood_frac": 1.0, "elev_m": 770.1, "slope_deg": 1.8, "n_lakes": 0, "n_drains": 0, "low_income_score": 0.15}}, {"type": "Feature", "geometry": {"type": "Polygon", "coordinates": [[[77.41, 12.819999999999999], [77.42999999999999, 12.819999999999999], [77.42999999999999, 12.84], [77.41, 12.84], [77.41, 12.819999999999999]]]}, "properties": {"cell_id": "blr_0435", "flood_depth_m": {"rp10": 0.73, "rp100": 1.82}, "glof_depth_m": 0.0, "landslide_prob": 0.012, "population": 1178, "critical_assets": [], "eal_people": 91.884, "eal_usd": 229710.0, "observed_flood_frac": null, "modeled_flood_frac": 1.0, "elev_m": 750.8, "slope_deg": 1.5, "n_lakes": 0, "n_drains": 0, "low_income_score": 0.15}}, {"type": "Feature", "geometry": {"type": "Polygon", "coordinates": [[[77.42999999999999, 12.819999999999999], [77.44999999999999, 12.819999999999999], [77.44999999999999, 12.84], [77.42999999999999, 12.84], [77.42999999999999, 12.819999999999999]]]}, "properties": {"cell_id": "blr_0436", "flood_depth_m": {"rp10": 0.73, "rp100": 1.83}, "glof_depth_m": 0.0, "landslide_prob": 0.015, "population": 578, "critical_assets": [], "eal_people": 45.084, "eal_usd": 112710.0, "observed_flood_frac": null, "modeled_flood_frac": 1.0, "elev_m": 736.0, "slope_deg": 1.9, "n_lakes": 0, "n_drains": 0, "low_income_score": 0.15}}, {"type": "Feature", "geometry": {"type": "Polygon", "coordinates": [[[77.44999999999999, 12.819999999999999], [77.47, 12.819999999999999], [77.47, 12.84], [77.44999999999999, 12.84], [77.44999999999999, 12.819999999999999]]]}, "properties": {"cell_id": "blr_0437", "flood_depth_m": {"rp10": 0.75, "rp100": 1.88}, "glof_depth_m": 0.0, "landslide_prob": 0.013, "population": 433, "critical_assets": [], "eal_people": 33.774, "eal_usd": 84435.0, "observed_flood_frac": null, "modeled_flood_frac": 1.0, "elev_m": 739.9, "slope_deg": 1.6, "n_lakes": 0, "n_drains": 0, "low_income_score": 0.15}}, {"type": "Feature", "geometry": {"type": "Polygon", "coordinates": [[[77.47, 12.819999999999999], [77.49, 12.819999999999999], [77.49, 12.84], [77.47, 12.84], [77.47, 12.819999999999999]]]}, "properties": {"cell_id": "blr_0438", "flood_depth_m": {"rp10": 0.83, "rp100": 2.08}, "glof_depth_m": 0.0, "landslide_prob": 0.017, "population": 579, "critical_assets": ["lake"], "eal_people": 53.847, "eal_usd": 134618.0, "observed_flood_frac": null, "modeled_flood_frac": 1.0, "elev_m": 766.8, "slope_deg": 2.0, "n_lakes": 1, "n_drains": 0, "low_income_score": 0.15}}, {"type": "Feature", "geometry": {"type": "Polygon", "coordinates": [[[77.49, 12.819999999999999], [77.50999999999999, 12.819999999999999], [77.50999999999999, 12.84], [77.49, 12.84], [77.49, 12.819999999999999]]]}, "properties": {"cell_id": "blr_0439", "flood_depth_m": {"rp10": 0.73, "rp100": 1.83}, "glof_depth_m": 0.0, "landslide_prob": 0.018, "population": 812, "critical_assets": [], "eal_people": 62.768, "eal_usd": 156920.0, "observed_flood_frac": null, "modeled_flood_frac": 0.99, "elev_m": 791.1, "slope_deg": 2.2, "n_lakes": 0, "n_drains": 0, "low_income_score": 0.15}}, {"type": "Feature", "geometry": {"type": "Polygon", "coordinates": [[[77.50999999999999, 12.819999999999999], [77.53, 12.819999999999999], [77.53, 12.84], [77.50999999999999, 12.84], [77.50999999999999, 12.819999999999999]]]}, "properties": {"cell_id": "blr_0440", "flood_depth_m": {"rp10": 0.72, "rp100": 1.79}, "glof_depth_m": 0.0, "landslide_prob": 0.019, "population": 950, "critical_assets": [], "eal_people": 72.77, "eal_usd": 181925.0, "observed_flood_frac": null, "modeled_flood_frac": 0.98, "elev_m": 788.0, "slope_deg": 2.3, "n_lakes": 0, "n_drains": 0, "low_income_score": 0.15}}, {"type": "Feature", "geometry": {"type": "Polygon", "coordinates": [[[77.53, 12.819999999999999], [77.55, 12.819999999999999], [77.55, 12.84], [77.53, 12.84], [77.53, 12.819999999999999]]]}, "properties": {"cell_id": "blr_0441", "flood_depth_m": {"rp10": 0.48, "rp100": 1.2}, "glof_depth_m": 0.0, "landslide_prob": 0.025, "population": 2619, "critical_assets": ["lake"], "eal_people": 144.569, "eal_usd": 361422.0, "observed_flood_frac": null, "modeled_flood_frac": 0.46, "elev_m": 816.9, "slope_deg": 3.0, "n_lakes": 1, "n_drains": 0, "low_income_score": 0.15}}, {"type": "Feature", "geometry": {"type": "Polygon", "coordinates": [[[77.55, 12.819999999999999], [77.57, 12.819999999999999], [77.57, 12.84], [77.55, 12.84], [77.55, 12.819999999999999]]]}, "properties": {"cell_id": "blr_0442", "flood_depth_m": {"rp10": 0.04, "rp100": 0.09}, "glof_depth_m": 0.0, "landslide_prob": 0.023, "population": 3975, "critical_assets": [], "eal_people": 37.365, "eal_usd": 93412.0, "observed_flood_frac": null, "modeled_flood_frac": 0.02, "elev_m": 867.0, "slope_deg": 2.8, "n_lakes": 0, "n_drains": 0, "low_income_score": 0.15}}, {"type": "Feature", "geometry": {"type": "Polygon", "coordinates": [[[77.57, 12.819999999999999], [77.58999999999999, 12.819999999999999], [77.58999999999999, 12.84], [77.57, 12.84], [77.57, 12.819999999999999]]]}, "properties": {"cell_id": "blr_0443", "flood_depth_m": {"rp10": 0.11, "rp100": 0.28}, "glof_depth_m": 0.0, "landslide_prob": 0.017, "population": 3950, "critical_assets": [], "eal_people": 53.72, "eal_usd": 134300.0, "observed_flood_frac": null, "modeled_flood_frac": 0.08, "elev_m": 924.7, "slope_deg": 2.1, "n_lakes": 0, "n_drains": 0, "low_income_score": 0.15}}, {"type": "Feature", "geometry": {"type": "Polygon", "coordinates": [[[77.58999999999999, 12.819999999999999], [77.61, 12.819999999999999], [77.61, 12.84], [77.58999999999999, 12.84], [77.58999999999999, 12.819999999999999]]]}, "properties": {"cell_id": "blr_0444", "flood_depth_m": {"rp10": 0.08, "rp100": 0.21}, "glof_depth_m": 0.0, "landslide_prob": 0.011, "population": 4841, "critical_assets": [], "eal_people": 72.615, "eal_usd": 181538.0, "observed_flood_frac": null, "modeled_flood_frac": 0.1, "elev_m": 930.5, "slope_deg": 1.3, "n_lakes": 0, "n_drains": 0, "low_income_score": 0.4}}, {"type": "Feature", "geometry": {"type": "Polygon", "coordinates": [[[77.61, 12.819999999999999], [77.63, 12.819999999999999], [77.63, 12.84], [77.61, 12.84], [77.61, 12.819999999999999]]]}, "properties": {"cell_id": "blr_0445", "flood_depth_m": {"rp10": 0.04, "rp100": 0.1}, "glof_depth_m": 0.0, "landslide_prob": 0.01, "population": 5229, "critical_assets": [], "eal_people": 56.473, "eal_usd": 141182.0, "observed_flood_frac": null, "modeled_flood_frac": 0.04, "elev_m": 922.7, "slope_deg": 1.2, "n_lakes": 0, "n_drains": 0, "low_income_score": 0.4}}, {"type": "Feature", "geometry": {"type": "Polygon", "coordinates": [[[77.63, 12.819999999999999], [77.64999999999999, 12.819999999999999], [77.64999999999999, 12.84], [77.63, 12.84], [77.63, 12.819999999999999]]]}, "properties": {"cell_id": "blr_0446", "flood_depth_m": {"rp10": 0.06, "rp100": 0.15}, "glof_depth_m": 0.0, "landslide_prob": 0.009, "population": 5383, "critical_assets": [], "eal_people": 50.6, "eal_usd": 126500.0, "observed_flood_frac": null, "modeled_flood_frac": 0.02, "elev_m": 920.6, "slope_deg": 1.0, "n_lakes": 0, "n_drains": 0, "low_income_score": 0.4}}, {"type": "Feature", "geometry": {"type": "Polygon", "coordinates": [[[77.64999999999999, 12.819999999999999], [77.66999999999999, 12.819999999999999], [77.66999999999999, 12.84], [77.64999999999999, 12.84], [77.64999999999999, 12.819999999999999]]]}, "properties": {"cell_id": "blr_0447", "flood_depth_m": {"rp10": 0.42, "rp100": 1.05}, "glof_depth_m": 0.0, "landslide_prob": 0.011, "population": 8232, "critical_assets": ["lake"], "eal_people": 200.861, "eal_usd": 502152.0, "observed_flood_frac": null, "modeled_flood_frac": 0.02, "elev_m": 923.6, "slope_deg": 1.3, "n_lakes": 5, "n_drains": 0, "low_income_score": 0.4}}, {"type": "Feature", "geometry": {"type": "Polygon", "coordinates": [[[77.66999999999999, 12.819999999999999], [77.69, 12.819999999999999], [77.69, 12.84], [77.66999999999999, 12.84], [77.66999999999999, 12.819999999999999]]]}, "properties": {"cell_id": "blr_0448", "flood_depth_m": {"rp10": 0.14, "rp100": 0.34}, "glof_depth_m": 0.0, "landslide_prob": 0.011, "population": 19586, "critical_assets": ["lake"], "eal_people": 450.478, "eal_usd": 1126195.0, "observed_flood_frac": null, "modeled_flood_frac": 0.0, "elev_m": 909.9, "slope_deg": 1.4, "n_lakes": 1, "n_drains": 0, "low_income_score": 0.4}}, {"type": "Feature", "geometry": {"type": "Polygon", "coordinates": [[[77.69, 12.819999999999999], [77.71, 12.819999999999999], [77.71, 12.84], [77.69, 12.84], [77.69, 12.819999999999999]]]}, "properties": {"cell_id": "blr_0449", "flood_depth_m": {"rp10": 0.1, "rp100": 0.24}, "glof_depth_m": 0.0, "landslide_prob": 0.009, "population": 9049, "critical_assets": [], "eal_people": 110.398, "eal_usd": 275995.0, "observed_flood_frac": null, "modeled_flood_frac": 0.06, "elev_m": 897.7, "slope_deg": 1.1, "n_lakes": 0, "n_drains": 0, "low_income_score": 0.4}}, {"type": "Feature", "geometry": {"type": "Polygon", "coordinates": [[[77.71, 12.819999999999999], [77.72999999999999, 12.819999999999999], [77.72999999999999, 12.84], [77.71, 12.84], [77.71, 12.819999999999999]]]}, "properties": {"cell_id": "blr_0450", "flood_depth_m": {"rp10": 0.18, "rp100": 0.45}, "glof_depth_m": 0.0, "landslide_prob": 0.007, "population": 5539, "critical_assets": ["lake"], "eal_people": 139.029, "eal_usd": 347572.0, "observed_flood_frac": null, "modeled_flood_frac": 0.03, "elev_m": 881.4, "slope_deg": 0.9, "n_lakes": 1, "n_drains": 0, "low_income_score": 0.4}}, {"type": "Feature", "geometry": {"type": "Polygon", "coordinates": [[[77.72999999999999, 12.819999999999999], [77.75, 12.819999999999999], [77.75, 12.84], [77.72999999999999, 12.84], [77.72999999999999, 12.819999999999999]]]}, "properties": {"cell_id": "blr_0451", "flood_depth_m": {"rp10": 0.16, "rp100": 0.39}, "glof_depth_m": 0.0, "landslide_prob": 0.007, "population": 3845, "critical_assets": ["lake"], "eal_people": 91.126, "eal_usd": 227815.0, "observed_flood_frac": null, "modeled_flood_frac": 0.01, "elev_m": 875.9, "slope_deg": 0.9, "n_lakes": 1, "n_drains": 0, "low_income_score": 0.15}}, {"type": "Feature", "geometry": {"type": "Polygon", "coordinates": [[[77.75, 12.819999999999999], [77.77, 12.819999999999999], [77.77, 12.84], [77.75, 12.84], [77.75, 12.819999999999999]]]}, "properties": {"cell_id": "blr_0452", "flood_depth_m": {"rp10": 0.04, "rp100": 0.1}, "glof_depth_m": 0.0, "landslide_prob": 0.008, "population": 3312, "critical_assets": [], "eal_people": 33.451, "eal_usd": 83628.0, "observed_flood_frac": null, "modeled_flood_frac": 0.03, "elev_m": 879.8, "slope_deg": 0.9, "n_lakes": 0, "n_drains": 0, "low_income_score": 0.15}}, {"type": "Feature", "geometry": {"type": "Polygon", "coordinates": [[[77.77, 12.819999999999999], [77.78999999999999, 12.819999999999999], [77.78999999999999, 12.84], [77.77, 12.84], [77.77, 12.819999999999999]]]}, "properties": {"cell_id": "blr_0453", "flood_depth_m": {"rp10": 0.06, "rp100": 0.14}, "glof_depth_m": 0.0, "landslide_prob": 0.008, "population": 5432, "critical_assets": [], "eal_people": 66.27, "eal_usd": 165675.0, "observed_flood_frac": null, "modeled_flood_frac": 0.06, "elev_m": 887.4, "slope_deg": 0.9, "n_lakes": 0, "n_drains": 0, "low_income_score": 0.4}}, {"type": "Feature", "geometry": {"type": "Polygon", "coordinates": [[[77.78999999999999, 12.819999999999999], [77.80999999999999, 12.819999999999999], [77.80999999999999, 12.84], [77.78999999999999, 12.84], [77.78999999999999, 12.819999999999999]]]}, "properties": {"cell_id": "blr_0454", "flood_depth_m": {"rp10": 0.12, "rp100": 0.31}, "glof_depth_m": 0.0, "landslide_prob": 0.009, "population": 4530, "critical_assets": [], "eal_people": 64.779, "eal_usd": 161948.0, "observed_flood_frac": null, "modeled_flood_frac": 0.09, "elev_m": 891.3, "slope_deg": 1.1, "n_lakes": 0, "n_drains": 0, "low_income_score": 0.4}}, {"type": "Feature", "geometry": {"type": "Polygon", "coordinates": [[[77.80999999999999, 12.819999999999999], [77.83, 12.819999999999999], [77.83, 12.84], [77.80999999999999, 12.84], [77.80999999999999, 12.819999999999999]]]}, "properties": {"cell_id": "blr_0455", "flood_depth_m": {"rp10": 0.06, "rp100": 0.16}, "glof_depth_m": 0.0, "landslide_prob": 0.008, "population": 1918, "critical_assets": [], "eal_people": 22.057, "eal_usd": 55142.0, "observed_flood_frac": null, "modeled_flood_frac": 0.05, "elev_m": 879.1, "slope_deg": 1.0, "n_lakes": 0, "n_drains": 0, "low_income_score": 0.15}}, {"type": "Feature", "geometry": {"type": "Polygon", "coordinates": [[[77.35, 12.799999999999999], [77.36999999999999, 12.799999999999999], [77.36999999999999, 12.819999999999999], [77.35, 12.819999999999999], [77.35, 12.799999999999999]]]}, "properties": {"cell_id": "blr_0456", "flood_depth_m": {"rp10": 0.68, "rp100": 1.69}, "glof_depth_m": 0.0, "landslide_prob": 0.032, "population": 2006, "critical_assets": [], "eal_people": 136.809, "eal_usd": 342022.0, "observed_flood_frac": null, "modeled_flood_frac": 0.86, "elev_m": 775.4, "slope_deg": 3.8, "n_lakes": 0, "n_drains": 0, "low_income_score": 0.15}}, {"type": "Feature", "geometry": {"type": "Polygon", "coordinates": [[[77.36999999999999, 12.799999999999999], [77.39, 12.799999999999999], [77.39, 12.819999999999999], [77.36999999999999, 12.819999999999999], [77.36999999999999, 12.799999999999999]]]}, "properties": {"cell_id": "blr_0457", "flood_depth_m": {"rp10": 0.72, "rp100": 1.81}, "glof_depth_m": 0.0, "landslide_prob": 0.012, "population": 2482, "critical_assets": [], "eal_people": 193.596, "eal_usd": 483990.0, "observed_flood_frac": null, "modeled_flood_frac": 1.0, "elev_m": 732.2, "slope_deg": 1.4, "n_lakes": 0, "n_drains": 0, "low_income_score": 0.15}}, {"type": "Feature", "geometry": {"type": "Polygon", "coordinates": [[[77.39, 12.799999999999999], [77.41, 12.799999999999999], [77.41, 12.819999999999999], [77.39, 12.819999999999999], [77.39, 12.799999999999999]]]}, "properties": {"cell_id": "blr_0458", "flood_depth_m": {"rp10": 0.75, "rp100": 1.88}, "glof_depth_m": 0.0, "landslide_prob": 0.013, "population": 3254, "critical_assets": [], "eal_people": 253.812, "eal_usd": 634530.0, "observed_flood_frac": null, "modeled_flood_frac": 1.0, "elev_m": 736.8, "slope_deg": 1.5, "n_lakes": 0, "n_drains": 0, "low_income_score": 0.15}}, {"type": "Feature", "geometry": {"type": "Polygon", "coordinates": [[[77.41, 12.799999999999999], [77.42999999999999, 12.799999999999999], [77.42999999999999, 12.819999999999999], [77.41, 12.819999999999999], [77.41, 12.799999999999999]]]}, "properties": {"cell_id": "blr_0459", "flood_depth_m": {"rp10": 0.85, "rp100": 2.12}, "glof_depth_m": 0.0, "landslide_prob": 0.011, "population": 3126, "critical_assets": ["lake"], "eal_people": 290.718, "eal_usd": 726795.0, "observed_flood_frac": null, "modeled_flood_frac": 1.0, "elev_m": 729.7, "slope_deg": 1.3, "n_lakes": 1, "n_drains": 0, "low_income_score": 0.15}}, {"type": "Feature", "geometry": {"type": "Polygon", "coordinates": [[[77.42999999999999, 12.799999999999999], [77.44999999999999, 12.799999999999999], [77.44999999999999, 12.819999999999999], [77.42999999999999, 12.819999999999999], [77.42999999999999, 12.799999999999999]]]}, "properties": {"cell_id": "blr_0460", "flood_depth_m": {"rp10": 0.74, "rp100": 1.84}, "glof_depth_m": 0.0, "landslide_prob": 0.01, "population": 1446, "critical_assets": [], "eal_people": 112.788, "eal_usd": 281970.0, "observed_flood_frac": null, "modeled_flood_frac": 1.0, "elev_m": 714.6, "slope_deg": 1.2, "n_lakes": 0, "n_drains": 0, "low_income_score": 0.15}}, {"type": "Feature", "geometry": {"type": "Polygon", "coordinates": [[[77.44999999999999, 12.799999999999999], [77.47, 12.799999999999999], [77.47, 12.819999999999999], [77.44999999999999, 12.819999999999999], [77.44999999999999, 12.799999999999999]]]}, "properties": {"cell_id": "blr_0461", "flood_depth_m": {"rp10": 0.78, "rp100": 1.94}, "glof_depth_m": 0.0, "landslide_prob": 0.022, "population": 756, "critical_assets": [], "eal_people": 58.968, "eal_usd": 147420.0, "observed_flood_frac": null, "modeled_flood_frac": 1.0, "elev_m": 755.1, "slope_deg": 2.6, "n_lakes": 0, "n_drains": 0, "low_income_score": 0.15}}, {"type": "Feature", "geometry": {"type": "Polygon", "coordinates": [[[77.47, 12.799999999999999], [77.49, 12.799999999999999], [77.49, 12.819999999999999], [77.47, 12.819999999999999], [77.47, 12.799999999999999]]]}, "properties": {"cell_id": "blr_0462", "flood_depth_m": {"rp10": 0.84, "rp100": 2.1}, "glof_depth_m": 0.0, "landslide_prob": 0.016, "population": 465, "critical_assets": ["lake"], "eal_people": 43.245, "eal_usd": 108112.0, "observed_flood_frac": null, "modeled_flood_frac": 1.0, "elev_m": 784.7, "slope_deg": 1.9, "n_lakes": 1, "n_drains": 0, "low_income_score": 0.15}}, {"type": "Feature", "geometry": {"type": "Polygon", "coordinates": [[[77.49, 12.799999999999999], [77.50999999999999, 12.799999999999999], [77.50999999999999, 12.819999999999999], [77.49, 12.819999999999999], [77.49, 12.799999999999999]]]}, "properties": {"cell_id": "blr_0463", "flood_depth_m": {"rp10": 0.74, "rp100": 1.85}, "glof_depth_m": 0.0, "landslide_prob": 0.013, "population": 1324, "critical_assets": [], "eal_people": 103.272, "eal_usd": 258180.0, "observed_flood_frac": null, "modeled_flood_frac": 1.0, "elev_m": 768.8, "slope_deg": 1.6, "n_lakes": 0, "n_drains": 0, "low_income_score": 0.15}}, {"type": "Feature", "geometry": {"type": "Polygon", "coordinates": [[[77.50999999999999, 12.799999999999999], [77.53, 12.799999999999999], [77.53, 12.819999999999999], [77.50999999999999, 12.819999999999999], [77.50999999999999, 12.799999999999999]]]}, "properties": {"cell_id": "blr_0464", "flood_depth_m": {"rp10": 0.74, "rp100": 1.85}, "glof_depth_m": 0.0, "landslide_prob": 0.01, "population": 1308, "critical_assets": [], "eal_people": 102.024, "eal_usd": 255060.0, "observed_flood_frac": null, "modeled_flood_frac": 1.0, "elev_m": 749.8, "slope_deg": 1.3, "n_lakes": 0, "n_drains": 0, "low_income_score": 0.15}}, {"type": "Feature", "geometry": {"type": "Polygon", "coordinates": [[[77.53, 12.799999999999999], [77.55, 12.799999999999999], [77.55, 12.819999999999999], [77.53, 12.819999999999999], [77.53, 12.799999999999999]]]}, "properties": {"cell_id": "blr_0465", "flood_depth_m": {"rp10": 0.66, "rp100": 1.64}, "glof_depth_m": 0.0, "landslide_prob": 0.025, "population": 2611, "critical_assets": ["lake"], "eal_people": 197.131, "eal_usd": 492828.0, "observed_flood_frac": null, "modeled_flood_frac": 0.75, "elev_m": 796.8, "slope_deg": 3.0, "n_lakes": 1, "n_drains": 0, "low_income_score": 0.15}}, {"type": "Feature", "geometry": {"type": "Polygon", "coordinates": [[[77.55, 12.799999999999999], [77.57, 12.799999999999999], [77.57, 12.819999999999999], [77.55, 12.819999999999999], [77.55, 12.799999999999999]]]}, "properties": {"cell_id": "blr_0466", "flood_depth_m": {"rp10": 0.06, "rp100": 0.14}, "glof_depth_m": 0.0, "landslide_prob": 0.03, "population": 3703, "critical_assets": [], "eal_people": 42.584, "eal_usd": 106460.0, "observed_flood_frac": null, "modeled_flood_frac": 0.05, "elev_m": 879.4, "slope_deg": 3.6, "n_lakes": 0, "n_drains": 0, "low_income_score": 0.15}}, {"type": "Feature", "geometry": {"type": "Polygon", "coordinates": [[[77.57, 12.799999999999999], [77.58999999999999, 12.799999999999999], [77.58999999999999, 12.819999999999999], [77.57, 12.819999999999999], [77.57, 12.799999999999999]]]}, "properties": {"cell_id": "blr_0467", "flood_depth_m": {"rp10": 0.17, "rp100": 0.43}, "glof_depth_m": 0.0, "landslide_prob": 0.019, "population": 6343, "critical_assets": ["lake"], "eal_people": 176.97, "eal_usd": 442425.0, "observed_flood_frac": null, "modeled_flood_frac": 0.07, "elev_m": 934.9, "slope_deg": 2.3, "n_lakes": 1, "n_drains": 0, "low_income_score": 0.4}}, {"type": "Feature", "geometry": {"type": "Polygon", "coordinates": [[[77.58999999999999, 12.799999999999999], [77.61, 12.799999999999999], [77.61, 12.819999999999999], [77.58999999999999, 12.819999999999999], [77.58999999999999, 12.799999999999999]]]}, "properties": {"cell_id": "blr_0468", "flood_depth_m": {"rp10": 0.06, "rp100": 0.14}, "glof_depth_m": 0.0, "landslide_prob": 0.01, "population": 6197, "critical_assets": [], "eal_people": 58.252, "eal_usd": 145630.0, "observed_flood_frac": null, "modeled_flood_frac": 0.02, "elev_m": 917.8, "slope_deg": 1.2, "n_lakes": 0, "n_drains": 0, "low_income_score": 0.4}}, {"type": "Feature", "geometry": {"type": "Polygon", "coordinates": [[[77.61, 12.799999999999999], [77.63, 12.799999999999999], [77.63, 12.819999999999999], [77.61, 12.819999999999999], [77.61, 12.799999999999999]]]}, "properties": {"cell_id": "blr_0469", "flood_depth_m": {"rp10": 0.17, "rp100": 0.42}, "glof_depth_m": 0.0, "landslide_prob": 0.009, "population": 5926, "critical_assets": ["lake"], "eal_people": 161.187, "eal_usd": 402968.0, "observed_flood_frac": null, "modeled_flood_frac": 0.06, "elev_m": 907.4, "slope_deg": 1.1, "n_lakes": 1, "n_drains": 0, "low_income_score": 0.4}}, {"type": "Feature", "geometry": {"type": "Polygon", "coordinates": [[[77.63, 12.799999999999999], [77.64999999999999, 12.799999999999999], [77.64999999999999, 12.819999999999999], [77.63, 12.819999999999999], [77.63, 12.799999999999999]]]}, "properties": {"cell_id": "blr_0470", "flood_depth_m": {"rp10": 0.05, "rp100": 0.13}, "glof_depth_m": 0.0, "landslide_prob": 0.009, "population": 5809, "critical_assets": [], "eal_people": 74.936, "eal_usd": 187340.0, "observed_flood_frac": null, "modeled_flood_frac": 0.07, "elev_m": 909.5, "slope_deg": 1.1, "n_lakes": 0, "n_drains": 0, "low_income_score": 0.4}}, {"type": "Feature", "geometry": {"type": "Polygon", "coordinates": [[[77.64999999999999, 12.799999999999999], [77.66999999999999, 12.799999999999999], [77.66999999999999, 12.819999999999999], [77.64999999999999, 12.819999999999999], [77.64999999999999, 12.799999999999999]]]}, "properties": {"cell_id": "blr_0471", "flood_depth_m": {"rp10": 0.19, "rp100": 0.48}, "glof_depth_m": 0.0, "landslide_prob": 0.01, "population": 10847, "critical_assets": ["lake"], "eal_people": 295.038, "eal_usd": 737595.0, "observed_flood_frac": null, "modeled_flood_frac": 0.06, "elev_m": 917.5, "slope_deg": 1.2, "n_lakes": 1, "n_drains": 0, "low_income_score": 0.4}}, {"type": "Feature", "geometry": {"type": "Polygon", "coordinates": [[[77.66999999999999, 12.799999999999999], [77.69, 12.799999999999999], [77.69, 12.819999999999999], [77.66999999999999, 12.819999999999999], [77.66999999999999, 12.799999999999999]]]}, "properties": {"cell_id": "blr_0472", "flood_depth_m": {"rp10": 0.22, "rp100": 0.55}, "glof_depth_m": 0.0, "landslide_prob": 0.011, "population": 18183, "critical_assets": ["lake"], "eal_people": 532.762, "eal_usd": 1331905.0, "observed_flood_frac": null, "modeled_flood_frac": 0.09, "elev_m": 909.5, "slope_deg": 1.3, "n_lakes": 1, "n_drains": 0, "low_income_score": 0.4}}, {"type": "Feature", "geometry": {"type": "Polygon", "coordinates": [[[77.69, 12.799999999999999], [77.71, 12.799999999999999], [77.71, 12.819999999999999], [77.69, 12.819999999999999], [77.69, 12.799999999999999]]]}, "properties": {"cell_id": "blr_0473", "flood_depth_m": {"rp10": 0.06, "rp100": 0.14}, "glof_depth_m": 0.0, "landslide_prob": 0.008, "population": 13406, "critical_assets": [], "eal_people": 144.785, "eal_usd": 361962.0, "observed_flood_frac": null, "modeled_flood_frac": 0.04, "elev_m": 886.4, "slope_deg": 0.9, "n_lakes": 0, "n_drains": 0, "low_income_score": 0.4}}, {"type": "Feature", "geometry": {"type": "Polygon", "coordinates": [[[77.71, 12.799999999999999], [77.72999999999999, 12.799999999999999], [77.72999999999999, 12.819999999999999], [77.71, 12.819999999999999], [77.71, 12.799999999999999]]]}, "properties": {"cell_id": "blr_0474", "flood_depth_m": {"rp10": 0.05, "rp100": 0.12}, "glof_depth_m": 0.0, "landslide_prob": 0.009, "population": 5976, "critical_assets": [], "eal_people": 56.174, "eal_usd": 140435.0, "observed_flood_frac": null, "modeled_flood_frac": 0.02, "elev_m": 881.3, "slope_deg": 1.1, "n_lakes": 0, "n_drains": 0, "low_income_score": 0.4}}, {"type": "Feature", "geometry": {"type": "Polygon", "coordinates": [[[77.72999999999999, 12.799999999999999], [77.75, 12.799999999999999], [77.75, 12.819999999999999], [77.72999999999999, 12.819999999999999], [77.72999999999999, 12.799999999999999]]]}, "properties": {"cell_id": "blr_0475", "flood_depth_m": {"rp10": 0.11, "rp100": 0.27}, "glof_depth_m": 0.0, "landslide_prob": 0.009, "population": 4753, "critical_assets": [], "eal_people": 64.641, "eal_usd": 161602.0, "observed_flood_frac": null, "modeled_flood_frac": 0.08, "elev_m": 887.6, "slope_deg": 1.1, "n_lakes": 0, "n_drains": 0, "low_income_score": 0.4}}, {"type": "Feature", "geometry": {"type": "Polygon", "coordinates": [[[77.75, 12.799999999999999], [77.77, 12.799999999999999], [77.77, 12.819999999999999], [77.75, 12.819999999999999], [77.75, 12.799999999999999]]]}, "properties": {"cell_id": "blr_0476", "flood_depth_m": {"rp10": 0.02, "rp100": 0.05}, "glof_depth_m": 0.0, "landslide_prob": 0.007, "population": 3525, "critical_assets": [], "eal_people": 28.2, "eal_usd": 70500.0, "observed_flood_frac": null, "modeled_flood_frac": 0.0, "elev_m": 869.9, "slope_deg": 0.9, "n_lakes": 0, "n_drains": 0, "low_income_score": 0.15}}, {"type": "Feature", "geometry": {"type": "Polygon", "coordinates": [[[77.77, 12.799999999999999], [77.78999999999999, 12.799999999999999], [77.78999999999999, 12.819999999999999], [77.77, 12.819999999999999], [77.77, 12.799999999999999]]]}, "properties": {"cell_id": "blr_0477", "flood_depth_m": {"rp10": 0.18, "rp100": 0.44}, "glof_depth_m": 0.0, "landslide_prob": 0.008, "population": 5069, "critical_assets": ["lake"], "eal_people": 130.78, "eal_usd": 326950.0, "observed_flood_frac": null, "modeled_flood_frac": 0.04, "elev_m": 873.0, "slope_deg": 1.0, "n_lakes": 1, "n_drains": 0, "low_income_score": 0.4}}, {"type": "Feature", "geometry": {"type": "Polygon", "coordinates": [[[77.78999999999999, 12.799999999999999], [77.80999999999999, 12.799999999999999], [77.80999999999999, 12.819999999999999], [77.78999999999999, 12.819999999999999], [77.78999999999999, 12.799999999999999]]]}, "properties": {"cell_id": "blr_0478", "flood_depth_m": {"rp10": 0.06, "rp100": 0.16}, "glof_depth_m": 0.0, "landslide_prob": 0.009, "population": 3071, "critical_assets": [], "eal_people": 33.167, "eal_usd": 82918.0, "observed_flood_frac": null, "modeled_flood_frac": 0.04, "elev_m": 874.1, "slope_deg": 1.1, "n_lakes": 0, "n_drains": 0, "low_income_score": 0.15}}, {"type": "Feature", "geometry": {"type": "Polygon", "coordinates": [[[77.80999999999999, 12.799999999999999], [77.83, 12.799999999999999], [77.83, 12.819999999999999], [77.80999999999999, 12.819999999999999], [77.80999999999999, 12.799999999999999]]]}, "properties": {"cell_id": "blr_0479", "flood_depth_m": {"rp10": 0.06, "rp100": 0.15}, "glof_depth_m": 0.0, "landslide_prob": 0.01, "population": 1722, "critical_assets": [], "eal_people": 19.803, "eal_usd": 49508.0, "observed_flood_frac": null, "modeled_flood_frac": 0.05, "elev_m": 880.2, "slope_deg": 1.2, "n_lakes": 0, "n_drains": 0, "low_income_score": 0.15}}, {"type": "Feature", "geometry": {"type": "Polygon", "coordinates": [[[77.35, 12.78], [77.36999999999999, 12.78], [77.36999999999999, 12.799999999999999], [77.35, 12.799999999999999], [77.35, 12.78]]]}, "properties": {"cell_id": "blr_0480", "flood_depth_m": {"rp10": 0.64, "rp100": 1.61}, "glof_depth_m": 0.0, "landslide_prob": 0.032, "population": 3280, "critical_assets": [], "eal_people": 216.808, "eal_usd": 542020.0, "observed_flood_frac": null, "modeled_flood_frac": 0.83, "elev_m": 781.1, "slope_deg": 3.8, "n_lakes": 0, "n_drains": 0, "low_income_score": 0.15}}, {"type": "Feature", "geometry": {"type": "Polygon", "coordinates": [[[77.36999999999999, 12.78], [77.39, 12.78], [77.39, 12.799999999999999], [77.36999999999999, 12.799999999999999], [77.36999999999999, 12.78]]]}, "properties": {"cell_id": "blr_0481", "flood_depth_m": {"rp10": 0.74, "rp100": 1.84}, "glof_depth_m": 0.0, "landslide_prob": 0.011, "population": 3796, "critical_assets": [], "eal_people": 296.088, "eal_usd": 740220.0, "observed_flood_frac": null, "modeled_flood_frac": 1.0, "elev_m": 724.9, "slope_deg": 1.3, "n_lakes": 0, "n_drains": 0, "low_income_score": 0.15}}, {"type": "Feature", "geometry": {"type": "Polygon", "coordinates": [[[77.39, 12.78], [77.41, 12.78], [77.41, 12.799999999999999], [77.39, 12.799999999999999], [77.39, 12.78]]]}, "properties": {"cell_id": "blr_0482", "flood_depth_m": {"rp10": 1.04, "rp100": 2.6}, "glof_depth_m": 0.0, "landslide_prob": 0.011, "population": 5199, "critical_assets": ["lake"], "eal_people": 483.507, "eal_usd": 1208768.0, "observed_flood_frac": null, "modeled_flood_frac": 1.0, "elev_m": 713.0, "slope_deg": 1.4, "n_lakes": 3, "n_drains": 0, "low_income_score": 0.4}}, {"type": "Feature", "geometry": {"type": "Polygon", "coordinates": [[[77.41, 12.78], [77.42999999999999, 12.78], [77.42999999999999, 12.799999999999999], [77.41, 12.799999999999999], [77.41, 12.78]]]}, "properties": {"cell_id": "blr_0483", "flood_depth_m": {"rp10": 1.14, "rp100": 2.85}, "glof_depth_m": 0.0, "landslide_prob": 0.01, "population": 10652, "critical_assets": ["lake"], "eal_people": 990.636, "eal_usd": 2476590.0, "observed_flood_frac": null, "modeled_flood_frac": 1.0, "elev_m": 717.3, "slope_deg": 1.2, "n_lakes": 4, "n_drains": 0, "low_income_score": 0.4}}, {"type": "Feature", "geometry": {"type": "Polygon", "coordinates": [[[77.42999999999999, 12.78], [77.44999999999999, 12.78], [77.44999999999999, 12.799999999999999], [77.42999999999999, 12.799999999999999], [77.42999999999999, 12.78]]]}, "properties": {"cell_id": "blr_0484", "flood_depth_m": {"rp10": 0.74, "rp100": 1.84}, "glof_depth_m": 0.0, "landslide_prob": 0.013, "population": 2838, "critical_assets": [], "eal_people": 221.364, "eal_usd": 553410.0, "observed_flood_frac": null, "modeled_flood_frac": 1.0, "elev_m": 711.2, "slope_deg": 1.5, "n_lakes": 0, "n_drains": 0, "low_income_score": 0.15}}, {"type": "Feature", "geometry": {"type": "Polygon", "coordinates": [[[77.44999999999999, 12.78], [77.47, 12.78], [77.47, 12.799999999999999], [77.44999999999999, 12.799999999999999], [77.44999999999999, 12.78]]]}, "properties": {"cell_id": "blr_0485", "flood_depth_m": {"rp10": 0.84, "rp100": 2.1}, "glof_depth_m": 0.0, "landslide_prob": 0.016, "population": 834, "critical_assets": ["lake"], "eal_people": 77.562, "eal_usd": 193905.0, "observed_flood_frac": null, "modeled_flood_frac": 1.0, "elev_m": 755.0, "slope_deg": 1.9, "n_lakes": 1, "n_drains": 0, "low_income_score": 0.15}}, {"type": "Feature", "geometry": {"type": "Polygon", "coordinates": [[[77.47, 12.78], [77.49, 12.78], [77.49, 12.799999999999999], [77.47, 12.799999999999999], [77.47, 12.78]]]}, "properties": {"cell_id": "blr_0486", "flood_depth_m": {"rp10": 0.78, "rp100": 1.95}, "glof_depth_m": 0.0, "landslide_prob": 0.014, "population": 483, "critical_assets": [], "eal_people": 37.674, "eal_usd": 94185.0, "observed_flood_frac": null, "modeled_flood_frac": 1.0, "elev_m": 758.9, "slope_deg": 1.6, "n_lakes": 0, "n_drains": 0, "low_income_score": 0.15}}, {"type": "Feature", "geometry": {"type": "Polygon", "coordinates": [[[77.49, 12.78], [77.50999999999999, 12.78], [77.50999999999999, 12.799999999999999], [77.49, 12.799999999999999], [77.49, 12.78]]]}, "properties": {"cell_id": "blr_0487", "flood_depth_m": {"rp10": 0.84, "rp100": 2.1}, "glof_depth_m": 0.0, "landslide_prob": 0.011, "population": 1369, "critical_assets": ["lake"], "eal_people": 127.317, "eal_usd": 318292.0, "observed_flood_frac": null, "modeled_flood_frac": 1.0, "elev_m": 746.5, "slope_deg": 1.4, "n_lakes": 1, "n_drains": 0, "low_income_score": 0.15}}, {"type": "Feature", "geometry": {"type": "Polygon", "coordinates": [[[77.50999999999999, 12.78], [77.53, 12.78], [77.53, 12.799999999999999], [77.50999999999999, 12.799999999999999], [77.50999999999999, 12.78]]]}, "properties": {"cell_id": "blr_0488", "flood_depth_m": {"rp10": 0.78, "rp100": 1.94}, "glof_depth_m": 0.0, "landslide_prob": 0.01, "population": 1427, "critical_assets": [], "eal_people": 111.306, "eal_usd": 278265.0, "observed_flood_frac": null, "modeled_flood_frac": 1.0, "elev_m": 741.6, "slope_deg": 1.2, "n_lakes": 0, "n_drains": 0, "low_income_score": 0.15}}, {"type": "Feature", "geometry": {"type": "Polygon", "coordinates": [[[77.53, 12.78], [77.55, 12.78], [77.55, 12.799999999999999], [77.53, 12.799999999999999], [77.53, 12.78]]]}, "properties": {"cell_id": "blr_0489", "flood_depth_m": {"rp10": 0.92, "rp100": 2.3}, "glof_depth_m": 0.0, "landslide_prob": 0.025, "population": 2120, "critical_assets": ["lake"], "eal_people": 173.416, "eal_usd": 433540.0, "observed_flood_frac": null, "modeled_flood_frac": 0.84, "elev_m": 782.4, "slope_deg": 3.0, "n_lakes": 3, "n_drains": 0, "low_income_score": 0.15}}, {"type": "Feature", "geometry": {"type": "Polygon", "coordinates": [[[77.55, 12.78], [77.57, 12.78], [77.57, 12.799999999999999], [77.55, 12.799999999999999], [77.55, 12.78]]]}, "properties": {"cell_id": "blr_0490", "flood_depth_m": {"rp10": 0.46, "rp100": 1.14}, "glof_depth_m": 0.0, "landslide_prob": 0.024, "population": 2081, "critical_assets": ["lake"], "eal_people": 50.776, "eal_usd": 126940.0, "observed_flood_frac": null, "modeled_flood_frac": 0.02, "elev_m": 870.1, "slope_deg": 2.8, "n_lakes": 4, "n_drains": 0, "low_income_score": 0.15}}, {"type": "Feature", "geometry": {"type": "Polygon", "coordinates": [[[77.57, 12.78], [77.58999999999999, 12.78], [77.58999999999999, 12.799999999999999], [77.57, 12.799999999999999], [77.57, 12.78]]]}, "properties": {"cell_id": "blr_0491", "flood_depth_m": {"rp10": 0.25, "rp100": 0.62}, "glof_depth_m": 0.0, "landslide_prob": 0.026, "population": 3075, "critical_assets": ["lake"], "eal_people": 79.335, "eal_usd": 198337.0, "observed_flood_frac": null, "modeled_flood_frac": 0.04, "elev_m": 900.2, "slope_deg": 3.2, "n_lakes": 2, "n_drains": 0, "low_income_score": 0.15}}, {"type": "Feature", "geometry": {"type": "Polygon", "coordinates": [[[77.58999999999999, 12.78], [77.61, 12.78], [77.61, 12.799999999999999], [77.58999999999999, 12.799999999999999], [77.58999999999999, 12.78]]]}, "properties": {"cell_id": "blr_0492", "flood_depth_m": {"rp10": 0.05, "rp100": 0.13}, "glof_depth_m": 0.0, "landslide_prob": 0.012, "population": 4612, "critical_assets": [], "eal_people": 53.038, "eal_usd": 132595.0, "observed_flood_frac": null, "modeled_flood_frac": 0.05, "elev_m": 911.2, "slope_deg": 1.4, "n_lakes": 0, "n_drains": 0, "low_income_score": 0.4}}, {"type": "Feature", "geometry": {"type": "Polygon", "coordinates": [[[77.61, 12.78], [77.63, 12.78], [77.63, 12.799999999999999], [77.61, 12.799999999999999], [77.61, 12.78]]]}, "properties": {"cell_id": "blr_0493", "flood_depth_m": {"rp10": 0.11, "rp100": 0.27}, "glof_depth_m": 0.0, "landslide_prob": 0.012, "population": 8191, "critical_assets": [], "eal_people": 105.664, "eal_usd": 264160.0, "observed_flood_frac": null, "modeled_flood_frac": 0.07, "elev_m": 912.9, "slope_deg": 1.4, "n_lakes": 0, "n_drains": 0, "low_income_score": 0.4}}, {"type": "Feature", "geometry": {"type": "Polygon", "coordinates": [[[77.63, 12.78], [77.64999999999999, 12.78], [77.64999999999999, 12.799999999999999], [77.63, 12.799999999999999], [77.63, 12.78]]]}, "properties": {"cell_id": "blr_0494", "flood_depth_m": {"rp10": 0.16, "rp100": 0.41}, "glof_depth_m": 0.0, "landslide_prob": 0.008, "population": 10898, "critical_assets": ["lake"], "eal_people": 265.911, "eal_usd": 664778.0, "observed_flood_frac": null, "modeled_flood_frac": 0.02, "elev_m": 898.7, "slope_deg": 1.0, "n_lakes": 1, "n_drains": 0, "low_income_score": 0.4}}, {"type": "Feature", "geometry": {"type": "Polygon", "coordinates": [[[77.64999999999999, 12.78], [77.66999999999999, 12.78], [77.66999999999999, 12.799999999999999], [77.64999999999999, 12.799999999999999], [77.64999999999999, 12.78]]]}, "properties": {"cell_id": "blr_0495", "flood_depth_m": {"rp10": 0.18, "rp100": 0.44}, "glof_depth_m": 0.0, "landslide_prob": 0.009, "population": 8124, "critical_assets": ["lake"], "eal_people": 209.599, "eal_usd": 523998.0, "observed_flood_frac": null, "modeled_flood_frac": 0.04, "elev_m": 899.4, "slope_deg": 1.1, "n_lakes": 1, "n_drains": 0, "low_income_score": 0.4}}, {"type": "Feature", "geometry": {"type": "Polygon", "coordinates": [[[77.66999999999999, 12.78], [77.69, 12.78], [77.69, 12.799999999999999], [77.66999999999999, 12.799999999999999], [77.66999999999999, 12.78]]]}, "properties": {"cell_id": "blr_0496", "flood_depth_m": {"rp10": 0.03, "rp100": 0.08}, "glof_depth_m": 0.0, "landslide_prob": 0.008, "population": 6184, "critical_assets": [], "eal_people": 58.13, "eal_usd": 145325.0, "observed_flood_frac": null, "modeled_flood_frac": 0.02, "elev_m": 890.4, "slope_deg": 1.0, "n_lakes": 0, "n_drains": 0, "low_income_score": 0.4}}, {"type": "Feature", "geometry": {"type": "Polygon", "coordinates": [[[77.69, 12.78], [77.71, 12.78], [77.71, 12.799999999999999], [77.69, 12.799999999999999], [77.69, 12.78]]]}, "properties": {"cell_id": "blr_0497", "flood_depth_m": {"rp10": 0.08, "rp100": 0.2}, "glof_depth_m": 0.0, "landslide_prob": 0.008, "population": 7966, "critical_assets": [], "eal_people": 86.033, "eal_usd": 215082.0, "observed_flood_frac": null, "modeled_flood_frac": 0.04, "elev_m": 890.2, "slope_deg": 1.0, "n_lakes": 0, "n_drains": 0, "low_income_score": 0.4}}, {"type": "Feature", "geometry": {"type": "Polygon", "coordinates": [[[77.71, 12.78], [77.72999999999999, 12.78], [77.72999999999999, 12.799999999999999], [77.71, 12.799999999999999], [77.71, 12.78]]]}, "properties": {"cell_id": "blr_0498", "flood_depth_m": {"rp10": 0.18, "rp100": 0.46}, "glof_depth_m": 0.0, "landslide_prob": 0.009, "population": 6786, "critical_assets": ["lake"], "eal_people": 194.08, "eal_usd": 485200.0, "observed_flood_frac": null, "modeled_flood_frac": 0.08, "elev_m": 898.5, "slope_deg": 1.1, "n_lakes": 1, "n_drains": 0, "low_income_score": 0.4}}, {"type": "Feature", "geometry": {"type": "Polygon", "coordinates": [[[77.72999999999999, 12.78], [77.75, 12.78], [77.75, 12.799999999999999], [77.72999999999999, 12.799999999999999], [77.72999999999999, 12.78]]]}, "properties": {"cell_id": "blr_0499", "flood_depth_m": {"rp10": 0.19, "rp100": 0.48}, "glof_depth_m": 0.0, "landslide_prob": 0.01, "population": 8547, "critical_assets": ["lake"], "eal_people": 232.478, "eal_usd": 581195.0, "observed_flood_frac": null, "modeled_flood_frac": 0.06, "elev_m": 899.7, "slope_deg": 1.2, "n_lakes": 1, "n_drains": 0, "low_income_score": 0.4}}, {"type": "Feature", "geometry": {"type": "Polygon", "coordinates": [[[77.75, 12.78], [77.77, 12.78], [77.77, 12.799999999999999], [77.75, 12.799999999999999], [77.75, 12.78]]]}, "properties": {"cell_id": "blr_0500", "flood_depth_m": {"rp10": 0.09, "rp100": 0.22}, "glof_depth_m": 0.0, "landslide_prob": 0.01, "population": 7060, "critical_assets": [], "eal_people": 86.132, "eal_usd": 215330.0, "observed_flood_frac": null, "modeled_flood_frac": 0.06, "elev_m": 884.6, "slope_deg": 1.2, "n_lakes": 0, "n_drains": 0, "low_income_score": 0.4}}, {"type": "Feature", "geometry": {"type": "Polygon", "coordinates": [[[77.77, 12.78], [77.78999999999999, 12.78], [77.78999999999999, 12.799999999999999], [77.77, 12.799999999999999], [77.77, 12.78]]]}, "properties": {"cell_id": "blr_0501", "flood_depth_m": {"rp10": 0.06, "rp100": 0.15}, "glof_depth_m": 0.0, "landslide_prob": 0.008, "population": 6274, "critical_assets": [], "eal_people": 80.935, "eal_usd": 202338.0, "observed_flood_frac": null, "modeled_flood_frac": 0.07, "elev_m": 869.5, "slope_deg": 1.0, "n_lakes": 0, "n_drains": 0, "low_income_score": 0.4}}, {"type": "Feature", "geometry": {"type": "Polygon", "coordinates": [[[77.78999999999999, 12.78], [77.80999999999999, 12.78], [77.80999999999999, 12.799999999999999], [77.78999999999999, 12.799999999999999], [77.78999999999999, 12.78]]]}, "properties": {"cell_id": "blr_0502", "flood_depth_m": {"rp10": 0.08, "rp100": 0.19}, "glof_depth_m": 0.0, "landslide_prob": 0.008, "population": 3179, "critical_assets": [], "eal_people": 32.108, "eal_usd": 80270.0, "observed_flood_frac": null, "modeled_flood_frac": 0.03, "elev_m": 860.5, "slope_deg": 1.0, "n_lakes": 0, "n_drains": 0, "low_income_score": 0.15}}, {"type": "Feature", "geometry": {"type": "Polygon", "coordinates": [[[77.80999999999999, 12.78], [77.83, 12.78], [77.83, 12.799999999999999], [77.80999999999999, 12.799999999999999], [77.80999999999999, 12.78]]]}, "properties": {"cell_id": "blr_0503", "flood_depth_m": {"rp10": 0.02, "rp100": 0.06}, "glof_depth_m": 0.0, "landslide_prob": 0.009, "population": 1928, "critical_assets": [], "eal_people": 19.473, "eal_usd": 48682.0, "observed_flood_frac": null, "modeled_flood_frac": 0.03, "elev_m": 862.0, "slope_deg": 1.1, "n_lakes": 0, "n_drains": 0, "low_income_score": 0.15}}, {"type": "Feature", "geometry": {"type": "Polygon", "coordinates": [[[77.35, 12.76], [77.36999999999999, 12.76], [77.36999999999999, 12.78], [77.35, 12.78], [77.35, 12.76]]]}, "properties": {"cell_id": "blr_0504", "flood_depth_m": {"rp10": 0.68, "rp100": 1.71}, "glof_depth_m": 0.0, "landslide_prob": 0.02, "population": 2129, "critical_assets": [], "eal_people": 151.159, "eal_usd": 377898.0, "observed_flood_frac": null, "modeled_flood_frac": 0.9, "elev_m": 766.2, "slope_deg": 2.4, "n_lakes": 0, "n_drains": 0, "low_income_score": 0.15}}, {"type": "Feature", "geometry": {"type": "Polygon", "coordinates": [[[77.36999999999999, 12.76], [77.39, 12.76], [77.39, 12.78], [77.36999999999999, 12.78], [77.36999999999999, 12.76]]]}, "properties": {"cell_id": "blr_0505", "flood_depth_m": {"rp10": 0.76, "rp100": 1.91}, "glof_depth_m": 0.0, "landslide_prob": 0.012, "population": 1569, "critical_assets": [], "eal_people": 122.382, "eal_usd": 305955.0, "observed_flood_frac": null, "modeled_flood_frac": 1.0, "elev_m": 722.2, "slope_deg": 1.4, "n_lakes": 0, "n_drains": 0, "low_income_score": 0.15}}, {"type": "Feature", "geometry": {"type": "Polygon", "coordinates": [[[77.39, 12.76], [77.41, 12.76], [77.41, 12.78], [77.39, 12.78], [77.39, 12.76]]]}, "properties": {"cell_id": "blr_0506", "flood_depth_m": {"rp10": 0.76, "rp100": 1.89}, "glof_depth_m": 0.0, "landslide_prob": 0.008, "population": 4071, "critical_assets": [], "eal_people": 317.538, "eal_usd": 793845.0, "observed_flood_frac": null, "modeled_flood_frac": 1.0, "elev_m": 697.7, "slope_deg": 0.9, "n_lakes": 0, "n_drains": 0, "low_income_score": 0.4}}, {"type": "Feature", "geometry": {"type": "Polygon", "coordinates": [[[77.41, 12.76], [77.42999999999999, 12.76], [77.42999999999999, 12.78], [77.41, 12.78], [77.41, 12.76]]]}, "properties": {"cell_id": "blr_0507", "flood_depth_m": {"rp10": 0.84, "rp100": 2.11}, "glof_depth_m": 0.0, "landslide_prob": 0.008, "population": 7187, "critical_assets": ["lake"], "eal_people": 668.391, "eal_usd": 1670978.0, "observed_flood_frac": null, "modeled_flood_frac": 1.0, "elev_m": 701.9, "slope_deg": 1.0, "n_lakes": 1, "n_drains": 0, "low_income_score": 0.4}}, {"type": "Feature", "geometry": {"type": "Polygon", "coordinates": [[[77.42999999999999, 12.76], [77.44999999999999, 12.76], [77.44999999999999, 12.78], [77.42999999999999, 12.78], [77.42999999999999, 12.76]]]}, "properties": {"cell_id": "blr_0508", "flood_depth_m": {"rp10": 0.82, "rp100": 2.06}, "glof_depth_m": 0.0, "landslide_prob": 0.013, "population": 1631, "critical_assets": ["lake"], "eal_people": 151.683, "eal_usd": 379208.0, "observed_flood_frac": null, "modeled_flood_frac": 1.0, "elev_m": 713.4, "slope_deg": 1.5, "n_lakes": 1, "n_drains": 0, "low_income_score": 0.15}}, {"type": "Feature", "geometry": {"type": "Polygon", "coordinates": [[[77.44999999999999, 12.76], [77.47, 12.76], [77.47, 12.78], [77.44999999999999, 12.78], [77.44999999999999, 12.76]]]}, "properties": {"cell_id": "blr_0509", "flood_depth_m": {"rp10": 0.73, "rp100": 1.82}, "glof_depth_m": 0.0, "landslide_prob": 0.014, "population": 902, "critical_assets": [], "eal_people": 70.356, "eal_usd": 175890.0, "observed_flood_frac": null, "modeled_flood_frac": 1.0, "elev_m": 743.6, "slope_deg": 1.7, "n_lakes": 0, "n_drains": 0, "low_income_score": 0.15}}, {"type": "Feature", "geometry": {"type": "Polygon", "coordinates": [[[77.47, 12.76], [77.49, 12.76], [77.49, 12.78], [77.47, 12.78], [77.47, 12.76]]]}, "properties": {"cell_id": "blr_0510", "flood_depth_m": {"rp10": 0.74, "rp100": 1.86}, "glof_depth_m": 0.0, "landslide_prob": 0.012, "population": 512, "critical_assets": [], "eal_people": 39.936, "eal_usd": 99840.0, "observed_flood_frac": null, "modeled_flood_frac": 1.0, "elev_m": 738.6, "slope_deg": 1.5, "n_lakes": 0, "n_drains": 0, "low_income_score": 0.15}}, {"type": "Feature", "geometry": {"type": "Polygon", "coordinates": [[[77.49, 12.76], [77.50999999999999, 12.76], [77.50999999999999, 12.78], [77.49, 12.78], [77.49, 12.76]]]}, "properties": {"cell_id": "blr_0511", "flood_depth_m": {"rp10": 0.88, "rp100": 2.19}, "glof_depth_m": 0.0, "landslide_prob": 0.009, "population": 871, "critical_assets": ["lake"], "eal_people": 81.003, "eal_usd": 202508.0, "observed_flood_frac": null, "modeled_flood_frac": 1.0, "elev_m": 724.9, "slope_deg": 1.0, "n_lakes": 1, "n_drains": 0, "low_income_score": 0.15}}, {"type": "Feature", "geometry": {"type": "Polygon", "coordinates": [[[77.50999999999999, 12.76], [77.53, 12.76], [77.53, 12.78], [77.50999999999999, 12.78], [77.50999999999999, 12.76]]]}, "properties": {"cell_id": "blr_0512", "flood_depth_m": {"rp10": 0.72, "rp100": 1.8}, "glof_depth_m": 0.0, "landslide_prob": 0.01, "population": 868, "critical_assets": [], "eal_people": 67.704, "eal_usd": 169260.0, "observed_flood_frac": null, "modeled_flood_frac": 1.0, "elev_m": 735.0, "slope_deg": 1.2, "n_lakes": 0, "n_drains": 0, "low_income_score": 0.15}}, {"type": "Feature", "geometry": {"type": "Polygon", "coordinates": [[[77.53, 12.76], [77.55, 12.76], [77.55, 12.78], [77.53, 12.78], [77.53, 12.76]]]}, "properties": {"cell_id": "blr_0513", "flood_depth_m": {"rp10": 0.85, "rp100": 2.13}, "glof_depth_m": 0.0, "landslide_prob": 0.015, "population": 1598, "critical_assets": ["lake"], "eal_people": 147.495, "eal_usd": 368738.0, "observed_flood_frac": null, "modeled_flood_frac": 0.99, "elev_m": 766.8, "slope_deg": 1.8, "n_lakes": 1, "n_drains": 0, "low_income_score": 0.15}}, {"type": "Feature", "geometry": {"type": "Polygon", "coordinates": [[[77.55, 12.76], [77.57, 12.76], [77.57, 12.78], [77.55, 12.78], [77.55, 12.76]]]}, "properties": {"cell_id": "blr_0514", "flood_depth_m": {"rp10": 0.34, "rp100": 0.85}, "glof_depth_m": 0.0, "landslide_prob": 0.036, "population": 816, "critical_assets": [], "eal_people": 28.805, "eal_usd": 72012.0, "observed_flood_frac": null, "modeled_flood_frac": 0.39, "elev_m": 826.4, "slope_deg": 4.4, "n_lakes": 0, "n_drains": 0, "low_income_score": 0.15}}, {"type": "Feature", "geometry": {"type": "Polygon", "coordinates": [[[77.57, 12.76], [77.58999999999999, 12.76], [77.58999999999999, 12.78], [77.57, 12.78], [77.57, 12.76]]]}, "properties": {"cell_id": "blr_0515", "flood_depth_m": {"rp10": 0.06, "rp100": 0.15}, "glof_depth_m": 0.0, "landslide_prob": 0.03, "population": 1611, "critical_assets": [], "eal_people": 20.782, "eal_usd": 51955.0, "observed_flood_frac": null, "modeled_flood_frac": 0.07, "elev_m": 903.2, "slope_deg": 3.6, "n_lakes": 0, "n_drains": 0, "low_income_score": 0.15}}, {"type": "Feature", "geometry": {"type": "Polygon", "coordinates": [[[77.58999999999999, 12.76], [77.61, 12.76], [77.61, 12.78], [77.58999999999999, 12.78], [77.58999999999999, 12.76]]]}, "properties": {"cell_id": "blr_0516", "flood_depth_m": {"rp10": 0.04, "rp100": 0.09}, "glof_depth_m": 0.0, "landslide_prob": 0.029, "population": 3445, "critical_assets": [], "eal_people": 27.56, "eal_usd": 68900.0, "observed_flood_frac": null, "modeled_flood_frac": 0.0, "elev_m": 886.8, "slope_deg": 3.5, "n_lakes": 0, "n_drains": 0, "low_income_score": 0.15}}, {"type": "Feature", "geometry": {"type": "Polygon", "coordinates": [[[77.61, 12.76], [77.63, 12.76], [77.63, 12.78], [77.61, 12.78], [77.61, 12.76]]]}, "properties": {"cell_id": "blr_0517", "flood_depth_m": {"rp10": 0.07, "rp100": 0.18}, "glof_depth_m": 0.0, "landslide_prob": 0.01, "population": 6812, "critical_assets": [], "eal_people": 102.18, "eal_usd": 255450.0, "observed_flood_frac": null, "modeled_flood_frac": 0.1, "elev_m": 914.6, "slope_deg": 1.2, "n_lakes": 0, "n_drains": 0, "low_income_score": 0.4}}, {"type": "Feature", "geometry": {"type": "Polygon", "coordinates": [[[77.63, 12.76], [77.64999999999999, 12.76], [77.64999999999999, 12.78], [77.63, 12.78], [77.63, 12.76]]]}, "properties": {"cell_id": "blr_0518", "flood_depth_m": {"rp10": 0.23, "rp100": 0.58}, "glof_depth_m": 0.0, "landslide_prob": 0.009, "population": 17621, "critical_assets": ["lake"], "eal_people": 454.622, "eal_usd": 1136555.0, "observed_flood_frac": null, "modeled_flood_frac": 0.04, "elev_m": 904.6, "slope_deg": 1.1, "n_lakes": 2, "n_drains": 0, "low_income_score": 0.4}}, {"type": "Feature", "geometry": {"type": "Polygon", "coordinates": [[[77.64999999999999, 12.76], [77.66999999999999, 12.76], [77.66999999999999, 12.78], [77.64999999999999, 12.78], [77.64999999999999, 12.76]]]}, "properties": {"cell_id": "blr_0519", "flood_depth_m": {"rp10": 0.04, "rp100": 0.1}, "glof_depth_m": 0.0, "landslide_prob": 0.008, "population": 5524, "critical_assets": [], "eal_people": 51.926, "eal_usd": 129815.0, "observed_flood_frac": null, "modeled_flood_frac": 0.02, "elev_m": 896.6, "slope_deg": 1.0, "n_lakes": 0, "n_drains": 0, "low_income_score": 0.4}}, {"type": "Feature", "geometry": {"type": "Polygon", "coordinates": [[[77.66999999999999, 12.76], [77.69, 12.76], [77.69, 12.78], [77.66999999999999, 12.78], [77.66999999999999, 12.76]]]}, "properties": {"cell_id": "blr_0520", "flood_depth_m": {"rp10": 0.06, "rp100": 0.16}, "glof_depth_m": 0.0, "landslide_prob": 0.01, "population": 5564, "critical_assets": [], "eal_people": 60.091, "eal_usd": 150228.0, "observed_flood_frac": null, "modeled_flood_frac": 0.04, "elev_m": 900.7, "slope_deg": 1.2, "n_lakes": 0, "n_drains": 0, "low_income_score": 0.4}}, {"type": "Feature", "geometry": {"type": "Polygon", "coordinates": [[[77.69, 12.76], [77.71, 12.76], [77.71, 12.78], [77.69, 12.78], [77.69, 12.76]]]}, "properties": {"cell_id": "blr_0521", "flood_depth_m": {"rp10": 0.07, "rp100": 0.18}, "glof_depth_m": 0.0, "landslide_prob": 0.009, "population": 6737, "critical_assets": [], "eal_people": 86.907, "eal_usd": 217268.0, "observed_flood_frac": null, "modeled_flood_frac": 0.07, "elev_m": 902.6, "slope_deg": 1.1, "n_lakes": 0, "n_drains": 0, "low_income_score": 0.4}}, {"type": "Feature", "geometry": {"type": "Polygon", "coordinates": [[[77.71, 12.76], [77.72999999999999, 12.76], [77.72999999999999, 12.78], [77.71, 12.78], [77.71, 12.76]]]}, "properties": {"cell_id": "blr_0522", "flood_depth_m": {"rp10": 0.06, "rp100": 0.16}, "glof_depth_m": 0.0, "landslide_prob": 0.009, "population": 5625, "critical_assets": [], "eal_people": 52.875, "eal_usd": 132188.0, "observed_flood_frac": null, "modeled_flood_frac": 0.02, "elev_m": 898.5, "slope_deg": 1.1, "n_lakes": 0, "n_drains": 0, "low_income_score": 0.4}}, {"type": "Feature", "geometry": {"type": "Polygon", "coordinates": [[[77.72999999999999, 12.76], [77.75, 12.76], [77.75, 12.78], [77.72999999999999, 12.78], [77.72999999999999, 12.76]]]}, "properties": {"cell_id": "blr_0523", "flood_depth_m": {"rp10": 0.08, "rp100": 0.2}, "glof_depth_m": 0.0, "landslide_prob": 0.01, "population": 6535, "critical_assets": [], "eal_people": 70.578, "eal_usd": 176445.0, "observed_flood_frac": null, "modeled_flood_frac": 0.04, "elev_m": 892.6, "slope_deg": 1.2, "n_lakes": 0, "n_drains": 0, "low_income_score": 0.4}}, {"type": "Feature", "geometry": {"type": "Polygon", "coordinates": [[[77.75, 12.76], [77.77, 12.76], [77.77, 12.78], [77.75, 12.78], [77.75, 12.76]]]}, "properties": {"cell_id": "blr_0524", "flood_depth_m": {"rp10": 0.05, "rp100": 0.12}, "glof_depth_m": 0.0, "landslide_prob": 0.007, "population": 6698, "critical_assets": [], "eal_people": 62.961, "eal_usd": 157402.0, "observed_flood_frac": null, "modeled_flood_frac": 0.02, "elev_m": 878.8, "slope_deg": 0.9, "n_lakes": 0, "n_drains": 0, "low_income_score": 0.4}}, {"type": "Feature", "geometry": {"type": "Polygon", "coordinates": [[[77.77, 12.76], [77.78999999999999, 12.76], [77.78999999999999, 12.78], [77.77, 12.78], [77.77, 12.76]]]}, "properties": {"cell_id": "blr_0525", "flood_depth_m": {"rp10": 0.26, "rp100": 0.65}, "glof_depth_m": 0.0, "landslide_prob": 0.009, "population": 7559, "critical_assets": ["lake"], "eal_people": 173.857, "eal_usd": 434642.0, "observed_flood_frac": null, "modeled_flood_frac": 0.0, "elev_m": 871.8, "slope_deg": 1.1, "n_lakes": 2, "n_drains": 0, "low_income_score": 0.4}}, {"type": "Feature", "geometry": {"type": "Polygon", "coordinates": [[[77.78999999999999, 12.76], [77.80999999999999, 12.76], [77.80999999999999, 12.78], [77.78999999999999, 12.78], [77.78999999999999, 12.76]]]}, "properties": {"cell_id": "blr_0526", "flood_depth_m": {"rp10": 0.1, "rp100": 0.26}, "glof_depth_m": 0.0, "landslide_prob": 0.01, "population": 10461, "critical_assets": [], "eal_people": 149.592, "eal_usd": 373980.0, "observed_flood_frac": null, "modeled_flood_frac": 0.09, "elev_m": 876.3, "slope_deg": 1.2, "n_lakes": 0, "n_drains": 0, "low_income_score": 0.4}}, {"type": "Feature", "geometry": {"type": "Polygon", "coordinates": [[[77.80999999999999, 12.76], [77.83, 12.76], [77.83, 12.78], [77.80999999999999, 12.78], [77.80999999999999, 12.76]]]}, "properties": {"cell_id": "blr_0527", "flood_depth_m": {"rp10": 0.13, "rp100": 0.32}, "glof_depth_m": 0.0, "landslide_prob": 0.009, "population": 3155, "critical_assets": ["lake"], "eal_people": 76.982, "eal_usd": 192455.0, "observed_flood_frac": null, "modeled_flood_frac": 0.02, "elev_m": 855.3, "slope_deg": 1.1, "n_lakes": 1, "n_drains": 0, "low_income_score": 0.15}}], "provenance": {"data_status": "model output \u2014 D8 HAND valleys as pluvial-flood proxy; no SAR CSI for Bengaluru", "generated_utc": "2026-09-19T20:50:13Z", "bbox": [77.35, 12.75, 77.85, 13.2], "osm_assets": 0, "osm_water": 400, "worldpop": true, "method": "HAND \u2264 112.55 m (18th percentile) on GLO-30"}}