{"type": "FeatureCollection", "features": [{"type": "Feature", "geometry": {"type": "Polygon", "coordinates": [[[77.35, 13.18], [77.36999999999999, 13.18], [77.36999999999999, 13.2], [77.35, 13.2], [77.35, 13.18]]]}, "properties": {"cell_id": "blr_0000", "flood_depth_m": {"rp10": 0.03, "rp100": 0.07}, "glof_depth_m": 0.0, "landslide_prob": 0.009, "population": 1006, "critical_assets": [], "eal_people": 11.68, "eal_usd": 29200.0, "observed_flood_frac": null, "modeled_flood_frac": 0.04, "elev_m": 896.0, "slope_deg": 1.1, "n_lakes": 0, "n_drains": 0, "low_income_score": 0.15, "equity_weight": 1.075, "scenario": "with_preventive_measures", "people_risk_eal": 11.68, "modeled_reduction_pct": 0.0, "data_status": "counterfactual simulation using literature-based intervention effects; not an observed intervention trial"}}, {"type": "Feature", "geometry": {"type": "Polygon", "coordinates": [[[77.36999999999999, 13.18], [77.39, 13.18], [77.39, 13.2], [77.36999999999999, 13.2], [77.36999999999999, 13.18]]]}, "properties": {"cell_id": "blr_0001", "flood_depth_m": {"rp10": 0.02, "rp100": 0.05}, "glof_depth_m": 0.0, "landslide_prob": 0.01, "population": 1214, "critical_assets": [], "eal_people": 11.354, "eal_usd": 28385.0, "observed_flood_frac": null, "modeled_flood_frac": 0.01, "elev_m": 894.6, "slope_deg": 1.2, "n_lakes": 0, "n_drains": 0, "low_income_score": 0.15, "equity_weight": 1.075, "scenario": "with_preventive_measures", "people_risk_eal": 11.354, "modeled_reduction_pct": 0.0, "data_status": "counterfactual simulation using literature-based intervention effects; not an observed intervention trial"}}, {"type": "Feature", "geometry": {"type": "Polygon", "coordinates": [[[77.39, 13.18], [77.41, 13.18], [77.41, 13.2], [77.39, 13.2], [77.39, 13.18]]]}, "properties": {"cell_id": "blr_0002", "flood_depth_m": {"rp10": 0.03, "rp100": 0.07}, "glof_depth_m": 0.0, "landslide_prob": 0.009, "population": 1539, "critical_assets": [], "eal_people": 17.868, "eal_usd": 44670.0, "observed_flood_frac": null, "modeled_flood_frac": 0.04, "elev_m": 904.8, "slope_deg": 1.1, "n_lakes": 0, "n_drains": 0, "low_income_score": 0.15, "equity_weight": 1.075, "scenario": "with_preventive_measures", "people_risk_eal": 17.868, "modeled_reduction_pct": 0.0, "data_status": "counterfactual simulation using literature-based intervention effects; not an observed intervention trial"}}, {"type": "Feature", "geometry": {"type": "Polygon", "coordinates": [[[77.41, 13.18], [77.42999999999999, 13.18], [77.42999999999999, 13.2], [77.41, 13.2], [77.41, 13.18]]]}, "properties": {"cell_id": "blr_0003", "flood_depth_m": {"rp10": 0.15, "rp100": 0.38}, "glof_depth_m": 0.0, "landslide_prob": 0.01, "population": 2525, "critical_assets": ["lake"], "eal_people": 75.731, "eal_usd": 189328.0, "observed_flood_frac": null, "modeled_flood_frac": 0.07, "elev_m": 902.4, "slope_deg": 1.2, "n_lakes": 1, "n_drains": 0, "low_income_score": 0.15, "equity_weight": 1.075, "scenario": "with_preventive_measures", "people_risk_eal": 75.731, "modeled_reduction_pct": 0.0, "data_status": "counterfactual simulation using literature-based intervention effects; not an observed intervention trial"}}, {"type": "Feature", "geometry": {"type": "Polygon", "coordinates": [[[77.42999999999999, 13.18], [77.44999999999999, 13.18], [77.44999999999999, 13.2], [77.42999999999999, 13.2], [77.42999999999999, 13.18]]]}, "properties": {"cell_id": "blr_0004", "flood_depth_m": {"rp10": 0.02, "rp100": 0.05}, "glof_depth_m": 0.0, "landslide_prob": 0.008, "population": 1887, "critical_assets": [], "eal_people": 16.228, "eal_usd": 40570.0, "observed_flood_frac": null, "modeled_flood_frac": 0.0, "elev_m": 883.5, "slope_deg": 0.9, "n_lakes": 0, "n_drains": 0, "low_income_score": 0.15, "equity_weight": 1.075, "scenario": "with_preventive_measures", "people_risk_eal": 16.228, "modeled_reduction_pct": 0.0, "data_status": "counterfactual simulation using literature-based intervention effects; not an observed intervention trial"}}, {"type": "Feature", "geometry": {"type": "Polygon", "coordinates": [[[77.44999999999999, 13.18], [77.47, 13.18], [77.47, 13.2], [77.44999999999999, 13.2], [77.44999999999999, 13.18]]]}, "properties": {"cell_id": "blr_0005", "flood_depth_m": {"rp10": 0.02, "rp100": 0.05}, "glof_depth_m": 0.0, "landslide_prob": 0.008, "population": 8092, "critical_assets": [], "eal_people": 77.683, "eal_usd": 194208.0, "observed_flood_frac": null, "modeled_flood_frac": 0.0, "elev_m": 874.1, "slope_deg": 1.0, "n_lakes": 0, "n_drains": 0, "low_income_score": 0.4, "equity_weight": 1.2, "scenario": "with_preventive_measures", "people_risk_eal": 77.683, "modeled_reduction_pct": 0.0, "data_status": "counterfactual simulation using literature-based intervention effects; not an observed intervention trial"}}, {"type": "Feature", "geometry": {"type": "Polygon", "coordinates": [[[77.47, 13.18], [77.49, 13.18], [77.49, 13.2], [77.47, 13.2], [77.47, 13.18]]]}, "properties": {"cell_id": "blr_0006", "flood_depth_m": {"rp10": 0.02, "rp100": 0.05}, "glof_depth_m": 0.0, "landslide_prob": 0.008, "population": 15555, "critical_assets": [], "eal_people": 188.527, "eal_usd": 471317.0, "observed_flood_frac": null, "modeled_flood_frac": 0.03, "elev_m": 875.6, "slope_deg": 1.0, "n_lakes": 0, "n_drains": 0, "low_income_score": 0.4, "equity_weight": 1.2, "scenario": "with_preventive_measures", "people_risk_eal": 188.527, "modeled_reduction_pct": 0.0, "data_status": "counterfactual simulation using literature-based intervention effects; not an observed intervention trial"}}, {"type": "Feature", "geometry": {"type": "Polygon", "coordinates": [[[77.49, 13.18], [77.50999999999999, 13.18], [77.50999999999999, 13.2], [77.49, 13.2], [77.49, 13.18]]]}, "properties": {"cell_id": "blr_0007", "flood_depth_m": {"rp10": 0.02, "rp100": 0.05}, "glof_depth_m": 0.0, "landslide_prob": 0.007, "population": 13990, "critical_assets": [], "eal_people": 157.807, "eal_usd": 394517.0, "observed_flood_frac": null, "modeled_flood_frac": 0.02, "elev_m": 868.5, "slope_deg": 0.9, "n_lakes": 0, "n_drains": 0, "low_income_score": 0.4, "equity_weight": 1.2, "scenario": "with_preventive_measures", "people_risk_eal": 157.807, "modeled_reduction_pct": 0.0, "data_status": "counterfactual simulation using literature-based intervention effects; not an observed intervention trial"}}, {"type": "Feature", "geometry": {"type": "Polygon", "coordinates": [[[77.50999999999999, 13.18], [77.53, 13.18], [77.53, 13.2], [77.50999999999999, 13.2], [77.50999999999999, 13.18]]]}, "properties": {"cell_id": "blr_0008", "flood_depth_m": {"rp10": 0.02, "rp100": 0.05}, "glof_depth_m": 0.0, "landslide_prob": 0.008, "population": 13377, "critical_assets": [], "eal_people": 150.893, "eal_usd": 377232.0, "observed_flood_frac": null, "modeled_flood_frac": 0.02, "elev_m": 874.8, "slope_deg": 0.9, "n_lakes": 0, "n_drains": 0, "low_income_score": 0.4, "equity_weight": 1.2, "scenario": "with_preventive_measures", "people_risk_eal": 150.893, "modeled_reduction_pct": 0.0, "data_status": "counterfactual simulation using literature-based intervention effects; not an observed intervention trial"}}, {"type": "Feature", "geometry": {"type": "Polygon", "coordinates": [[[77.53, 13.18], [77.55, 13.18], [77.55, 13.2], [77.53, 13.2], [77.53, 13.18]]]}, "properties": {"cell_id": "blr_0009", "flood_depth_m": {"rp10": 0.12, "rp100": 0.29}, "glof_depth_m": 0.0, "landslide_prob": 0.009, "population": 14071, "critical_assets": ["lake"], "eal_people": 411.999, "eal_usd": 1029998.0, "observed_flood_frac": null, "modeled_flood_frac": 0.02, "elev_m": 891.6, "slope_deg": 1.1, "n_lakes": 1, "n_drains": 0, "low_income_score": 0.4, "equity_weight": 1.2, "scenario": "with_preventive_measures", "people_risk_eal": 411.999, "modeled_reduction_pct": 0.0, "data_status": "counterfactual simulation using literature-based intervention effects; not an observed intervention trial"}}, {"type": "Feature", "geometry": {"type": "Polygon", "coordinates": [[[77.55, 13.18], [77.57, 13.18], [77.57, 13.2], [77.55, 13.2], [77.55, 13.18]]]}, "properties": {"cell_id": "blr_0010", "flood_depth_m": {"rp10": 0.02, "rp100": 0.05}, "glof_depth_m": 0.0, "landslide_prob": 0.01, "population": 19284, "critical_assets": [], "eal_people": 233.722, "eal_usd": 584305.0, "observed_flood_frac": null, "modeled_flood_frac": 0.03, "elev_m": 901.4, "slope_deg": 1.2, "n_lakes": 0, "n_drains": 0, "low_income_score": 0.4, "equity_weight": 1.2, "scenario": "with_preventive_measures", "people_risk_eal": 233.722, "modeled_reduction_pct": 0.0, "data_status": "counterfactual simulation using literature-based intervention effects; not an observed intervention trial"}}, {"type": "Feature", "geometry": {"type": "Polygon", "coordinates": [[[77.57, 13.18], [77.58999999999999, 13.18], [77.58999999999999, 13.2], [77.57, 13.2], [77.57, 13.18]]]}, "properties": {"cell_id": "blr_0011", "flood_depth_m": {"rp10": 0.14, "rp100": 0.34}, "glof_depth_m": 0.0, "landslide_prob": 0.01, "population": 14038, "critical_assets": ["lake"], "eal_people": 446.408, "eal_usd": 1116020.0, "observed_flood_frac": null, "modeled_flood_frac": 0.05, "elev_m": 919.7, "slope_deg": 1.2, "n_lakes": 1, "n_drains": 0, "low_income_score": 0.4, "equity_weight": 1.2, "scenario": "with_preventive_measures", "people_risk_eal": 446.408, "modeled_reduction_pct": 0.0, "data_status": "counterfactual simulation using literature-based intervention effects; not an observed intervention trial"}}, {"type": "Feature", "geometry": {"type": "Polygon", "coordinates": [[[77.58999999999999, 13.18], [77.61, 13.18], [77.61, 13.2], [77.58999999999999, 13.2], [77.58999999999999, 13.18]]]}, "properties": {"cell_id": "blr_0012", "flood_depth_m": {"rp10": 0.02, "rp100": 0.05}, "glof_depth_m": 0.0, "landslide_prob": 0.009, "population": 14824, "critical_assets": [], "eal_people": 179.667, "eal_usd": 449168.0, "observed_flood_frac": null, "modeled_flood_frac": 0.03, "elev_m": 926.3, "slope_deg": 1.1, "n_lakes": 0, "n_drains": 0, "low_income_score": 0.4, "equity_weight": 1.2, "scenario": "with_preventive_measures", "people_risk_eal": 179.667, "modeled_reduction_pct": 0.0, "data_status": "counterfactual simulation using literature-based intervention effects; not an observed intervention trial"}}, {"type": "Feature", "geometry": {"type": "Polygon", "coordinates": [[[77.61, 13.18], [77.63, 13.18], [77.63, 13.2], [77.61, 13.2], [77.61, 13.18]]]}, "properties": {"cell_id": "blr_0013", "flood_depth_m": {"rp10": 0.22, "rp100": 0.54}, "glof_depth_m": 0.0, "landslide_prob": 0.009, "population": 21821, "critical_assets": ["lake"], "eal_people": 638.919, "eal_usd": 1597298.0, "observed_flood_frac": null, "modeled_flood_frac": 0.02, "elev_m": 912.7, "slope_deg": 1.1, "n_lakes": 2, "n_drains": 0, "low_income_score": 0.4, "equity_weight": 1.2, "scenario": "with_preventive_measures", "people_risk_eal": 638.919, "modeled_reduction_pct": 0.0, "data_status": "counterfactual simulation using literature-based intervention effects; not an observed intervention trial"}}, {"type": "Feature", "geometry": {"type": "Polygon", "coordinates": [[[77.63, 13.18], [77.64999999999999, 13.18], [77.64999999999999, 13.2], [77.63, 13.2], [77.63, 13.18]]]}, "properties": {"cell_id": "blr_0014", "flood_depth_m": {"rp10": 0.03, "rp100": 0.07}, "glof_depth_m": 0.0, "landslide_prob": 0.008, "population": 30281, "critical_assets": [], "eal_people": 392.442, "eal_usd": 981105.0, "observed_flood_frac": null, "modeled_flood_frac": 0.04, "elev_m": 912.5, "slope_deg": 1.0, "n_lakes": 0, "n_drains": 0, "low_income_score": 0.4, "equity_weight": 1.2, "scenario": "with_preventive_measures", "people_risk_eal": 392.442, "modeled_reduction_pct": 0.0, "data_status": "counterfactual simulation using literature-based intervention effects; not an observed intervention trial"}}, {"type": "Feature", "geometry": {"type": "Polygon", "coordinates": [[[77.64999999999999, 13.18], [77.66999999999999, 13.18], [77.66999999999999, 13.2], [77.64999999999999, 13.2], [77.64999999999999, 13.18]]]}, "properties": {"cell_id": "blr_0015", "flood_depth_m": {"rp10": 0.02, "rp100": 0.05}, "glof_depth_m": 0.0, "landslide_prob": 0.009, "population": 30921, "critical_assets": [], "eal_people": 374.763, "eal_usd": 936908.0, "observed_flood_frac": null, "modeled_flood_frac": 0.03, "elev_m": 910.1, "slope_deg": 1.0, "n_lakes": 0, "n_drains": 0, "low_income_score": 0.4, "equity_weight": 1.2, "scenario": "with_preventive_measures", "people_risk_eal": 374.763, "modeled_reduction_pct": 0.0, "data_status": "counterfactual simulation using literature-based intervention effects; not an observed intervention trial"}}, {"type": "Feature", "geometry": {"type": "Polygon", "coordinates": [[[77.66999999999999, 13.18], [77.69, 13.18], [77.69, 13.2], [77.66999999999999, 13.2], [77.66999999999999, 13.18]]]}, "properties": {"cell_id": "blr_0016", "flood_depth_m": {"rp10": 0.02, "rp100": 0.05}, "glof_depth_m": 0.0, "landslide_prob": 0.008, "population": 35155, "critical_assets": [], "eal_people": 337.488, "eal_usd": 843720.0, "observed_flood_frac": null, "modeled_flood_frac": 0.0, "elev_m": 898.2, "slope_deg": 1.0, "n_lakes": 0, "n_drains": 0, "low_income_score": 0.4, "equity_weight": 1.2, "scenario": "with_preventive_measures", "people_risk_eal": 337.488, "modeled_reduction_pct": 0.0, "data_status": "counterfactual simulation using literature-based intervention effects; not an observed intervention trial"}}, {"type": "Feature", "geometry": {"type": "Polygon", "coordinates": [[[77.69, 13.18], [77.71, 13.18], [77.71, 13.2], [77.69, 13.2], [77.69, 13.18]]]}, "properties": {"cell_id": "blr_0017", "flood_depth_m": {"rp10": 0.1, "rp100": 0.25}, "glof_depth_m": 0.0, "landslide_prob": 0.008, "population": 34029, "critical_assets": ["lake"], "eal_people": 939.2, "eal_usd": 2348000.0, "observed_flood_frac": null, "modeled_flood_frac": 0.0, "elev_m": 894.4, "slope_deg": 1.0, "n_lakes": 1, "n_drains": 0, "low_income_score": 0.4, "equity_weight": 1.2, "scenario": "with_preventive_measures", "people_risk_eal": 610.48, "modeled_reduction_pct": 35.0, "data_status": "counterfactual simulation using literature-based intervention effects; not an observed intervention trial"}}, {"type": "Feature", "geometry": {"type": "Polygon", "coordinates": [[[77.71, 13.18], [77.72999999999999, 13.18], [77.72999999999999, 13.2], [77.71, 13.2], [77.71, 13.18]]]}, "properties": {"cell_id": "blr_0018", "flood_depth_m": {"rp10": 0.03, "rp100": 0.07}, "glof_depth_m": 0.0, "landslide_prob": 0.008, "population": 3821, "critical_assets": [], "eal_people": 44.362, "eal_usd": 110905.0, "observed_flood_frac": null, "modeled_flood_frac": 0.04, "elev_m": 898.9, "slope_deg": 1.0, "n_lakes": 0, "n_drains": 0, "low_income_score": 0.15, "equity_weight": 1.075, "scenario": "with_preventive_measures", "people_risk_eal": 44.362, "modeled_reduction_pct": 0.0, "data_status": "counterfactual simulation using literature-based intervention effects; not an observed intervention trial"}}, {"type": "Feature", "geometry": {"type": "Polygon", "coordinates": [[[77.72999999999999, 13.18], [77.75, 13.18], [77.75, 13.2], [77.72999999999999, 13.2], [77.72999999999999, 13.18]]]}, "properties": {"cell_id": "blr_0019", "flood_depth_m": {"rp10": 0.03, "rp100": 0.07}, "glof_depth_m": 0.0, "landslide_prob": 0.009, "population": 2192, "critical_assets": [], "eal_people": 25.449, "eal_usd": 63623.0, "observed_flood_frac": null, "modeled_flood_frac": 0.04, "elev_m": 893.5, "slope_deg": 1.1, "n_lakes": 0, "n_drains": 0, "low_income_score": 0.15, "equity_weight": 1.075, "scenario": "with_preventive_measures", "people_risk_eal": 25.449, "modeled_reduction_pct": 0.0, "data_status": "counterfactual simulation using literature-based intervention effects; not an observed intervention trial"}}, {"type": "Feature", "geometry": {"type": "Polygon", "coordinates": [[[77.75, 13.18], [77.77, 13.18], [77.77, 13.2], [77.75, 13.2], [77.75, 13.18]]]}, "properties": {"cell_id": "blr_0020", "flood_depth_m": {"rp10": 0.02, "rp100": 0.05}, "glof_depth_m": 0.0, "landslide_prob": 0.006, "population": 1940, "critical_assets": [], "eal_people": 18.144, "eal_usd": 45360.0, "observed_flood_frac": null, "modeled_flood_frac": 0.01, "elev_m": 876.7, "slope_deg": 0.8, "n_lakes": 0, "n_drains": 0, "low_income_score": 0.15, "equity_weight": 1.075, "scenario": "with_preventive_measures", "people_risk_eal": 18.144, "modeled_reduction_pct": 0.0, "data_status": "counterfactual simulation using literature-based intervention effects; not an observed intervention trial"}}, {"type": "Feature", "geometry": {"type": "Polygon", "coordinates": [[[77.77, 13.18], [77.78999999999999, 13.18], [77.78999999999999, 13.2], [77.77, 13.2], [77.77, 13.18]]]}, "properties": {"cell_id": "blr_0021", "flood_depth_m": {"rp10": 0.02, "rp100": 0.05}, "glof_depth_m": 0.0, "landslide_prob": 0.004, "population": 1779, "critical_assets": [], "eal_people": 15.299, "eal_usd": 38248.0, "observed_flood_frac": null, "modeled_flood_frac": 0.0, "elev_m": 871.7, "slope_deg": 0.5, "n_lakes": 0, "n_drains": 0, "low_income_score": 0.15, "equity_weight": 1.075, "scenario": "with_preventive_measures", "people_risk_eal": 15.299, "modeled_reduction_pct": 0.0, "data_status": "counterfactual simulation using literature-based intervention effects; not an observed intervention trial"}}, {"type": "Feature", "geometry": {"type": "Polygon", "coordinates": [[[77.78999999999999, 13.18], [77.80999999999999, 13.18], [77.80999999999999, 13.2], [77.78999999999999, 13.2], [77.78999999999999, 13.18]]]}, "properties": {"cell_id": "blr_0022", "flood_depth_m": {"rp10": 0.04, "rp100": 0.11}, "glof_depth_m": 0.0, "landslide_prob": 0.008, "population": 2836, "critical_assets": [], "eal_people": 37.194, "eal_usd": 92985.0, "observed_flood_frac": null, "modeled_flood_frac": 0.06, "elev_m": 882.3, "slope_deg": 1.0, "n_lakes": 0, "n_drains": 0, "low_income_score": 0.15, "equity_weight": 1.075, "scenario": "with_preventive_measures", "people_risk_eal": 37.194, "modeled_reduction_pct": 0.0, "data_status": "counterfactual simulation using literature-based intervention effects; not an observed intervention trial"}}, {"type": "Feature", "geometry": {"type": "Polygon", "coordinates": [[[77.80999999999999, 13.18], [77.83, 13.18], [77.83, 13.2], [77.80999999999999, 13.2], [77.80999999999999, 13.18]]]}, "properties": {"cell_id": "blr_0023", "flood_depth_m": {"rp10": 0.11, "rp100": 0.27}, "glof_depth_m": 0.0, "landslide_prob": 0.008, "population": 1491, "critical_assets": ["lake"], "eal_people": 37.987, "eal_usd": 94968.0, "observed_flood_frac": null, "modeled_flood_frac": 0.01, "elev_m": 888.7, "slope_deg": 1.0, "n_lakes": 1, "n_drains": 0, "low_income_score": 0.15, "equity_weight": 1.075, "scenario": "with_preventive_measures", "people_risk_eal": 37.987, "modeled_reduction_pct": 0.0, "data_status": "counterfactual simulation using literature-based intervention effects; not an observed intervention trial"}}, {"type": "Feature", "geometry": {"type": "Polygon", "coordinates": [[[77.35, 13.16], [77.36999999999999, 13.16], [77.36999999999999, 13.18], [77.35, 13.18], [77.35, 13.16]]]}, "properties": {"cell_id": "blr_0024", "flood_depth_m": {"rp10": 0.02, "rp100": 0.05}, "glof_depth_m": 0.0, "landslide_prob": 0.009, "population": 1286, "critical_assets": [], "eal_people": 11.06, "eal_usd": 27650.0, "observed_flood_frac": null, "modeled_flood_frac": 0.0, "elev_m": 877.5, "slope_deg": 1.1, "n_lakes": 0, "n_drains": 0, "low_income_score": 0.15, "equity_weight": 1.075, "scenario": "with_preventive_measures", "people_risk_eal": 11.06, "modeled_reduction_pct": 0.0, "data_status": "counterfactual simulation using literature-based intervention effects; not an observed intervention trial"}}, {"type": "Feature", "geometry": {"type": "Polygon", "coordinates": [[[77.36999999999999, 13.16], [77.39, 13.16], [77.39, 13.18], [77.36999999999999, 13.18], [77.36999999999999, 13.16]]]}, "properties": {"cell_id": "blr_0025", "flood_depth_m": {"rp10": 0.02, "rp100": 0.05}, "glof_depth_m": 0.0, "landslide_prob": 0.019, "population": 1265, "critical_assets": [], "eal_people": 12.783, "eal_usd": 31958.0, "observed_flood_frac": null, "modeled_flood_frac": 0.02, "elev_m": 896.5, "slope_deg": 2.3, "n_lakes": 0, "n_drains": 0, "low_income_score": 0.15, "equity_weight": 1.075, "scenario": "with_preventive_measures", "people_risk_eal": 12.783, "modeled_reduction_pct": 0.0, "data_status": "counterfactual simulation using literature-based intervention effects; not an observed intervention trial"}}, {"type": "Feature", "geometry": {"type": "Polygon", "coordinates": [[[77.39, 13.16], [77.41, 13.16], [77.41, 13.18], [77.39, 13.18], [77.39, 13.16]]]}, "properties": {"cell_id": "blr_0026", "flood_depth_m": {"rp10": 0.04, "rp100": 0.09}, "glof_depth_m": 0.0, "landslide_prob": 0.01, "population": 1752, "critical_assets": [], "eal_people": 21.659, "eal_usd": 54148.0, "observed_flood_frac": null, "modeled_flood_frac": 0.05, "elev_m": 914.7, "slope_deg": 1.2, "n_lakes": 0, "n_drains": 0, "low_income_score": 0.15, "equity_weight": 1.075, "scenario": "with_preventive_measures", "people_risk_eal": 21.659, "modeled_reduction_pct": 0.0, "data_status": "counterfactual simulation using literature-based intervention effects; not an observed intervention trial"}}, {"type": "Feature", "geometry": {"type": "Polygon", "coordinates": [[[77.41, 13.16], [77.42999999999999, 13.16], [77.42999999999999, 13.18], [77.41, 13.18], [77.41, 13.16]]]}, "properties": {"cell_id": "blr_0027", "flood_depth_m": {"rp10": 0.04, "rp100": 0.11}, "glof_depth_m": 0.0, "landslide_prob": 0.011, "population": 2507, "critical_assets": [], "eal_people": 32.879, "eal_usd": 82198.0, "observed_flood_frac": null, "modeled_flood_frac": 0.06, "elev_m": 913.6, "slope_deg": 1.3, "n_lakes": 0, "n_drains": 0, "low_income_score": 0.15, "equity_weight": 1.075, "scenario": "with_preventive_measures", "people_risk_eal": 32.879, "modeled_reduction_pct": 0.0, "data_status": "counterfactual simulation using literature-based intervention effects; not an observed intervention trial"}}, {"type": "Feature", "geometry": {"type": "Polygon", "coordinates": [[[77.42999999999999, 13.16], [77.44999999999999, 13.16], [77.44999999999999, 13.18], [77.42999999999999, 13.18], [77.42999999999999, 13.16]]]}, "properties": {"cell_id": "blr_0028", "flood_depth_m": {"rp10": 0.06, "rp100": 0.14}, "glof_depth_m": 0.0, "landslide_prob": 0.009, "population": 2133, "critical_assets": [], "eal_people": 31.184, "eal_usd": 77960.0, "observed_flood_frac": null, "modeled_flood_frac": 0.08, "elev_m": 897.8, "slope_deg": 1.0, "n_lakes": 0, "n_drains": 0, "low_income_score": 0.15, "equity_weight": 1.075, "scenario": "with_preventive_measures", "people_risk_eal": 31.184, "modeled_reduction_pct": 0.0, "data_status": "counterfactual simulation using literature-based intervention effects; not an observed intervention trial"}}, {"type": "Feature", "geometry": {"type": "Polygon", "coordinates": [[[77.44999999999999, 13.16], [77.47, 13.16], [77.47, 13.18], [77.44999999999999, 13.18], [77.44999999999999, 13.16]]]}, "properties": {"cell_id": "blr_0029", "flood_depth_m": {"rp10": 0.02, "rp100": 0.05}, "glof_depth_m": 0.0, "landslide_prob": 0.01, "population": 6906, "critical_assets": [], "eal_people": 83.701, "eal_usd": 209252.0, "observed_flood_frac": null, "modeled_flood_frac": 0.03, "elev_m": 892.7, "slope_deg": 1.2, "n_lakes": 0, "n_drains": 0, "low_income_score": 0.4, "equity_weight": 1.2, "scenario": "with_preventive_measures", "people_risk_eal": 83.701, "modeled_reduction_pct": 0.0, "data_status": "counterfactual simulation using literature-based intervention effects; not an observed intervention trial"}}, {"type": "Feature", "geometry": {"type": "Polygon", "coordinates": [[[77.47, 13.16], [77.49, 13.16], [77.49, 13.18], [77.47, 13.18], [77.47, 13.16]]]}, "properties": {"cell_id": "blr_0030", "flood_depth_m": {"rp10": 0.02, "rp100": 0.05}, "glof_depth_m": 0.0, "landslide_prob": 0.009, "population": 10874, "critical_assets": [], "eal_people": 131.793, "eal_usd": 329482.0, "observed_flood_frac": null, "modeled_flood_frac": 0.03, "elev_m": 871.5, "slope_deg": 1.1, "n_lakes": 0, "n_drains": 0, "low_income_score": 0.4, "equity_weight": 1.2, "scenario": "with_preventive_measures", "people_risk_eal": 131.793, "modeled_reduction_pct": 0.0, "data_status": "counterfactual simulation using literature-based intervention effects; not an observed intervention trial"}}, {"type": "Feature", "geometry": {"type": "Polygon", "coordinates": [[[77.49, 13.16], [77.50999999999999, 13.16], [77.50999999999999, 13.18], [77.49, 13.18], [77.49, 13.16]]]}, "properties": {"cell_id": "blr_0031", "flood_depth_m": {"rp10": 0.11, "rp100": 0.27}, "glof_depth_m": 0.0, "landslide_prob": 0.007, "population": 8282, "critical_assets": ["lake"], "eal_people": 235.54, "eal_usd": 588850.0, "observed_flood_frac": null, "modeled_flood_frac": 0.01, "elev_m": 866.7, "slope_deg": 0.9, "n_lakes": 1, "n_drains": 0, "low_income_score": 0.4, "equity_weight": 1.2, "scenario": "with_preventive_measures", "people_risk_eal": 235.54, "modeled_reduction_pct": 0.0, "data_status": "counterfactual simulation using literature-based intervention effects; not an observed intervention trial"}}, {"type": "Feature", "geometry": {"type": "Polygon", "coordinates": [[[77.50999999999999, 13.16], [77.53, 13.16], [77.53, 13.18], [77.50999999999999, 13.18], [77.50999999999999, 13.16]]]}, "properties": {"cell_id": "blr_0032", "flood_depth_m": {"rp10": 0.06, "rp100": 0.14}, "glof_depth_m": 0.0, "landslide_prob": 0.008, "population": 15227, "critical_assets": [], "eal_people": 248.505, "eal_usd": 621262.0, "observed_flood_frac": null, "modeled_flood_frac": 0.08, "elev_m": 886.1, "slope_deg": 0.9, "n_lakes": 0, "n_drains": 0, "low_income_score": 0.4, "equity_weight": 1.2, "scenario": "with_preventive_measures", "people_risk_eal": 248.505, "modeled_reduction_pct": 0.0, "data_status": "counterfactual simulation using literature-based intervention effects; not an observed intervention trial"}}, {"type": "Feature", "geometry": {"type": "Polygon", "coordinates": [[[77.53, 13.16], [77.55, 13.16], [77.55, 13.18], [77.53, 13.18], [77.53, 13.16]]]}, "properties": {"cell_id": "blr_0033", "flood_depth_m": {"rp10": 0.04, "rp100": 0.11}, "glof_depth_m": 0.0, "landslide_prob": 0.009, "population": 20109, "critical_assets": [], "eal_people": 294.396, "eal_usd": 735990.0, "observed_flood_frac": null, "modeled_flood_frac": 0.06, "elev_m": 900.1, "slope_deg": 1.1, "n_lakes": 0, "n_drains": 0, "low_income_score": 0.4, "equity_weight": 1.2, "scenario": "with_preventive_measures", "people_risk_eal": 294.396, "modeled_reduction_pct": 0.0, "data_status": "counterfactual simulation using literature-based intervention effects; not an observed intervention trial"}}, {"type": "Feature", "geometry": {"type": "Polygon", "coordinates": [[[77.55, 13.16], [77.57, 13.16], [77.57, 13.18], [77.55, 13.18], [77.55, 13.16]]]}, "properties": {"cell_id": "blr_0034", "flood_depth_m": {"rp10": 0.04, "rp100": 0.11}, "glof_depth_m": 0.0, "landslide_prob": 0.007, "population": 27076, "critical_assets": [], "eal_people": 396.393, "eal_usd": 990982.0, "observed_flood_frac": null, "modeled_flood_frac": 0.06, "elev_m": 915.1, "slope_deg": 0.8, "n_lakes": 0, "n_drains": 0, "low_income_score": 0.4, "equity_weight": 1.2, "scenario": "with_preventive_measures", "people_risk_eal": 396.393, "modeled_reduction_pct": 0.0, "data_status": "counterfactual simulation using literature-based intervention effects; not an observed intervention trial"}}, {"type": "Feature", "geometry": {"type": "Polygon", "coordinates": [[[77.57, 13.16], [77.58999999999999, 13.16], [77.58999999999999, 13.18], [77.57, 13.18], [77.57, 13.16]]]}, "properties": {"cell_id": "blr_0035", "flood_depth_m": {"rp10": 0.13, "rp100": 0.32}, "glof_depth_m": 0.0, "landslide_prob": 0.009, "population": 23009, "critical_assets": ["lake"], "eal_people": 712.359, "eal_usd": 1780898.0, "observed_flood_frac": null, "modeled_flood_frac": 0.04, "elev_m": 919.3, "slope_deg": 1.0, "n_lakes": 1, "n_drains": 0, "low_income_score": 0.4, "equity_weight": 1.2, "scenario": "with_preventive_measures", "people_risk_eal": 712.359, "modeled_reduction_pct": 0.0, "data_status": "counterfactual simulation using literature-based intervention effects; not an observed intervention trial"}}, {"type": "Feature", "geometry": {"type": "Polygon", "coordinates": [[[77.58999999999999, 13.16], [77.61, 13.16], [77.61, 13.18], [77.58999999999999, 13.18], [77.58999999999999, 13.16]]]}, "properties": {"cell_id": "blr_0036", "flood_depth_m": {"rp10": 0.04, "rp100": 0.09}, "glof_depth_m": 0.0, "landslide_prob": 0.009, "population": 24555, "critical_assets": [], "eal_people": 338.859, "eal_usd": 847148.0, "observed_flood_frac": null, "modeled_flood_frac": 0.05, "elev_m": 923.9, "slope_deg": 1.0, "n_lakes": 0, "n_drains": 0, "low_income_score": 0.4, "equity_weight": 1.2, "scenario": "with_preventive_measures", "people_risk_eal": 338.859, "modeled_reduction_pct": 0.0, "data_status": "counterfactual simulation using literature-based intervention effects; not an observed intervention trial"}}, {"type": "Feature", "geometry": {"type": "Polygon", "coordinates": [[[77.61, 13.16], [77.63, 13.16], [77.63, 13.18], [77.61, 13.18], [77.61, 13.16]]]}, "properties": {"cell_id": "blr_0037", "flood_depth_m": {"rp10": 0.02, "rp100": 0.05}, "glof_depth_m": 0.0, "landslide_prob": 0.011, "population": 33889, "critical_assets": [], "eal_people": 382.268, "eal_usd": 955670.0, "observed_flood_frac": null, "modeled_flood_frac": 0.02, "elev_m": 911.0, "slope_deg": 1.3, "n_lakes": 0, "n_drains": 0, "low_income_score": 0.4, "equity_weight": 1.2, "scenario": "with_preventive_measures", "people_risk_eal": 382.268, "modeled_reduction_pct": 0.0, "data_status": "counterfactual simulation using literature-based intervention effects; not an observed intervention trial"}}, {"type": "Feature", "geometry": {"type": "Polygon", "coordinates": [[[77.63, 13.16], [77.64999999999999, 13.16], [77.64999999999999, 13.18], [77.63, 13.18], [77.63, 13.16]]]}, "properties": {"cell_id": "blr_0038", "flood_depth_m": {"rp10": 0.25, "rp100": 0.63}, "glof_depth_m": 0.0, "landslide_prob": 0.014, "population": 34930, "critical_assets": ["lake"], "eal_people": 1169.456, "eal_usd": 2923640.0, "observed_flood_frac": null, "modeled_flood_frac": 0.07, "elev_m": 907.8, "slope_deg": 1.7, "n_lakes": 2, "n_drains": 0, "low_income_score": 0.4, "equity_weight": 1.2, "scenario": "with_preventive_measures", "people_risk_eal": 760.1464, "modeled_reduction_pct": 35.0, "data_status": "counterfactual simulation using literature-based intervention effects; not an observed intervention trial"}}, {"type": "Feature", "geometry": {"type": "Polygon", "coordinates": [[[77.64999999999999, 13.16], [77.66999999999999, 13.16], [77.66999999999999, 13.18], [77.64999999999999, 13.18], [77.64999999999999, 13.16]]]}, "properties": {"cell_id": "blr_0039", "flood_depth_m": {"rp10": 0.02, "rp100": 0.05}, "glof_depth_m": 0.0, "landslide_prob": 0.008, "population": 30306, "critical_assets": [], "eal_people": 290.938, "eal_usd": 727345.0, "observed_flood_frac": null, "modeled_flood_frac": 0.0, "elev_m": 897.3, "slope_deg": 1.0, "n_lakes": 0, "n_drains": 0, "low_income_score": 0.4, "equity_weight": 1.2, "scenario": "with_preventive_measures", "people_risk_eal": 290.938, "modeled_reduction_pct": 0.0, "data_status": "counterfactual simulation using literature-based intervention effects; not an observed intervention trial"}}, {"type": "Feature", "geometry": {"type": "Polygon", "coordinates": [[[77.66999999999999, 13.16], [77.69, 13.16], [77.69, 13.18], [77.66999999999999, 13.18], [77.66999999999999, 13.16]]]}, "properties": {"cell_id": "blr_0040", "flood_depth_m": {"rp10": 0.11, "rp100": 0.27}, "glof_depth_m": 0.0, "landslide_prob": 0.007, "population": 23953, "critical_assets": ["lake"], "eal_people": 681.223, "eal_usd": 1703058.0, "observed_flood_frac": null, "modeled_flood_frac": 0.01, "elev_m": 893.9, "slope_deg": 0.9, "n_lakes": 1, "n_drains": 0, "low_income_score": 0.4, "equity_weight": 1.2, "scenario": "with_preventive_measures", "people_risk_eal": 681.223, "modeled_reduction_pct": 0.0, "data_status": "counterfactual simulation using literature-based intervention effects; not an observed intervention trial"}}, {"type": "Feature", "geometry": {"type": "Polygon", "coordinates": [[[77.69, 13.16], [77.71, 13.16], [77.71, 13.18], [77.69, 13.18], [77.69, 13.16]]]}, "properties": {"cell_id": "blr_0041", "flood_depth_m": {"rp10": 0.06, "rp100": 0.14}, "glof_depth_m": 0.0, "landslide_prob": 0.008, "population": 22001, "critical_assets": [], "eal_people": 359.056, "eal_usd": 897640.0, "observed_flood_frac": null, "modeled_flood_frac": 0.08, "elev_m": 893.2, "slope_deg": 0.9, "n_lakes": 0, "n_drains": 0, "low_income_score": 0.4, "equity_weight": 1.2, "scenario": "with_preventive_measures", "people_risk_eal": 359.056, "modeled_reduction_pct": 0.0, "data_status": "counterfactual simulation using literature-based intervention effects; not an observed intervention trial"}}, {"type": "Feature", "geometry": {"type": "Polygon", "coordinates": [[[77.71, 13.16], [77.72999999999999, 13.16], [77.72999999999999, 13.18], [77.71, 13.18], [77.71, 13.16]]]}, "properties": {"cell_id": "blr_0042", "flood_depth_m": {"rp10": 0.02, "rp100": 0.05}, "glof_depth_m": 0.0, "landslide_prob": 0.009, "population": 4598, "critical_assets": [], "eal_people": 48.003, "eal_usd": 120008.0, "observed_flood_frac": null, "modeled_flood_frac": 0.01, "elev_m": 885.4, "slope_deg": 1.0, "n_lakes": 0, "n_drains": 1, "low_income_score": 0.4, "equity_weight": 1.2, "scenario": "with_preventive_measures", "people_risk_eal": 48.003, "modeled_reduction_pct": 0.0, "data_status": "counterfactual simulation using literature-based intervention effects; not an observed intervention trial"}}, {"type": "Feature", "geometry": {"type": "Polygon", "coordinates": [[[77.72999999999999, 13.16], [77.75, 13.16], [77.75, 13.18], [77.72999999999999, 13.18], [77.72999999999999, 13.16]]]}, "properties": {"cell_id": "blr_0043", "flood_depth_m": {"rp10": 0.04, "rp100": 0.09}, "glof_depth_m": 0.0, "landslide_prob": 0.007, "population": 2537, "critical_assets": [], "eal_people": 31.364, "eal_usd": 78410.0, "observed_flood_frac": null, "modeled_flood_frac": 0.05, "elev_m": 885.5, "slope_deg": 0.8, "n_lakes": 0, "n_drains": 0, "low_income_score": 0.15, "equity_weight": 1.075, "scenario": "with_preventive_measures", "people_risk_eal": 31.364, "modeled_reduction_pct": 0.0, "data_status": "counterfactual simulation using literature-based intervention effects; not an observed intervention trial"}}, {"type": "Feature", "geometry": {"type": "Polygon", "coordinates": [[[77.75, 13.16], [77.77, 13.16], [77.77, 13.18], [77.75, 13.18], [77.75, 13.16]]]}, "properties": {"cell_id": "blr_0044", "flood_depth_m": {"rp10": 0.07, "rp100": 0.18}, "glof_depth_m": 0.0, "landslide_prob": 0.006, "population": 1428, "critical_assets": [], "eal_people": 23.027, "eal_usd": 57568.0, "observed_flood_frac": null, "modeled_flood_frac": 0.1, "elev_m": 879.7, "slope_deg": 0.7, "n_lakes": 0, "n_drains": 0, "low_income_score": 0.15, "equity_weight": 1.075, "scenario": "with_preventive_measures", "people_risk_eal": 23.027, "modeled_reduction_pct": 0.0, "data_status": "counterfactual simulation using literature-based intervention effects; not an observed intervention trial"}}, {"type": "Feature", "geometry": {"type": "Polygon", "coordinates": [[[77.77, 13.16], [77.78999999999999, 13.16], [77.78999999999999, 13.18], [77.77, 13.18], [77.77, 13.16]]]}, "properties": {"cell_id": "blr_0045", "flood_depth_m": {"rp10": 0.02, "rp100": 0.05}, "glof_depth_m": 0.0, "landslide_prob": 0.003, "population": 1596, "critical_assets": [], "eal_people": 13.726, "eal_usd": 34315.0, "observed_flood_frac": null, "modeled_flood_frac": 0.0, "elev_m": 868.6, "slope_deg": 0.4, "n_lakes": 0, "n_drains": 0, "low_income_score": 0.15, "equity_weight": 1.075, "scenario": "with_preventive_measures", "people_risk_eal": 13.726, "modeled_reduction_pct": 0.0, "data_status": "counterfactual simulation using literature-based intervention effects; not an observed intervention trial"}}, {"type": "Feature", "geometry": {"type": "Polygon", "coordinates": [[[77.78999999999999, 13.16], [77.80999999999999, 13.16], [77.80999999999999, 13.18], [77.78999999999999, 13.18], [77.78999999999999, 13.16]]]}, "properties": {"cell_id": "blr_0046", "flood_depth_m": {"rp10": 0.02, "rp100": 0.05}, "glof_depth_m": 0.0, "landslide_prob": 0.007, "population": 1812, "critical_assets": [], "eal_people": 19.674, "eal_usd": 49185.0, "observed_flood_frac": null, "modeled_flood_frac": 0.03, "elev_m": 882.6, "slope_deg": 0.8, "n_lakes": 0, "n_drains": 0, "low_income_score": 0.15, "equity_weight": 1.075, "scenario": "with_preventive_measures", "people_risk_eal": 19.674, "modeled_reduction_pct": 0.0, "data_status": "counterfactual simulation using literature-based intervention effects; not an observed intervention trial"}}, {"type": "Feature", "geometry": {"type": "Polygon", "coordinates": [[[77.80999999999999, 13.16], [77.83, 13.16], [77.83, 13.18], [77.80999999999999, 13.18], [77.80999999999999, 13.16]]]}, "properties": {"cell_id": "blr_0047", "flood_depth_m": {"rp10": 0.02, "rp100": 0.05}, "glof_depth_m": 0.0, "landslide_prob": 0.008, "population": 1653, "critical_assets": [], "eal_people": 15.46, "eal_usd": 38650.0, "observed_flood_frac": null, "modeled_flood_frac": 0.01, "elev_m": 894.0, "slope_deg": 1.0, "n_lakes": 0, "n_drains": 0, "low_income_score": 0.15, "equity_weight": 1.075, "scenario": "with_preventive_measures", "people_risk_eal": 15.46, "modeled_reduction_pct": 0.0, "data_status": "counterfactual simulation using literature-based intervention effects; not an observed intervention trial"}}, {"type": "Feature", "geometry": {"type": "Polygon", "coordinates": [[[77.35, 13.139999999999999], [77.36999999999999, 13.139999999999999], [77.36999999999999, 13.16], [77.35, 13.16], [77.35, 13.139999999999999]]]}, "properties": {"cell_id": "blr_0048", "flood_depth_m": {"rp10": 0.02, "rp100": 0.05}, "glof_depth_m": 0.0, "landslide_prob": 0.009, "population": 2415, "critical_assets": [], "eal_people": 24.404, "eal_usd": 61010.0, "observed_flood_frac": null, "modeled_flood_frac": 0.02, "elev_m": 876.9, "slope_deg": 1.1, "n_lakes": 0, "n_drains": 0, "low_income_score": 0.15, "equity_weight": 1.075, "scenario": "with_preventive_measures", "people_risk_eal": 24.404, "modeled_reduction_pct": 0.0, "data_status": "counterfactual simulation using literature-based intervention effects; not an observed intervention trial"}}, {"type": "Feature", "geometry": {"type": "Polygon", "coordinates": [[[77.36999999999999, 13.139999999999999], [77.39, 13.139999999999999], [77.39, 13.16], [77.36999999999999, 13.16], [77.36999999999999, 13.139999999999999]]]}, "properties": {"cell_id": "blr_0049", "flood_depth_m": {"rp10": 0.04, "rp100": 0.11}, "glof_depth_m": 0.0, "landslide_prob": 0.012, "population": 1650, "critical_assets": [], "eal_people": 21.64, "eal_usd": 54100.0, "observed_flood_frac": null, "modeled_flood_frac": 0.06, "elev_m": 898.6, "slope_deg": 1.4, "n_lakes": 0, "n_drains": 0, "low_income_score": 0.15, "equity_weight": 1.075, "scenario": "with_preventive_measures", "people_risk_eal": 21.64, "modeled_reduction_pct": 0.0, "data_status": "counterfactual simulation using literature-based intervention effects; not an observed intervention trial"}}, {"type": "Feature", "geometry": {"type": "Polygon", "coordinates": [[[77.39, 13.139999999999999], [77.41, 13.139999999999999], [77.41, 13.16], [77.39, 13.16], [77.39, 13.139999999999999]]]}, "properties": {"cell_id": "blr_0050", "flood_depth_m": {"rp10": 0.02, "rp100": 0.05}, "glof_depth_m": 0.0, "landslide_prob": 0.011, "population": 1896, "critical_assets": [], "eal_people": 19.159, "eal_usd": 47898.0, "observed_flood_frac": null, "modeled_flood_frac": 0.02, "elev_m": 908.5, "slope_deg": 1.3, "n_lakes": 0, "n_drains": 0, "low_income_score": 0.15, "equity_weight": 1.075, "scenario": "with_preventive_measures", "people_risk_eal": 19.159, "modeled_reduction_pct": 0.0, "data_status": "counterfactual simulation using literature-based intervention effects; not an observed intervention trial"}}, {"type": "Feature", "geometry": {"type": "Polygon", "coordinates": [[[77.41, 13.139999999999999], [77.42999999999999, 13.139999999999999], [77.42999999999999, 13.16], [77.41, 13.16], [77.41, 13.139999999999999]]]}, "properties": {"cell_id": "blr_0051", "flood_depth_m": {"rp10": 0.03, "rp100": 0.07}, "glof_depth_m": 0.0, "landslide_prob": 0.009, "population": 9394, "critical_assets": [], "eal_people": 121.746, "eal_usd": 304365.0, "observed_flood_frac": null, "modeled_flood_frac": 0.04, "elev_m": 900.6, "slope_deg": 1.1, "n_lakes": 0, "n_drains": 0, "low_income_score": 0.4, "equity_weight": 1.2, "scenario": "with_preventive_measures", "people_risk_eal": 121.746, "modeled_reduction_pct": 0.0, "data_status": "counterfactual simulation using literature-based intervention effects; not an observed intervention trial"}}, {"type": "Feature", "geometry": {"type": "Polygon", "coordinates": [[[77.42999999999999, 13.139999999999999], [77.44999999999999, 13.139999999999999], [77.44999999999999, 13.16], [77.42999999999999, 13.16], [77.42999999999999, 13.139999999999999]]]}, "properties": {"cell_id": "blr_0052", "flood_depth_m": {"rp10": 0.07, "rp100": 0.18}, "glof_depth_m": 0.0, "landslide_prob": 0.01, "population": 11692, "critical_assets": [], "eal_people": 210.456, "eal_usd": 526140.0, "observed_flood_frac": null, "modeled_flood_frac": 0.1, "elev_m": 904.3, "slope_deg": 1.2, "n_lakes": 0, "n_drains": 0, "low_income_score": 0.4, "equity_weight": 1.2, "scenario": "with_preventive_measures", "people_risk_eal": 210.456, "modeled_reduction_pct": 0.0, "data_status": "counterfactual simulation using literature-based intervention effects; not an observed intervention trial"}}, {"type": "Feature", "geometry": {"type": "Polygon", "coordinates": [[[77.44999999999999, 13.139999999999999], [77.47, 13.139999999999999], [77.47, 13.16], [77.44999999999999, 13.16], [77.44999999999999, 13.139999999999999]]]}, "properties": {"cell_id": "blr_0053", "flood_depth_m": {"rp10": 0.04, "rp100": 0.11}, "glof_depth_m": 0.0, "landslide_prob": 0.012, "population": 13576, "critical_assets": [], "eal_people": 198.753, "eal_usd": 496882.0, "observed_flood_frac": null, "modeled_flood_frac": 0.06, "elev_m": 888.8, "slope_deg": 1.4, "n_lakes": 0, "n_drains": 0, "low_income_score": 0.4, "equity_weight": 1.2, "scenario": "with_preventive_measures", "people_risk_eal": 198.753, "modeled_reduction_pct": 0.0, "data_status": "counterfactual simulation using literature-based intervention effects; not an observed intervention trial"}}, {"type": "Feature", "geometry": {"type": "Polygon", "coordinates": [[[77.47, 13.139999999999999], [77.49, 13.139999999999999], [77.49, 13.16], [77.47, 13.16], [77.47, 13.139999999999999]]]}, "properties": {"cell_id": "blr_0054", "flood_depth_m": {"rp10": 0.02, "rp100": 0.05}, "glof_depth_m": 0.0, "landslide_prob": 0.006, "population": 13937, "critical_assets": [], "eal_people": 157.209, "eal_usd": 393022.0, "observed_flood_frac": null, "modeled_flood_frac": 0.02, "elev_m": 862.5, "slope_deg": 0.8, "n_lakes": 0, "n_drains": 0, "low_income_score": 0.4, "equity_weight": 1.2, "scenario": "with_preventive_measures", "people_risk_eal": 157.209, "modeled_reduction_pct": 0.0, "data_status": "counterfactual simulation using literature-based intervention effects; not an observed intervention trial"}}, {"type": "Feature", "geometry": {"type": "Polygon", "coordinates": [[[77.49, 13.139999999999999], [77.50999999999999, 13.139999999999999], [77.50999999999999, 13.16], [77.49, 13.16], [77.49, 13.139999999999999]]]}, "properties": {"cell_id": "blr_0055", "flood_depth_m": {"rp10": 0.14, "rp100": 0.36}, "glof_depth_m": 0.0, "landslide_prob": 0.008, "population": 12763, "critical_assets": ["lake"], "eal_people": 416.584, "eal_usd": 1041460.0, "observed_flood_frac": null, "modeled_flood_frac": 0.06, "elev_m": 868.0, "slope_deg": 1.0, "n_lakes": 1, "n_drains": 0, "low_income_score": 0.4, "equity_weight": 1.2, "scenario": "with_preventive_measures", "people_risk_eal": 416.584, "modeled_reduction_pct": 0.0, "data_status": "counterfactual simulation using literature-based intervention effects; not an observed intervention trial"}}, {"type": "Feature", "geometry": {"type": "Polygon", "coordinates": [[[77.50999999999999, 13.139999999999999], [77.53, 13.139999999999999], [77.53, 13.16], [77.50999999999999, 13.16], [77.50999999999999, 13.139999999999999]]]}, "properties": {"cell_id": "blr_0056", "flood_depth_m": {"rp10": 0.12, "rp100": 0.3}, "glof_depth_m": 0.0, "landslide_prob": 0.01, "population": 15675, "critical_assets": ["lake"], "eal_people": 472.131, "eal_usd": 1180328.0, "observed_flood_frac": null, "modeled_flood_frac": 0.03, "elev_m": 885.8, "slope_deg": 1.1, "n_lakes": 1, "n_drains": 0, "low_income_score": 0.4, "equity_weight": 1.2, "scenario": "with_preventive_measures", "people_risk_eal": 472.131, "modeled_reduction_pct": 0.0, "data_status": "counterfactual simulation using literature-based intervention effects; not an observed intervention trial"}}, {"type": "Feature", "geometry": {"type": "Polygon", "coordinates": [[[77.53, 13.139999999999999], [77.55, 13.139999999999999], [77.55, 13.16], [77.53, 13.16], [77.53, 13.139999999999999]]]}, "properties": {"cell_id": "blr_0057", "flood_depth_m": {"rp10": 0.04, "rp100": 0.09}, "glof_depth_m": 0.0, "landslide_prob": 0.013, "population": 14714, "critical_assets": [], "eal_people": 203.053, "eal_usd": 507632.0, "observed_flood_frac": null, "modeled_flood_frac": 0.05, "elev_m": 906.3, "slope_deg": 1.5, "n_lakes": 0, "n_drains": 0, "low_income_score": 0.4, "equity_weight": 1.2, "scenario": "with_preventive_measures", "people_risk_eal": 203.053, "modeled_reduction_pct": 0.0, "data_status": "counterfactual simulation using literature-based intervention effects; not an observed intervention trial"}}, {"type": "Feature", "geometry": {"type": "Polygon", "coordinates": [[[77.55, 13.139999999999999], [77.57, 13.139999999999999], [77.57, 13.16], [77.55, 13.16], [77.55, 13.139999999999999]]]}, "properties": {"cell_id": "blr_0058", "flood_depth_m": {"rp10": 0.04, "rp100": 0.09}, "glof_depth_m": 0.0, "landslide_prob": 0.009, "population": 30322, "critical_assets": [], "eal_people": 418.444, "eal_usd": 1046110.0, "observed_flood_frac": null, "modeled_flood_frac": 0.05, "elev_m": 921.4, "slope_deg": 1.1, "n_lakes": 0, "n_drains": 0, "low_income_score": 0.4, "equity_weight": 1.2, "scenario": "with_preventive_measures", "people_risk_eal": 418.444, "modeled_reduction_pct": 0.0, "data_status": "counterfactual simulation using literature-based intervention effects; not an observed intervention trial"}}, {"type": "Feature", "geometry": {"type": "Polygon", "coordinates": [[[77.57, 13.139999999999999], [77.58999999999999, 13.139999999999999], [77.58999999999999, 13.16], [77.57, 13.16], [77.57, 13.139999999999999]]]}, "properties": {"cell_id": "blr_0059", "flood_depth_m": {"rp10": 0.02, "rp100": 0.05}, "glof_depth_m": 0.0, "landslide_prob": 0.008, "population": 26621, "critical_assets": [], "eal_people": 322.647, "eal_usd": 806618.0, "observed_flood_frac": null, "modeled_flood_frac": 0.03, "elev_m": 912.7, "slope_deg": 0.9, "n_lakes": 0, "n_drains": 0, "low_income_score": 0.4, "equity_weight": 1.2, "scenario": "with_preventive_measures", "people_risk_eal": 322.647, "modeled_reduction_pct": 0.0, "data_status": "counterfactual simulation using literature-based intervention effects; not an observed intervention trial"}}, {"type": "Feature", "geometry": {"type": "Polygon", "coordinates": [[[77.58999999999999, 13.139999999999999], [77.61, 13.139999999999999], [77.61, 13.16], [77.58999999999999, 13.16], [77.58999999999999, 13.139999999999999]]]}, "properties": {"cell_id": "blr_0060", "flood_depth_m": {"rp10": 0.14, "rp100": 0.36}, "glof_depth_m": 0.0, "landslide_prob": 0.009, "population": 28194, "critical_assets": ["lake"], "eal_people": 920.252, "eal_usd": 2300630.0, "observed_flood_frac": null, "modeled_flood_frac": 0.06, "elev_m": 921.1, "slope_deg": 1.1, "n_lakes": 1, "n_drains": 0, "low_income_score": 0.4, "equity_weight": 1.2, "scenario": "with_preventive_measures", "people_risk_eal": 920.252, "modeled_reduction_pct": 0.0, "data_status": "counterfactual simulation using literature-based intervention effects; not an observed intervention trial"}}, {"type": "Feature", "geometry": {"type": "Polygon", "coordinates": [[[77.61, 13.139999999999999], [77.63, 13.139999999999999], [77.63, 13.16], [77.61, 13.16], [77.61, 13.139999999999999]]]}, "properties": {"cell_id": "blr_0061", "flood_depth_m": {"rp10": 0.16, "rp100": 0.41}, "glof_depth_m": 0.0, "landslide_prob": 0.01, "population": 45263, "critical_assets": ["lake"], "eal_people": 1591.447, "eal_usd": 3978617.0, "observed_flood_frac": null, "modeled_flood_frac": 0.09, "elev_m": 920.7, "slope_deg": 1.2, "n_lakes": 1, "n_drains": 0, "low_income_score": 0.4, "equity_weight": 1.2, "scenario": "with_preventive_measures", "people_risk_eal": 1034.4406, "modeled_reduction_pct": 35.0, "data_status": "counterfactual simulation using literature-based intervention effects; not an observed intervention trial"}}, {"type": "Feature", "geometry": {"type": "Polygon", "coordinates": [[[77.63, 13.139999999999999], [77.64999999999999, 13.139999999999999], [77.64999999999999, 13.16], [77.63, 13.16], [77.63, 13.139999999999999]]]}, "properties": {"cell_id": "blr_0062", "flood_depth_m": {"rp10": 0.03, "rp100": 0.07}, "glof_depth_m": 0.0, "landslide_prob": 0.01, "population": 33788, "critical_assets": [], "eal_people": 437.892, "eal_usd": 1094730.0, "observed_flood_frac": null, "modeled_flood_frac": 0.04, "elev_m": 909.0, "slope_deg": 1.2, "n_lakes": 0, "n_drains": 0, "low_income_score": 0.4, "equity_weight": 1.2, "scenario": "with_preventive_measures", "people_risk_eal": 437.892, "modeled_reduction_pct": 0.0, "data_status": "counterfactual simulation using literature-based intervention effects; not an observed intervention trial"}}, {"type": "Feature", "geometry": {"type": "Polygon", "coordinates": [[[77.64999999999999, 13.139999999999999], [77.66999999999999, 13.139999999999999], [77.66999999999999, 13.16], [77.64999999999999, 13.16], [77.64999999999999, 13.139999999999999]]]}, "properties": {"cell_id": "blr_0063", "flood_depth_m": {"rp10": 0.04, "rp100": 0.11}, "glof_depth_m": 0.0, "landslide_prob": 0.009, "population": 25979, "critical_assets": [], "eal_people": 380.333, "eal_usd": 950833.0, "observed_flood_frac": null, "modeled_flood_frac": 0.06, "elev_m": 906.4, "slope_deg": 1.1, "n_lakes": 0, "n_drains": 0, "low_income_score": 0.4, "equity_weight": 1.2, "scenario": "with_preventive_measures", "people_risk_eal": 380.333, "modeled_reduction_pct": 0.0, "data_status": "counterfactual simulation using literature-based intervention effects; not an observed intervention trial"}}, {"type": "Feature", "geometry": {"type": "Polygon", "coordinates": [[[77.66999999999999, 13.139999999999999], [77.69, 13.139999999999999], [77.69, 13.16], [77.66999999999999, 13.16], [77.66999999999999, 13.139999999999999]]]}, "properties": {"cell_id": "blr_0064", "flood_depth_m": {"rp10": 0.04, "rp100": 0.09}, "glof_depth_m": 0.0, "landslide_prob": 0.009, "population": 23568, "critical_assets": [], "eal_people": 325.238, "eal_usd": 813095.0, "observed_flood_frac": null, "modeled_flood_frac": 0.05, "elev_m": 902.6, "slope_deg": 1.1, "n_lakes": 0, "n_drains": 0, "low_income_score": 0.4, "equity_weight": 1.2, "scenario": "with_preventive_measures", "people_risk_eal": 325.238, "modeled_reduction_pct": 0.0, "data_status": "counterfactual simulation using literature-based intervention effects; not an observed intervention trial"}}, {"type": "Feature", "geometry": {"type": "Polygon", "coordinates": [[[77.69, 13.139999999999999], [77.71, 13.139999999999999], [77.71, 13.16], [77.69, 13.16], [77.69, 13.139999999999999]]]}, "properties": {"cell_id": "blr_0065", "flood_depth_m": {"rp10": 0.02, "rp100": 0.05}, "glof_depth_m": 0.0, "landslide_prob": 0.008, "population": 30328, "critical_assets": [], "eal_people": 367.575, "eal_usd": 918938.0, "observed_flood_frac": null, "modeled_flood_frac": 0.03, "elev_m": 893.2, "slope_deg": 1.0, "n_lakes": 0, "n_drains": 0, "low_income_score": 0.4, "equity_weight": 1.2, "scenario": "with_preventive_measures", "people_risk_eal": 367.575, "modeled_reduction_pct": 0.0, "data_status": "counterfactual simulation using literature-based intervention effects; not an observed intervention trial"}}, {"type": "Feature", "geometry": {"type": "Polygon", "coordinates": [[[77.71, 13.139999999999999], [77.72999999999999, 13.139999999999999], [77.72999999999999, 13.16], [77.71, 13.16], [77.71, 13.139999999999999]]]}, "properties": {"cell_id": "blr_0066", "flood_depth_m": {"rp10": 0.12, "rp100": 0.29}, "glof_depth_m": 0.0, "landslide_prob": 0.008, "population": 6678, "critical_assets": ["lake"], "eal_people": 195.532, "eal_usd": 488830.0, "observed_flood_frac": null, "modeled_flood_frac": 0.02, "elev_m": 882.4, "slope_deg": 1.0, "n_lakes": 1, "n_drains": 0, "low_income_score": 0.4, "equity_weight": 1.2, "scenario": "with_preventive_measures", "people_risk_eal": 195.532, "modeled_reduction_pct": 0.0, "data_status": "counterfactual simulation using literature-based intervention effects; not an observed intervention trial"}}, {"type": "Feature", "geometry": {"type": "Polygon", "coordinates": [[[77.72999999999999, 13.139999999999999], [77.75, 13.139999999999999], [77.75, 13.16], [77.72999999999999, 13.16], [77.72999999999999, 13.139999999999999]]]}, "properties": {"cell_id": "blr_0067", "flood_depth_m": {"rp10": 0.02, "rp100": 0.05}, "glof_depth_m": 0.0, "landslide_prob": 0.006, "population": 1811, "critical_assets": [], "eal_people": 18.3, "eal_usd": 45750.0, "observed_flood_frac": null, "modeled_flood_frac": 0.02, "elev_m": 873.4, "slope_deg": 0.7, "n_lakes": 0, "n_drains": 0, "low_income_score": 0.15, "equity_weight": 1.075, "scenario": "with_preventive_measures", "people_risk_eal": 18.3, "modeled_reduction_pct": 0.0, "data_status": "counterfactual simulation using literature-based intervention effects; not an observed intervention trial"}}, {"type": "Feature", "geometry": {"type": "Polygon", "coordinates": [[[77.75, 13.139999999999999], [77.77, 13.139999999999999], [77.77, 13.16], [77.75, 13.16], [77.75, 13.139999999999999]]]}, "properties": {"cell_id": "blr_0068", "flood_depth_m": {"rp10": 0.02, "rp100": 0.05}, "glof_depth_m": 0.0, "landslide_prob": 0.005, "population": 1631, "critical_assets": [], "eal_people": 15.254, "eal_usd": 38135.0, "observed_flood_frac": null, "modeled_flood_frac": 0.01, "elev_m": 871.6, "slope_deg": 0.6, "n_lakes": 0, "n_drains": 0, "low_income_score": 0.15, "equity_weight": 1.075, "scenario": "with_preventive_measures", "people_risk_eal": 15.254, "modeled_reduction_pct": 0.0, "data_status": "counterfactual simulation using literature-based intervention effects; not an observed intervention trial"}}, {"type": "Feature", "geometry": {"type": "Polygon", "coordinates": [[[77.77, 13.139999999999999], [77.78999999999999, 13.139999999999999], [77.78999999999999, 13.16], [77.77, 13.16], [77.77, 13.139999999999999]]]}, "properties": {"cell_id": "blr_0069", "flood_depth_m": {"rp10": 0.02, "rp100": 0.05}, "glof_depth_m": 0.0, "landslide_prob": 0.005, "population": 1632, "critical_assets": [], "eal_people": 14.035, "eal_usd": 35088.0, "observed_flood_frac": null, "modeled_flood_frac": 0.0, "elev_m": 872.4, "slope_deg": 0.6, "n_lakes": 0, "n_drains": 0, "low_income_score": 0.15, "equity_weight": 1.075, "scenario": "with_preventive_measures", "people_risk_eal": 14.035, "modeled_reduction_pct": 0.0, "data_status": "counterfactual simulation using literature-based intervention effects; not an observed intervention trial"}}, {"type": "Feature", "geometry": {"type": "Polygon", "coordinates": [[[77.78999999999999, 13.139999999999999], [77.80999999999999, 13.139999999999999], [77.80999999999999, 13.16], [77.78999999999999, 13.16], [77.78999999999999, 13.139999999999999]]]}, "properties": {"cell_id": "blr_0070", "flood_depth_m": {"rp10": 0.16, "rp100": 0.39}, "glof_depth_m": 0.0, "landslide_prob": 0.009, "population": 1412, "critical_assets": ["lake"], "eal_people": 43.412, "eal_usd": 108530.0, "observed_flood_frac": null, "modeled_flood_frac": 0.08, "elev_m": 891.8, "slope_deg": 1.1, "n_lakes": 1, "n_drains": 0, "low_income_score": 0.15, "equity_weight": 1.075, "scenario": "with_preventive_measures", "people_risk_eal": 43.412, "modeled_reduction_pct": 0.0, "data_status": "counterfactual simulation using literature-based intervention effects; not an observed intervention trial"}}, {"type": "Feature", "geometry": {"type": "Polygon", "coordinates": [[[77.80999999999999, 13.139999999999999], [77.83, 13.139999999999999], [77.83, 13.16], [77.80999999999999, 13.16], [77.80999999999999, 13.139999999999999]]]}, "properties": {"cell_id": "blr_0071", "flood_depth_m": {"rp10": 0.06, "rp100": 0.14}, "glof_depth_m": 0.0, "landslide_prob": 0.012, "population": 2242, "critical_assets": [], "eal_people": 32.778, "eal_usd": 81945.0, "observed_flood_frac": null, "modeled_flood_frac": 0.08, "elev_m": 909.1, "slope_deg": 1.5, "n_lakes": 0, "n_drains": 0, "low_income_score": 0.15, "equity_weight": 1.075, "scenario": "with_preventive_measures", "people_risk_eal": 32.778, "modeled_reduction_pct": 0.0, "data_status": "counterfactual simulation using literature-based intervention effects; not an observed intervention trial"}}, {"type": "Feature", "geometry": {"type": "Polygon", "coordinates": [[[77.35, 13.12], [77.36999999999999, 13.12], [77.36999999999999, 13.139999999999999], [77.35, 13.139999999999999], [77.35, 13.12]]]}, "properties": {"cell_id": "blr_0072", "flood_depth_m": {"rp10": 0.2, "rp100": 0.5}, "glof_depth_m": 0.0, "landslide_prob": 0.01, "population": 4097, "critical_assets": ["lake"], "eal_people": 113.077, "eal_usd": 282692.0, "observed_flood_frac": null, "modeled_flood_frac": 0.0, "elev_m": 872.3, "slope_deg": 1.1, "n_lakes": 2, "n_drains": 0, "low_income_score": 0.4, "equity_weight": 1.2, "scenario": "with_preventive_measures", "people_risk_eal": 113.077, "modeled_reduction_pct": 0.0, "data_status": "counterfactual simulation using literature-based intervention effects; not an observed intervention trial"}}, {"type": "Feature", "geometry": {"type": "Polygon", "coordinates": [[[77.36999999999999, 13.12], [77.39, 13.12], [77.39, 13.139999999999999], [77.36999999999999, 13.139999999999999], [77.36999999999999, 13.12]]]}, "properties": {"cell_id": "blr_0073", "flood_depth_m": {"rp10": 0.1, "rp100": 0.25}, "glof_depth_m": 0.0, "landslide_prob": 0.011, "population": 4022, "critical_assets": ["lake"], "eal_people": 111.007, "eal_usd": 277518.0, "observed_flood_frac": null, "modeled_flood_frac": 0.0, "elev_m": 890.9, "slope_deg": 1.4, "n_lakes": 1, "n_drains": 0, "low_income_score": 0.4, "equity_weight": 1.2, "scenario": "with_preventive_measures", "people_risk_eal": 111.007, "modeled_reduction_pct": 0.0, "data_status": "counterfactual simulation using literature-based intervention effects; not an observed intervention trial"}}, {"type": "Feature", "geometry": {"type": "Polygon", "coordinates": [[[77.39, 13.12], [77.41, 13.12], [77.41, 13.139999999999999], [77.39, 13.139999999999999], [77.39, 13.12]]]}, "properties": {"cell_id": "blr_0074", "flood_depth_m": {"rp10": 0.08, "rp100": 0.2}, "glof_depth_m": 0.0, "landslide_prob": 0.01, "population": 8075, "critical_assets": [], "eal_people": 152.133, "eal_usd": 380332.0, "observed_flood_frac": null, "modeled_flood_frac": 0.11, "elev_m": 906.4, "slope_deg": 1.2, "n_lakes": 0, "n_drains": 0, "low_income_score": 0.4, "equity_weight": 1.2, "scenario": "with_preventive_measures", "people_risk_eal": 152.133, "modeled_reduction_pct": 0.0, "data_status": "counterfactual simulation using literature-based intervention effects; not an observed intervention trial"}}, {"type": "Feature", "geometry": {"type": "Polygon", "coordinates": [[[77.41, 13.12], [77.42999999999999, 13.12], [77.42999999999999, 13.139999999999999], [77.41, 13.139999999999999], [77.41, 13.12]]]}, "properties": {"cell_id": "blr_0075", "flood_depth_m": {"rp10": 0.06, "rp100": 0.14}, "glof_depth_m": 0.0, "landslide_prob": 0.01, "population": 13656, "critical_assets": [], "eal_people": 222.866, "eal_usd": 557165.0, "observed_flood_frac": null, "modeled_flood_frac": 0.08, "elev_m": 892.2, "slope_deg": 1.2, "n_lakes": 0, "n_drains": 0, "low_income_score": 0.4, "equity_weight": 1.2, "scenario": "with_preventive_measures", "people_risk_eal": 222.866, "modeled_reduction_pct": 0.0, "data_status": "counterfactual simulation using literature-based intervention effects; not an observed intervention trial"}}, {"type": "Feature", "geometry": {"type": "Polygon", "coordinates": [[[77.42999999999999, 13.12], [77.44999999999999, 13.12], [77.44999999999999, 13.139999999999999], [77.42999999999999, 13.139999999999999], [77.42999999999999, 13.12]]]}, "properties": {"cell_id": "blr_0076", "flood_depth_m": {"rp10": 0.02, "rp100": 0.05}, "glof_depth_m": 0.0, "landslide_prob": 0.008, "population": 10985, "critical_assets": [], "eal_people": 123.911, "eal_usd": 309778.0, "observed_flood_frac": null, "modeled_flood_frac": 0.02, "elev_m": 880.4, "slope_deg": 1.0, "n_lakes": 0, "n_drains": 0, "low_income_score": 0.4, "equity_weight": 1.2, "scenario": "with_preventive_measures", "people_risk_eal": 123.911, "modeled_reduction_pct": 0.0, "data_status": "counterfactual simulation using literature-based intervention effects; not an observed intervention trial"}}, {"type": "Feature", "geometry": {"type": "Polygon", "coordinates": [[[77.44999999999999, 13.12], [77.47, 13.12], [77.47, 13.139999999999999], [77.44999999999999, 13.139999999999999], [77.44999999999999, 13.12]]]}, "properties": {"cell_id": "blr_0077", "flood_depth_m": {"rp10": 0.06, "rp100": 0.14}, "glof_depth_m": 0.0, "landslide_prob": 0.01, "population": 13324, "critical_assets": [], "eal_people": 217.448, "eal_usd": 543620.0, "observed_flood_frac": null, "modeled_flood_frac": 0.08, "elev_m": 875.7, "slope_deg": 1.2, "n_lakes": 0, "n_drains": 0, "low_income_score": 0.4, "equity_weight": 1.2, "scenario": "with_preventive_measures", "people_risk_eal": 217.448, "modeled_reduction_pct": 0.0, "data_status": "counterfactual simulation using literature-based intervention effects; not an observed intervention trial"}}, {"type": "Feature", "geometry": {"type": "Polygon", "coordinates": [[[77.47, 13.12], [77.49, 13.12], [77.49, 13.139999999999999], [77.47, 13.139999999999999], [77.47, 13.12]]]}, "properties": {"cell_id": "blr_0078", "flood_depth_m": {"rp10": 0.02, "rp100": 0.05}, "glof_depth_m": 0.0, "landslide_prob": 0.006, "population": 24360, "critical_assets": [], "eal_people": 233.856, "eal_usd": 584640.0, "observed_flood_frac": null, "modeled_flood_frac": 0.0, "elev_m": 857.3, "slope_deg": 0.7, "n_lakes": 0, "n_drains": 0, "low_income_score": 0.4, "equity_weight": 1.2, "scenario": "with_preventive_measures", "people_risk_eal": 233.856, "modeled_reduction_pct": 0.0, "data_status": "counterfactual simulation using literature-based intervention effects; not an observed intervention trial"}}, {"type": "Feature", "geometry": {"type": "Polygon", "coordinates": [[[77.49, 13.12], [77.50999999999999, 13.12], [77.50999999999999, 13.139999999999999], [77.49, 13.139999999999999], [77.49, 13.12]]]}, "properties": {"cell_id": "blr_0079", "flood_depth_m": {"rp10": 0.03, "rp100": 0.07}, "glof_depth_m": 0.0, "landslide_prob": 0.008, "population": 19272, "critical_assets": [], "eal_people": 249.765, "eal_usd": 624412.0, "observed_flood_frac": null, "modeled_flood_frac": 0.04, "elev_m": 867.1, "slope_deg": 0.9, "n_lakes": 0, "n_drains": 0, "low_income_score": 0.4, "equity_weight": 1.2, "scenario": "with_preventive_measures", "people_risk_eal": 249.765, "modeled_reduction_pct": 0.0, "data_status": "counterfactual simulation using literature-based intervention effects; not an observed intervention trial"}}, {"type": "Feature", "geometry": {"type": "Polygon", "coordinates": [[[77.50999999999999, 13.12], [77.53, 13.12], [77.53, 13.139999999999999], [77.50999999999999, 13.139999999999999], [77.50999999999999, 13.12]]]}, "properties": {"cell_id": "blr_0080", "flood_depth_m": {"rp10": 0.12, "rp100": 0.29}, "glof_depth_m": 0.0, "landslide_prob": 0.008, "population": 21311, "critical_assets": ["lake"], "eal_people": 623.986, "eal_usd": 1559965.0, "observed_flood_frac": null, "modeled_flood_frac": 0.02, "elev_m": 878.3, "slope_deg": 1.0, "n_lakes": 1, "n_drains": 0, "low_income_score": 0.4, "equity_weight": 1.2, "scenario": "with_preventive_measures", "people_risk_eal": 623.986, "modeled_reduction_pct": 0.0, "data_status": "counterfactual simulation using literature-based intervention effects; not an observed intervention trial"}}, {"type": "Feature", "geometry": {"type": "Polygon", "coordinates": [[[77.53, 13.12], [77.55, 13.12], [77.55, 13.139999999999999], [77.53, 13.139999999999999], [77.53, 13.12]]]}, "properties": {"cell_id": "blr_0081", "flood_depth_m": {"rp10": 0.14, "rp100": 0.34}, "glof_depth_m": 0.0, "landslide_prob": 0.014, "population": 18730, "critical_assets": ["lake"], "eal_people": 595.614, "eal_usd": 1489035.0, "observed_flood_frac": null, "modeled_flood_frac": 0.05, "elev_m": 904.5, "slope_deg": 1.7, "n_lakes": 1, "n_drains": 0, "low_income_score": 0.4, "equity_weight": 1.2, "scenario": "with_preventive_measures", "people_risk_eal": 595.614, "modeled_reduction_pct": 0.0, "data_status": "counterfactual simulation using literature-based intervention effects; not an observed intervention trial"}}, {"type": "Feature", "geometry": {"type": "Polygon", "coordinates": [[[77.55, 13.12], [77.57, 13.12], [77.57, 13.139999999999999], [77.55, 13.139999999999999], [77.55, 13.12]]]}, "properties": {"cell_id": "blr_0082", "flood_depth_m": {"rp10": 0.06, "rp100": 0.14}, "glof_depth_m": 0.0, "landslide_prob": 0.01, "population": 30903, "critical_assets": [], "eal_people": 504.337, "eal_usd": 1260842.0, "observed_flood_frac": null, "modeled_flood_frac": 0.08, "elev_m": 923.3, "slope_deg": 1.2, "n_lakes": 0, "n_drains": 0, "low_income_score": 0.4, "equity_weight": 1.2, "scenario": "with_preventive_measures", "people_risk_eal": 504.337, "modeled_reduction_pct": 0.0, "data_status": "counterfactual simulation using literature-based intervention effects; not an observed intervention trial"}}, {"type": "Feature", "geometry": {"type": "Polygon", "coordinates": [[[77.57, 13.12], [77.58999999999999, 13.12], [77.58999999999999, 13.139999999999999], [77.57, 13.139999999999999], [77.57, 13.12]]]}, "properties": {"cell_id": "blr_0083", "flood_depth_m": {"rp10": 0.11, "rp100": 0.27}, "glof_depth_m": 0.0, "landslide_prob": 0.008, "population": 39060, "critical_assets": ["lake"], "eal_people": 1110.866, "eal_usd": 2777165.0, "observed_flood_frac": null, "modeled_flood_frac": 0.01, "elev_m": 908.2, "slope_deg": 0.9, "n_lakes": 1, "n_drains": 0, "low_income_score": 0.4, "equity_weight": 1.2, "scenario": "with_preventive_measures", "people_risk_eal": 722.0629, "modeled_reduction_pct": 35.0, "data_status": "counterfactual simulation using literature-based intervention effects; not an observed intervention trial"}}, {"type": "Feature", "geometry": {"type": "Polygon", "coordinates": [[[77.58999999999999, 13.12], [77.61, 13.12], [77.61, 13.139999999999999], [77.58999999999999, 13.139999999999999], [77.58999999999999, 13.12]]]}, "properties": {"cell_id": "blr_0084", "flood_depth_m": {"rp10": 0.02, "rp100": 0.05}, "glof_depth_m": 0.0, "landslide_prob": 0.008, "population": 39430, "critical_assets": [], "eal_people": 477.892, "eal_usd": 1194730.0, "observed_flood_frac": null, "modeled_flood_frac": 0.03, "elev_m": 917.4, "slope_deg": 1.0, "n_lakes": 0, "n_drains": 0, "low_income_score": 0.4, "equity_weight": 1.2, "scenario": "with_preventive_measures", "people_risk_eal": 477.892, "modeled_reduction_pct": 0.0, "data_status": "counterfactual simulation using literature-based intervention effects; not an observed intervention trial"}}, {"type": "Feature", "geometry": {"type": "Polygon", "coordinates": [[[77.61, 13.12], [77.63, 13.12], [77.63, 13.139999999999999], [77.61, 13.139999999999999], [77.61, 13.12]]]}, "properties": {"cell_id": "blr_0085", "flood_depth_m": {"rp10": 0.06, "rp100": 0.14}, "glof_depth_m": 0.0, "landslide_prob": 0.01, "population": 49974, "critical_assets": [], "eal_people": 815.576, "eal_usd": 2038940.0, "observed_flood_frac": null, "modeled_flood_frac": 0.08, "elev_m": 920.7, "slope_deg": 1.2, "n_lakes": 0, "n_drains": 0, "low_income_score": 0.4, "equity_weight": 1.2, "scenario": "with_preventive_measures", "people_risk_eal": 815.576, "modeled_reduction_pct": 0.0, "data_status": "counterfactual simulation using literature-based intervention effects; not an observed intervention trial"}}, {"type": "Feature", "geometry": {"type": "Polygon", "coordinates": [[[77.63, 13.12], [77.64999999999999, 13.12], [77.64999999999999, 13.139999999999999], [77.63, 13.139999999999999], [77.63, 13.12]]]}, "properties": {"cell_id": "blr_0086", "flood_depth_m": {"rp10": 0.02, "rp100": 0.05}, "glof_depth_m": 0.0, "landslide_prob": 0.008, "population": 34636, "critical_assets": [], "eal_people": 361.6, "eal_usd": 904000.0, "observed_flood_frac": null, "modeled_flood_frac": 0.01, "elev_m": 908.7, "slope_deg": 1.0, "n_lakes": 0, "n_drains": 0, "low_income_score": 0.4, "equity_weight": 1.2, "scenario": "with_preventive_measures", "people_risk_eal": 361.6, "modeled_reduction_pct": 0.0, "data_status": "counterfactual simulation using literature-based intervention effects; not an observed intervention trial"}}, {"type": "Feature", "geometry": {"type": "Polygon", "coordinates": [[[77.64999999999999, 13.12], [77.66999999999999, 13.12], [77.66999999999999, 13.139999999999999], [77.64999999999999, 13.139999999999999], [77.64999999999999, 13.12]]]}, "properties": {"cell_id": "blr_0087", "flood_depth_m": {"rp10": 0.32, "rp100": 0.8}, "glof_depth_m": 0.0, "landslide_prob": 0.008, "population": 27287, "critical_assets": ["lake"], "eal_people": 821.884, "eal_usd": 2054710.0, "observed_flood_frac": null, "modeled_flood_frac": 0.03, "elev_m": 899.1, "slope_deg": 1.0, "n_lakes": 3, "n_drains": 0, "low_income_score": 0.4, "equity_weight": 1.2, "scenario": "with_preventive_measures", "people_risk_eal": 821.884, "modeled_reduction_pct": 0.0, "data_status": "counterfactual simulation using literature-based intervention effects; not an observed intervention trial"}}, {"type": "Feature", "geometry": {"type": "Polygon", "coordinates": [[[77.66999999999999, 13.12], [77.69, 13.12], [77.69, 13.139999999999999], [77.66999999999999, 13.139999999999999], [77.66999999999999, 13.12]]]}, "properties": {"cell_id": "blr_0088", "flood_depth_m": {"rp10": 0.12, "rp100": 0.29}, "glof_depth_m": 0.0, "landslide_prob": 0.007, "population": 21524, "critical_assets": ["lake"], "eal_people": 630.223, "eal_usd": 1575558.0, "observed_flood_frac": null, "modeled_flood_frac": 0.02, "elev_m": 889.5, "slope_deg": 0.9, "n_lakes": 1, "n_drains": 0, "low_income_score": 0.4, "equity_weight": 1.2, "scenario": "with_preventive_measures", "people_risk_eal": 630.223, "modeled_reduction_pct": 0.0, "data_status": "counterfactual simulation using literature-based intervention effects; not an observed intervention trial"}}, {"type": "Feature", "geometry": {"type": "Polygon", "coordinates": [[[77.69, 13.12], [77.71, 13.12], [77.71, 13.139999999999999], [77.69, 13.139999999999999], [77.69, 13.12]]]}, "properties": {"cell_id": "blr_0089", "flood_depth_m": {"rp10": 0.02, "rp100": 0.05}, "glof_depth_m": 0.0, "landslide_prob": 0.008, "population": 18960, "critical_assets": [], "eal_people": 229.795, "eal_usd": 574488.0, "observed_flood_frac": null, "modeled_flood_frac": 0.03, "elev_m": 890.5, "slope_deg": 1.0, "n_lakes": 0, "n_drains": 0, "low_income_score": 0.4, "equity_weight": 1.2, "scenario": "with_preventive_measures", "people_risk_eal": 229.795, "modeled_reduction_pct": 0.0, "data_status": "counterfactual simulation using literature-based intervention effects; not an observed intervention trial"}}, {"type": "Feature", "geometry": {"type": "Polygon", "coordinates": [[[77.71, 13.12], [77.72999999999999, 13.12], [77.72999999999999, 13.139999999999999], [77.71, 13.139999999999999], [77.71, 13.12]]]}, "properties": {"cell_id": "blr_0090", "flood_depth_m": {"rp10": 0.12, "rp100": 0.29}, "glof_depth_m": 0.0, "landslide_prob": 0.007, "population": 5364, "critical_assets": ["lake"], "eal_people": 157.058, "eal_usd": 392645.0, "observed_flood_frac": null, "modeled_flood_frac": 0.02, "elev_m": 888.2, "slope_deg": 0.9, "n_lakes": 1, "n_drains": 0, "low_income_score": 0.4, "equity_weight": 1.2, "scenario": "with_preventive_measures", "people_risk_eal": 157.058, "modeled_reduction_pct": 0.0, "data_status": "counterfactual simulation using literature-based intervention effects; not an observed intervention trial"}}, {"type": "Feature", "geometry": {"type": "Polygon", "coordinates": [[[77.72999999999999, 13.12], [77.75, 13.12], [77.75, 13.139999999999999], [77.72999999999999, 13.139999999999999], [77.72999999999999, 13.12]]]}, "properties": {"cell_id": "blr_0091", "flood_depth_m": {"rp10": 0.02, "rp100": 0.05}, "glof_depth_m": 0.0, "landslide_prob": 0.007, "population": 2632, "critical_assets": [], "eal_people": 28.577, "eal_usd": 71442.0, "observed_flood_frac": null, "modeled_flood_frac": 0.03, "elev_m": 879.3, "slope_deg": 0.9, "n_lakes": 0, "n_drains": 0, "low_income_score": 0.15, "equity_weight": 1.075, "scenario": "with_preventive_measures", "people_risk_eal": 28.577, "modeled_reduction_pct": 0.0, "data_status": "counterfactual simulation using literature-based intervention effects; not an observed intervention trial"}}, {"type": "Feature", "geometry": {"type": "Polygon", "coordinates": [[[77.75, 13.12], [77.77, 13.12], [77.77, 13.139999999999999], [77.75, 13.139999999999999], [77.75, 13.12]]]}, "properties": {"cell_id": "blr_0092", "flood_depth_m": {"rp10": 0.02, "rp100": 0.05}, "glof_depth_m": 0.0, "landslide_prob": 0.003, "population": 1956, "critical_assets": [], "eal_people": 16.822, "eal_usd": 42055.0, "observed_flood_frac": null, "modeled_flood_frac": 0.0, "elev_m": 865.8, "slope_deg": 0.4, "n_lakes": 0, "n_drains": 0, "low_income_score": 0.15, "equity_weight": 1.075, "scenario": "with_preventive_measures", "people_risk_eal": 16.822, "modeled_reduction_pct": 0.0, "data_status": "counterfactual simulation using literature-based intervention effects; not an observed intervention trial"}}, {"type": "Feature", "geometry": {"type": "Polygon", "coordinates": [[[77.77, 13.12], [77.78999999999999, 13.12], [77.78999999999999, 13.139999999999999], [77.77, 13.139999999999999], [77.77, 13.12]]]}, "properties": {"cell_id": "blr_0093", "flood_depth_m": {"rp10": 0.03, "rp100": 0.07}, "glof_depth_m": 0.0, "landslide_prob": 0.007, "population": 1683, "critical_assets": [], "eal_people": 19.54, "eal_usd": 48850.0, "observed_flood_frac": null, "modeled_flood_frac": 0.04, "elev_m": 880.5, "slope_deg": 0.8, "n_lakes": 0, "n_drains": 0, "low_income_score": 0.15, "equity_weight": 1.075, "scenario": "with_preventive_measures", "people_risk_eal": 19.54, "modeled_reduction_pct": 0.0, "data_status": "counterfactual simulation using literature-based intervention effects; not an observed intervention trial"}}, {"type": "Feature", "geometry": {"type": "Polygon", "coordinates": [[[77.78999999999999, 13.12], [77.80999999999999, 13.12], [77.80999999999999, 13.139999999999999], [77.78999999999999, 13.139999999999999], [77.78999999999999, 13.12]]]}, "properties": {"cell_id": "blr_0094", "flood_depth_m": {"rp10": 0.02, "rp100": 0.05}, "glof_depth_m": 0.0, "landslide_prob": 0.009, "population": 1533, "critical_assets": [], "eal_people": 13.184, "eal_usd": 32960.0, "observed_flood_frac": null, "modeled_flood_frac": 0.0, "elev_m": 890.7, "slope_deg": 1.1, "n_lakes": 0, "n_drains": 0, "low_income_score": 0.15, "equity_weight": 1.075, "scenario": "with_preventive_measures", "people_risk_eal": 13.184, "modeled_reduction_pct": 0.0, "data_status": "counterfactual simulation using literature-based intervention effects; not an observed intervention trial"}}, {"type": "Feature", "geometry": {"type": "Polygon", "coordinates": [[[77.80999999999999, 13.12], [77.83, 13.12], [77.83, 13.139999999999999], [77.80999999999999, 13.139999999999999], [77.80999999999999, 13.12]]]}, "properties": {"cell_id": "blr_0095", "flood_depth_m": {"rp10": 0.05, "rp100": 0.13}, "glof_depth_m": 0.0, "landslide_prob": 0.009, "population": 4130, "critical_assets": [], "eal_people": 63.932, "eal_usd": 159830.0, "observed_flood_frac": null, "modeled_flood_frac": 0.07, "elev_m": 902.6, "slope_deg": 1.0, "n_lakes": 0, "n_drains": 0, "low_income_score": 0.4, "equity_weight": 1.2, "scenario": "with_preventive_measures", "people_risk_eal": 63.932, "modeled_reduction_pct": 0.0, "data_status": "counterfactual simulation using literature-based intervention effects; not an observed intervention trial"}}, {"type": "Feature", "geometry": {"type": "Polygon", "coordinates": [[[77.35, 13.1], [77.36999999999999, 13.1], [77.36999999999999, 13.12], [77.35, 13.12], [77.35, 13.1]]]}, "properties": {"cell_id": "blr_0096", "flood_depth_m": {"rp10": 0.02, "rp100": 0.05}, "glof_depth_m": 0.0, "landslide_prob": 0.011, "population": 2689, "critical_assets": [], "eal_people": 27.172, "eal_usd": 67930.0, "observed_flood_frac": null, "modeled_flood_frac": 0.02, "elev_m": 874.7, "slope_deg": 1.3, "n_lakes": 0, "n_drains": 0, "low_income_score": 0.15, "equity_weight": 1.075, "scenario": "with_preventive_measures", "people_risk_eal": 27.172, "modeled_reduction_pct": 0.0, "data_status": "counterfactual simulation using literature-based intervention effects; not an observed intervention trial"}}, {"type": "Feature", "geometry": {"type": "Polygon", "coordinates": [[[77.36999999999999, 13.1], [77.39, 13.1], [77.39, 13.12], [77.36999999999999, 13.12], [77.36999999999999, 13.1]]]}, "properties": {"cell_id": "blr_0097", "flood_depth_m": {"rp10": 0.07, "rp100": 0.18}, "glof_depth_m": 0.0, "landslide_prob": 0.011, "population": 5987, "critical_assets": [], "eal_people": 107.766, "eal_usd": 269415.0, "observed_flood_frac": null, "modeled_flood_frac": 0.1, "elev_m": 898.2, "slope_deg": 1.3, "n_lakes": 0, "n_drains": 0, "low_income_score": 0.4, "equity_weight": 1.2, "scenario": "with_preventive_measures", "people_risk_eal": 107.766, "modeled_reduction_pct": 0.0, "data_status": "counterfactual simulation using literature-based intervention effects; not an observed intervention trial"}}, {"type": "Feature", "geometry": {"type": "Polygon", "coordinates": [[[77.39, 13.1], [77.41, 13.1], [77.41, 13.12], [77.39, 13.12], [77.39, 13.1]]]}, "properties": {"cell_id": "blr_0098", "flood_depth_m": {"rp10": 0.02, "rp100": 0.05}, "glof_depth_m": 0.0, "landslide_prob": 0.009, "population": 25066, "critical_assets": [], "eal_people": 303.8, "eal_usd": 759500.0, "observed_flood_frac": null, "modeled_flood_frac": 0.03, "elev_m": 892.6, "slope_deg": 1.0, "n_lakes": 0, "n_drains": 0, "low_income_score": 0.4, "equity_weight": 1.2, "scenario": "with_preventive_measures", "people_risk_eal": 303.8, "modeled_reduction_pct": 0.0, "data_status": "counterfactual simulation using literature-based intervention effects; not an observed intervention trial"}}, {"type": "Feature", "geometry": {"type": "Polygon", "coordinates": [[[77.41, 13.1], [77.42999999999999, 13.1], [77.42999999999999, 13.12], [77.41, 13.12], [77.41, 13.1]]]}, "properties": {"cell_id": "blr_0099", "flood_depth_m": {"rp10": 0.04, "rp100": 0.09}, "glof_depth_m": 0.0, "landslide_prob": 0.01, "population": 20676, "critical_assets": [], "eal_people": 285.329, "eal_usd": 713322.0, "observed_flood_frac": null, "modeled_flood_frac": 0.05, "elev_m": 884.3, "slope_deg": 1.2, "n_lakes": 0, "n_drains": 0, "low_income_score": 0.4, "equity_weight": 1.2, "scenario": "with_preventive_measures", "people_risk_eal": 285.329, "modeled_reduction_pct": 0.0, "data_status": "counterfactual simulation using literature-based intervention effects; not an observed intervention trial"}}, {"type": "Feature", "geometry": {"type": "Polygon", "coordinates": [[[77.42999999999999, 13.1], [77.44999999999999, 13.1], [77.44999999999999, 13.12], [77.42999999999999, 13.12], [77.42999999999999, 13.1]]]}, "properties": {"cell_id": "blr_0100", "flood_depth_m": {"rp10": 0.05, "rp100": 0.13}, "glof_depth_m": 0.0, "landslide_prob": 0.01, "population": 29044, "critical_assets": [], "eal_people": 449.601, "eal_usd": 1124002.0, "observed_flood_frac": null, "modeled_flood_frac": 0.07, "elev_m": 878.6, "slope_deg": 1.2, "n_lakes": 0, "n_drains": 0, "low_income_score": 0.4, "equity_weight": 1.2, "scenario": "with_preventive_measures", "people_risk_eal": 449.601, "modeled_reduction_pct": 0.0, "data_status": "counterfactual simulation using literature-based intervention effects; not an observed intervention trial"}}, {"type": "Feature", "geometry": {"type": "Polygon", "coordinates": [[[77.44999999999999, 13.1], [77.47, 13.1], [77.47, 13.12], [77.44999999999999, 13.12], [77.44999999999999, 13.1]]]}, "properties": {"cell_id": "blr_0101", "flood_depth_m": {"rp10": 0.05, "rp100": 0.13}, "glof_depth_m": 0.0, "landslide_prob": 0.01, "population": 17997, "critical_assets": [], "eal_people": 278.594, "eal_usd": 696485.0, "observed_flood_frac": null, "modeled_flood_frac": 0.07, "elev_m": 866.2, "slope_deg": 1.2, "n_lakes": 0, "n_drains": 0, "low_income_score": 0.4, "equity_weight": 1.2, "scenario": "with_preventive_measures", "people_risk_eal": 278.594, "modeled_reduction_pct": 0.0, "data_status": "counterfactual simulation using literature-based intervention effects; not an observed intervention trial"}}, {"type": "Feature", "geometry": {"type": "Polygon", "coordinates": [[[77.47, 13.1], [77.49, 13.1], [77.49, 13.12], [77.47, 13.12], [77.47, 13.1]]]}, "properties": {"cell_id": "blr_0102", "flood_depth_m": {"rp10": 0.02, "rp100": 0.05}, "glof_depth_m": 0.0, "landslide_prob": 0.009, "population": 25626, "critical_assets": ["school"], "eal_people": 267.535, "eal_usd": 668838.0, "observed_flood_frac": null, "modeled_flood_frac": 0.01, "elev_m": 856.3, "slope_deg": 1.0, "n_lakes": 0, "n_drains": 0, "low_income_score": 0.4, "equity_weight": 1.2, "scenario": "with_preventive_measures", "people_risk_eal": 267.535, "modeled_reduction_pct": 0.0, "data_status": "counterfactual simulation using literature-based intervention effects; not an observed intervention trial"}}, {"type": "Feature", "geometry": {"type": "Polygon", "coordinates": [[[77.49, 13.1], [77.50999999999999, 13.1], [77.50999999999999, 13.12], [77.49, 13.12], [77.49, 13.1]]]}, "properties": {"cell_id": "blr_0103", "flood_depth_m": {"rp10": 0.03, "rp100": 0.07}, "glof_depth_m": 0.0, "landslide_prob": 0.01, "population": 22908, "critical_assets": [], "eal_people": 296.888, "eal_usd": 742220.0, "observed_flood_frac": null, "modeled_flood_frac": 0.04, "elev_m": 872.9, "slope_deg": 1.2, "n_lakes": 0, "n_drains": 0, "low_income_score": 0.4, "equity_weight": 1.2, "scenario": "with_preventive_measures", "people_risk_eal": 296.888, "modeled_reduction_pct": 0.0, "data_status": "counterfactual simulation using literature-based intervention effects; not an observed intervention trial"}}, {"type": "Feature", "geometry": {"type": "Polygon", "coordinates": [[[77.50999999999999, 13.1], [77.53, 13.1], [77.53, 13.12], [77.50999999999999, 13.12], [77.50999999999999, 13.1]]]}, "properties": {"cell_id": "blr_0104", "flood_depth_m": {"rp10": 0.07, "rp100": 0.18}, "glof_depth_m": 0.0, "landslide_prob": 0.009, "population": 28669, "critical_assets": [], "eal_people": 516.042, "eal_usd": 1290105.0, "observed_flood_frac": null, "modeled_flood_frac": 0.1, "elev_m": 889.3, "slope_deg": 1.1, "n_lakes": 0, "n_drains": 0, "low_income_score": 0.4, "equity_weight": 1.2, "scenario": "with_preventive_measures", "people_risk_eal": 516.042, "modeled_reduction_pct": 0.0, "data_status": "counterfactual simulation using literature-based intervention effects; not an observed intervention trial"}}, {"type": "Feature", "geometry": {"type": "Polygon", "coordinates": [[[77.53, 13.1], [77.55, 13.1], [77.55, 13.12], [77.53, 13.12], [77.53, 13.1]]]}, "properties": {"cell_id": "blr_0105", "flood_depth_m": {"rp10": 0.09, "rp100": 0.22}, "glof_depth_m": 0.0, "landslide_prob": 0.01, "population": 29987, "critical_assets": [], "eal_people": 590.144, "eal_usd": 1475360.0, "observed_flood_frac": null, "modeled_flood_frac": 0.12, "elev_m": 912.9, "slope_deg": 1.2, "n_lakes": 0, "n_drains": 0, "low_income_score": 0.4, "equity_weight": 1.2, "scenario": "with_preventive_measures", "people_risk_eal": 590.144, "modeled_reduction_pct": 0.0, "data_status": "counterfactual simulation using literature-based intervention effects; not an observed intervention trial"}}, {"type": "Feature", "geometry": {"type": "Polygon", "coordinates": [[[77.55, 13.1], [77.57, 13.1], [77.57, 13.12], [77.55, 13.12], [77.55, 13.1]]]}, "properties": {"cell_id": "blr_0106", "flood_depth_m": {"rp10": 0.1, "rp100": 0.25}, "glof_depth_m": 0.0, "landslide_prob": 0.01, "population": 49833, "critical_assets": ["lake"], "eal_people": 1375.391, "eal_usd": 3438478.0, "observed_flood_frac": null, "modeled_flood_frac": 0.0, "elev_m": 912.7, "slope_deg": 1.1, "n_lakes": 1, "n_drains": 0, "low_income_score": 0.4, "equity_weight": 1.2, "scenario": "with_preventive_measures", "people_risk_eal": 894.0042, "modeled_reduction_pct": 35.0, "data_status": "counterfactual simulation using literature-based intervention effects; not an observed intervention trial"}}, {"type": "Feature", "geometry": {"type": "Polygon", "coordinates": [[[77.57, 13.1], [77.58999999999999, 13.1], [77.58999999999999, 13.12], [77.57, 13.12], [77.57, 13.1]]]}, "properties": {"cell_id": "blr_0107", "flood_depth_m": {"rp10": 0.02, "rp100": 0.05}, "glof_depth_m": 0.0, "landslide_prob": 0.008, "population": 105393, "critical_assets": ["school"], "eal_people": 1277.363, "eal_usd": 3193408.0, "observed_flood_frac": null, "modeled_flood_frac": 0.03, "elev_m": 910.7, "slope_deg": 1.0, "n_lakes": 0, "n_drains": 0, "low_income_score": 0.4, "equity_weight": 1.2, "scenario": "with_preventive_measures", "people_risk_eal": 830.286, "modeled_reduction_pct": 35.0, "data_status": "counterfactual simulation using literature-based intervention effects; not an observed intervention trial"}}, {"type": "Feature", "geometry": {"type": "Polygon", "coordinates": [[[77.58999999999999, 13.1], [77.61, 13.1], [77.61, 13.12], [77.58999999999999, 13.12], [77.58999999999999, 13.1]]]}, "properties": {"cell_id": "blr_0108", "flood_depth_m": {"rp10": 0.02, "rp100": 0.05}, "glof_depth_m": 0.0, "landslide_prob": 0.009, "population": 61797, "critical_assets": [], "eal_people": 697.07, "eal_usd": 1742675.0, "observed_flood_frac": null, "modeled_flood_frac": 0.02, "elev_m": 901.7, "slope_deg": 1.0, "n_lakes": 0, "n_drains": 0, "low_income_score": 0.4, "equity_weight": 1.2, "scenario": "with_preventive_measures", "people_risk_eal": 697.07, "modeled_reduction_pct": 0.0, "data_status": "counterfactual simulation using literature-based intervention effects; not an observed intervention trial"}}, {"type": "Feature", "geometry": {"type": "Polygon", "coordinates": [[[77.61, 13.1], [77.63, 13.1], [77.63, 13.12], [77.61, 13.12], [77.61, 13.1]]]}, "properties": {"cell_id": "blr_0109", "flood_depth_m": {"rp10": 0.2, "rp100": 0.5}, "glof_depth_m": 0.0, "landslide_prob": 0.009, "population": 46795, "critical_assets": ["lake"], "eal_people": 1291.542, "eal_usd": 3228855.0, "observed_flood_frac": null, "modeled_flood_frac": 0.0, "elev_m": 905.1, "slope_deg": 1.1, "n_lakes": 2, "n_drains": 0, "low_income_score": 0.4, "equity_weight": 1.2, "scenario": "with_preventive_measures", "people_risk_eal": 839.5023, "modeled_reduction_pct": 35.0, "data_status": "counterfactual simulation using literature-based intervention effects; not an observed intervention trial"}}, {"type": "Feature", "geometry": {"type": "Polygon", "coordinates": [[[77.63, 13.1], [77.64999999999999, 13.1], [77.64999999999999, 13.12], [77.63, 13.12], [77.63, 13.1]]]}, "properties": {"cell_id": "blr_0110", "flood_depth_m": {"rp10": 0.06, "rp100": 0.14}, "glof_depth_m": 0.0, "landslide_prob": 0.01, "population": 22097, "critical_assets": [], "eal_people": 360.623, "eal_usd": 901558.0, "observed_flood_frac": null, "modeled_flood_frac": 0.08, "elev_m": 914.8, "slope_deg": 1.2, "n_lakes": 0, "n_drains": 0, "low_income_score": 0.4, "equity_weight": 1.2, "scenario": "with_preventive_measures", "people_risk_eal": 360.623, "modeled_reduction_pct": 0.0, "data_status": "counterfactual simulation using literature-based intervention effects; not an observed intervention trial"}}, {"type": "Feature", "geometry": {"type": "Polygon", "coordinates": [[[77.64999999999999, 13.1], [77.66999999999999, 13.1], [77.66999999999999, 13.12], [77.64999999999999, 13.12], [77.64999999999999, 13.1]]]}, "properties": {"cell_id": "blr_0111", "flood_depth_m": {"rp10": 0.06, "rp100": 0.14}, "glof_depth_m": 0.0, "landslide_prob": 0.01, "population": 9740, "critical_assets": [], "eal_people": 158.957, "eal_usd": 397392.0, "observed_flood_frac": null, "modeled_flood_frac": 0.08, "elev_m": 906.4, "slope_deg": 1.2, "n_lakes": 0, "n_drains": 0, "low_income_score": 0.4, "equity_weight": 1.2, "scenario": "with_preventive_measures", "people_risk_eal": 158.957, "modeled_reduction_pct": 0.0, "data_status": "counterfactual simulation using literature-based intervention effects; not an observed intervention trial"}}, {"type": "Feature", "geometry": {"type": "Polygon", "coordinates": [[[77.66999999999999, 13.1], [77.69, 13.1], [77.69, 13.12], [77.66999999999999, 13.12], [77.66999999999999, 13.1]]]}, "properties": {"cell_id": "blr_0112", "flood_depth_m": {"rp10": 0.03, "rp100": 0.07}, "glof_depth_m": 0.0, "landslide_prob": 0.01, "population": 16614, "critical_assets": [], "eal_people": 215.317, "eal_usd": 538292.0, "observed_flood_frac": null, "modeled_flood_frac": 0.04, "elev_m": 904.4, "slope_deg": 1.1, "n_lakes": 0, "n_drains": 0, "low_income_score": 0.4, "equity_weight": 1.2, "scenario": "with_preventive_measures", "people_risk_eal": 215.317, "modeled_reduction_pct": 0.0, "data_status": "counterfactual simulation using literature-based intervention effects; not an observed intervention trial"}}, {"type": "Feature", "geometry": {"type": "Polygon", "coordinates": [[[77.69, 13.1], [77.71, 13.1], [77.71, 13.12], [77.69, 13.12], [77.69, 13.1]]]}, "properties": {"cell_id": "blr_0113", "flood_depth_m": {"rp10": 0.04, "rp100": 0.11}, "glof_depth_m": 0.0, "landslide_prob": 0.009, "population": 10992, "critical_assets": [], "eal_people": 160.923, "eal_usd": 402308.0, "observed_flood_frac": null, "modeled_flood_frac": 0.06, "elev_m": 911.4, "slope_deg": 1.1, "n_lakes": 0, "n_drains": 0, "low_income_score": 0.4, "equity_weight": 1.2, "scenario": "with_preventive_measures", "people_risk_eal": 160.923, "modeled_reduction_pct": 0.0, "data_status": "counterfactual simulation using literature-based intervention effects; not an observed intervention trial"}}, {"type": "Feature", "geometry": {"type": "Polygon", "coordinates": [[[77.71, 13.1], [77.72999999999999, 13.1], [77.72999999999999, 13.12], [77.71, 13.12], [77.71, 13.1]]]}, "properties": {"cell_id": "blr_0114", "flood_depth_m": {"rp10": 0.03, "rp100": 0.07}, "glof_depth_m": 0.0, "landslide_prob": 0.01, "population": 9280, "critical_assets": [], "eal_people": 120.269, "eal_usd": 300672.0, "observed_flood_frac": null, "modeled_flood_frac": 0.04, "elev_m": 904.7, "slope_deg": 1.2, "n_lakes": 0, "n_drains": 0, "low_income_score": 0.4, "equity_weight": 1.2, "scenario": "with_preventive_measures", "people_risk_eal": 120.269, "modeled_reduction_pct": 0.0, "data_status": "counterfactual simulation using literature-based intervention effects; not an observed intervention trial"}}, {"type": "Feature", "geometry": {"type": "Polygon", "coordinates": [[[77.72999999999999, 13.1], [77.75, 13.1], [77.75, 13.12], [77.72999999999999, 13.12], [77.72999999999999, 13.1]]]}, "properties": {"cell_id": "blr_0115", "flood_depth_m": {"rp10": 0.08, "rp100": 0.2}, "glof_depth_m": 0.0, "landslide_prob": 0.009, "population": 904, "critical_assets": [], "eal_people": 15.257, "eal_usd": 38142.0, "observed_flood_frac": null, "modeled_flood_frac": 0.11, "elev_m": 891.0, "slope_deg": 1.0, "n_lakes": 0, "n_drains": 0, "low_income_score": 0.15, "equity_weight": 1.075, "scenario": "with_preventive_measures", "people_risk_eal": 15.257, "modeled_reduction_pct": 0.0, "data_status": "counterfactual simulation using literature-based intervention effects; not an observed intervention trial"}}, {"type": "Feature", "geometry": {"type": "Polygon", "coordinates": [[[77.75, 13.1], [77.77, 13.1], [77.77, 13.12], [77.75, 13.12], [77.75, 13.1]]]}, "properties": {"cell_id": "blr_0116", "flood_depth_m": {"rp10": 0.02, "rp100": 0.05}, "glof_depth_m": 0.0, "landslide_prob": 0.005, "population": 1868, "critical_assets": [], "eal_people": 16.065, "eal_usd": 40162.0, "observed_flood_frac": null, "modeled_flood_frac": 0.0, "elev_m": 867.1, "slope_deg": 0.6, "n_lakes": 0, "n_drains": 0, "low_income_score": 0.15, "equity_weight": 1.075, "scenario": "with_preventive_measures", "people_risk_eal": 16.065, "modeled_reduction_pct": 0.0, "data_status": "counterfactual simulation using literature-based intervention effects; not an observed intervention trial"}}, {"type": "Feature", "geometry": {"type": "Polygon", "coordinates": [[[77.77, 13.1], [77.78999999999999, 13.1], [77.78999999999999, 13.12], [77.77, 13.12], [77.77, 13.1]]]}, "properties": {"cell_id": "blr_0117", "flood_depth_m": {"rp10": 0.14, "rp100": 0.34}, "glof_depth_m": 0.0, "landslide_prob": 0.008, "population": 2350, "critical_assets": ["lake"], "eal_people": 66.946, "eal_usd": 167365.0, "observed_flood_frac": null, "modeled_flood_frac": 0.05, "elev_m": 881.6, "slope_deg": 1.0, "n_lakes": 1, "n_drains": 0, "low_income_score": 0.15, "equity_weight": 1.075, "scenario": "with_preventive_measures", "people_risk_eal": 66.946, "modeled_reduction_pct": 0.0, "data_status": "counterfactual simulation using literature-based intervention effects; not an observed intervention trial"}}, {"type": "Feature", "geometry": {"type": "Polygon", "coordinates": [[[77.78999999999999, 13.1], [77.80999999999999, 13.1], [77.80999999999999, 13.12], [77.78999999999999, 13.12], [77.78999999999999, 13.1]]]}, "properties": {"cell_id": "blr_0118", "flood_depth_m": {"rp10": 0.09, "rp100": 0.22}, "glof_depth_m": 0.0, "landslide_prob": 0.011, "population": 1809, "critical_assets": [], "eal_people": 31.893, "eal_usd": 79732.0, "observed_flood_frac": null, "modeled_flood_frac": 0.12, "elev_m": 903.5, "slope_deg": 1.3, "n_lakes": 0, "n_drains": 0, "low_income_score": 0.15, "equity_weight": 1.075, "scenario": "with_preventive_measures", "people_risk_eal": 31.893, "modeled_reduction_pct": 0.0, "data_status": "counterfactual simulation using literature-based intervention effects; not an observed intervention trial"}}, {"type": "Feature", "geometry": {"type": "Polygon", "coordinates": [[[77.80999999999999, 13.1], [77.83, 13.1], [77.83, 13.12], [77.80999999999999, 13.12], [77.80999999999999, 13.1]]]}, "properties": {"cell_id": "blr_0119", "flood_depth_m": {"rp10": 0.02, "rp100": 0.05}, "glof_depth_m": 0.0, "landslide_prob": 0.008, "population": 3765, "critical_assets": [], "eal_people": 38.045, "eal_usd": 95112.0, "observed_flood_frac": null, "modeled_flood_frac": 0.02, "elev_m": 894.0, "slope_deg": 1.0, "n_lakes": 0, "n_drains": 0, "low_income_score": 0.15, "equity_weight": 1.075, "scenario": "with_preventive_measures", "people_risk_eal": 38.045, "modeled_reduction_pct": 0.0, "data_status": "counterfactual simulation using literature-based intervention effects; not an observed intervention trial"}}, {"type": "Feature", "geometry": {"type": "Polygon", "coordinates": [[[77.35, 13.08], [77.36999999999999, 13.08], [77.36999999999999, 13.1], [77.35, 13.1], [77.35, 13.08]]]}, "properties": {"cell_id": "blr_0120", "flood_depth_m": {"rp10": 0.03, "rp100": 0.07}, "glof_depth_m": 0.0, "landslide_prob": 0.012, "population": 2554, "critical_assets": [], "eal_people": 29.652, "eal_usd": 74130.0, "observed_flood_frac": null, "modeled_flood_frac": 0.04, "elev_m": 876.8, "slope_deg": 1.4, "n_lakes": 0, "n_drains": 0, "low_income_score": 0.15, "equity_weight": 1.075, "scenario": "with_preventive_measures", "people_risk_eal": 29.652, "modeled_reduction_pct": 0.0, "data_status": "counterfactual simulation using literature-based intervention effects; not an observed intervention trial"}}, {"type": "Feature", "geometry": {"type": "Polygon", "coordinates": [[[77.36999999999999, 13.08], [77.39, 13.08], [77.39, 13.1], [77.36999999999999, 13.1], [77.36999999999999, 13.08]]]}, "properties": {"cell_id": "blr_0121", "flood_depth_m": {"rp10": 0.11, "rp100": 0.27}, "glof_depth_m": 0.0, "landslide_prob": 0.009, "population": 5118, "critical_assets": ["school"], "eal_people": 113.62, "eal_usd": 284050.0, "observed_flood_frac": null, "modeled_flood_frac": 0.15, "elev_m": 899.9, "slope_deg": 1.1, "n_lakes": 0, "n_drains": 0, "low_income_score": 0.4, "equity_weight": 1.2, "scenario": "with_preventive_measures", "people_risk_eal": 113.62, "modeled_reduction_pct": 0.0, "data_status": "counterfactual simulation using literature-based intervention effects; not an observed intervention trial"}}, {"type": "Feature", "geometry": {"type": "Polygon", "coordinates": [[[77.39, 13.08], [77.41, 13.08], [77.41, 13.1], [77.39, 13.1], [77.39, 13.08]]]}, "properties": {"cell_id": "blr_0122", "flood_depth_m": {"rp10": 0.14, "rp100": 0.36}, "glof_depth_m": 0.0, "landslide_prob": 0.011, "population": 13915, "critical_assets": ["lake", "clinic", "school", "school"], "eal_people": 406.875, "eal_usd": 1017188.0, "observed_flood_frac": null, "modeled_flood_frac": 0.06, "elev_m": 889.5, "slope_deg": 1.3, "n_lakes": 1, "n_drains": 0, "low_income_score": 0.15, "equity_weight": 1.075, "scenario": "with_preventive_measures", "people_risk_eal": 406.875, "modeled_reduction_pct": 0.0, "data_status": "counterfactual simulation using literature-based intervention effects; not an observed intervention trial"}}, {"type": "Feature", "geometry": {"type": "Polygon", "coordinates": [[[77.41, 13.08], [77.42999999999999, 13.08], [77.42999999999999, 13.1], [77.41, 13.1], [77.41, 13.08]]]}, "properties": {"cell_id": "blr_0123", "flood_depth_m": {"rp10": 0.03, "rp100": 0.07}, "glof_depth_m": 0.0, "landslide_prob": 0.009, "population": 31162, "critical_assets": [], "eal_people": 403.86, "eal_usd": 1009650.0, "observed_flood_frac": null, "modeled_flood_frac": 0.04, "elev_m": 872.4, "slope_deg": 1.1, "n_lakes": 0, "n_drains": 0, "low_income_score": 0.4, "equity_weight": 1.2, "scenario": "with_preventive_measures", "people_risk_eal": 403.86, "modeled_reduction_pct": 0.0, "data_status": "counterfactual simulation using literature-based intervention effects; not an observed intervention trial"}}, {"type": "Feature", "geometry": {"type": "Polygon", "coordinates": [[[77.42999999999999, 13.08], [77.44999999999999, 13.08], [77.44999999999999, 13.1], [77.42999999999999, 13.1], [77.42999999999999, 13.08]]]}, "properties": {"cell_id": "blr_0124", "flood_depth_m": {"rp10": 0.34, "rp100": 0.84}, "glof_depth_m": 0.0, "landslide_prob": 0.01, "population": 33837, "critical_assets": ["lake"], "eal_people": 1076.017, "eal_usd": 2690042.0, "observed_flood_frac": null, "modeled_flood_frac": 0.05, "elev_m": 865.6, "slope_deg": 1.2, "n_lakes": 3, "n_drains": 0, "low_income_score": 0.4, "equity_weight": 1.2, "scenario": "with_preventive_measures", "people_risk_eal": 699.4111, "modeled_reduction_pct": 35.0, "data_status": "counterfactual simulation using literature-based intervention effects; not an observed intervention trial"}}, {"type": "Feature", "geometry": {"type": "Polygon", "coordinates": [[[77.44999999999999, 13.08], [77.47, 13.08], [77.47, 13.1], [77.44999999999999, 13.1], [77.44999999999999, 13.08]]]}, "properties": {"cell_id": "blr_0125", "flood_depth_m": {"rp10": 0.1, "rp100": 0.25}, "glof_depth_m": 0.0, "landslide_prob": 0.009, "population": 27039, "critical_assets": ["lake"], "eal_people": 746.276, "eal_usd": 1865690.0, "observed_flood_frac": null, "modeled_flood_frac": 0.0, "elev_m": 854.6, "slope_deg": 1.1, "n_lakes": 1, "n_drains": 0, "low_income_score": 0.4, "equity_weight": 1.2, "scenario": "with_preventive_measures", "people_risk_eal": 746.276, "modeled_reduction_pct": 0.0, "data_status": "counterfactual simulation using literature-based intervention effects; not an observed intervention trial"}}, {"type": "Feature", "geometry": {"type": "Polygon", "coordinates": [[[77.47, 13.08], [77.49, 13.08], [77.49, 13.1], [77.47, 13.1], [77.47, 13.08]]]}, "properties": {"cell_id": "blr_0126", "flood_depth_m": {"rp10": 0.04, "rp100": 0.09}, "glof_depth_m": 0.0, "landslide_prob": 0.012, "population": 31050, "critical_assets": [], "eal_people": 428.49, "eal_usd": 1071225.0, "observed_flood_frac": null, "modeled_flood_frac": 0.05, "elev_m": 860.8, "slope_deg": 1.4, "n_lakes": 0, "n_drains": 0, "low_income_score": 0.4, "equity_weight": 1.2, "scenario": "with_preventive_measures", "people_risk_eal": 428.49, "modeled_reduction_pct": 0.0, "data_status": "counterfactual simulation using literature-based intervention effects; not an observed intervention trial"}}, {"type": "Feature", "geometry": {"type": "Polygon", "coordinates": [[[77.49, 13.08], [77.50999999999999, 13.08], [77.50999999999999, 13.1], [77.49, 13.1], [77.49, 13.08]]]}, "properties": {"cell_id": "blr_0127", "flood_depth_m": {"rp10": 0.12, "rp100": 0.29}, "glof_depth_m": 0.0, "landslide_prob": 0.009, "population": 34071, "critical_assets": ["lake"], "eal_people": 997.599, "eal_usd": 2493998.0, "observed_flood_frac": null, "modeled_flood_frac": 0.02, "elev_m": 867.6, "slope_deg": 1.1, "n_lakes": 1, "n_drains": 0, "low_income_score": 0.4, "equity_weight": 1.2, "scenario": "with_preventive_measures", "people_risk_eal": 648.4394, "modeled_reduction_pct": 35.0, "data_status": "counterfactual simulation using literature-based intervention effects; not an observed intervention trial"}}, {"type": "Feature", "geometry": {"type": "Polygon", "coordinates": [[[77.50999999999999, 13.08], [77.53, 13.08], [77.53, 13.1], [77.50999999999999, 13.1], [77.50999999999999, 13.08]]]}, "properties": {"cell_id": "blr_0128", "flood_depth_m": {"rp10": 0.02, "rp100": 0.05}, "glof_depth_m": 0.0, "landslide_prob": 0.009, "population": 36097, "critical_assets": [], "eal_people": 407.174, "eal_usd": 1017935.0, "observed_flood_frac": null, "modeled_flood_frac": 0.02, "elev_m": 881.9, "slope_deg": 1.1, "n_lakes": 0, "n_drains": 0, "low_income_score": 0.4, "equity_weight": 1.2, "scenario": "with_preventive_measures", "people_risk_eal": 407.174, "modeled_reduction_pct": 0.0, "data_status": "counterfactual simulation using literature-based intervention effects; not an observed intervention trial"}}, {"type": "Feature", "geometry": {"type": "Polygon", "coordinates": [[[77.53, 13.08], [77.55, 13.08], [77.55, 13.1], [77.53, 13.1], [77.53, 13.08]]]}, "properties": {"cell_id": "blr_0129", "flood_depth_m": {"rp10": 0.14, "rp100": 0.34}, "glof_depth_m": 0.0, "landslide_prob": 0.011, "population": 43459, "critical_assets": ["lake", "clinic"], "eal_people": 1238.038, "eal_usd": 3095095.0, "observed_flood_frac": null, "modeled_flood_frac": 0.05, "elev_m": 909.1, "slope_deg": 1.4, "n_lakes": 1, "n_drains": 0, "low_income_score": 0.15, "equity_weight": 1.075, "scenario": "with_preventive_measures", "people_risk_eal": 804.7247, "modeled_reduction_pct": 35.0, "data_status": "counterfactual simulation using literature-based intervention effects; not an observed intervention trial"}}, {"type": "Feature", "geometry": {"type": "Polygon", "coordinates": [[[77.55, 13.08], [77.57, 13.08], [77.57, 13.1], [77.55, 13.1], [77.55, 13.08]]]}, "properties": {"cell_id": "blr_0130", "flood_depth_m": {"rp10": 0.05, "rp100": 0.13}, "glof_depth_m": 0.0, "landslide_prob": 0.01, "population": 70240, "critical_assets": [], "eal_people": 1087.315, "eal_usd": 2718288.0, "observed_flood_frac": null, "modeled_flood_frac": 0.07, "elev_m": 930.0, "slope_deg": 1.2, "n_lakes": 0, "n_drains": 0, "low_income_score": 0.4, "equity_weight": 1.2, "scenario": "with_preventive_measures", "people_risk_eal": 706.7548, "modeled_reduction_pct": 35.0, "data_status": "counterfactual simulation using literature-based intervention effects; not an observed intervention trial"}}, {"type": "Feature", "geometry": {"type": "Polygon", "coordinates": [[[77.57, 13.08], [77.58999999999999, 13.08], [77.58999999999999, 13.1], [77.57, 13.1], [77.57, 13.08]]]}, "properties": {"cell_id": "blr_0131", "flood_depth_m": {"rp10": 0.11, "rp100": 0.27}, "glof_depth_m": 0.0, "landslide_prob": 0.01, "population": 93082, "critical_assets": ["lake", "school", "clinic", "school"], "eal_people": 2371.497, "eal_usd": 5928742.0, "observed_flood_frac": null, "modeled_flood_frac": 0.01, "elev_m": 919.9, "slope_deg": 1.2, "n_lakes": 1, "n_drains": 0, "low_income_score": 0.15, "equity_weight": 1.075, "scenario": "with_preventive_measures", "people_risk_eal": 1541.4731, "modeled_reduction_pct": 35.0, "data_status": "counterfactual simulation using literature-based intervention effects; not an observed intervention trial"}}, {"type": "Feature", "geometry": {"type": "Polygon", "coordinates": [[[77.58999999999999, 13.08], [77.61, 13.08], [77.61, 13.1], [77.58999999999999, 13.1], [77.58999999999999, 13.08]]]}, "properties": {"cell_id": "blr_0132", "flood_depth_m": {"rp10": 0.02, "rp100": 0.05}, "glof_depth_m": 0.0, "landslide_prob": 0.008, "population": 60097, "critical_assets": ["clinic", "clinic"], "eal_people": 607.28, "eal_usd": 1518200.0, "observed_flood_frac": null, "modeled_flood_frac": 0.02, "elev_m": 901.9, "slope_deg": 1.0, "n_lakes": 0, "n_drains": 0, "low_income_score": 0.15, "equity_weight": 1.075, "scenario": "with_preventive_measures", "people_risk_eal": 607.28, "modeled_reduction_pct": 0.0, "data_status": "counterfactual simulation using literature-based intervention effects; not an observed intervention trial"}}, {"type": "Feature", "geometry": {"type": "Polygon", "coordinates": [[[77.61, 13.08], [77.63, 13.08], [77.63, 13.1], [77.61, 13.1], [77.61, 13.08]]]}, "properties": {"cell_id": "blr_0133", "flood_depth_m": {"rp10": 0.23, "rp100": 0.57}, "glof_depth_m": 0.0, "landslide_prob": 0.009, "population": 38390, "critical_assets": ["lake"], "eal_people": 1188.554, "eal_usd": 2971385.0, "observed_flood_frac": null, "modeled_flood_frac": 0.04, "elev_m": 903.0, "slope_deg": 1.1, "n_lakes": 2, "n_drains": 0, "low_income_score": 0.4, "equity_weight": 1.2, "scenario": "with_preventive_measures", "people_risk_eal": 772.5601, "modeled_reduction_pct": 35.0, "data_status": "counterfactual simulation using literature-based intervention effects; not an observed intervention trial"}}, {"type": "Feature", "geometry": {"type": "Polygon", "coordinates": [[[77.63, 13.08], [77.64999999999999, 13.08], [77.64999999999999, 13.1], [77.63, 13.1], [77.63, 13.08]]]}, "properties": {"cell_id": "blr_0134", "flood_depth_m": {"rp10": 0.06, "rp100": 0.14}, "glof_depth_m": 0.0, "landslide_prob": 0.01, "population": 27924, "critical_assets": ["school", "clinic"], "eal_people": 408.249, "eal_usd": 1020623.0, "observed_flood_frac": null, "modeled_flood_frac": 0.08, "elev_m": 912.6, "slope_deg": 1.1, "n_lakes": 0, "n_drains": 0, "low_income_score": 0.15, "equity_weight": 1.075, "scenario": "with_preventive_measures", "people_risk_eal": 408.249, "modeled_reduction_pct": 0.0, "data_status": "counterfactual simulation using literature-based intervention effects; not an observed intervention trial"}}, {"type": "Feature", "geometry": {"type": "Polygon", "coordinates": [[[77.64999999999999, 13.08], [77.66999999999999, 13.08], [77.66999999999999, 13.1], [77.64999999999999, 13.1], [77.64999999999999, 13.08]]]}, "properties": {"cell_id": "blr_0135", "flood_depth_m": {"rp10": 0.12, "rp100": 0.29}, "glof_depth_m": 0.0, "landslide_prob": 0.01, "population": 931, "critical_assets": ["lake"], "eal_people": 24.42, "eal_usd": 61050.0, "observed_flood_frac": null, "modeled_flood_frac": 0.02, "elev_m": 898.7, "slope_deg": 1.2, "n_lakes": 1, "n_drains": 0, "low_income_score": 0.15, "equity_weight": 1.075, "scenario": "with_preventive_measures", "people_risk_eal": 24.42, "modeled_reduction_pct": 0.0, "data_status": "counterfactual simulation using literature-based intervention effects; not an observed intervention trial"}}, {"type": "Feature", "geometry": {"type": "Polygon", "coordinates": [[[77.66999999999999, 13.08], [77.69, 13.08], [77.69, 13.1], [77.66999999999999, 13.1], [77.66999999999999, 13.08]]]}, "properties": {"cell_id": "blr_0136", "flood_depth_m": {"rp10": 0.03, "rp100": 0.07}, "glof_depth_m": 0.0, "landslide_prob": 0.009, "population": 815, "critical_assets": [], "eal_people": 9.462, "eal_usd": 23655.0, "observed_flood_frac": null, "modeled_flood_frac": 0.04, "elev_m": 902.3, "slope_deg": 1.1, "n_lakes": 0, "n_drains": 0, "low_income_score": 0.15, "equity_weight": 1.075, "scenario": "with_preventive_measures", "people_risk_eal": 9.462, "modeled_reduction_pct": 0.0, "data_status": "counterfactual simulation using literature-based intervention effects; not an observed intervention trial"}}, {"type": "Feature", "geometry": {"type": "Polygon", "coordinates": [[[77.69, 13.08], [77.71, 13.08], [77.71, 13.1], [77.69, 13.1], [77.69, 13.08]]]}, "properties": {"cell_id": "blr_0137", "flood_depth_m": {"rp10": 0.02, "rp100": 0.05}, "glof_depth_m": 0.0, "landslide_prob": 0.009, "population": 677, "critical_assets": [], "eal_people": 5.822, "eal_usd": 14555.0, "observed_flood_frac": null, "modeled_flood_frac": 0.0, "elev_m": 904.6, "slope_deg": 1.0, "n_lakes": 0, "n_drains": 0, "low_income_score": 0.15, "equity_weight": 1.075, "scenario": "with_preventive_measures", "people_risk_eal": 5.822, "modeled_reduction_pct": 0.0, "data_status": "counterfactual simulation using literature-based intervention effects; not an observed intervention trial"}}, {"type": "Feature", "geometry": {"type": "Polygon", "coordinates": [[[77.71, 13.08], [77.72999999999999, 13.08], [77.72999999999999, 13.1], [77.71, 13.1], [77.71, 13.08]]]}, "properties": {"cell_id": "blr_0138", "flood_depth_m": {"rp10": 0.13, "rp100": 0.32}, "glof_depth_m": 0.0, "landslide_prob": 0.008, "population": 2612, "critical_assets": ["lake"], "eal_people": 72.444, "eal_usd": 181110.0, "observed_flood_frac": null, "modeled_flood_frac": 0.04, "elev_m": 895.1, "slope_deg": 1.0, "n_lakes": 1, "n_drains": 0, "low_income_score": 0.15, "equity_weight": 1.075, "scenario": "with_preventive_measures", "people_risk_eal": 72.444, "modeled_reduction_pct": 0.0, "data_status": "counterfactual simulation using literature-based intervention effects; not an observed intervention trial"}}, {"type": "Feature", "geometry": {"type": "Polygon", "coordinates": [[[77.72999999999999, 13.08], [77.75, 13.08], [77.75, 13.1], [77.72999999999999, 13.1], [77.72999999999999, 13.08]]]}, "properties": {"cell_id": "blr_0139", "flood_depth_m": {"rp10": 0.24, "rp100": 0.61}, "glof_depth_m": 0.0, "landslide_prob": 0.009, "population": 737, "critical_assets": ["lake"], "eal_people": 21.55, "eal_usd": 53875.0, "observed_flood_frac": null, "modeled_flood_frac": 0.06, "elev_m": 884.5, "slope_deg": 1.0, "n_lakes": 2, "n_drains": 0, "low_income_score": 0.15, "equity_weight": 1.075, "scenario": "with_preventive_measures", "people_risk_eal": 21.55, "modeled_reduction_pct": 0.0, "data_status": "counterfactual simulation using literature-based intervention effects; not an observed intervention trial"}}, {"type": "Feature", "geometry": {"type": "Polygon", "coordinates": [[[77.75, 13.08], [77.77, 13.08], [77.77, 13.1], [77.75, 13.1], [77.75, 13.08]]]}, "properties": {"cell_id": "blr_0140", "flood_depth_m": {"rp10": 0.02, "rp100": 0.05}, "glof_depth_m": 0.0, "landslide_prob": 0.004, "population": 1274, "critical_assets": [], "eal_people": 10.956, "eal_usd": 27390.0, "observed_flood_frac": null, "modeled_flood_frac": 0.0, "elev_m": 866.4, "slope_deg": 0.5, "n_lakes": 0, "n_drains": 0, "low_income_score": 0.15, "equity_weight": 1.075, "scenario": "with_preventive_measures", "people_risk_eal": 10.956, "modeled_reduction_pct": 0.0, "data_status": "counterfactual simulation using literature-based intervention effects; not an observed intervention trial"}}, {"type": "Feature", "geometry": {"type": "Polygon", "coordinates": [[[77.77, 13.08], [77.78999999999999, 13.08], [77.78999999999999, 13.1], [77.77, 13.1], [77.77, 13.08]]]}, "properties": {"cell_id": "blr_0141", "flood_depth_m": {"rp10": 0.02, "rp100": 0.05}, "glof_depth_m": 0.0, "landslide_prob": 0.006, "population": 3169, "critical_assets": [], "eal_people": 27.253, "eal_usd": 68132.0, "observed_flood_frac": null, "modeled_flood_frac": 0.0, "elev_m": 869.9, "slope_deg": 0.7, "n_lakes": 0, "n_drains": 0, "low_income_score": 0.15, "equity_weight": 1.075, "scenario": "with_preventive_measures", "people_risk_eal": 27.253, "modeled_reduction_pct": 0.0, "data_status": "counterfactual simulation using literature-based intervention effects; not an observed intervention trial"}}, {"type": "Feature", "geometry": {"type": "Polygon", "coordinates": [[[77.78999999999999, 13.08], [77.80999999999999, 13.08], [77.80999999999999, 13.1], [77.78999999999999, 13.1], [77.78999999999999, 13.08]]]}, "properties": {"cell_id": "blr_0142", "flood_depth_m": {"rp10": 0.02, "rp100": 0.05}, "glof_depth_m": 0.0, "landslide_prob": 0.006, "population": 3597, "critical_assets": [], "eal_people": 30.934, "eal_usd": 77335.0, "observed_flood_frac": null, "modeled_flood_frac": 0.0, "elev_m": 875.4, "slope_deg": 0.7, "n_lakes": 0, "n_drains": 0, "low_income_score": 0.15, "equity_weight": 1.075, "scenario": "with_preventive_measures", "people_risk_eal": 30.934, "modeled_reduction_pct": 0.0, "data_status": "counterfactual simulation using literature-based intervention effects; not an observed intervention trial"}}, {"type": "Feature", "geometry": {"type": "Polygon", "coordinates": [[[77.80999999999999, 13.08], [77.83, 13.08], [77.83, 13.1], [77.80999999999999, 13.1], [77.80999999999999, 13.08]]]}, "properties": {"cell_id": "blr_0143", "flood_depth_m": {"rp10": 0.02, "rp100": 0.05}, "glof_depth_m": 0.0, "landslide_prob": 0.006, "population": 2391, "critical_assets": [], "eal_people": 20.563, "eal_usd": 51408.0, "observed_flood_frac": null, "modeled_flood_frac": 0.0, "elev_m": 876.2, "slope_deg": 0.7, "n_lakes": 0, "n_drains": 0, "low_income_score": 0.15, "equity_weight": 1.075, "scenario": "with_preventive_measures", "people_risk_eal": 20.563, "modeled_reduction_pct": 0.0, "data_status": "counterfactual simulation using literature-based intervention effects; not an observed intervention trial"}}, {"type": "Feature", "geometry": {"type": "Polygon", "coordinates": [[[77.35, 13.059999999999999], [77.36999999999999, 13.059999999999999], [77.36999999999999, 13.08], [77.35, 13.08], [77.35, 13.059999999999999]]]}, "properties": {"cell_id": "blr_0144", "flood_depth_m": {"rp10": 0.14, "rp100": 0.36}, "glof_depth_m": 0.0, "landslide_prob": 0.012, "population": 3098, "critical_assets": ["lake"], "eal_people": 90.586, "eal_usd": 226465.0, "observed_flood_frac": null, "modeled_flood_frac": 0.06, "elev_m": 875.2, "slope_deg": 1.5, "n_lakes": 1, "n_drains": 0, "low_income_score": 0.15, "equity_weight": 1.075, "scenario": "with_preventive_measures", "people_risk_eal": 90.586, "modeled_reduction_pct": 0.0, "data_status": "counterfactual simulation using literature-based intervention effects; not an observed intervention trial"}}, {"type": "Feature", "geometry": {"type": "Polygon", "coordinates": [[[77.36999999999999, 13.059999999999999], [77.39, 13.059999999999999], [77.39, 13.08], [77.36999999999999, 13.08], [77.36999999999999, 13.059999999999999]]]}, "properties": {"cell_id": "blr_0145", "flood_depth_m": {"rp10": 0.12, "rp100": 0.3}, "glof_depth_m": 0.0, "landslide_prob": 0.01, "population": 7094, "critical_assets": ["lake"], "eal_people": 213.671, "eal_usd": 534178.0, "observed_flood_frac": null, "modeled_flood_frac": 0.03, "elev_m": 882.6, "slope_deg": 1.2, "n_lakes": 1, "n_drains": 0, "low_income_score": 0.4, "equity_weight": 1.2, "scenario": "with_preventive_measures", "people_risk_eal": 213.671, "modeled_reduction_pct": 0.0, "data_status": "counterfactual simulation using literature-based intervention effects; not an observed intervention trial"}}, {"type": "Feature", "geometry": {"type": "Polygon", "coordinates": [[[77.39, 13.059999999999999], [77.41, 13.059999999999999], [77.41, 13.08], [77.39, 13.08], [77.39, 13.059999999999999]]]}, "properties": {"cell_id": "blr_0146", "flood_depth_m": {"rp10": 0.14, "rp100": 0.36}, "glof_depth_m": 0.0, "landslide_prob": 0.012, "population": 9909, "critical_assets": ["lake"], "eal_people": 323.43, "eal_usd": 808575.0, "observed_flood_frac": null, "modeled_flood_frac": 0.06, "elev_m": 883.5, "slope_deg": 1.4, "n_lakes": 1, "n_drains": 0, "low_income_score": 0.4, "equity_weight": 1.2, "scenario": "with_preventive_measures", "people_risk_eal": 323.43, "modeled_reduction_pct": 0.0, "data_status": "counterfactual simulation using literature-based intervention effects; not an observed intervention trial"}}, {"type": "Feature", "geometry": {"type": "Polygon", "coordinates": [[[77.41, 13.059999999999999], [77.42999999999999, 13.059999999999999], [77.42999999999999, 13.08], [77.41, 13.08], [77.41, 13.059999999999999]]]}, "properties": {"cell_id": "blr_0147", "flood_depth_m": {"rp10": 0.07, "rp100": 0.18}, "glof_depth_m": 0.0, "landslide_prob": 0.011, "population": 24884, "critical_assets": [], "eal_people": 447.912, "eal_usd": 1119780.0, "observed_flood_frac": null, "modeled_flood_frac": 0.1, "elev_m": 872.5, "slope_deg": 1.4, "n_lakes": 0, "n_drains": 0, "low_income_score": 0.4, "equity_weight": 1.2, "scenario": "with_preventive_measures", "people_risk_eal": 447.912, "modeled_reduction_pct": 0.0, "data_status": "counterfactual simulation using literature-based intervention effects; not an observed intervention trial"}}, {"type": "Feature", "geometry": {"type": "Polygon", "coordinates": [[[77.42999999999999, 13.059999999999999], [77.44999999999999, 13.059999999999999], [77.44999999999999, 13.08], [77.42999999999999, 13.08], [77.42999999999999, 13.059999999999999]]]}, "properties": {"cell_id": "blr_0148", "flood_depth_m": {"rp10": 0.04, "rp100": 0.09}, "glof_depth_m": 0.0, "landslide_prob": 0.01, "population": 38944, "critical_assets": [], "eal_people": 537.427, "eal_usd": 1343568.0, "observed_flood_frac": null, "modeled_flood_frac": 0.05, "elev_m": 856.5, "slope_deg": 1.1, "n_lakes": 0, "n_drains": 0, "low_income_score": 0.4, "equity_weight": 1.2, "scenario": "with_preventive_measures", "people_risk_eal": 537.427, "modeled_reduction_pct": 0.0, "data_status": "counterfactual simulation using literature-based intervention effects; not an observed intervention trial"}}, {"type": "Feature", "geometry": {"type": "Polygon", "coordinates": [[[77.44999999999999, 13.059999999999999], [77.47, 13.059999999999999], [77.47, 13.08], [77.44999999999999, 13.08], [77.44999999999999, 13.059999999999999]]]}, "properties": {"cell_id": "blr_0149", "flood_depth_m": {"rp10": 0.04, "rp100": 0.09}, "glof_depth_m": 0.0, "landslide_prob": 0.01, "population": 50650, "critical_assets": [], "eal_people": 698.97, "eal_usd": 1747425.0, "observed_flood_frac": null, "modeled_flood_frac": 0.05, "elev_m": 851.4, "slope_deg": 1.1, "n_lakes": 0, "n_drains": 0, "low_income_score": 0.4, "equity_weight": 1.2, "scenario": "with_preventive_measures", "people_risk_eal": 698.97, "modeled_reduction_pct": 0.0, "data_status": "counterfactual simulation using literature-based intervention effects; not an observed intervention trial"}}, {"type": "Feature", "geometry": {"type": "Polygon", "coordinates": [[[77.47, 13.059999999999999], [77.49, 13.059999999999999], [77.49, 13.08], [77.47, 13.08], [77.47, 13.059999999999999]]]}, "properties": {"cell_id": "blr_0150", "flood_depth_m": {"rp10": 0.02, "rp100": 0.05}, "glof_depth_m": 0.0, "landslide_prob": 0.012, "population": 37919, "critical_assets": [], "eal_people": 459.578, "eal_usd": 1148945.0, "observed_flood_frac": null, "modeled_flood_frac": 0.03, "elev_m": 868.1, "slope_deg": 1.4, "n_lakes": 0, "n_drains": 0, "low_income_score": 0.4, "equity_weight": 1.2, "scenario": "with_preventive_measures", "people_risk_eal": 459.578, "modeled_reduction_pct": 0.0, "data_status": "counterfactual simulation using literature-based intervention effects; not an observed intervention trial"}}, {"type": "Feature", "geometry": {"type": "Polygon", "coordinates": [[[77.49, 13.059999999999999], [77.50999999999999, 13.059999999999999], [77.50999999999999, 13.08], [77.49, 13.08], [77.49, 13.059999999999999]]]}, "properties": {"cell_id": "blr_0151", "flood_depth_m": {"rp10": 0.06, "rp100": 0.16}, "glof_depth_m": 0.0, "landslide_prob": 0.017, "population": 69780, "critical_assets": ["school"], "eal_people": 1197.425, "eal_usd": 2993562.0, "observed_flood_frac": null, "modeled_flood_frac": 0.09, "elev_m": 888.3, "slope_deg": 2.0, "n_lakes": 0, "n_drains": 0, "low_income_score": 0.4, "equity_weight": 1.2, "scenario": "with_preventive_measures", "people_risk_eal": 778.3262, "modeled_reduction_pct": 35.0, "data_status": "counterfactual simulation using literature-based intervention effects; not an observed intervention trial"}}, {"type": "Feature", "geometry": {"type": "Polygon", "coordinates": [[[77.50999999999999, 13.059999999999999], [77.53, 13.059999999999999], [77.53, 13.08], [77.50999999999999, 13.08], [77.50999999999999, 13.059999999999999]]]}, "properties": {"cell_id": "blr_0152", "flood_depth_m": {"rp10": 0.2, "rp100": 0.5}, "glof_depth_m": 0.0, "landslide_prob": 0.011, "population": 45393, "critical_assets": ["lake"], "eal_people": 1252.847, "eal_usd": 3132118.0, "observed_flood_frac": null, "modeled_flood_frac": 0.0, "elev_m": 888.1, "slope_deg": 1.3, "n_lakes": 2, "n_drains": 1, "low_income_score": 0.4, "equity_weight": 1.2, "scenario": "with_preventive_measures", "people_risk_eal": 814.3505, "modeled_reduction_pct": 35.0, "data_status": "counterfactual simulation using literature-based intervention effects; not an observed intervention trial"}}, {"type": "Feature", "geometry": {"type": "Polygon", "coordinates": [[[77.53, 13.059999999999999], [77.55, 13.059999999999999], [77.55, 13.08], [77.53, 13.08], [77.53, 13.059999999999999]]]}, "properties": {"cell_id": "blr_0153", "flood_depth_m": {"rp10": 0.04, "rp100": 0.11}, "glof_depth_m": 0.0, "landslide_prob": 0.012, "population": 46494, "critical_assets": ["school"], "eal_people": 680.672, "eal_usd": 1701680.0, "observed_flood_frac": null, "modeled_flood_frac": 0.06, "elev_m": 916.6, "slope_deg": 1.5, "n_lakes": 0, "n_drains": 0, "low_income_score": 0.4, "equity_weight": 1.2, "scenario": "with_preventive_measures", "people_risk_eal": 680.672, "modeled_reduction_pct": 0.0, "data_status": "counterfactual simulation using literature-based intervention effects; not an observed intervention trial"}}, {"type": "Feature", "geometry": {"type": "Polygon", "coordinates": [[[77.55, 13.059999999999999], [77.57, 13.059999999999999], [77.57, 13.08], [77.55, 13.08], [77.55, 13.059999999999999]]]}, "properties": {"cell_id": "blr_0154", "flood_depth_m": {"rp10": 0.02, "rp100": 0.05}, "glof_depth_m": 0.0, "landslide_prob": 0.01, "population": 96720, "critical_assets": ["clinic", "school", "clinic", "school"], "eal_people": 831.792, "eal_usd": 2079480.0, "observed_flood_frac": null, "modeled_flood_frac": 0.0, "elev_m": 913.7, "slope_deg": 1.2, "n_lakes": 0, "n_drains": 0, "low_income_score": 0.15, "equity_weight": 1.075, "scenario": "with_preventive_measures", "people_risk_eal": 831.792, "modeled_reduction_pct": 0.0, "data_status": "counterfactual simulation using literature-based intervention effects; not an observed intervention trial"}}, {"type": "Feature", "geometry": {"type": "Polygon", "coordinates": [[[77.57, 13.059999999999999], [77.58999999999999, 13.059999999999999], [77.58999999999999, 13.08], [77.57, 13.08], [77.57, 13.059999999999999]]]}, "properties": {"cell_id": "blr_0155", "flood_depth_m": {"rp10": 0.04, "rp100": 0.09}, "glof_depth_m": 0.0, "landslide_prob": 0.011, "population": 89452, "critical_assets": [], "eal_people": 1234.438, "eal_usd": 3086095.0, "observed_flood_frac": null, "modeled_flood_frac": 0.05, "elev_m": 923.5, "slope_deg": 1.3, "n_lakes": 0, "n_drains": 0, "low_income_score": 0.4, "equity_weight": 1.2, "scenario": "with_preventive_measures", "people_risk_eal": 802.3847, "modeled_reduction_pct": 35.0, "data_status": "counterfactual simulation using literature-based intervention effects; not an observed intervention trial"}}, {"type": "Feature", "geometry": {"type": "Polygon", "coordinates": [[[77.58999999999999, 13.059999999999999], [77.61, 13.059999999999999], [77.61, 13.08], [77.58999999999999, 13.08], [77.58999999999999, 13.059999999999999]]]}, "properties": {"cell_id": "blr_0156", "flood_depth_m": {"rp10": 0.04, "rp100": 0.11}, "glof_depth_m": 0.0, "landslide_prob": 0.009, "population": 71758, "critical_assets": [], "eal_people": 1050.537, "eal_usd": 2626342.0, "observed_flood_frac": null, "modeled_flood_frac": 0.06, "elev_m": 906.3, "slope_deg": 1.1, "n_lakes": 0, "n_drains": 0, "low_income_score": 0.4, "equity_weight": 1.2, "scenario": "with_preventive_measures", "people_risk_eal": 682.8491, "modeled_reduction_pct": 35.0, "data_status": "counterfactual simulation using literature-based intervention effects; not an observed intervention trial"}}, {"type": "Feature", "geometry": {"type": "Polygon", "coordinates": [[[77.61, 13.059999999999999], [77.63, 13.059999999999999], [77.63, 13.08], [77.61, 13.08], [77.61, 13.059999999999999]]]}, "properties": {"cell_id": "blr_0157", "flood_depth_m": {"rp10": 0.1, "rp100": 0.25}, "glof_depth_m": 0.0, "landslide_prob": 0.009, "population": 26019, "critical_assets": ["lake"], "eal_people": 718.124, "eal_usd": 1795310.0, "observed_flood_frac": null, "modeled_flood_frac": 0.0, "elev_m": 898.2, "slope_deg": 1.0, "n_lakes": 1, "n_drains": 0, "low_income_score": 0.4, "equity_weight": 1.2, "scenario": "with_preventive_measures", "people_risk_eal": 718.124, "modeled_reduction_pct": 0.0, "data_status": "counterfactual simulation using literature-based intervention effects; not an observed intervention trial"}}, {"type": "Feature", "geometry": {"type": "Polygon", "coordinates": [[[77.63, 13.059999999999999], [77.64999999999999, 13.059999999999999], [77.64999999999999, 13.08], [77.63, 13.08], [77.63, 13.059999999999999]]]}, "properties": {"cell_id": "blr_0158", "flood_depth_m": {"rp10": 0.04, "rp100": 0.09}, "glof_depth_m": 0.0, "landslide_prob": 0.01, "population": 8695, "critical_assets": [], "eal_people": 119.991, "eal_usd": 299978.0, "observed_flood_frac": null, "modeled_flood_frac": 0.05, "elev_m": 903.1, "slope_deg": 1.1, "n_lakes": 0, "n_drains": 0, "low_income_score": 0.4, "equity_weight": 1.2, "scenario": "with_preventive_measures", "people_risk_eal": 119.991, "modeled_reduction_pct": 0.0, "data_status": "counterfactual simulation using literature-based intervention effects; not an observed intervention trial"}}, {"type": "Feature", "geometry": {"type": "Polygon", "coordinates": [[[77.64999999999999, 13.059999999999999], [77.66999999999999, 13.059999999999999], [77.66999999999999, 13.08], [77.64999999999999, 13.08], [77.64999999999999, 13.059999999999999]]]}, "properties": {"cell_id": "blr_0159", "flood_depth_m": {"rp10": 0.09, "rp100": 0.22}, "glof_depth_m": 0.0, "landslide_prob": 0.008, "population": 1392, "critical_assets": [], "eal_people": 24.541, "eal_usd": 61352.0, "observed_flood_frac": null, "modeled_flood_frac": 0.12, "elev_m": 899.5, "slope_deg": 0.9, "n_lakes": 0, "n_drains": 0, "low_income_score": 0.15, "equity_weight": 1.075, "scenario": "with_preventive_measures", "people_risk_eal": 24.541, "modeled_reduction_pct": 0.0, "data_status": "counterfactual simulation using literature-based intervention effects; not an observed intervention trial"}}, {"type": "Feature", "geometry": {"type": "Polygon", "coordinates": [[[77.66999999999999, 13.059999999999999], [77.69, 13.059999999999999], [77.69, 13.08], [77.66999999999999, 13.08], [77.66999999999999, 13.059999999999999]]]}, "properties": {"cell_id": "blr_0160", "flood_depth_m": {"rp10": 0.23, "rp100": 0.57}, "glof_depth_m": 0.0, "landslide_prob": 0.008, "population": 828, "critical_assets": ["lake"], "eal_people": 22.965, "eal_usd": 57412.0, "observed_flood_frac": null, "modeled_flood_frac": 0.04, "elev_m": 887.0, "slope_deg": 1.0, "n_lakes": 2, "n_drains": 0, "low_income_score": 0.15, "equity_weight": 1.075, "scenario": "with_preventive_measures", "people_risk_eal": 22.965, "modeled_reduction_pct": 0.0, "data_status": "counterfactual simulation using literature-based intervention effects; not an observed intervention trial"}}, {"type": "Feature", "geometry": {"type": "Polygon", "coordinates": [[[77.69, 13.059999999999999], [77.71, 13.059999999999999], [77.71, 13.08], [77.69, 13.08], [77.69, 13.059999999999999]]]}, "properties": {"cell_id": "blr_0161", "flood_depth_m": {"rp10": 0.07, "rp100": 0.18}, "glof_depth_m": 0.0, "landslide_prob": 0.009, "population": 610, "critical_assets": [], "eal_people": 9.836, "eal_usd": 24590.0, "observed_flood_frac": null, "modeled_flood_frac": 0.1, "elev_m": 902.0, "slope_deg": 1.1, "n_lakes": 0, "n_drains": 0, "low_income_score": 0.15, "equity_weight": 1.075, "scenario": "with_preventive_measures", "people_risk_eal": 9.836, "modeled_reduction_pct": 0.0, "data_status": "counterfactual simulation using literature-based intervention effects; not an observed intervention trial"}}, {"type": "Feature", "geometry": {"type": "Polygon", "coordinates": [[[77.71, 13.059999999999999], [77.72999999999999, 13.059999999999999], [77.72999999999999, 13.08], [77.71, 13.08], [77.71, 13.059999999999999]]]}, "properties": {"cell_id": "blr_0162", "flood_depth_m": {"rp10": 0.11, "rp100": 0.27}, "glof_depth_m": 0.0, "landslide_prob": 0.008, "population": 744, "critical_assets": ["lake"], "eal_people": 18.955, "eal_usd": 47387.0, "observed_flood_frac": null, "modeled_flood_frac": 0.01, "elev_m": 886.2, "slope_deg": 1.0, "n_lakes": 1, "n_drains": 0, "low_income_score": 0.15, "equity_weight": 1.075, "scenario": "with_preventive_measures", "people_risk_eal": 18.955, "modeled_reduction_pct": 0.0, "data_status": "counterfactual simulation using literature-based intervention effects; not an observed intervention trial"}}, {"type": "Feature", "geometry": {"type": "Polygon", "coordinates": [[[77.72999999999999, 13.059999999999999], [77.75, 13.059999999999999], [77.75, 13.08], [77.72999999999999, 13.08], [77.72999999999999, 13.059999999999999]]]}, "properties": {"cell_id": "blr_0163", "flood_depth_m": {"rp10": 0.04, "rp100": 0.09}, "glof_depth_m": 0.0, "landslide_prob": 0.008, "population": 988, "critical_assets": [], "eal_people": 12.214, "eal_usd": 30535.0, "observed_flood_frac": null, "modeled_flood_frac": 0.05, "elev_m": 888.5, "slope_deg": 1.0, "n_lakes": 0, "n_drains": 0, "low_income_score": 0.15, "equity_weight": 1.075, "scenario": "with_preventive_measures", "people_risk_eal": 12.214, "modeled_reduction_pct": 0.0, "data_status": "counterfactual simulation using literature-based intervention effects; not an observed intervention trial"}}, {"type": "Feature", "geometry": {"type": "Polygon", "coordinates": [[[77.75, 13.059999999999999], [77.77, 13.059999999999999], [77.77, 13.08], [77.75, 13.08], [77.75, 13.059999999999999]]]}, "properties": {"cell_id": "blr_0164", "flood_depth_m": {"rp10": 0.13, "rp100": 0.32}, "glof_depth_m": 0.0, "landslide_prob": 0.006, "population": 2258, "critical_assets": ["lake"], "eal_people": 62.626, "eal_usd": 156565.0, "observed_flood_frac": null, "modeled_flood_frac": 0.04, "elev_m": 869.7, "slope_deg": 0.7, "n_lakes": 1, "n_drains": 0, "low_income_score": 0.15, "equity_weight": 1.075, "scenario": "with_preventive_measures", "people_risk_eal": 62.626, "modeled_reduction_pct": 0.0, "data_status": "counterfactual simulation using literature-based intervention effects; not an observed intervention trial"}}, {"type": "Feature", "geometry": {"type": "Polygon", "coordinates": [[[77.77, 13.059999999999999], [77.78999999999999, 13.059999999999999], [77.78999999999999, 13.08], [77.77, 13.08], [77.77, 13.059999999999999]]]}, "properties": {"cell_id": "blr_0165", "flood_depth_m": {"rp10": 0.04, "rp100": 0.11}, "glof_depth_m": 0.0, "landslide_prob": 0.007, "population": 7348, "critical_assets": [], "eal_people": 107.575, "eal_usd": 268938.0, "observed_flood_frac": null, "modeled_flood_frac": 0.06, "elev_m": 872.2, "slope_deg": 0.9, "n_lakes": 0, "n_drains": 0, "low_income_score": 0.4, "equity_weight": 1.2, "scenario": "with_preventive_measures", "people_risk_eal": 107.575, "modeled_reduction_pct": 0.0, "data_status": "counterfactual simulation using literature-based intervention effects; not an observed intervention trial"}}, {"type": "Feature", "geometry": {"type": "Polygon", "coordinates": [[[77.78999999999999, 13.059999999999999], [77.80999999999999, 13.059999999999999], [77.80999999999999, 13.08], [77.78999999999999, 13.08], [77.78999999999999, 13.059999999999999]]]}, "properties": {"cell_id": "blr_0166", "flood_depth_m": {"rp10": 0.04, "rp100": 0.09}, "glof_depth_m": 0.0, "landslide_prob": 0.008, "population": 6777, "critical_assets": [], "eal_people": 93.523, "eal_usd": 233808.0, "observed_flood_frac": null, "modeled_flood_frac": 0.05, "elev_m": 882.2, "slope_deg": 1.0, "n_lakes": 0, "n_drains": 0, "low_income_score": 0.4, "equity_weight": 1.2, "scenario": "with_preventive_measures", "people_risk_eal": 93.523, "modeled_reduction_pct": 0.0, "data_status": "counterfactual simulation using literature-based intervention effects; not an observed intervention trial"}}, {"type": "Feature", "geometry": {"type": "Polygon", "coordinates": [[[77.80999999999999, 13.059999999999999], [77.83, 13.059999999999999], [77.83, 13.08], [77.80999999999999, 13.08], [77.80999999999999, 13.059999999999999]]]}, "properties": {"cell_id": "blr_0167", "flood_depth_m": {"rp10": 0.06, "rp100": 0.14}, "glof_depth_m": 0.0, "landslide_prob": 0.008, "population": 2735, "critical_assets": [], "eal_people": 39.986, "eal_usd": 99965.0, "observed_flood_frac": null, "modeled_flood_frac": 0.08, "elev_m": 888.9, "slope_deg": 1.0, "n_lakes": 0, "n_drains": 0, "low_income_score": 0.15, "equity_weight": 1.075, "scenario": "with_preventive_measures", "people_risk_eal": 39.986, "modeled_reduction_pct": 0.0, "data_status": "counterfactual simulation using literature-based intervention effects; not an observed intervention trial"}}, {"type": "Feature", "geometry": {"type": "Polygon", "coordinates": [[[77.35, 13.04], [77.36999999999999, 13.04], [77.36999999999999, 13.059999999999999], [77.35, 13.059999999999999], [77.35, 13.04]]]}, "properties": {"cell_id": "blr_0168", "flood_depth_m": {"rp10": 0.02, "rp100": 0.05}, "glof_depth_m": 0.0, "landslide_prob": 0.011, "population": 1789, "critical_assets": [], "eal_people": 16.732, "eal_usd": 41830.0, "observed_flood_frac": null, "modeled_flood_frac": 0.01, "elev_m": 863.6, "slope_deg": 1.3, "n_lakes": 0, "n_drains": 0, "low_income_score": 0.15, "equity_weight": 1.075, "scenario": "with_preventive_measures", "people_risk_eal": 16.732, "modeled_reduction_pct": 0.0, "data_status": "counterfactual simulation using literature-based intervention effects; not an observed intervention trial"}}, {"type": "Feature", "geometry": {"type": "Polygon", "coordinates": [[[77.36999999999999, 13.04], [77.39, 13.04], [77.39, 13.059999999999999], [77.36999999999999, 13.059999999999999], [77.36999999999999, 13.04]]]}, "properties": {"cell_id": "blr_0169", "flood_depth_m": {"rp10": 0.06, "rp100": 0.16}, "glof_depth_m": 0.0, "landslide_prob": 0.011, "population": 8732, "critical_assets": [], "eal_people": 149.841, "eal_usd": 374602.0, "observed_flood_frac": null, "modeled_flood_frac": 0.09, "elev_m": 874.0, "slope_deg": 1.4, "n_lakes": 0, "n_drains": 0, "low_income_score": 0.4, "equity_weight": 1.2, "scenario": "with_preventive_measures", "people_risk_eal": 149.841, "modeled_reduction_pct": 0.0, "data_status": "counterfactual simulation using literature-based intervention effects; not an observed intervention trial"}}, {"type": "Feature", "geometry": {"type": "Polygon", "coordinates": [[[77.39, 13.04], [77.41, 13.04], [77.41, 13.059999999999999], [77.39, 13.059999999999999], [77.39, 13.04]]]}, "properties": {"cell_id": "blr_0170", "flood_depth_m": {"rp10": 0.14, "rp100": 0.34}, "glof_depth_m": 0.0, "landslide_prob": 0.012, "population": 15297, "critical_assets": ["lake"], "eal_people": 486.445, "eal_usd": 1216112.0, "observed_flood_frac": null, "modeled_flood_frac": 0.05, "elev_m": 876.0, "slope_deg": 1.5, "n_lakes": 1, "n_drains": 0, "low_income_score": 0.4, "equity_weight": 1.2, "scenario": "with_preventive_measures", "people_risk_eal": 486.445, "modeled_reduction_pct": 0.0, "data_status": "counterfactual simulation using literature-based intervention effects; not an observed intervention trial"}}, {"type": "Feature", "geometry": {"type": "Polygon", "coordinates": [[[77.41, 13.04], [77.42999999999999, 13.04], [77.42999999999999, 13.059999999999999], [77.41, 13.059999999999999], [77.41, 13.04]]]}, "properties": {"cell_id": "blr_0171", "flood_depth_m": {"rp10": 0.02, "rp100": 0.05}, "glof_depth_m": 0.0, "landslide_prob": 0.01, "population": 16114, "critical_assets": [], "eal_people": 181.766, "eal_usd": 454415.0, "observed_flood_frac": null, "modeled_flood_frac": 0.02, "elev_m": 853.8, "slope_deg": 1.2, "n_lakes": 0, "n_drains": 0, "low_income_score": 0.4, "equity_weight": 1.2, "scenario": "with_preventive_measures", "people_risk_eal": 181.766, "modeled_reduction_pct": 0.0, "data_status": "counterfactual simulation using literature-based intervention effects; not an observed intervention trial"}}, {"type": "Feature", "geometry": {"type": "Polygon", "coordinates": [[[77.42999999999999, 13.04], [77.44999999999999, 13.04], [77.44999999999999, 13.059999999999999], [77.42999999999999, 13.059999999999999], [77.42999999999999, 13.04]]]}, "properties": {"cell_id": "blr_0172", "flood_depth_m": {"rp10": 0.12, "rp100": 0.29}, "glof_depth_m": 0.0, "landslide_prob": 0.01, "population": 24334, "critical_assets": ["lake"], "eal_people": 712.5, "eal_usd": 1781250.0, "observed_flood_frac": null, "modeled_flood_frac": 0.02, "elev_m": 848.2, "slope_deg": 1.2, "n_lakes": 1, "n_drains": 0, "low_income_score": 0.4, "equity_weight": 1.2, "scenario": "with_preventive_measures", "people_risk_eal": 712.5, "modeled_reduction_pct": 0.0, "data_status": "counterfactual simulation using literature-based intervention effects; not an observed intervention trial"}}, {"type": "Feature", "geometry": {"type": "Polygon", "coordinates": [[[77.44999999999999, 13.04], [77.47, 13.04], [77.47, 13.059999999999999], [77.44999999999999, 13.059999999999999], [77.44999999999999, 13.04]]]}, "properties": {"cell_id": "blr_0173", "flood_depth_m": {"rp10": 0.03, "rp100": 0.07}, "glof_depth_m": 0.0, "landslide_prob": 0.01, "population": 40713, "critical_assets": [], "eal_people": 527.64, "eal_usd": 1319100.0, "observed_flood_frac": null, "modeled_flood_frac": 0.04, "elev_m": 852.2, "slope_deg": 1.2, "n_lakes": 0, "n_drains": 0, "low_income_score": 0.4, "equity_weight": 1.2, "scenario": "with_preventive_measures", "people_risk_eal": 527.64, "modeled_reduction_pct": 0.0, "data_status": "counterfactual simulation using literature-based intervention effects; not an observed intervention trial"}}, {"type": "Feature", "geometry": {"type": "Polygon", "coordinates": [[[77.47, 13.04], [77.49, 13.04], [77.49, 13.059999999999999], [77.47, 13.059999999999999], [77.47, 13.04]]]}, "properties": {"cell_id": "blr_0174", "flood_depth_m": {"rp10": 0.04, "rp100": 0.11}, "glof_depth_m": 0.0, "landslide_prob": 0.011, "population": 45226, "critical_assets": [], "eal_people": 662.109, "eal_usd": 1655272.0, "observed_flood_frac": null, "modeled_flood_frac": 0.06, "elev_m": 866.9, "slope_deg": 1.4, "n_lakes": 0, "n_drains": 0, "low_income_score": 0.4, "equity_weight": 1.2, "scenario": "with_preventive_measures", "people_risk_eal": 662.109, "modeled_reduction_pct": 0.0, "data_status": "counterfactual simulation using literature-based intervention effects; not an observed intervention trial"}}, {"type": "Feature", "geometry": {"type": "Polygon", "coordinates": [[[77.49, 13.04], [77.50999999999999, 13.04], [77.50999999999999, 13.059999999999999], [77.49, 13.059999999999999], [77.49, 13.04]]]}, "properties": {"cell_id": "blr_0175", "flood_depth_m": {"rp10": 0.02, "rp100": 0.05}, "glof_depth_m": 0.0, "landslide_prob": 0.011, "population": 113357, "critical_assets": [], "eal_people": 1278.667, "eal_usd": 3196668.0, "observed_flood_frac": null, "modeled_flood_frac": 0.02, "elev_m": 887.5, "slope_deg": 1.3, "n_lakes": 0, "n_drains": 0, "low_income_score": 0.4, "equity_weight": 1.2, "scenario": "with_preventive_measures", "people_risk_eal": 831.1336, "modeled_reduction_pct": 35.0, "data_status": "counterfactual simulation using literature-based intervention effects; not an observed intervention trial"}}, {"type": "Feature", "geometry": {"type": "Polygon", "coordinates": [[[77.50999999999999, 13.04], [77.53, 13.04], [77.53, 13.059999999999999], [77.50999999999999, 13.059999999999999], [77.50999999999999, 13.04]]]}, "properties": {"cell_id": "blr_0176", "flood_depth_m": {"rp10": 0.15, "rp100": 0.38}, "glof_depth_m": 0.0, "landslide_prob": 0.012, "population": 129691, "critical_assets": ["lake", "clinic"], "eal_people": 3889.757, "eal_usd": 9724392.0, "observed_flood_frac": null, "modeled_flood_frac": 0.07, "elev_m": 913.7, "slope_deg": 1.5, "n_lakes": 1, "n_drains": 0, "low_income_score": 0.15, "equity_weight": 1.075, "scenario": "with_preventive_measures", "people_risk_eal": 2528.3421, "modeled_reduction_pct": 35.0, "data_status": "counterfactual simulation using literature-based intervention effects; not an observed intervention trial"}}, {"type": "Feature", "geometry": {"type": "Polygon", "coordinates": [[[77.53, 13.04], [77.55, 13.04], [77.55, 13.059999999999999], [77.53, 13.059999999999999], [77.53, 13.04]]]}, "properties": {"cell_id": "blr_0177", "flood_depth_m": {"rp10": 0.05, "rp100": 0.13}, "glof_depth_m": 0.0, "landslide_prob": 0.01, "population": 76071, "critical_assets": ["school", "school", "school", "school"], "eal_people": 1177.579, "eal_usd": 2943948.0, "observed_flood_frac": null, "modeled_flood_frac": 0.07, "elev_m": 925.1, "slope_deg": 1.2, "n_lakes": 0, "n_drains": 0, "low_income_score": 0.4, "equity_weight": 1.2, "scenario": "with_preventive_measures", "people_risk_eal": 765.4263, "modeled_reduction_pct": 35.0, "data_status": "counterfactual simulation using literature-based intervention effects; not an observed intervention trial"}}, {"type": "Feature", "geometry": {"type": "Polygon", "coordinates": [[[77.55, 13.04], [77.57, 13.04], [77.57, 13.059999999999999], [77.55, 13.059999999999999], [77.55, 13.04]]]}, "properties": {"cell_id": "blr_0178", "flood_depth_m": {"rp10": 0.12, "rp100": 0.3}, "glof_depth_m": 0.0, "landslide_prob": 0.011, "population": 111511, "critical_assets": ["lake"], "eal_people": 3358.711, "eal_usd": 8396778.0, "observed_flood_frac": null, "modeled_flood_frac": 0.03, "elev_m": 918.3, "slope_deg": 1.3, "n_lakes": 1, "n_drains": 2, "low_income_score": 0.4, "equity_weight": 1.2, "scenario": "with_preventive_measures", "people_risk_eal": 2183.1622, "modeled_reduction_pct": 35.0, "data_status": "counterfactual simulation using literature-based intervention effects; not an observed intervention trial"}}, {"type": "Feature", "geometry": {"type": "Polygon", "coordinates": [[[77.57, 13.04], [77.58999999999999, 13.04], [77.58999999999999, 13.059999999999999], [77.57, 13.059999999999999], [77.57, 13.04]]]}, "properties": {"cell_id": "blr_0179", "flood_depth_m": {"rp10": 0.12, "rp100": 0.3}, "glof_depth_m": 0.0, "landslide_prob": 0.009, "population": 109110, "critical_assets": ["lake"], "eal_people": 3286.393, "eal_usd": 8215982.0, "observed_flood_frac": null, "modeled_flood_frac": 0.03, "elev_m": 902.5, "slope_deg": 1.1, "n_lakes": 1, "n_drains": 1, "low_income_score": 0.4, "equity_weight": 1.2, "scenario": "with_preventive_measures", "people_risk_eal": 2136.1555, "modeled_reduction_pct": 35.0, "data_status": "counterfactual simulation using literature-based intervention effects; not an observed intervention trial"}}, {"type": "Feature", "geometry": {"type": "Polygon", "coordinates": [[[77.58999999999999, 13.04], [77.61, 13.04], [77.61, 13.059999999999999], [77.58999999999999, 13.059999999999999], [77.58999999999999, 13.04]]]}, "properties": {"cell_id": "blr_0180", "flood_depth_m": {"rp10": 0.23, "rp100": 0.57}, "glof_depth_m": 0.0, "landslide_prob": 0.011, "population": 96193, "critical_assets": ["lake", "school", "school"], "eal_people": 2978.135, "eal_usd": 7445338.0, "observed_flood_frac": null, "modeled_flood_frac": 0.04, "elev_m": 902.1, "slope_deg": 1.3, "n_lakes": 2, "n_drains": 2, "low_income_score": 0.4, "equity_weight": 1.2, "scenario": "with_preventive_measures", "people_risk_eal": 1935.7878, "modeled_reduction_pct": 35.0, "data_status": "counterfactual simulation using literature-based intervention effects; not an observed intervention trial"}}, {"type": "Feature", "geometry": {"type": "Polygon", "coordinates": [[[77.61, 13.04], [77.63, 13.04], [77.63, 13.059999999999999], [77.61, 13.059999999999999], [77.61, 13.04]]]}, "properties": {"cell_id": "blr_0181", "flood_depth_m": {"rp10": 0.02, "rp100": 0.05}, "glof_depth_m": 0.0, "landslide_prob": 0.008, "population": 54799, "critical_assets": [], "eal_people": 526.07, "eal_usd": 1315175.0, "observed_flood_frac": null, "modeled_flood_frac": 0.0, "elev_m": 888.3, "slope_deg": 0.9, "n_lakes": 0, "n_drains": 0, "low_income_score": 0.4, "equity_weight": 1.2, "scenario": "with_preventive_measures", "people_risk_eal": 526.07, "modeled_reduction_pct": 0.0, "data_status": "counterfactual simulation using literature-based intervention effects; not an observed intervention trial"}}, {"type": "Feature", "geometry": {"type": "Polygon", "coordinates": [[[77.63, 13.04], [77.64999999999999, 13.04], [77.64999999999999, 13.059999999999999], [77.63, 13.059999999999999], [77.63, 13.04]]]}, "properties": {"cell_id": "blr_0182", "flood_depth_m": {"rp10": 0.04, "rp100": 0.09}, "glof_depth_m": 0.0, "landslide_prob": 0.007, "population": 10506, "critical_assets": ["school", "school"], "eal_people": 144.983, "eal_usd": 362458.0, "observed_flood_frac": null, "modeled_flood_frac": 0.05, "elev_m": 888.6, "slope_deg": 0.9, "n_lakes": 0, "n_drains": 2, "low_income_score": 0.4, "equity_weight": 1.2, "scenario": "with_preventive_measures", "people_risk_eal": 144.983, "modeled_reduction_pct": 0.0, "data_status": "counterfactual simulation using literature-based intervention effects; not an observed intervention trial"}}, {"type": "Feature", "geometry": {"type": "Polygon", "coordinates": [[[77.64999999999999, 13.04], [77.66999999999999, 13.04], [77.66999999999999, 13.059999999999999], [77.64999999999999, 13.059999999999999], [77.64999999999999, 13.04]]]}, "properties": {"cell_id": "blr_0183", "flood_depth_m": {"rp10": 0.02, "rp100": 0.05}, "glof_depth_m": 0.0, "landslide_prob": 0.007, "population": 1431, "critical_assets": [], "eal_people": 12.307, "eal_usd": 30768.0, "observed_flood_frac": null, "modeled_flood_frac": 0.0, "elev_m": 883.8, "slope_deg": 0.9, "n_lakes": 0, "n_drains": 0, "low_income_score": 0.15, "equity_weight": 1.075, "scenario": "with_preventive_measures", "people_risk_eal": 12.307, "modeled_reduction_pct": 0.0, "data_status": "counterfactual simulation using literature-based intervention effects; not an observed intervention trial"}}, {"type": "Feature", "geometry": {"type": "Polygon", "coordinates": [[[77.66999999999999, 13.04], [77.69, 13.04], [77.69, 13.059999999999999], [77.66999999999999, 13.059999999999999], [77.66999999999999, 13.04]]]}, "properties": {"cell_id": "blr_0184", "flood_depth_m": {"rp10": 0.02, "rp100": 0.05}, "glof_depth_m": 0.0, "landslide_prob": 0.007, "population": 968, "critical_assets": ["school"], "eal_people": 8.325, "eal_usd": 20812.0, "observed_flood_frac": null, "modeled_flood_frac": 0.0, "elev_m": 879.1, "slope_deg": 0.8, "n_lakes": 0, "n_drains": 0, "low_income_score": 0.15, "equity_weight": 1.075, "scenario": "with_preventive_measures", "people_risk_eal": 8.325, "modeled_reduction_pct": 0.0, "data_status": "counterfactual simulation using literature-based intervention effects; not an observed intervention trial"}}, {"type": "Feature", "geometry": {"type": "Polygon", "coordinates": [[[77.69, 13.04], [77.71, 13.04], [77.71, 13.059999999999999], [77.69, 13.059999999999999], [77.69, 13.04]]]}, "properties": {"cell_id": "blr_0185", "flood_depth_m": {"rp10": 0.02, "rp100": 0.05}, "glof_depth_m": 0.0, "landslide_prob": 0.007, "population": 843, "critical_assets": [], "eal_people": 7.25, "eal_usd": 18125.0, "observed_flood_frac": null, "modeled_flood_frac": 0.0, "elev_m": 876.7, "slope_deg": 0.9, "n_lakes": 0, "n_drains": 0, "low_income_score": 0.15, "equity_weight": 1.075, "scenario": "with_preventive_measures", "people_risk_eal": 7.25, "modeled_reduction_pct": 0.0, "data_status": "counterfactual simulation using literature-based intervention effects; not an observed intervention trial"}}, {"type": "Feature", "geometry": {"type": "Polygon", "coordinates": [[[77.71, 13.04], [77.72999999999999, 13.04], [77.72999999999999, 13.059999999999999], [77.71, 13.059999999999999], [77.71, 13.04]]]}, "properties": {"cell_id": "blr_0186", "flood_depth_m": {"rp10": 0.02, "rp100": 0.05}, "glof_depth_m": 0.0, "landslide_prob": 0.006, "population": 842, "critical_assets": [], "eal_people": 7.875, "eal_usd": 19688.0, "observed_flood_frac": null, "modeled_flood_frac": 0.01, "elev_m": 876.1, "slope_deg": 0.7, "n_lakes": 0, "n_drains": 0, "low_income_score": 0.15, "equity_weight": 1.075, "scenario": "with_preventive_measures", "people_risk_eal": 7.875, "modeled_reduction_pct": 0.0, "data_status": "counterfactual simulation using literature-based intervention effects; not an observed intervention trial"}}, {"type": "Feature", "geometry": {"type": "Polygon", "coordinates": [[[77.72999999999999, 13.04], [77.75, 13.04], [77.75, 13.059999999999999], [77.72999999999999, 13.059999999999999], [77.72999999999999, 13.04]]]}, "properties": {"cell_id": "blr_0187", "flood_depth_m": {"rp10": 0.08, "rp100": 0.2}, "glof_depth_m": 0.0, "landslide_prob": 0.008, "population": 999, "critical_assets": [], "eal_people": 16.861, "eal_usd": 42152.0, "observed_flood_frac": null, "modeled_flood_frac": 0.11, "elev_m": 886.3, "slope_deg": 1.0, "n_lakes": 0, "n_drains": 0, "low_income_score": 0.15, "equity_weight": 1.075, "scenario": "with_preventive_measures", "people_risk_eal": 16.861, "modeled_reduction_pct": 0.0, "data_status": "counterfactual simulation using literature-based intervention effects; not an observed intervention trial"}}, {"type": "Feature", "geometry": {"type": "Polygon", "coordinates": [[[77.75, 13.04], [77.77, 13.04], [77.77, 13.059999999999999], [77.75, 13.059999999999999], [77.75, 13.04]]]}, "properties": {"cell_id": "blr_0188", "flood_depth_m": {"rp10": 0.23, "rp100": 0.57}, "glof_depth_m": 0.0, "landslide_prob": 0.007, "population": 2217, "critical_assets": ["lake"], "eal_people": 61.488, "eal_usd": 153720.0, "observed_flood_frac": null, "modeled_flood_frac": 0.04, "elev_m": 874.6, "slope_deg": 0.9, "n_lakes": 2, "n_drains": 0, "low_income_score": 0.15, "equity_weight": 1.075, "scenario": "with_preventive_measures", "people_risk_eal": 61.488, "modeled_reduction_pct": 0.0, "data_status": "counterfactual simulation using literature-based intervention effects; not an observed intervention trial"}}, {"type": "Feature", "geometry": {"type": "Polygon", "coordinates": [[[77.77, 13.04], [77.78999999999999, 13.04], [77.78999999999999, 13.059999999999999], [77.77, 13.059999999999999], [77.77, 13.04]]]}, "properties": {"cell_id": "blr_0189", "flood_depth_m": {"rp10": 0.02, "rp100": 0.05}, "glof_depth_m": 0.0, "landslide_prob": 0.005, "population": 3424, "critical_assets": [], "eal_people": 29.446, "eal_usd": 73615.0, "observed_flood_frac": null, "modeled_flood_frac": 0.0, "elev_m": 863.9, "slope_deg": 0.6, "n_lakes": 0, "n_drains": 1, "low_income_score": 0.15, "equity_weight": 1.075, "scenario": "with_preventive_measures", "people_risk_eal": 29.446, "modeled_reduction_pct": 0.0, "data_status": "counterfactual simulation using literature-based intervention effects; not an observed intervention trial"}}, {"type": "Feature", "geometry": {"type": "Polygon", "coordinates": [[[77.78999999999999, 13.04], [77.80999999999999, 13.04], [77.80999999999999, 13.059999999999999], [77.78999999999999, 13.059999999999999], [77.78999999999999, 13.04]]]}, "properties": {"cell_id": "blr_0190", "flood_depth_m": {"rp10": 0.03, "rp100": 0.07}, "glof_depth_m": 0.0, "landslide_prob": 0.007, "population": 2529, "critical_assets": [], "eal_people": 29.362, "eal_usd": 73405.0, "observed_flood_frac": null, "modeled_flood_frac": 0.04, "elev_m": 877.9, "slope_deg": 0.9, "n_lakes": 0, "n_drains": 0, "low_income_score": 0.15, "equity_weight": 1.075, "scenario": "with_preventive_measures", "people_risk_eal": 29.362, "modeled_reduction_pct": 0.0, "data_status": "counterfactual simulation using literature-based intervention effects; not an observed intervention trial"}}, {"type": "Feature", "geometry": {"type": "Polygon", "coordinates": [[[77.80999999999999, 13.04], [77.83, 13.04], [77.83, 13.059999999999999], [77.80999999999999, 13.059999999999999], [77.80999999999999, 13.04]]]}, "properties": {"cell_id": "blr_0191", "flood_depth_m": {"rp10": 0.06, "rp100": 0.16}, "glof_depth_m": 0.0, "landslide_prob": 0.009, "population": 1769, "critical_assets": [], "eal_people": 27.194, "eal_usd": 67985.0, "observed_flood_frac": null, "modeled_flood_frac": 0.09, "elev_m": 898.8, "slope_deg": 1.0, "n_lakes": 0, "n_drains": 0, "low_income_score": 0.15, "equity_weight": 1.075, "scenario": "with_preventive_measures", "people_risk_eal": 27.194, "modeled_reduction_pct": 0.0, "data_status": "counterfactual simulation using literature-based intervention effects; not an observed intervention trial"}}, {"type": "Feature", "geometry": {"type": "Polygon", "coordinates": [[[77.35, 13.02], [77.36999999999999, 13.02], [77.36999999999999, 13.04], [77.35, 13.04], [77.35, 13.02]]]}, "properties": {"cell_id": "blr_0192", "flood_depth_m": {"rp10": 0.02, "rp100": 0.05}, "glof_depth_m": 0.0, "landslide_prob": 0.011, "population": 1414, "critical_assets": [], "eal_people": 14.288, "eal_usd": 35720.0, "observed_flood_frac": null, "modeled_flood_frac": 0.02, "elev_m": 851.2, "slope_deg": 1.3, "n_lakes": 0, "n_drains": 0, "low_income_score": 0.15, "equity_weight": 1.075, "scenario": "with_preventive_measures", "people_risk_eal": 14.288, "modeled_reduction_pct": 0.0, "data_status": "counterfactual simulation using literature-based intervention effects; not an observed intervention trial"}}, {"type": "Feature", "geometry": {"type": "Polygon", "coordinates": [[[77.36999999999999, 13.02], [77.39, 13.02], [77.39, 13.04], [77.36999999999999, 13.04], [77.36999999999999, 13.02]]]}, "properties": {"cell_id": "blr_0193", "flood_depth_m": {"rp10": 0.03, "rp100": 0.07}, "glof_depth_m": 0.0, "landslide_prob": 0.012, "population": 7891, "critical_assets": [], "eal_people": 102.267, "eal_usd": 255668.0, "observed_flood_frac": null, "modeled_flood_frac": 0.04, "elev_m": 854.0, "slope_deg": 1.4, "n_lakes": 0, "n_drains": 0, "low_income_score": 0.4, "equity_weight": 1.2, "scenario": "with_preventive_measures", "people_risk_eal": 102.267, "modeled_reduction_pct": 0.0, "data_status": "counterfactual simulation using literature-based intervention effects; not an observed intervention trial"}}, {"type": "Feature", "geometry": {"type": "Polygon", "coordinates": [[[77.39, 13.02], [77.41, 13.02], [77.41, 13.04], [77.39, 13.04], [77.39, 13.02]]]}, "properties": {"cell_id": "blr_0194", "flood_depth_m": {"rp10": 0.04, "rp100": 0.09}, "glof_depth_m": 0.0, "landslide_prob": 0.011, "population": 10688, "critical_assets": [], "eal_people": 147.494, "eal_usd": 368735.0, "observed_flood_frac": null, "modeled_flood_frac": 0.05, "elev_m": 858.2, "slope_deg": 1.4, "n_lakes": 0, "n_drains": 0, "low_income_score": 0.4, "equity_weight": 1.2, "scenario": "with_preventive_measures", "people_risk_eal": 147.494, "modeled_reduction_pct": 0.0, "data_status": "counterfactual simulation using literature-based intervention effects; not an observed intervention trial"}}, {"type": "Feature", "geometry": {"type": "Polygon", "coordinates": [[[77.41, 13.02], [77.42999999999999, 13.02], [77.42999999999999, 13.04], [77.41, 13.04], [77.41, 13.02]]]}, "properties": {"cell_id": "blr_0195", "flood_depth_m": {"rp10": 0.03, "rp100": 0.07}, "glof_depth_m": 0.0, "landslide_prob": 0.011, "population": 15803, "critical_assets": [], "eal_people": 204.807, "eal_usd": 512017.0, "observed_flood_frac": null, "modeled_flood_frac": 0.04, "elev_m": 848.6, "slope_deg": 1.3, "n_lakes": 0, "n_drains": 0, "low_income_score": 0.4, "equity_weight": 1.2, "scenario": "with_preventive_measures", "people_risk_eal": 204.807, "modeled_reduction_pct": 0.0, "data_status": "counterfactual simulation using literature-based intervention effects; not an observed intervention trial"}}, {"type": "Feature", "geometry": {"type": "Polygon", "coordinates": [[[77.42999999999999, 13.02], [77.44999999999999, 13.02], [77.44999999999999, 13.04], [77.42999999999999, 13.04], [77.42999999999999, 13.02]]]}, "properties": {"cell_id": "blr_0196", "flood_depth_m": {"rp10": 0.06, "rp100": 0.16}, "glof_depth_m": 0.0, "landslide_prob": 0.011, "population": 21398, "critical_assets": [], "eal_people": 367.19, "eal_usd": 917975.0, "observed_flood_frac": null, "modeled_flood_frac": 0.09, "elev_m": 846.5, "slope_deg": 1.3, "n_lakes": 0, "n_drains": 0, "low_income_score": 0.4, "equity_weight": 1.2, "scenario": "with_preventive_measures", "people_risk_eal": 367.19, "modeled_reduction_pct": 0.0, "data_status": "counterfactual simulation using literature-based intervention effects; not an observed intervention trial"}}, {"type": "Feature", "geometry": {"type": "Polygon", "coordinates": [[[77.44999999999999, 13.02], [77.47, 13.02], [77.47, 13.04], [77.44999999999999, 13.04], [77.44999999999999, 13.02]]]}, "properties": {"cell_id": "blr_0197", "flood_depth_m": {"rp10": 0.02, "rp100": 0.05}, "glof_depth_m": 0.0, "landslide_prob": 0.01, "population": 30950, "critical_assets": [], "eal_people": 375.114, "eal_usd": 937785.0, "observed_flood_frac": null, "modeled_flood_frac": 0.03, "elev_m": 859.1, "slope_deg": 1.2, "n_lakes": 0, "n_drains": 0, "low_income_score": 0.4, "equity_weight": 1.2, "scenario": "with_preventive_measures", "people_risk_eal": 375.114, "modeled_reduction_pct": 0.0, "data_status": "counterfactual simulation using literature-based intervention effects; not an observed intervention trial"}}, {"type": "Feature", "geometry": {"type": "Polygon", "coordinates": [[[77.47, 13.02], [77.49, 13.02], [77.49, 13.04], [77.47, 13.04], [77.47, 13.02]]]}, "properties": {"cell_id": "blr_0198", "flood_depth_m": {"rp10": 0.04, "rp100": 0.09}, "glof_depth_m": 0.0, "landslide_prob": 0.011, "population": 43835, "critical_assets": [], "eal_people": 604.923, "eal_usd": 1512308.0, "observed_flood_frac": null, "modeled_flood_frac": 0.05, "elev_m": 875.0, "slope_deg": 1.3, "n_lakes": 0, "n_drains": 0, "low_income_score": 0.4, "equity_weight": 1.2, "scenario": "with_preventive_measures", "people_risk_eal": 604.923, "modeled_reduction_pct": 0.0, "data_status": "counterfactual simulation using literature-based intervention effects; not an observed intervention trial"}}, {"type": "Feature", "geometry": {"type": "Polygon", "coordinates": [[[77.49, 13.02], [77.50999999999999, 13.02], [77.50999999999999, 13.04], [77.49, 13.04], [77.49, 13.02]]]}, "properties": {"cell_id": "blr_0199", "flood_depth_m": {"rp10": 0.14, "rp100": 0.34}, "glof_depth_m": 0.0, "landslide_prob": 0.013, "population": 96965, "critical_assets": ["lake"], "eal_people": 3083.487, "eal_usd": 7708718.0, "observed_flood_frac": null, "modeled_flood_frac": 0.05, "elev_m": 895.7, "slope_deg": 1.5, "n_lakes": 1, "n_drains": 0, "low_income_score": 0.4, "equity_weight": 1.2, "scenario": "with_preventive_measures", "people_risk_eal": 2004.2666, "modeled_reduction_pct": 35.0, "data_status": "counterfactual simulation using literature-based intervention effects; not an observed intervention trial"}}, {"type": "Feature", "geometry": {"type": "Polygon", "coordinates": [[[77.50999999999999, 13.02], [77.53, 13.02], [77.53, 13.04], [77.50999999999999, 13.04], [77.50999999999999, 13.02]]]}, "properties": {"cell_id": "blr_0200", "flood_depth_m": {"rp10": 0.02, "rp100": 0.05}, "glof_depth_m": 0.0, "landslide_prob": 0.011, "population": 203063, "critical_assets": [], "eal_people": 2290.551, "eal_usd": 5726378.0, "observed_flood_frac": null, "modeled_flood_frac": 0.02, "elev_m": 912.7, "slope_deg": 1.3, "n_lakes": 0, "n_drains": 0, "low_income_score": 0.4, "equity_weight": 1.2, "scenario": "with_preventive_measures", "people_risk_eal": 1488.8582, "modeled_reduction_pct": 35.0, "data_status": "counterfactual simulation using literature-based intervention effects; not an observed intervention trial"}}, {"type": "Feature", "geometry": {"type": "Polygon", "coordinates": [[[77.53, 13.02], [77.55, 13.02], [77.55, 13.04], [77.53, 13.04], [77.53, 13.02]]]}, "properties": {"cell_id": "blr_0201", "flood_depth_m": {"rp10": 0.02, "rp100": 0.05}, "glof_depth_m": 0.0, "landslide_prob": 0.009, "population": 150969, "critical_assets": ["clinic", "clinic"], "eal_people": 1639.146, "eal_usd": 4097865.0, "observed_flood_frac": null, "modeled_flood_frac": 0.03, "elev_m": 914.3, "slope_deg": 1.1, "n_lakes": 0, "n_drains": 0, "low_income_score": 0.15, "equity_weight": 1.075, "scenario": "with_preventive_measures", "people_risk_eal": 1065.4449, "modeled_reduction_pct": 35.0, "data_status": "counterfactual simulation using literature-based intervention effects; not an observed intervention trial"}}, {"type": "Feature", "geometry": {"type": "Polygon", "coordinates": [[[77.55, 13.02], [77.57, 13.02], [77.57, 13.04], [77.55, 13.04], [77.55, 13.02]]]}, "properties": {"cell_id": "blr_0202", "flood_depth_m": {"rp10": 0.03, "rp100": 0.07}, "glof_depth_m": 0.0, "landslide_prob": 0.009, "population": 183261, "critical_assets": ["clinic", "clinic"], "eal_people": 2127.66, "eal_usd": 5319150.0, "observed_flood_frac": null, "modeled_flood_frac": 0.04, "elev_m": 919.1, "slope_deg": 1.1, "n_lakes": 0, "n_drains": 1, "low_income_score": 0.15, "equity_weight": 1.075, "scenario": "with_preventive_measures", "people_risk_eal": 1595.745, "modeled_reduction_pct": 25.0, "data_status": "counterfactual simulation using literature-based intervention effects; not an observed intervention trial"}}, {"type": "Feature", "geometry": {"type": "Polygon", "coordinates": [[[77.57, 13.02], [77.58999999999999, 13.02], [77.58999999999999, 13.04], [77.57, 13.04], [77.57, 13.02]]]}, "properties": {"cell_id": "blr_0203", "flood_depth_m": {"rp10": 0.05, "rp100": 0.13}, "glof_depth_m": 0.0, "landslide_prob": 0.011, "population": 143499, "critical_assets": ["clinic", "clinic", "clinic", "school"], "eal_people": 1989.972, "eal_usd": 4974930.0, "observed_flood_frac": null, "modeled_flood_frac": 0.07, "elev_m": 919.7, "slope_deg": 1.3, "n_lakes": 0, "n_drains": 1, "low_income_score": 0.15, "equity_weight": 1.075, "scenario": "with_preventive_measures", "people_risk_eal": 1492.479, "modeled_reduction_pct": 25.0, "data_status": "counterfactual simulation using literature-based intervention effects; not an observed intervention trial"}}, {"type": "Feature", "geometry": {"type": "Polygon", "coordinates": [[[77.58999999999999, 13.02], [77.61, 13.02], [77.61, 13.04], [77.58999999999999, 13.04], [77.58999999999999, 13.02]]]}, "properties": {"cell_id": "blr_0204", "flood_depth_m": {"rp10": 0.03, "rp100": 0.07}, "glof_depth_m": 0.0, "landslide_prob": 0.01, "population": 217651, "critical_assets": ["school", "clinic"], "eal_people": 2526.928, "eal_usd": 6317320.0, "observed_flood_frac": null, "modeled_flood_frac": 0.04, "elev_m": 909.2, "slope_deg": 1.3, "n_lakes": 0, "n_drains": 1, "low_income_score": 0.15, "equity_weight": 1.075, "scenario": "with_preventive_measures", "people_risk_eal": 1895.196, "modeled_reduction_pct": 25.0, "data_status": "counterfactual simulation using literature-based intervention effects; not an observed intervention trial"}}, {"type": "Feature", "geometry": {"type": "Polygon", "coordinates": [[[77.61, 13.02], [77.63, 13.02], [77.63, 13.04], [77.61, 13.04], [77.61, 13.02]]]}, "properties": {"cell_id": "blr_0205", "flood_depth_m": {"rp10": 0.02, "rp100": 0.05}, "glof_depth_m": 0.0, "landslide_prob": 0.009, "population": 195803, "critical_assets": ["clinic"], "eal_people": 1978.589, "eal_usd": 4946472.0, "observed_flood_frac": null, "modeled_flood_frac": 0.02, "elev_m": 895.1, "slope_deg": 1.1, "n_lakes": 0, "n_drains": 2, "low_income_score": 0.15, "equity_weight": 1.075, "scenario": "with_preventive_measures", "people_risk_eal": 1483.9417, "modeled_reduction_pct": 25.0, "data_status": "counterfactual simulation using literature-based intervention effects; not an observed intervention trial"}}, {"type": "Feature", "geometry": {"type": "Polygon", "coordinates": [[[77.63, 13.02], [77.64999999999999, 13.02], [77.64999999999999, 13.04], [77.63, 13.04], [77.63, 13.02]]]}, "properties": {"cell_id": "blr_0206", "flood_depth_m": {"rp10": 0.02, "rp100": 0.05}, "glof_depth_m": 0.0, "landslide_prob": 0.009, "population": 75518, "critical_assets": ["school", "clinic", "school", "school"], "eal_people": 819.937, "eal_usd": 2049842.0, "observed_flood_frac": null, "modeled_flood_frac": 0.03, "elev_m": 894.3, "slope_deg": 1.1, "n_lakes": 0, "n_drains": 1, "low_income_score": 0.15, "equity_weight": 1.075, "scenario": "with_preventive_measures", "people_risk_eal": 614.9528, "modeled_reduction_pct": 25.0, "data_status": "counterfactual simulation using literature-based intervention effects; not an observed intervention trial"}}, {"type": "Feature", "geometry": {"type": "Polygon", "coordinates": [[[77.64999999999999, 13.02], [77.66999999999999, 13.02], [77.66999999999999, 13.04], [77.64999999999999, 13.04], [77.64999999999999, 13.02]]]}, "properties": {"cell_id": "blr_0207", "flood_depth_m": {"rp10": 0.14, "rp100": 0.34}, "glof_depth_m": 0.0, "landslide_prob": 0.01, "population": 3346, "critical_assets": ["lake", "clinic"], "eal_people": 95.319, "eal_usd": 238298.0, "observed_flood_frac": null, "modeled_flood_frac": 0.05, "elev_m": 897.8, "slope_deg": 1.1, "n_lakes": 1, "n_drains": 0, "low_income_score": 0.15, "equity_weight": 1.075, "scenario": "with_preventive_measures", "people_risk_eal": 95.319, "modeled_reduction_pct": 0.0, "data_status": "counterfactual simulation using literature-based intervention effects; not an observed intervention trial"}}, {"type": "Feature", "geometry": {"type": "Polygon", "coordinates": [[[77.66999999999999, 13.02], [77.69, 13.02], [77.69, 13.04], [77.66999999999999, 13.04], [77.66999999999999, 13.02]]]}, "properties": {"cell_id": "blr_0208", "flood_depth_m": {"rp10": 0.22, "rp100": 0.54}, "glof_depth_m": 0.0, "landslide_prob": 0.008, "population": 2437, "critical_assets": ["lake", "clinic", "clinic"], "eal_people": 63.923, "eal_usd": 159808.0, "observed_flood_frac": null, "modeled_flood_frac": 0.02, "elev_m": 893.1, "slope_deg": 1.0, "n_lakes": 2, "n_drains": 0, "low_income_score": 0.15, "equity_weight": 1.075, "scenario": "with_preventive_measures", "people_risk_eal": 63.923, "modeled_reduction_pct": 0.0, "data_status": "counterfactual simulation using literature-based intervention effects; not an observed intervention trial"}}, {"type": "Feature", "geometry": {"type": "Polygon", "coordinates": [[[77.69, 13.02], [77.71, 13.02], [77.71, 13.04], [77.69, 13.04], [77.69, 13.02]]]}, "properties": {"cell_id": "blr_0209", "flood_depth_m": {"rp10": 0.15, "rp100": 0.38}, "glof_depth_m": 0.0, "landslide_prob": 0.008, "population": 1730, "critical_assets": ["lake"], "eal_people": 51.887, "eal_usd": 129718.0, "observed_flood_frac": null, "modeled_flood_frac": 0.07, "elev_m": 887.9, "slope_deg": 1.0, "n_lakes": 1, "n_drains": 0, "low_income_score": 0.15, "equity_weight": 1.075, "scenario": "with_preventive_measures", "people_risk_eal": 51.887, "modeled_reduction_pct": 0.0, "data_status": "counterfactual simulation using literature-based intervention effects; not an observed intervention trial"}}, {"type": "Feature", "geometry": {"type": "Polygon", "coordinates": [[[77.71, 13.02], [77.72999999999999, 13.02], [77.72999999999999, 13.04], [77.71, 13.04], [77.71, 13.02]]]}, "properties": {"cell_id": "blr_0210", "flood_depth_m": {"rp10": 0.22, "rp100": 0.54}, "glof_depth_m": 0.0, "landslide_prob": 0.007, "population": 1203, "critical_assets": ["lake"], "eal_people": 31.555, "eal_usd": 78888.0, "observed_flood_frac": null, "modeled_flood_frac": 0.02, "elev_m": 872.1, "slope_deg": 0.8, "n_lakes": 2, "n_drains": 0, "low_income_score": 0.15, "equity_weight": 1.075, "scenario": "with_preventive_measures", "people_risk_eal": 31.555, "modeled_reduction_pct": 0.0, "data_status": "counterfactual simulation using literature-based intervention effects; not an observed intervention trial"}}, {"type": "Feature", "geometry": {"type": "Polygon", "coordinates": [[[77.72999999999999, 13.02], [77.75, 13.02], [77.75, 13.04], [77.72999999999999, 13.04], [77.72999999999999, 13.02]]]}, "properties": {"cell_id": "blr_0211", "flood_depth_m": {"rp10": 0.02, "rp100": 0.05}, "glof_depth_m": 0.0, "landslide_prob": 0.008, "population": 1102, "critical_assets": [], "eal_people": 11.136, "eal_usd": 27840.0, "observed_flood_frac": null, "modeled_flood_frac": 0.02, "elev_m": 875.5, "slope_deg": 0.9, "n_lakes": 0, "n_drains": 0, "low_income_score": 0.15, "equity_weight": 1.075, "scenario": "with_preventive_measures", "people_risk_eal": 11.136, "modeled_reduction_pct": 0.0, "data_status": "counterfactual simulation using literature-based intervention effects; not an observed intervention trial"}}, {"type": "Feature", "geometry": {"type": "Polygon", "coordinates": [[[77.75, 13.02], [77.77, 13.02], [77.77, 13.04], [77.75, 13.04], [77.75, 13.02]]]}, "properties": {"cell_id": "blr_0212", "flood_depth_m": {"rp10": 0.14, "rp100": 0.34}, "glof_depth_m": 0.0, "landslide_prob": 0.007, "population": 1393, "critical_assets": ["lake"], "eal_people": 39.683, "eal_usd": 99208.0, "observed_flood_frac": null, "modeled_flood_frac": 0.05, "elev_m": 879.1, "slope_deg": 0.9, "n_lakes": 1, "n_drains": 0, "low_income_score": 0.15, "equity_weight": 1.075, "scenario": "with_preventive_measures", "people_risk_eal": 39.683, "modeled_reduction_pct": 0.0, "data_status": "counterfactual simulation using literature-based intervention effects; not an observed intervention trial"}}, {"type": "Feature", "geometry": {"type": "Polygon", "coordinates": [[[77.77, 13.02], [77.78999999999999, 13.02], [77.78999999999999, 13.04], [77.77, 13.04], [77.77, 13.02]]]}, "properties": {"cell_id": "blr_0213", "flood_depth_m": {"rp10": 0.02, "rp100": 0.05}, "glof_depth_m": 0.0, "landslide_prob": 0.006, "population": 2776, "critical_assets": [], "eal_people": 28.051, "eal_usd": 70128.0, "observed_flood_frac": null, "modeled_flood_frac": 0.02, "elev_m": 864.0, "slope_deg": 0.7, "n_lakes": 0, "n_drains": 0, "low_income_score": 0.15, "equity_weight": 1.075, "scenario": "with_preventive_measures", "people_risk_eal": 28.051, "modeled_reduction_pct": 0.0, "data_status": "counterfactual simulation using literature-based intervention effects; not an observed intervention trial"}}, {"type": "Feature", "geometry": {"type": "Polygon", "coordinates": [[[77.78999999999999, 13.02], [77.80999999999999, 13.02], [77.80999999999999, 13.04], [77.78999999999999, 13.04], [77.78999999999999, 13.02]]]}, "properties": {"cell_id": "blr_0214", "flood_depth_m": {"rp10": 0.09, "rp100": 0.22}, "glof_depth_m": 0.0, "landslide_prob": 0.007, "population": 2370, "critical_assets": [], "eal_people": 41.783, "eal_usd": 104458.0, "observed_flood_frac": null, "modeled_flood_frac": 0.12, "elev_m": 880.5, "slope_deg": 0.8, "n_lakes": 0, "n_drains": 0, "low_income_score": 0.15, "equity_weight": 1.075, "scenario": "with_preventive_measures", "people_risk_eal": 41.783, "modeled_reduction_pct": 0.0, "data_status": "counterfactual simulation using literature-based intervention effects; not an observed intervention trial"}}, {"type": "Feature", "geometry": {"type": "Polygon", "coordinates": [[[77.80999999999999, 13.02], [77.83, 13.02], [77.83, 13.04], [77.80999999999999, 13.04], [77.80999999999999, 13.02]]]}, "properties": {"cell_id": "blr_0215", "flood_depth_m": {"rp10": 0.02, "rp100": 0.05}, "glof_depth_m": 0.0, "landslide_prob": 0.008, "population": 1596, "critical_assets": [], "eal_people": 13.726, "eal_usd": 34315.0, "observed_flood_frac": null, "modeled_flood_frac": 0.0, "elev_m": 885.7, "slope_deg": 0.9, "n_lakes": 0, "n_drains": 0, "low_income_score": 0.15, "equity_weight": 1.075, "scenario": "with_preventive_measures", "people_risk_eal": 13.726, "modeled_reduction_pct": 0.0, "data_status": "counterfactual simulation using literature-based intervention effects; not an observed intervention trial"}}, {"type": "Feature", "geometry": {"type": "Polygon", "coordinates": [[[77.35, 13.0], [77.36999999999999, 13.0], [77.36999999999999, 13.02], [77.35, 13.02], [77.35, 13.0]]]}, "properties": {"cell_id": "blr_0216", "flood_depth_m": {"rp10": 0.11, "rp100": 0.27}, "glof_depth_m": 0.0, "landslide_prob": 0.017, "population": 4007, "critical_assets": [], "eal_people": 88.955, "eal_usd": 222388.0, "observed_flood_frac": null, "modeled_flood_frac": 0.15, "elev_m": 830.0, "slope_deg": 2.0, "n_lakes": 0, "n_drains": 0, "low_income_score": 0.4, "equity_weight": 1.2, "scenario": "with_preventive_measures", "people_risk_eal": 88.955, "modeled_reduction_pct": 0.0, "data_status": "counterfactual simulation using literature-based intervention effects; not an observed intervention trial"}}, {"type": "Feature", "geometry": {"type": "Polygon", "coordinates": [[[77.36999999999999, 13.0], [77.39, 13.0], [77.39, 13.02], [77.36999999999999, 13.02], [77.36999999999999, 13.0]]]}, "properties": {"cell_id": "blr_0217", "flood_depth_m": {"rp10": 0.07, "rp100": 0.18}, "glof_depth_m": 0.0, "landslide_prob": 0.012, "population": 10032, "critical_assets": [], "eal_people": 180.576, "eal_usd": 451440.0, "observed_flood_frac": null, "modeled_flood_frac": 0.1, "elev_m": 830.4, "slope_deg": 1.5, "n_lakes": 0, "n_drains": 0, "low_income_score": 0.4, "equity_weight": 1.2, "scenario": "with_preventive_measures", "people_risk_eal": 180.576, "modeled_reduction_pct": 0.0, "data_status": "counterfactual simulation using literature-based intervention effects; not an observed intervention trial"}}, {"type": "Feature", "geometry": {"type": "Polygon", "coordinates": [[[77.39, 13.0], [77.41, 13.0], [77.41, 13.02], [77.39, 13.02], [77.39, 13.0]]]}, "properties": {"cell_id": "blr_0218", "flood_depth_m": {"rp10": 0.06, "rp100": 0.14}, "glof_depth_m": 0.0, "landslide_prob": 0.013, "population": 12019, "critical_assets": [], "eal_people": 196.15, "eal_usd": 490375.0, "observed_flood_frac": null, "modeled_flood_frac": 0.08, "elev_m": 850.8, "slope_deg": 1.6, "n_lakes": 0, "n_drains": 0, "low_income_score": 0.4, "equity_weight": 1.2, "scenario": "with_preventive_measures", "people_risk_eal": 196.15, "modeled_reduction_pct": 0.0, "data_status": "counterfactual simulation using literature-based intervention effects; not an observed intervention trial"}}, {"type": "Feature", "geometry": {"type": "Polygon", "coordinates": [[[77.41, 13.0], [77.42999999999999, 13.0], [77.42999999999999, 13.02], [77.41, 13.02], [77.41, 13.0]]]}, "properties": {"cell_id": "blr_0219", "flood_depth_m": {"rp10": 0.02, "rp100": 0.05}, "glof_depth_m": 0.0, "landslide_prob": 0.011, "population": 19899, "critical_assets": [], "eal_people": 224.461, "eal_usd": 561152.0, "observed_flood_frac": null, "modeled_flood_frac": 0.02, "elev_m": 842.7, "slope_deg": 1.3, "n_lakes": 0, "n_drains": 0, "low_income_score": 0.4, "equity_weight": 1.2, "scenario": "with_preventive_measures", "people_risk_eal": 224.461, "modeled_reduction_pct": 0.0, "data_status": "counterfactual simulation using literature-based intervention effects; not an observed intervention trial"}}, {"type": "Feature", "geometry": {"type": "Polygon", "coordinates": [[[77.42999999999999, 13.0], [77.44999999999999, 13.0], [77.44999999999999, 13.02], [77.42999999999999, 13.02], [77.42999999999999, 13.0]]]}, "properties": {"cell_id": "blr_0220", "flood_depth_m": {"rp10": 0.02, "rp100": 0.05}, "glof_depth_m": 0.0, "landslide_prob": 0.011, "population": 27102, "critical_assets": [], "eal_people": 282.945, "eal_usd": 707362.0, "observed_flood_frac": null, "modeled_flood_frac": 0.01, "elev_m": 839.9, "slope_deg": 1.3, "n_lakes": 0, "n_drains": 0, "low_income_score": 0.4, "equity_weight": 1.2, "scenario": "with_preventive_measures", "people_risk_eal": 282.945, "modeled_reduction_pct": 0.0, "data_status": "counterfactual simulation using literature-based intervention effects; not an observed intervention trial"}}, {"type": "Feature", "geometry": {"type": "Polygon", "coordinates": [[[77.44999999999999, 13.0], [77.47, 13.0], [77.47, 13.02], [77.44999999999999, 13.02], [77.44999999999999, 13.0]]]}, "properties": {"cell_id": "blr_0221", "flood_depth_m": {"rp10": 0.12, "rp100": 0.3}, "glof_depth_m": 0.0, "landslide_prob": 0.01, "population": 33010, "critical_assets": ["lake"], "eal_people": 994.261, "eal_usd": 2485652.0, "observed_flood_frac": null, "modeled_flood_frac": 0.03, "elev_m": 855.1, "slope_deg": 1.2, "n_lakes": 1, "n_drains": 0, "low_income_score": 0.4, "equity_weight": 1.2, "scenario": "with_preventive_measures", "people_risk_eal": 646.2696, "modeled_reduction_pct": 35.0, "data_status": "counterfactual simulation using literature-based intervention effects; not an observed intervention trial"}}, {"type": "Feature", "geometry": {"type": "Polygon", "coordinates": [[[77.47, 13.0], [77.49, 13.0], [77.49, 13.02], [77.47, 13.02], [77.47, 13.0]]]}, "properties": {"cell_id": "blr_0222", "flood_depth_m": {"rp10": 0.31, "rp100": 0.77}, "glof_depth_m": 0.0, "landslide_prob": 0.012, "population": 42834, "critical_assets": ["lake"], "eal_people": 1218.199, "eal_usd": 3045498.0, "observed_flood_frac": null, "modeled_flood_frac": 0.01, "elev_m": 877.9, "slope_deg": 1.4, "n_lakes": 3, "n_drains": 0, "low_income_score": 0.4, "equity_weight": 1.2, "scenario": "with_preventive_measures", "people_risk_eal": 791.8294, "modeled_reduction_pct": 35.0, "data_status": "counterfactual simulation using literature-based intervention effects; not an observed intervention trial"}}, {"type": "Feature", "geometry": {"type": "Polygon", "coordinates": [[[77.49, 13.0], [77.50999999999999, 13.0], [77.50999999999999, 13.02], [77.49, 13.02], [77.49, 13.0]]]}, "properties": {"cell_id": "blr_0223", "flood_depth_m": {"rp10": 0.04, "rp100": 0.09}, "glof_depth_m": 0.0, "landslide_prob": 0.013, "population": 165013, "critical_assets": ["clinic", "school"], "eal_people": 2039.973, "eal_usd": 5099932.0, "observed_flood_frac": null, "modeled_flood_frac": 0.05, "elev_m": 909.8, "slope_deg": 1.6, "n_lakes": 0, "n_drains": 1, "low_income_score": 0.15, "equity_weight": 1.075, "scenario": "with_preventive_measures", "people_risk_eal": 1529.9797, "modeled_reduction_pct": 25.0, "data_status": "counterfactual simulation using literature-based intervention effects; not an observed intervention trial"}}, {"type": "Feature", "geometry": {"type": "Polygon", "coordinates": [[[77.50999999999999, 13.0], [77.53, 13.0], [77.53, 13.02], [77.50999999999999, 13.02], [77.50999999999999, 13.0]]]}, "properties": {"cell_id": "blr_0224", "flood_depth_m": {"rp10": 0.14, "rp100": 0.34}, "glof_depth_m": 0.0, "landslide_prob": 0.015, "population": 167524, "critical_assets": ["lake", "school"], "eal_people": 5327.263, "eal_usd": 13318158.0, "observed_flood_frac": null, "modeled_flood_frac": 0.05, "elev_m": 899.5, "slope_deg": 1.8, "n_lakes": 1, "n_drains": 3, "low_income_score": 0.4, "equity_weight": 1.2, "scenario": "with_preventive_measures", "people_risk_eal": 3462.7209, "modeled_reduction_pct": 35.0, "data_status": "counterfactual simulation using literature-based intervention effects; not an observed intervention trial"}}, {"type": "Feature", "geometry": {"type": "Polygon", "coordinates": [[[77.53, 13.0], [77.55, 13.0], [77.55, 13.02], [77.53, 13.02], [77.53, 13.0]]]}, "properties": {"cell_id": "blr_0225", "flood_depth_m": {"rp10": 0.02, "rp100": 0.05}, "glof_depth_m": 0.0, "landslide_prob": 0.016, "population": 235118, "critical_assets": ["clinic", "clinic", "clinic", "school"], "eal_people": 2375.867, "eal_usd": 5939668.0, "observed_flood_frac": null, "modeled_flood_frac": 0.02, "elev_m": 901.7, "slope_deg": 2.0, "n_lakes": 0, "n_drains": 6, "low_income_score": 0.15, "equity_weight": 1.075, "scenario": "with_preventive_measures", "people_risk_eal": 1781.9003, "modeled_reduction_pct": 25.0, "data_status": "counterfactual simulation using literature-based intervention effects; not an observed intervention trial"}}, {"type": "Feature", "geometry": {"type": "Polygon", "coordinates": [[[77.55, 13.0], [77.57, 13.0], [77.57, 13.02], [77.55, 13.02], [77.55, 13.0]]]}, "properties": {"cell_id": "blr_0226", "flood_depth_m": {"rp10": 0.13, "rp100": 0.32}, "glof_depth_m": 0.0, "landslide_prob": 0.012, "population": 207110, "critical_assets": ["lake", "school", "school", "clinic"], "eal_people": 5744.196, "eal_usd": 14360490.0, "observed_flood_frac": null, "modeled_flood_frac": 0.04, "elev_m": 928.4, "slope_deg": 1.5, "n_lakes": 1, "n_drains": 0, "low_income_score": 0.15, "equity_weight": 1.075, "scenario": "with_preventive_measures", "people_risk_eal": 3733.7274, "modeled_reduction_pct": 35.0, "data_status": "counterfactual simulation using literature-based intervention effects; not an observed intervention trial"}}, {"type": "Feature", "geometry": {"type": "Polygon", "coordinates": [[[77.57, 13.0], [77.58999999999999, 13.0], [77.58999999999999, 13.02], [77.57, 13.02], [77.57, 13.0]]]}, "properties": {"cell_id": "blr_0227", "flood_depth_m": {"rp10": 0.14, "rp100": 0.34}, "glof_depth_m": 0.0, "landslide_prob": 0.012, "population": 132846, "critical_assets": ["lake", "school", "school", "school"], "eal_people": 4224.503, "eal_usd": 10561258.0, "observed_flood_frac": null, "modeled_flood_frac": 0.05, "elev_m": 934.3, "slope_deg": 1.4, "n_lakes": 1, "n_drains": 1, "low_income_score": 0.4, "equity_weight": 1.2, "scenario": "with_preventive_measures", "people_risk_eal": 2745.927, "modeled_reduction_pct": 35.0, "data_status": "counterfactual simulation using literature-based intervention effects; not an observed intervention trial"}}, {"type": "Feature", "geometry": {"type": "Polygon", "coordinates": [[[77.58999999999999, 13.0], [77.61, 13.0], [77.61, 13.02], [77.58999999999999, 13.02], [77.58999999999999, 13.0]]]}, "properties": {"cell_id": "blr_0228", "flood_depth_m": {"rp10": 0.03, "rp100": 0.07}, "glof_depth_m": 0.0, "landslide_prob": 0.009, "population": 123673, "critical_assets": ["clinic"], "eal_people": 1435.844, "eal_usd": 3589610.0, "observed_flood_frac": null, "modeled_flood_frac": 0.04, "elev_m": 920.6, "slope_deg": 1.1, "n_lakes": 0, "n_drains": 3, "low_income_score": 0.15, "equity_weight": 1.075, "scenario": "with_preventive_measures", "people_risk_eal": 1076.883, "modeled_reduction_pct": 25.0, "data_status": "counterfactual simulation using literature-based intervention effects; not an observed intervention trial"}}, {"type": "Feature", "geometry": {"type": "Polygon", "coordinates": [[[77.61, 13.0], [77.63, 13.0], [77.63, 13.02], [77.61, 13.02], [77.61, 13.0]]]}, "properties": {"cell_id": "blr_0229", "flood_depth_m": {"rp10": 0.14, "rp100": 0.36}, "glof_depth_m": 0.0, "landslide_prob": 0.009, "population": 216380, "critical_assets": ["lake", "school", "clinic", "clinic"], "eal_people": 6326.951, "eal_usd": 15817378.0, "observed_flood_frac": null, "modeled_flood_frac": 0.06, "elev_m": 910.7, "slope_deg": 1.1, "n_lakes": 1, "n_drains": 3, "low_income_score": 0.15, "equity_weight": 1.075, "scenario": "with_preventive_measures", "people_risk_eal": 4112.5181, "modeled_reduction_pct": 35.0, "data_status": "counterfactual simulation using literature-based intervention effects; not an observed intervention trial"}}, {"type": "Feature", "geometry": {"type": "Polygon", "coordinates": [[[77.63, 13.0], [77.64999999999999, 13.0], [77.64999999999999, 13.02], [77.63, 13.02], [77.63, 13.0]]]}, "properties": {"cell_id": "blr_0230", "flood_depth_m": {"rp10": 0.05, "rp100": 0.13}, "glof_depth_m": 0.0, "landslide_prob": 0.008, "population": 85155, "critical_assets": ["clinic", "school", "school"], "eal_people": 1180.887, "eal_usd": 2952218.0, "observed_flood_frac": null, "modeled_flood_frac": 0.07, "elev_m": 909.0, "slope_deg": 1.0, "n_lakes": 0, "n_drains": 1, "low_income_score": 0.15, "equity_weight": 1.075, "scenario": "with_preventive_measures", "people_risk_eal": 885.6653, "modeled_reduction_pct": 25.0, "data_status": "counterfactual simulation using literature-based intervention effects; not an observed intervention trial"}}, {"type": "Feature", "geometry": {"type": "Polygon", "coordinates": [[[77.64999999999999, 13.0], [77.66999999999999, 13.0], [77.66999999999999, 13.02], [77.64999999999999, 13.02], [77.64999999999999, 13.0]]]}, "properties": {"cell_id": "blr_0231", "flood_depth_m": {"rp10": 0.06, "rp100": 0.16}, "glof_depth_m": 0.0, "landslide_prob": 0.009, "population": 4933, "critical_assets": ["school", "clinic", "school", "clinic"], "eal_people": 75.833, "eal_usd": 189582.0, "observed_flood_frac": null, "modeled_flood_frac": 0.09, "elev_m": 913.4, "slope_deg": 1.1, "n_lakes": 0, "n_drains": 0, "low_income_score": 0.15, "equity_weight": 1.075, "scenario": "with_preventive_measures", "people_risk_eal": 75.833, "modeled_reduction_pct": 0.0, "data_status": "counterfactual simulation using literature-based intervention effects; not an observed intervention trial"}}, {"type": "Feature", "geometry": {"type": "Polygon", "coordinates": [[[77.66999999999999, 13.0], [77.69, 13.0], [77.69, 13.02], [77.66999999999999, 13.02], [77.66999999999999, 13.0]]]}, "properties": {"cell_id": "blr_0232", "flood_depth_m": {"rp10": 0.13, "rp100": 0.32}, "glof_depth_m": 0.0, "landslide_prob": 0.009, "population": 4417, "critical_assets": ["lake"], "eal_people": 136.75, "eal_usd": 341875.0, "observed_flood_frac": null, "modeled_flood_frac": 0.04, "elev_m": 900.4, "slope_deg": 1.1, "n_lakes": 1, "n_drains": 0, "low_income_score": 0.4, "equity_weight": 1.2, "scenario": "with_preventive_measures", "people_risk_eal": 136.75, "modeled_reduction_pct": 0.0, "data_status": "counterfactual simulation using literature-based intervention effects; not an observed intervention trial"}}, {"type": "Feature", "geometry": {"type": "Polygon", "coordinates": [[[77.69, 13.0], [77.71, 13.0], [77.71, 13.02], [77.69, 13.02], [77.69, 13.0]]]}, "properties": {"cell_id": "blr_0233", "flood_depth_m": {"rp10": 0.1, "rp100": 0.25}, "glof_depth_m": 0.0, "landslide_prob": 0.009, "population": 3263, "critical_assets": ["lake", "clinic"], "eal_people": 80.678, "eal_usd": 201695.0, "observed_flood_frac": null, "modeled_flood_frac": 0.0, "elev_m": 886.1, "slope_deg": 1.0, "n_lakes": 1, "n_drains": 0, "low_income_score": 0.15, "equity_weight": 1.075, "scenario": "with_preventive_measures", "people_risk_eal": 80.678, "modeled_reduction_pct": 0.0, "data_status": "counterfactual simulation using literature-based intervention effects; not an observed intervention trial"}}, {"type": "Feature", "geometry": {"type": "Polygon", "coordinates": [[[77.71, 13.0], [77.72999999999999, 13.0], [77.72999999999999, 13.02], [77.71, 13.02], [77.71, 13.0]]]}, "properties": {"cell_id": "blr_0234", "flood_depth_m": {"rp10": 0.26, "rp100": 0.64}, "glof_depth_m": 0.0, "landslide_prob": 0.009, "population": 1615, "critical_assets": ["lake"], "eal_people": 49.653, "eal_usd": 124132.0, "observed_flood_frac": null, "modeled_flood_frac": 0.08, "elev_m": 881.5, "slope_deg": 1.1, "n_lakes": 2, "n_drains": 0, "low_income_score": 0.15, "equity_weight": 1.075, "scenario": "with_preventive_measures", "people_risk_eal": 49.653, "modeled_reduction_pct": 0.0, "data_status": "counterfactual simulation using literature-based intervention effects; not an observed intervention trial"}}, {"type": "Feature", "geometry": {"type": "Polygon", "coordinates": [[[77.72999999999999, 13.0], [77.75, 13.0], [77.75, 13.02], [77.72999999999999, 13.02], [77.72999999999999, 13.0]]]}, "properties": {"cell_id": "blr_0235", "flood_depth_m": {"rp10": 0.02, "rp100": 0.05}, "glof_depth_m": 0.0, "landslide_prob": 0.007, "population": 1199, "critical_assets": [], "eal_people": 12.116, "eal_usd": 30290.0, "observed_flood_frac": null, "modeled_flood_frac": 0.02, "elev_m": 868.4, "slope_deg": 0.8, "n_lakes": 0, "n_drains": 0, "low_income_score": 0.15, "equity_weight": 1.075, "scenario": "with_preventive_measures", "people_risk_eal": 12.116, "modeled_reduction_pct": 0.0, "data_status": "counterfactual simulation using literature-based intervention effects; not an observed intervention trial"}}, {"type": "Feature", "geometry": {"type": "Polygon", "coordinates": [[[77.75, 13.0], [77.77, 13.0], [77.77, 13.02], [77.75, 13.02], [77.75, 13.0]]]}, "properties": {"cell_id": "blr_0236", "flood_depth_m": {"rp10": 0.11, "rp100": 0.27}, "glof_depth_m": 0.0, "landslide_prob": 0.006, "population": 2011, "critical_assets": ["lake", "school"], "eal_people": 51.235, "eal_usd": 128088.0, "observed_flood_frac": null, "modeled_flood_frac": 0.01, "elev_m": 864.8, "slope_deg": 0.7, "n_lakes": 1, "n_drains": 0, "low_income_score": 0.15, "equity_weight": 1.075, "scenario": "with_preventive_measures", "people_risk_eal": 51.235, "modeled_reduction_pct": 0.0, "data_status": "counterfactual simulation using literature-based intervention effects; not an observed intervention trial"}}, {"type": "Feature", "geometry": {"type": "Polygon", "coordinates": [[[77.77, 13.0], [77.78999999999999, 13.0], [77.78999999999999, 13.02], [77.77, 13.02], [77.77, 13.0]]]}, "properties": {"cell_id": "blr_0237", "flood_depth_m": {"rp10": 0.02, "rp100": 0.05}, "glof_depth_m": 0.0, "landslide_prob": 0.005, "population": 3775, "critical_assets": ["school"], "eal_people": 38.146, "eal_usd": 95365.0, "observed_flood_frac": null, "modeled_flood_frac": 0.02, "elev_m": 861.9, "slope_deg": 0.6, "n_lakes": 0, "n_drains": 0, "low_income_score": 0.15, "equity_weight": 1.075, "scenario": "with_preventive_measures", "people_risk_eal": 38.146, "modeled_reduction_pct": 0.0, "data_status": "counterfactual simulation using literature-based intervention effects; not an observed intervention trial"}}, {"type": "Feature", "geometry": {"type": "Polygon", "coordinates": [[[77.78999999999999, 13.0], [77.80999999999999, 13.0], [77.80999999999999, 13.02], [77.78999999999999, 13.02], [77.78999999999999, 13.0]]]}, "properties": {"cell_id": "blr_0238", "flood_depth_m": {"rp10": 0.02, "rp100": 0.05}, "glof_depth_m": 0.0, "landslide_prob": 0.007, "population": 2618, "critical_assets": [], "eal_people": 26.455, "eal_usd": 66138.0, "observed_flood_frac": null, "modeled_flood_frac": 0.02, "elev_m": 870.6, "slope_deg": 0.8, "n_lakes": 0, "n_drains": 0, "low_income_score": 0.15, "equity_weight": 1.075, "scenario": "with_preventive_measures", "people_risk_eal": 26.455, "modeled_reduction_pct": 0.0, "data_status": "counterfactual simulation using literature-based intervention effects; not an observed intervention trial"}}, {"type": "Feature", "geometry": {"type": "Polygon", "coordinates": [[[77.80999999999999, 13.0], [77.83, 13.0], [77.83, 13.02], [77.80999999999999, 13.02], [77.80999999999999, 13.0]]]}, "properties": {"cell_id": "blr_0239", "flood_depth_m": {"rp10": 0.03, "rp100": 0.07}, "glof_depth_m": 0.0, "landslide_prob": 0.006, "population": 2028, "critical_assets": [], "eal_people": 23.545, "eal_usd": 58863.0, "observed_flood_frac": null, "modeled_flood_frac": 0.04, "elev_m": 876.9, "slope_deg": 0.8, "n_lakes": 0, "n_drains": 0, "low_income_score": 0.15, "equity_weight": 1.075, "scenario": "with_preventive_measures", "people_risk_eal": 23.545, "modeled_reduction_pct": 0.0, "data_status": "counterfactual simulation using literature-based intervention effects; not an observed intervention trial"}}, {"type": "Feature", "geometry": {"type": "Polygon", "coordinates": [[[77.35, 12.979999999999999], [77.36999999999999, 12.979999999999999], [77.36999999999999, 13.0], [77.35, 13.0], [77.35, 12.979999999999999]]]}, "properties": {"cell_id": "blr_0240", "flood_depth_m": {"rp10": 0.6, "rp100": 1.49}, "glof_depth_m": 0.0, "landslide_prob": 0.019, "population": 783, "critical_assets": [], "eal_people": 55.638, "eal_usd": 139095.0, "observed_flood_frac": null, "modeled_flood_frac": 0.83, "elev_m": 795.4, "slope_deg": 2.2, "n_lakes": 0, "n_drains": 0, "low_income_score": 0.15, "equity_weight": 1.075, "scenario": "with_preventive_measures", "people_risk_eal": 55.638, "modeled_reduction_pct": 0.0, "data_status": "counterfactual simulation using literature-based intervention effects; not an observed intervention trial"}}, {"type": "Feature", "geometry": {"type": "Polygon", "coordinates": [[[77.36999999999999, 12.979999999999999], [77.39, 12.979999999999999], [77.39, 13.0], [77.36999999999999, 13.0], [77.36999999999999, 12.979999999999999]]]}, "properties": {"cell_id": "blr_0241", "flood_depth_m": {"rp10": 0.38, "rp100": 0.95}, "glof_depth_m": 0.0, "landslide_prob": 0.013, "population": 746, "critical_assets": [], "eal_people": 36.168, "eal_usd": 90420.0, "observed_flood_frac": null, "modeled_flood_frac": 0.53, "elev_m": 818.2, "slope_deg": 1.6, "n_lakes": 0, "n_drains": 0, "low_income_score": 0.15, "equity_weight": 1.075, "scenario": "with_preventive_measures", "people_risk_eal": 36.168, "modeled_reduction_pct": 0.0, "data_status": "counterfactual simulation using literature-based intervention effects; not an observed intervention trial"}}, {"type": "Feature", "geometry": {"type": "Polygon", "coordinates": [[[77.39, 12.979999999999999], [77.41, 12.979999999999999], [77.41, 13.0], [77.39, 13.0], [77.39, 12.979999999999999]]]}, "properties": {"cell_id": "blr_0242", "flood_depth_m": {"rp10": 0.04, "rp100": 0.09}, "glof_depth_m": 0.0, "landslide_prob": 0.012, "population": 2875, "critical_assets": [], "eal_people": 35.542, "eal_usd": 88855.0, "observed_flood_frac": null, "modeled_flood_frac": 0.05, "elev_m": 829.3, "slope_deg": 1.4, "n_lakes": 0, "n_drains": 0, "low_income_score": 0.15, "equity_weight": 1.075, "scenario": "with_preventive_measures", "people_risk_eal": 35.542, "modeled_reduction_pct": 0.0, "data_status": "counterfactual simulation using literature-based intervention effects; not an observed intervention trial"}}, {"type": "Feature", "geometry": {"type": "Polygon", "coordinates": [[[77.41, 12.979999999999999], [77.42999999999999, 12.979999999999999], [77.42999999999999, 13.0], [77.41, 13.0], [77.41, 12.979999999999999]]]}, "properties": {"cell_id": "blr_0243", "flood_depth_m": {"rp10": 0.02, "rp100": 0.05}, "glof_depth_m": 0.0, "landslide_prob": 0.012, "population": 12766, "critical_assets": [], "eal_people": 122.554, "eal_usd": 306385.0, "observed_flood_frac": null, "modeled_flood_frac": 0.0, "elev_m": 835.6, "slope_deg": 1.4, "n_lakes": 0, "n_drains": 0, "low_income_score": 0.4, "equity_weight": 1.2, "scenario": "with_preventive_measures", "people_risk_eal": 122.554, "modeled_reduction_pct": 0.0, "data_status": "counterfactual simulation using literature-based intervention effects; not an observed intervention trial"}}, {"type": "Feature", "geometry": {"type": "Polygon", "coordinates": [[[77.42999999999999, 12.979999999999999], [77.44999999999999, 12.979999999999999], [77.44999999999999, 13.0], [77.42999999999999, 13.0], [77.42999999999999, 12.979999999999999]]]}, "properties": {"cell_id": "blr_0244", "flood_depth_m": {"rp10": 0.09, "rp100": 0.22}, "glof_depth_m": 0.0, "landslide_prob": 0.012, "population": 32565, "critical_assets": [], "eal_people": 640.879, "eal_usd": 1602198.0, "observed_flood_frac": null, "modeled_flood_frac": 0.12, "elev_m": 858.0, "slope_deg": 1.5, "n_lakes": 0, "n_drains": 0, "low_income_score": 0.4, "equity_weight": 1.2, "scenario": "with_preventive_measures", "people_risk_eal": 640.879, "modeled_reduction_pct": 0.0, "data_status": "counterfactual simulation using literature-based intervention effects; not an observed intervention trial"}}, {"type": "Feature", "geometry": {"type": "Polygon", "coordinates": [[[77.44999999999999, 12.979999999999999], [77.47, 12.979999999999999], [77.47, 13.0], [77.44999999999999, 13.0], [77.44999999999999, 12.979999999999999]]]}, "properties": {"cell_id": "blr_0245", "flood_depth_m": {"rp10": 0.14, "rp100": 0.36}, "glof_depth_m": 0.0, "landslide_prob": 0.013, "population": 37535, "critical_assets": ["lake"], "eal_people": 1225.142, "eal_usd": 3062855.0, "observed_flood_frac": null, "modeled_flood_frac": 0.06, "elev_m": 859.2, "slope_deg": 1.6, "n_lakes": 1, "n_drains": 0, "low_income_score": 0.4, "equity_weight": 1.2, "scenario": "with_preventive_measures", "people_risk_eal": 796.3423, "modeled_reduction_pct": 35.0, "data_status": "counterfactual simulation using literature-based intervention effects; not an observed intervention trial"}}, {"type": "Feature", "geometry": {"type": "Polygon", "coordinates": [[[77.47, 12.979999999999999], [77.49, 12.979999999999999], [77.49, 13.0], [77.47, 13.0], [77.47, 12.979999999999999]]]}, "properties": {"cell_id": "blr_0246", "flood_depth_m": {"rp10": 0.06, "rp100": 0.14}, "glof_depth_m": 0.0, "landslide_prob": 0.012, "population": 59686, "critical_assets": [], "eal_people": 974.076, "eal_usd": 2435190.0, "observed_flood_frac": null, "modeled_flood_frac": 0.08, "elev_m": 878.1, "slope_deg": 1.4, "n_lakes": 0, "n_drains": 0, "low_income_score": 0.4, "equity_weight": 1.2, "scenario": "with_preventive_measures", "people_risk_eal": 633.1494, "modeled_reduction_pct": 35.0, "data_status": "counterfactual simulation using literature-based intervention effects; not an observed intervention trial"}}, {"type": "Feature", "geometry": {"type": "Polygon", "coordinates": [[[77.49, 12.979999999999999], [77.50999999999999, 12.979999999999999], [77.50999999999999, 13.0], [77.49, 13.0], [77.49, 12.979999999999999]]]}, "properties": {"cell_id": "blr_0247", "flood_depth_m": {"rp10": 0.18, "rp100": 0.45}, "glof_depth_m": 0.0, "landslide_prob": 0.015, "population": 113324, "critical_assets": ["lake"], "eal_people": 4174.856, "eal_usd": 10437140.0, "observed_flood_frac": null, "modeled_flood_frac": 0.11, "elev_m": 900.1, "slope_deg": 1.8, "n_lakes": 1, "n_drains": 0, "low_income_score": 0.4, "equity_weight": 1.2, "scenario": "with_preventive_measures", "people_risk_eal": 2713.6564, "modeled_reduction_pct": 35.0, "data_status": "counterfactual simulation using literature-based intervention effects; not an observed intervention trial"}}, {"type": "Feature", "geometry": {"type": "Polygon", "coordinates": [[[77.50999999999999, 12.979999999999999], [77.53, 12.979999999999999], [77.53, 13.0], [77.50999999999999, 13.0], [77.50999999999999, 12.979999999999999]]]}, "properties": {"cell_id": "blr_0248", "flood_depth_m": {"rp10": 0.1, "rp100": 0.25}, "glof_depth_m": 0.0, "landslide_prob": 0.022, "population": 135579, "critical_assets": ["lake"], "eal_people": 3741.98, "eal_usd": 9354950.0, "observed_flood_frac": null, "modeled_flood_frac": 0.0, "elev_m": 880.5, "slope_deg": 2.6, "n_lakes": 1, "n_drains": 1, "low_income_score": 0.4, "equity_weight": 1.2, "scenario": "with_preventive_measures", "people_risk_eal": 2432.287, "modeled_reduction_pct": 35.0, "data_status": "counterfactual simulation using literature-based intervention effects; not an observed intervention trial"}}, {"type": "Feature", "geometry": {"type": "Polygon", "coordinates": [[[77.53, 12.979999999999999], [77.55, 12.979999999999999], [77.55, 13.0], [77.53, 13.0], [77.53, 12.979999999999999]]]}, "properties": {"cell_id": "blr_0249", "flood_depth_m": {"rp10": 0.06, "rp100": 0.14}, "glof_depth_m": 0.0, "landslide_prob": 0.014, "population": 212090, "critical_assets": ["clinic", "school", "clinic", "clinic"], "eal_people": 3100.756, "eal_usd": 7751890.0, "observed_flood_frac": null, "modeled_flood_frac": 0.08, "elev_m": 905.9, "slope_deg": 1.7, "n_lakes": 0, "n_drains": 0, "low_income_score": 0.15, "equity_weight": 1.075, "scenario": "with_preventive_measures", "people_risk_eal": 2015.4914, "modeled_reduction_pct": 35.0, "data_status": "counterfactual simulation using literature-based intervention effects; not an observed intervention trial"}}, {"type": "Feature", "geometry": {"type": "Polygon", "coordinates": [[[77.55, 12.979999999999999], [77.57, 12.979999999999999], [77.57, 13.0], [77.55, 13.0], [77.55, 12.979999999999999]]]}, "properties": {"cell_id": "blr_0250", "flood_depth_m": {"rp10": 0.02, "rp100": 0.05}, "glof_depth_m": 0.0, "landslide_prob": 0.012, "population": 203549, "critical_assets": ["school", "school", "clinic", "clinic"], "eal_people": 2210.033, "eal_usd": 5525082.0, "observed_flood_frac": null, "modeled_flood_frac": 0.03, "elev_m": 900.5, "slope_deg": 1.5, "n_lakes": 0, "n_drains": 2, "low_income_score": 0.15, "equity_weight": 1.075, "scenario": "with_preventive_measures", "people_risk_eal": 1657.5248, "modeled_reduction_pct": 25.0, "data_status": "counterfactual simulation using literature-based intervention effects; not an observed intervention trial"}}, {"type": "Feature", "geometry": {"type": "Polygon", "coordinates": [[[77.57, 12.979999999999999], [77.58999999999999, 12.979999999999999], [77.58999999999999, 13.0], [77.57, 13.0], [77.57, 12.979999999999999]]]}, "properties": {"cell_id": "blr_0251", "flood_depth_m": {"rp10": 0.04, "rp100": 0.09}, "glof_depth_m": 0.0, "landslide_prob": 0.012, "population": 172046, "critical_assets": ["clinic", "school", "clinic", "clinic"], "eal_people": 2126.919, "eal_usd": 5317298.0, "observed_flood_frac": null, "modeled_flood_frac": 0.05, "elev_m": 919.2, "slope_deg": 1.4, "n_lakes": 0, "n_drains": 5, "low_income_score": 0.15, "equity_weight": 1.075, "scenario": "with_preventive_measures", "people_risk_eal": 1595.1892, "modeled_reduction_pct": 25.0, "data_status": "counterfactual simulation using literature-based intervention effects; not an observed intervention trial"}}, {"type": "Feature", "geometry": {"type": "Polygon", "coordinates": [[[77.58999999999999, 12.979999999999999], [77.61, 12.979999999999999], [77.61, 13.0], [77.58999999999999, 13.0], [77.58999999999999, 12.979999999999999]]]}, "properties": {"cell_id": "blr_0252", "flood_depth_m": {"rp10": 0.04, "rp100": 0.11}, "glof_depth_m": 0.0, "landslide_prob": 0.011, "population": 200291, "critical_assets": ["clinic", "clinic", "clinic", "school"], "eal_people": 2626.816, "eal_usd": 6567040.0, "observed_flood_frac": null, "modeled_flood_frac": 0.06, "elev_m": 923.1, "slope_deg": 1.4, "n_lakes": 0, "n_drains": 2, "low_income_score": 0.15, "equity_weight": 1.075, "scenario": "with_preventive_measures", "people_risk_eal": 1970.112, "modeled_reduction_pct": 25.0, "data_status": "counterfactual simulation using literature-based intervention effects; not an observed intervention trial"}}, {"type": "Feature", "geometry": {"type": "Polygon", "coordinates": [[[77.61, 12.979999999999999], [77.63, 12.979999999999999], [77.63, 13.0], [77.61, 13.0], [77.61, 12.979999999999999]]]}, "properties": {"cell_id": "blr_0253", "flood_depth_m": {"rp10": 0.12, "rp100": 0.3}, "glof_depth_m": 0.0, "landslide_prob": 0.01, "population": 157416, "critical_assets": ["lake", "clinic", "school", "school"], "eal_people": 4247.477, "eal_usd": 10618692.0, "observed_flood_frac": null, "modeled_flood_frac": 0.03, "elev_m": 905.9, "slope_deg": 1.2, "n_lakes": 1, "n_drains": 2, "low_income_score": 0.15, "equity_weight": 1.075, "scenario": "with_preventive_measures", "people_risk_eal": 2760.8601, "modeled_reduction_pct": 35.0, "data_status": "counterfactual simulation using literature-based intervention effects; not an observed intervention trial"}}, {"type": "Feature", "geometry": {"type": "Polygon", "coordinates": [[[77.63, 12.979999999999999], [77.64999999999999, 12.979999999999999], [77.64999999999999, 13.0], [77.63, 13.0], [77.63, 12.979999999999999]]]}, "properties": {"cell_id": "blr_0254", "flood_depth_m": {"rp10": 0.13, "rp100": 0.32}, "glof_depth_m": 0.0, "landslide_prob": 0.008, "population": 38517, "critical_assets": ["lake"], "eal_people": 1192.486, "eal_usd": 2981215.0, "observed_flood_frac": null, "modeled_flood_frac": 0.04, "elev_m": 907.4, "slope_deg": 1.0, "n_lakes": 1, "n_drains": 0, "low_income_score": 0.4, "equity_weight": 1.2, "scenario": "with_preventive_measures", "people_risk_eal": 775.1159, "modeled_reduction_pct": 35.0, "data_status": "counterfactual simulation using literature-based intervention effects; not an observed intervention trial"}}, {"type": "Feature", "geometry": {"type": "Polygon", "coordinates": [[[77.64999999999999, 12.979999999999999], [77.66999999999999, 12.979999999999999], [77.66999999999999, 13.0], [77.64999999999999, 13.0], [77.64999999999999, 12.979999999999999]]]}, "properties": {"cell_id": "blr_0255", "flood_depth_m": {"rp10": 0.13, "rp100": 0.32}, "glof_depth_m": 0.0, "landslide_prob": 0.01, "population": 3982, "critical_assets": ["lake", "clinic"], "eal_people": 110.441, "eal_usd": 276102.0, "observed_flood_frac": null, "modeled_flood_frac": 0.04, "elev_m": 905.3, "slope_deg": 1.2, "n_lakes": 1, "n_drains": 0, "low_income_score": 0.15, "equity_weight": 1.075, "scenario": "with_preventive_measures", "people_risk_eal": 110.441, "modeled_reduction_pct": 0.0, "data_status": "counterfactual simulation using literature-based intervention effects; not an observed intervention trial"}}, {"type": "Feature", "geometry": {"type": "Polygon", "coordinates": [[[77.66999999999999, 12.979999999999999], [77.69, 12.979999999999999], [77.69, 13.0], [77.66999999999999, 13.0], [77.66999999999999, 12.979999999999999]]]}, "properties": {"cell_id": "blr_0256", "flood_depth_m": {"rp10": 0.23, "rp100": 0.57}, "glof_depth_m": 0.0, "landslide_prob": 0.01, "population": 4011, "critical_assets": ["lake", "school", "clinic"], "eal_people": 111.245, "eal_usd": 278112.0, "observed_flood_frac": null, "modeled_flood_frac": 0.04, "elev_m": 897.9, "slope_deg": 1.2, "n_lakes": 2, "n_drains": 0, "low_income_score": 0.15, "equity_weight": 1.075, "scenario": "with_preventive_measures", "people_risk_eal": 111.245, "modeled_reduction_pct": 0.0, "data_status": "counterfactual simulation using literature-based intervention effects; not an observed intervention trial"}}, {"type": "Feature", "geometry": {"type": "Polygon", "coordinates": [[[77.69, 12.979999999999999], [77.71, 12.979999999999999], [77.71, 13.0], [77.69, 13.0], [77.69, 12.979999999999999]]]}, "properties": {"cell_id": "blr_0257", "flood_depth_m": {"rp10": 0.17, "rp100": 0.43}, "glof_depth_m": 0.0, "landslide_prob": 0.008, "population": 3454, "critical_assets": ["lake", "clinic", "clinic"], "eal_people": 111.391, "eal_usd": 278478.0, "observed_flood_frac": null, "modeled_flood_frac": 0.1, "elev_m": 896.3, "slope_deg": 1.0, "n_lakes": 1, "n_drains": 0, "low_income_score": 0.15, "equity_weight": 1.075, "scenario": "with_preventive_measures", "people_risk_eal": 111.391, "modeled_reduction_pct": 0.0, "data_status": "counterfactual simulation using literature-based intervention effects; not an observed intervention trial"}}, {"type": "Feature", "geometry": {"type": "Polygon", "coordinates": [[[77.71, 12.979999999999999], [77.72999999999999, 12.979999999999999], [77.72999999999999, 13.0], [77.71, 13.0], [77.71, 12.979999999999999]]]}, "properties": {"cell_id": "blr_0258", "flood_depth_m": {"rp10": 0.11, "rp100": 0.27}, "glof_depth_m": 0.0, "landslide_prob": 0.009, "population": 2312, "critical_assets": ["lake", "school", "school"], "eal_people": 58.904, "eal_usd": 147260.0, "observed_flood_frac": null, "modeled_flood_frac": 0.01, "elev_m": 887.7, "slope_deg": 1.0, "n_lakes": 1, "n_drains": 0, "low_income_score": 0.15, "equity_weight": 1.075, "scenario": "with_preventive_measures", "people_risk_eal": 58.904, "modeled_reduction_pct": 0.0, "data_status": "counterfactual simulation using literature-based intervention effects; not an observed intervention trial"}}, {"type": "Feature", "geometry": {"type": "Polygon", "coordinates": [[[77.72999999999999, 12.979999999999999], [77.75, 12.979999999999999], [77.75, 13.0], [77.72999999999999, 13.0], [77.72999999999999, 12.979999999999999]]]}, "properties": {"cell_id": "blr_0259", "flood_depth_m": {"rp10": 0.08, "rp100": 0.2}, "glof_depth_m": 0.0, "landslide_prob": 0.009, "population": 1793, "critical_assets": ["school", "clinic"], "eal_people": 30.261, "eal_usd": 75652.0, "observed_flood_frac": null, "modeled_flood_frac": 0.11, "elev_m": 890.2, "slope_deg": 1.0, "n_lakes": 0, "n_drains": 0, "low_income_score": 0.15, "equity_weight": 1.075, "scenario": "with_preventive_measures", "people_risk_eal": 30.261, "modeled_reduction_pct": 0.0, "data_status": "counterfactual simulation using literature-based intervention effects; not an observed intervention trial"}}, {"type": "Feature", "geometry": {"type": "Polygon", "coordinates": [[[77.75, 12.979999999999999], [77.77, 12.979999999999999], [77.77, 13.0], [77.75, 13.0], [77.75, 12.979999999999999]]]}, "properties": {"cell_id": "blr_0260", "flood_depth_m": {"rp10": 0.02, "rp100": 0.05}, "glof_depth_m": 0.0, "landslide_prob": 0.008, "population": 2269, "critical_assets": ["school", "clinic"], "eal_people": 21.221, "eal_usd": 53052.0, "observed_flood_frac": null, "modeled_flood_frac": 0.01, "elev_m": 875.4, "slope_deg": 1.0, "n_lakes": 0, "n_drains": 0, "low_income_score": 0.15, "equity_weight": 1.075, "scenario": "with_preventive_measures", "people_risk_eal": 21.221, "modeled_reduction_pct": 0.0, "data_status": "counterfactual simulation using literature-based intervention effects; not an observed intervention trial"}}, {"type": "Feature", "geometry": {"type": "Polygon", "coordinates": [[[77.77, 12.979999999999999], [77.78999999999999, 12.979999999999999], [77.78999999999999, 13.0], [77.77, 13.0], [77.77, 12.979999999999999]]]}, "properties": {"cell_id": "blr_0261", "flood_depth_m": {"rp10": 0.02, "rp100": 0.05}, "glof_depth_m": 0.0, "landslide_prob": 0.006, "population": 5459, "critical_assets": [], "eal_people": 56.992, "eal_usd": 142480.0, "observed_flood_frac": null, "modeled_flood_frac": 0.01, "elev_m": 863.2, "slope_deg": 0.7, "n_lakes": 0, "n_drains": 0, "low_income_score": 0.4, "equity_weight": 1.2, "scenario": "with_preventive_measures", "people_risk_eal": 56.992, "modeled_reduction_pct": 0.0, "data_status": "counterfactual simulation using literature-based intervention effects; not an observed intervention trial"}}, {"type": "Feature", "geometry": {"type": "Polygon", "coordinates": [[[77.78999999999999, 12.979999999999999], [77.80999999999999, 12.979999999999999], [77.80999999999999, 13.0], [77.78999999999999, 13.0], [77.78999999999999, 12.979999999999999]]]}, "properties": {"cell_id": "blr_0262", "flood_depth_m": {"rp10": 0.18, "rp100": 0.45}, "glof_depth_m": 0.0, "landslide_prob": 0.008, "population": 3981, "critical_assets": ["lake"], "eal_people": 131.383, "eal_usd": 328458.0, "observed_flood_frac": null, "modeled_flood_frac": 0.11, "elev_m": 878.1, "slope_deg": 0.9, "n_lakes": 1, "n_drains": 0, "low_income_score": 0.15, "equity_weight": 1.075, "scenario": "with_preventive_measures", "people_risk_eal": 131.383, "modeled_reduction_pct": 0.0, "data_status": "counterfactual simulation using literature-based intervention effects; not an observed intervention trial"}}, {"type": "Feature", "geometry": {"type": "Polygon", "coordinates": [[[77.80999999999999, 12.979999999999999], [77.83, 12.979999999999999], [77.83, 13.0], [77.80999999999999, 13.0], [77.80999999999999, 12.979999999999999]]]}, "properties": {"cell_id": "blr_0263", "flood_depth_m": {"rp10": 0.26, "rp100": 0.66}, "glof_depth_m": 0.0, "landslide_prob": 0.008, "population": 3699, "critical_assets": ["lake"], "eal_people": 116.509, "eal_usd": 291272.0, "observed_flood_frac": null, "modeled_flood_frac": 0.09, "elev_m": 888.0, "slope_deg": 0.9, "n_lakes": 2, "n_drains": 0, "low_income_score": 0.15, "equity_weight": 1.075, "scenario": "with_preventive_measures", "people_risk_eal": 116.509, "modeled_reduction_pct": 0.0, "data_status": "counterfactual simulation using literature-based intervention effects; not an observed intervention trial"}}, {"type": "Feature", "geometry": {"type": "Polygon", "coordinates": [[[77.35, 12.959999999999999], [77.36999999999999, 12.959999999999999], [77.36999999999999, 12.979999999999999], [77.35, 12.979999999999999], [77.35, 12.959999999999999]]]}, "properties": {"cell_id": "blr_0264", "flood_depth_m": {"rp10": 0.52, "rp100": 1.31}, "glof_depth_m": 0.0, "landslide_prob": 0.018, "population": 429, "critical_assets": [], "eal_people": 27.255, "eal_usd": 68138.0, "observed_flood_frac": null, "modeled_flood_frac": 0.73, "elev_m": 800.0, "slope_deg": 2.2, "n_lakes": 0, "n_drains": 0, "low_income_score": 0.15, "equity_weight": 1.075, "scenario": "with_preventive_measures", "people_risk_eal": 27.255, "modeled_reduction_pct": 0.0, "data_status": "counterfactual simulation using literature-based intervention effects; not an observed intervention trial"}}, {"type": "Feature", "geometry": {"type": "Polygon", "coordinates": [[[77.36999999999999, 12.959999999999999], [77.39, 12.959999999999999], [77.39, 12.979999999999999], [77.36999999999999, 12.979999999999999], [77.36999999999999, 12.959999999999999]]]}, "properties": {"cell_id": "blr_0265", "flood_depth_m": {"rp10": 0.02, "rp100": 0.05}, "glof_depth_m": 0.0, "landslide_prob": 0.015, "population": 566, "critical_assets": [], "eal_people": 5.719, "eal_usd": 14298.0, "observed_flood_frac": null, "modeled_flood_frac": 0.02, "elev_m": 843.7, "slope_deg": 1.7, "n_lakes": 0, "n_drains": 0, "low_income_score": 0.15, "equity_weight": 1.075, "scenario": "with_preventive_measures", "people_risk_eal": 5.719, "modeled_reduction_pct": 0.0, "data_status": "counterfactual simulation using literature-based intervention effects; not an observed intervention trial"}}, {"type": "Feature", "geometry": {"type": "Polygon", "coordinates": [[[77.39, 12.959999999999999], [77.41, 12.959999999999999], [77.41, 12.979999999999999], [77.39, 12.979999999999999], [77.39, 12.959999999999999]]]}, "properties": {"cell_id": "blr_0266", "flood_depth_m": {"rp10": 0.06, "rp100": 0.14}, "glof_depth_m": 0.0, "landslide_prob": 0.012, "population": 1060, "critical_assets": [], "eal_people": 15.497, "eal_usd": 38742.0, "observed_flood_frac": null, "modeled_flood_frac": 0.08, "elev_m": 852.5, "slope_deg": 1.5, "n_lakes": 0, "n_drains": 0, "low_income_score": 0.15, "equity_weight": 1.075, "scenario": "with_preventive_measures", "people_risk_eal": 15.497, "modeled_reduction_pct": 0.0, "data_status": "counterfactual simulation using literature-based intervention effects; not an observed intervention trial"}}, {"type": "Feature", "geometry": {"type": "Polygon", "coordinates": [[[77.41, 12.959999999999999], [77.42999999999999, 12.959999999999999], [77.42999999999999, 12.979999999999999], [77.41, 12.979999999999999], [77.41, 12.959999999999999]]]}, "properties": {"cell_id": "blr_0267", "flood_depth_m": {"rp10": 0.04, "rp100": 0.09}, "glof_depth_m": 0.0, "landslide_prob": 0.011, "population": 1409, "critical_assets": [], "eal_people": 17.419, "eal_usd": 43548.0, "observed_flood_frac": null, "modeled_flood_frac": 0.05, "elev_m": 850.1, "slope_deg": 1.3, "n_lakes": 0, "n_drains": 0, "low_income_score": 0.15, "equity_weight": 1.075, "scenario": "with_preventive_measures", "people_risk_eal": 17.419, "modeled_reduction_pct": 0.0, "data_status": "counterfactual simulation using literature-based intervention effects; not an observed intervention trial"}}, {"type": "Feature", "geometry": {"type": "Polygon", "coordinates": [[[77.42999999999999, 12.959999999999999], [77.44999999999999, 12.959999999999999], [77.44999999999999, 12.979999999999999], [77.42999999999999, 12.979999999999999], [77.42999999999999, 12.959999999999999]]]}, "properties": {"cell_id": "blr_0268", "flood_depth_m": {"rp10": 0.1, "rp100": 0.25}, "glof_depth_m": 0.0, "landslide_prob": 0.014, "population": 28800, "critical_assets": ["lake"], "eal_people": 794.88, "eal_usd": 1987200.0, "observed_flood_frac": null, "modeled_flood_frac": 0.0, "elev_m": 847.9, "slope_deg": 1.6, "n_lakes": 1, "n_drains": 0, "low_income_score": 0.4, "equity_weight": 1.2, "scenario": "with_preventive_measures", "people_risk_eal": 794.88, "modeled_reduction_pct": 0.0, "data_status": "counterfactual simulation using literature-based intervention effects; not an observed intervention trial"}}, {"type": "Feature", "geometry": {"type": "Polygon", "coordinates": [[[77.44999999999999, 12.959999999999999], [77.47, 12.959999999999999], [77.47, 12.979999999999999], [77.44999999999999, 12.979999999999999], [77.44999999999999, 12.959999999999999]]]}, "properties": {"cell_id": "blr_0269", "flood_depth_m": {"rp10": 0.12, "rp100": 0.29}, "glof_depth_m": 0.0, "landslide_prob": 0.013, "population": 33180, "critical_assets": ["lake"], "eal_people": 971.51, "eal_usd": 2428775.0, "observed_flood_frac": null, "modeled_flood_frac": 0.02, "elev_m": 835.6, "slope_deg": 1.5, "n_lakes": 1, "n_drains": 0, "low_income_score": 0.4, "equity_weight": 1.2, "scenario": "with_preventive_measures", "people_risk_eal": 631.4815, "modeled_reduction_pct": 35.0, "data_status": "counterfactual simulation using literature-based intervention effects; not an observed intervention trial"}}, {"type": "Feature", "geometry": {"type": "Polygon", "coordinates": [[[77.47, 12.959999999999999], [77.49, 12.959999999999999], [77.49, 12.979999999999999], [77.47, 12.979999999999999], [77.47, 12.959999999999999]]]}, "properties": {"cell_id": "blr_0270", "flood_depth_m": {"rp10": 0.16, "rp100": 0.39}, "glof_depth_m": 0.0, "landslide_prob": 0.016, "population": 41654, "critical_assets": ["lake", "school"], "eal_people": 1429.565, "eal_usd": 3573912.0, "observed_flood_frac": null, "modeled_flood_frac": 0.08, "elev_m": 858.9, "slope_deg": 1.9, "n_lakes": 1, "n_drains": 0, "low_income_score": 0.4, "equity_weight": 1.2, "scenario": "with_preventive_measures", "people_risk_eal": 929.2173, "modeled_reduction_pct": 35.0, "data_status": "counterfactual simulation using literature-based intervention effects; not an observed intervention trial"}}, {"type": "Feature", "geometry": {"type": "Polygon", "coordinates": [[[77.49, 12.959999999999999], [77.50999999999999, 12.959999999999999], [77.50999999999999, 12.979999999999999], [77.49, 12.979999999999999], [77.49, 12.959999999999999]]]}, "properties": {"cell_id": "blr_0271", "flood_depth_m": {"rp10": 0.13, "rp100": 0.32}, "glof_depth_m": 0.0, "landslide_prob": 0.017, "population": 89778, "critical_assets": ["lake"], "eal_people": 2779.527, "eal_usd": 6948818.0, "observed_flood_frac": null, "modeled_flood_frac": 0.04, "elev_m": 858.9, "slope_deg": 2.0, "n_lakes": 1, "n_drains": 0, "low_income_score": 0.4, "equity_weight": 1.2, "scenario": "with_preventive_measures", "people_risk_eal": 1806.6925, "modeled_reduction_pct": 35.0, "data_status": "counterfactual simulation using literature-based intervention effects; not an observed intervention trial"}}, {"type": "Feature", "geometry": {"type": "Polygon", "coordinates": [[[77.50999999999999, 12.959999999999999], [77.53, 12.959999999999999], [77.53, 12.979999999999999], [77.50999999999999, 12.979999999999999], [77.50999999999999, 12.959999999999999]]]}, "properties": {"cell_id": "blr_0272", "flood_depth_m": {"rp10": 0.02, "rp100": 0.05}, "glof_depth_m": 0.0, "landslide_prob": 0.02, "population": 169290, "critical_assets": ["clinic", "clinic", "clinic"], "eal_people": 1838.066, "eal_usd": 4595165.0, "observed_flood_frac": null, "modeled_flood_frac": 0.03, "elev_m": 862.3, "slope_deg": 2.4, "n_lakes": 0, "n_drains": 1, "low_income_score": 0.15, "equity_weight": 1.075, "scenario": "with_preventive_measures", "people_risk_eal": 1378.5495, "modeled_reduction_pct": 25.0, "data_status": "counterfactual simulation using literature-based intervention effects; not an observed intervention trial"}}, {"type": "Feature", "geometry": {"type": "Polygon", "coordinates": [[[77.53, 12.959999999999999], [77.55, 12.959999999999999], [77.55, 12.979999999999999], [77.53, 12.979999999999999], [77.53, 12.959999999999999]]]}, "properties": {"cell_id": "blr_0273", "flood_depth_m": {"rp10": 0.05, "rp100": 0.13}, "glof_depth_m": 0.0, "landslide_prob": 0.012, "population": 197913, "critical_assets": ["school", "clinic", "clinic", "school"], "eal_people": 2744.559, "eal_usd": 6861398.0, "observed_flood_frac": null, "modeled_flood_frac": 0.07, "elev_m": 877.8, "slope_deg": 1.4, "n_lakes": 0, "n_drains": 1, "low_income_score": 0.15, "equity_weight": 1.075, "scenario": "with_preventive_measures", "people_risk_eal": 2058.4192, "modeled_reduction_pct": 25.0, "data_status": "counterfactual simulation using literature-based intervention effects; not an observed intervention trial"}}, {"type": "Feature", "geometry": {"type": "Polygon", "coordinates": [[[77.55, 12.959999999999999], [77.57, 12.959999999999999], [77.57, 12.979999999999999], [77.55, 12.979999999999999], [77.55, 12.959999999999999]]]}, "properties": {"cell_id": "blr_0274", "flood_depth_m": {"rp10": 0.02, "rp100": 0.05}, "glof_depth_m": 0.0, "landslide_prob": 0.012, "population": 233606, "critical_assets": ["school"], "eal_people": 2831.305, "eal_usd": 7078262.0, "observed_flood_frac": null, "modeled_flood_frac": 0.03, "elev_m": 887.0, "slope_deg": 1.4, "n_lakes": 0, "n_drains": 1, "low_income_score": 0.4, "equity_weight": 1.2, "scenario": "with_preventive_measures", "people_risk_eal": 2123.4787, "modeled_reduction_pct": 25.0, "data_status": "counterfactual simulation using literature-based intervention effects; not an observed intervention trial"}}, {"type": "Feature", "geometry": {"type": "Polygon", "coordinates": [[[77.57, 12.959999999999999], [77.58999999999999, 12.959999999999999], [77.58999999999999, 12.979999999999999], [77.57, 12.979999999999999], [77.57, 12.959999999999999]]]}, "properties": {"cell_id": "blr_0275", "flood_depth_m": {"rp10": 0.05, "rp100": 0.13}, "glof_depth_m": 0.0, "landslide_prob": 0.008, "population": 209031, "critical_assets": [], "eal_people": 3235.8, "eal_usd": 8089500.0, "observed_flood_frac": null, "modeled_flood_frac": 0.07, "elev_m": 911.2, "slope_deg": 1.0, "n_lakes": 0, "n_drains": 0, "low_income_score": 0.4, "equity_weight": 1.2, "scenario": "with_preventive_measures", "people_risk_eal": 2103.27, "modeled_reduction_pct": 35.0, "data_status": "counterfactual simulation using literature-based intervention effects; not an observed intervention trial"}}, {"type": "Feature", "geometry": {"type": "Polygon", "coordinates": [[[77.58999999999999, 12.959999999999999], [77.61, 12.959999999999999], [77.61, 12.979999999999999], [77.58999999999999, 12.979999999999999], [77.58999999999999, 12.959999999999999]]]}, "properties": {"cell_id": "blr_0276", "flood_depth_m": {"rp10": 0.24, "rp100": 0.59}, "glof_depth_m": 0.0, "landslide_prob": 0.008, "population": 197373, "critical_assets": ["lake", "school", "clinic", "school"], "eal_people": 5622.663, "eal_usd": 14056657.0, "observed_flood_frac": null, "modeled_flood_frac": 0.05, "elev_m": 912.5, "slope_deg": 0.9, "n_lakes": 2, "n_drains": 0, "low_income_score": 0.15, "equity_weight": 1.075, "scenario": "with_preventive_measures", "people_risk_eal": 3654.7309, "modeled_reduction_pct": 35.0, "data_status": "counterfactual simulation using literature-based intervention effects; not an observed intervention trial"}}, {"type": "Feature", "geometry": {"type": "Polygon", "coordinates": [[[77.61, 12.959999999999999], [77.63, 12.959999999999999], [77.63, 12.979999999999999], [77.61, 12.979999999999999], [77.61, 12.959999999999999]]]}, "properties": {"cell_id": "blr_0277", "flood_depth_m": {"rp10": 0.44, "rp100": 1.11}, "glof_depth_m": 0.0, "landslide_prob": 0.009, "population": 175061, "critical_assets": ["lake", "school"], "eal_people": 5713.991, "eal_usd": 14284978.0, "observed_flood_frac": null, "modeled_flood_frac": 0.06, "elev_m": 904.2, "slope_deg": 1.1, "n_lakes": 5, "n_drains": 4, "low_income_score": 0.4, "equity_weight": 1.2, "scenario": "with_preventive_measures", "people_risk_eal": 3714.0941, "modeled_reduction_pct": 35.0, "data_status": "counterfactual simulation using literature-based intervention effects; not an observed intervention trial"}}, {"type": "Feature", "geometry": {"type": "Polygon", "coordinates": [[[77.63, 12.959999999999999], [77.64999999999999, 12.959999999999999], [77.64999999999999, 12.979999999999999], [77.63, 12.979999999999999], [77.63, 12.959999999999999]]]}, "properties": {"cell_id": "blr_0278", "flood_depth_m": {"rp10": 0.23, "rp100": 0.57}, "glof_depth_m": 0.0, "landslide_prob": 0.008, "population": 101331, "critical_assets": ["lake", "clinic", "clinic", "clinic"], "eal_people": 2810.415, "eal_usd": 7026038.0, "observed_flood_frac": null, "modeled_flood_frac": 0.04, "elev_m": 896.4, "slope_deg": 0.9, "n_lakes": 2, "n_drains": 5, "low_income_score": 0.15, "equity_weight": 1.075, "scenario": "with_preventive_measures", "people_risk_eal": 1826.7697, "modeled_reduction_pct": 35.0, "data_status": "counterfactual simulation using literature-based intervention effects; not an observed intervention trial"}}, {"type": "Feature", "geometry": {"type": "Polygon", "coordinates": [[[77.64999999999999, 12.959999999999999], [77.66999999999999, 12.959999999999999], [77.66999999999999, 12.979999999999999], [77.64999999999999, 12.979999999999999], [77.64999999999999, 12.959999999999999]]]}, "properties": {"cell_id": "blr_0279", "flood_depth_m": {"rp10": 0.14, "rp100": 0.36}, "glof_depth_m": 0.0, "landslide_prob": 0.009, "population": 4762, "critical_assets": ["lake"], "eal_people": 155.432, "eal_usd": 388580.0, "observed_flood_frac": null, "modeled_flood_frac": 0.06, "elev_m": 901.7, "slope_deg": 1.1, "n_lakes": 1, "n_drains": 0, "low_income_score": 0.4, "equity_weight": 1.2, "scenario": "with_preventive_measures", "people_risk_eal": 155.432, "modeled_reduction_pct": 0.0, "data_status": "counterfactual simulation using literature-based intervention effects; not an observed intervention trial"}}, {"type": "Feature", "geometry": {"type": "Polygon", "coordinates": [[[77.66999999999999, 12.959999999999999], [77.69, 12.959999999999999], [77.69, 12.979999999999999], [77.66999999999999, 12.979999999999999], [77.66999999999999, 12.959999999999999]]]}, "properties": {"cell_id": "blr_0280", "flood_depth_m": {"rp10": 0.02, "rp100": 0.05}, "glof_depth_m": 0.0, "landslide_prob": 0.007, "population": 3119, "critical_assets": ["school"], "eal_people": 29.17, "eal_usd": 72925.0, "observed_flood_frac": null, "modeled_flood_frac": 0.01, "elev_m": 885.6, "slope_deg": 0.9, "n_lakes": 0, "n_drains": 1, "low_income_score": 0.15, "equity_weight": 1.075, "scenario": "with_preventive_measures", "people_risk_eal": 29.17, "modeled_reduction_pct": 0.0, "data_status": "counterfactual simulation using literature-based intervention effects; not an observed intervention trial"}}, {"type": "Feature", "geometry": {"type": "Polygon", "coordinates": [[[77.69, 12.959999999999999], [77.71, 12.959999999999999], [77.71, 12.979999999999999], [77.69, 12.979999999999999], [77.69, 12.959999999999999]]]}, "properties": {"cell_id": "blr_0281", "flood_depth_m": {"rp10": 0.05, "rp100": 0.13}, "glof_depth_m": 0.0, "landslide_prob": 0.008, "population": 3224, "critical_assets": ["clinic"], "eal_people": 44.709, "eal_usd": 111773.0, "observed_flood_frac": null, "modeled_flood_frac": 0.07, "elev_m": 889.0, "slope_deg": 1.0, "n_lakes": 0, "n_drains": 0, "low_income_score": 0.15, "equity_weight": 1.075, "scenario": "with_preventive_measures", "people_risk_eal": 44.709, "modeled_reduction_pct": 0.0, "data_status": "counterfactual simulation using literature-based intervention effects; not an observed intervention trial"}}, {"type": "Feature", "geometry": {"type": "Polygon", "coordinates": [[[77.71, 12.959999999999999], [77.72999999999999, 12.959999999999999], [77.72999999999999, 12.979999999999999], [77.71, 12.979999999999999], [77.71, 12.959999999999999]]]}, "properties": {"cell_id": "blr_0282", "flood_depth_m": {"rp10": 0.26, "rp100": 0.66}, "glof_depth_m": 0.0, "landslide_prob": 0.009, "population": 2780, "critical_assets": ["lake", "clinic", "school", "clinic"], "eal_people": 87.563, "eal_usd": 218908.0, "observed_flood_frac": null, "modeled_flood_frac": 0.09, "elev_m": 893.6, "slope_deg": 1.0, "n_lakes": 2, "n_drains": 0, "low_income_score": 0.15, "equity_weight": 1.075, "scenario": "with_preventive_measures", "people_risk_eal": 87.563, "modeled_reduction_pct": 0.0, "data_status": "counterfactual simulation using literature-based intervention effects; not an observed intervention trial"}}, {"type": "Feature", "geometry": {"type": "Polygon", "coordinates": [[[77.72999999999999, 12.959999999999999], [77.75, 12.959999999999999], [77.75, 12.979999999999999], [77.72999999999999, 12.979999999999999], [77.72999999999999, 12.959999999999999]]]}, "properties": {"cell_id": "blr_0283", "flood_depth_m": {"rp10": 0.32, "rp100": 0.79}, "glof_depth_m": 0.0, "landslide_prob": 0.009, "population": 1726, "critical_assets": ["lake", "school", "school", "school"], "eal_people": 45.273, "eal_usd": 113183.0, "observed_flood_frac": null, "modeled_flood_frac": 0.02, "elev_m": 880.5, "slope_deg": 1.1, "n_lakes": 3, "n_drains": 1, "low_income_score": 0.15, "equity_weight": 1.075, "scenario": "with_preventive_measures", "people_risk_eal": 45.273, "modeled_reduction_pct": 0.0, "data_status": "counterfactual simulation using literature-based intervention effects; not an observed intervention trial"}}, {"type": "Feature", "geometry": {"type": "Polygon", "coordinates": [[[77.75, 12.959999999999999], [77.77, 12.959999999999999], [77.77, 12.979999999999999], [77.75, 12.979999999999999], [77.75, 12.959999999999999]]]}, "properties": {"cell_id": "blr_0284", "flood_depth_m": {"rp10": 0.04, "rp100": 0.11}, "glof_depth_m": 0.0, "landslide_prob": 0.009, "population": 2089, "critical_assets": ["school", "clinic"], "eal_people": 27.397, "eal_usd": 68492.0, "observed_flood_frac": null, "modeled_flood_frac": 0.06, "elev_m": 874.5, "slope_deg": 1.1, "n_lakes": 0, "n_drains": 0, "low_income_score": 0.15, "equity_weight": 1.075, "scenario": "with_preventive_measures", "people_risk_eal": 27.397, "modeled_reduction_pct": 0.0, "data_status": "counterfactual simulation using literature-based intervention effects; not an observed intervention trial"}}, {"type": "Feature", "geometry": {"type": "Polygon", "coordinates": [[[77.77, 12.959999999999999], [77.78999999999999, 12.959999999999999], [77.78999999999999, 12.979999999999999], [77.77, 12.979999999999999], [77.77, 12.959999999999999]]]}, "properties": {"cell_id": "blr_0285", "flood_depth_m": {"rp10": 0.02, "rp100": 0.05}, "glof_depth_m": 0.0, "landslide_prob": 0.005, "population": 3392, "critical_assets": [], "eal_people": 29.171, "eal_usd": 72928.0, "observed_flood_frac": null, "modeled_flood_frac": 0.0, "elev_m": 858.9, "slope_deg": 0.6, "n_lakes": 0, "n_drains": 0, "low_income_score": 0.15, "equity_weight": 1.075, "scenario": "with_preventive_measures", "people_risk_eal": 29.171, "modeled_reduction_pct": 0.0, "data_status": "counterfactual simulation using literature-based intervention effects; not an observed intervention trial"}}, {"type": "Feature", "geometry": {"type": "Polygon", "coordinates": [[[77.78999999999999, 12.959999999999999], [77.80999999999999, 12.959999999999999], [77.80999999999999, 12.979999999999999], [77.78999999999999, 12.979999999999999], [77.78999999999999, 12.959999999999999]]]}, "properties": {"cell_id": "blr_0286", "flood_depth_m": {"rp10": 0.03, "rp100": 0.07}, "glof_depth_m": 0.0, "landslide_prob": 0.007, "population": 3239, "critical_assets": [], "eal_people": 37.605, "eal_usd": 94012.0, "observed_flood_frac": null, "modeled_flood_frac": 0.04, "elev_m": 869.0, "slope_deg": 0.8, "n_lakes": 0, "n_drains": 0, "low_income_score": 0.15, "equity_weight": 1.075, "scenario": "with_preventive_measures", "people_risk_eal": 37.605, "modeled_reduction_pct": 0.0, "data_status": "counterfactual simulation using literature-based intervention effects; not an observed intervention trial"}}, {"type": "Feature", "geometry": {"type": "Polygon", "coordinates": [[[77.80999999999999, 12.959999999999999], [77.83, 12.959999999999999], [77.83, 12.979999999999999], [77.80999999999999, 12.979999999999999], [77.80999999999999, 12.959999999999999]]]}, "properties": {"cell_id": "blr_0287", "flood_depth_m": {"rp10": 0.04, "rp100": 0.09}, "glof_depth_m": 0.0, "landslide_prob": 0.008, "population": 2920, "critical_assets": [], "eal_people": 36.098, "eal_usd": 90245.0, "observed_flood_frac": null, "modeled_flood_frac": 0.05, "elev_m": 879.8, "slope_deg": 1.0, "n_lakes": 0, "n_drains": 0, "low_income_score": 0.15, "equity_weight": 1.075, "scenario": "with_preventive_measures", "people_risk_eal": 36.098, "modeled_reduction_pct": 0.0, "data_status": "counterfactual simulation using literature-based intervention effects; not an observed intervention trial"}}, {"type": "Feature", "geometry": {"type": "Polygon", "coordinates": [[[77.35, 12.94], [77.36999999999999, 12.94], [77.36999999999999, 12.959999999999999], [77.35, 12.959999999999999], [77.35, 12.94]]]}, "properties": {"cell_id": "blr_0288", "flood_depth_m": {"rp10": 0.22, "rp100": 0.54}, "glof_depth_m": 0.0, "landslide_prob": 0.019, "population": 470, "critical_assets": [], "eal_people": 14.652, "eal_usd": 36630.0, "observed_flood_frac": null, "modeled_flood_frac": 0.3, "elev_m": 824.0, "slope_deg": 2.3, "n_lakes": 0, "n_drains": 0, "low_income_score": 0.15, "equity_weight": 1.075, "scenario": "with_preventive_measures", "people_risk_eal": 14.652, "modeled_reduction_pct": 0.0, "data_status": "counterfactual simulation using literature-based intervention effects; not an observed intervention trial"}}, {"type": "Feature", "geometry": {"type": "Polygon", "coordinates": [[[77.36999999999999, 12.94], [77.39, 12.94], [77.39, 12.959999999999999], [77.36999999999999, 12.959999999999999], [77.36999999999999, 12.94]]]}, "properties": {"cell_id": "blr_0289", "flood_depth_m": {"rp10": 0.06, "rp100": 0.14}, "glof_depth_m": 0.0, "landslide_prob": 0.015, "population": 495, "critical_assets": [], "eal_people": 7.237, "eal_usd": 18092.0, "observed_flood_frac": null, "modeled_flood_frac": 0.08, "elev_m": 854.2, "slope_deg": 1.8, "n_lakes": 0, "n_drains": 0, "low_income_score": 0.15, "equity_weight": 1.075, "scenario": "with_preventive_measures", "people_risk_eal": 7.237, "modeled_reduction_pct": 0.0, "data_status": "counterfactual simulation using literature-based intervention effects; not an observed intervention trial"}}, {"type": "Feature", "geometry": {"type": "Polygon", "coordinates": [[[77.39, 12.94], [77.41, 12.94], [77.41, 12.959999999999999], [77.39, 12.959999999999999], [77.39, 12.94]]]}, "properties": {"cell_id": "blr_0290", "flood_depth_m": {"rp10": 0.04, "rp100": 0.11}, "glof_depth_m": 0.0, "landslide_prob": 0.017, "population": 669, "critical_assets": [], "eal_people": 8.774, "eal_usd": 21935.0, "observed_flood_frac": null, "modeled_flood_frac": 0.06, "elev_m": 854.7, "slope_deg": 2.0, "n_lakes": 0, "n_drains": 0, "low_income_score": 0.15, "equity_weight": 1.075, "scenario": "with_preventive_measures", "people_risk_eal": 8.774, "modeled_reduction_pct": 0.0, "data_status": "counterfactual simulation using literature-based intervention effects; not an observed intervention trial"}}, {"type": "Feature", "geometry": {"type": "Polygon", "coordinates": [[[77.41, 12.94], [77.42999999999999, 12.94], [77.42999999999999, 12.959999999999999], [77.41, 12.959999999999999], [77.41, 12.94]]]}, "properties": {"cell_id": "blr_0291", "flood_depth_m": {"rp10": 0.13, "rp100": 0.32}, "glof_depth_m": 0.0, "landslide_prob": 0.013, "population": 812, "critical_assets": [], "eal_people": 17.982, "eal_usd": 44955.0, "observed_flood_frac": null, "modeled_flood_frac": 0.18, "elev_m": 828.2, "slope_deg": 1.5, "n_lakes": 0, "n_drains": 0, "low_income_score": 0.15, "equity_weight": 1.075, "scenario": "with_preventive_measures", "people_risk_eal": 17.982, "modeled_reduction_pct": 0.0, "data_status": "counterfactual simulation using literature-based intervention effects; not an observed intervention trial"}}, {"type": "Feature", "geometry": {"type": "Polygon", "coordinates": [[[77.42999999999999, 12.94], [77.44999999999999, 12.94], [77.44999999999999, 12.959999999999999], [77.42999999999999, 12.959999999999999], [77.42999999999999, 12.94]]]}, "properties": {"cell_id": "blr_0292", "flood_depth_m": {"rp10": 0.27, "rp100": 0.67}, "glof_depth_m": 0.0, "landslide_prob": 0.014, "population": 3092, "critical_assets": [], "eal_people": 112.68, "eal_usd": 281700.0, "observed_flood_frac": null, "modeled_flood_frac": 0.37, "elev_m": 822.0, "slope_deg": 1.7, "n_lakes": 0, "n_drains": 0, "low_income_score": 0.15, "equity_weight": 1.075, "scenario": "with_preventive_measures", "people_risk_eal": 112.68, "modeled_reduction_pct": 0.0, "data_status": "counterfactual simulation using literature-based intervention effects; not an observed intervention trial"}}, {"type": "Feature", "geometry": {"type": "Polygon", "coordinates": [[[77.44999999999999, 12.94], [77.47, 12.94], [77.47, 12.959999999999999], [77.44999999999999, 12.959999999999999], [77.44999999999999, 12.94]]]}, "properties": {"cell_id": "blr_0293", "flood_depth_m": {"rp10": 0.32, "rp100": 0.81}, "glof_depth_m": 0.0, "landslide_prob": 0.012, "population": 15064, "critical_assets": [], "eal_people": 714.034, "eal_usd": 1785085.0, "observed_flood_frac": null, "modeled_flood_frac": 0.45, "elev_m": 818.5, "slope_deg": 1.5, "n_lakes": 0, "n_drains": 0, "low_income_score": 0.4, "equity_weight": 1.2, "scenario": "with_preventive_measures", "people_risk_eal": 714.034, "modeled_reduction_pct": 0.0, "data_status": "counterfactual simulation using literature-based intervention effects; not an observed intervention trial"}}, {"type": "Feature", "geometry": {"type": "Polygon", "coordinates": [[[77.47, 12.94], [77.49, 12.94], [77.49, 12.959999999999999], [77.47, 12.959999999999999], [77.47, 12.94]]]}, "properties": {"cell_id": "blr_0294", "flood_depth_m": {"rp10": 0.29, "rp100": 0.72}, "glof_depth_m": 0.0, "landslide_prob": 0.012, "population": 39300, "critical_assets": ["lake"], "eal_people": 1480.824, "eal_usd": 3702060.0, "observed_flood_frac": null, "modeled_flood_frac": 0.12, "elev_m": 827.3, "slope_deg": 1.5, "n_lakes": 2, "n_drains": 2, "low_income_score": 0.4, "equity_weight": 1.2, "scenario": "with_preventive_measures", "people_risk_eal": 962.5356, "modeled_reduction_pct": 35.0, "data_status": "counterfactual simulation using literature-based intervention effects; not an observed intervention trial"}}, {"type": "Feature", "geometry": {"type": "Polygon", "coordinates": [[[77.49, 12.94], [77.50999999999999, 12.94], [77.50999999999999, 12.959999999999999], [77.49, 12.959999999999999], [77.49, 12.94]]]}, "properties": {"cell_id": "blr_0295", "flood_depth_m": {"rp10": 0.05, "rp100": 0.13}, "glof_depth_m": 0.0, "landslide_prob": 0.015, "population": 60358, "critical_assets": [], "eal_people": 934.342, "eal_usd": 2335855.0, "observed_flood_frac": null, "modeled_flood_frac": 0.07, "elev_m": 840.2, "slope_deg": 1.8, "n_lakes": 0, "n_drains": 4, "low_income_score": 0.4, "equity_weight": 1.2, "scenario": "with_preventive_measures", "people_risk_eal": 700.7565, "modeled_reduction_pct": 25.0, "data_status": "counterfactual simulation using literature-based intervention effects; not an observed intervention trial"}}, {"type": "Feature", "geometry": {"type": "Polygon", "coordinates": [[[77.50999999999999, 12.94], [77.53, 12.94], [77.53, 12.959999999999999], [77.50999999999999, 12.959999999999999], [77.50999999999999, 12.94]]]}, "properties": {"cell_id": "blr_0296", "flood_depth_m": {"rp10": 0.12, "rp100": 0.29}, "glof_depth_m": 0.0, "landslide_prob": 0.014, "population": 76752, "critical_assets": ["school", "clinic"], "eal_people": 1584.161, "eal_usd": 3960402.0, "observed_flood_frac": null, "modeled_flood_frac": 0.16, "elev_m": 831.2, "slope_deg": 1.7, "n_lakes": 0, "n_drains": 3, "low_income_score": 0.15, "equity_weight": 1.075, "scenario": "with_preventive_measures", "people_risk_eal": 1188.1208, "modeled_reduction_pct": 25.0, "data_status": "counterfactual simulation using literature-based intervention effects; not an observed intervention trial"}}, {"type": "Feature", "geometry": {"type": "Polygon", "coordinates": [[[77.53, 12.94], [77.55, 12.94], [77.55, 12.959999999999999], [77.53, 12.959999999999999], [77.53, 12.94]]]}, "properties": {"cell_id": "blr_0297", "flood_depth_m": {"rp10": 0.12, "rp100": 0.3}, "glof_depth_m": 0.0, "landslide_prob": 0.016, "population": 141227, "critical_assets": ["lake", "school", "clinic"], "eal_people": 3810.658, "eal_usd": 9526645.0, "observed_flood_frac": null, "modeled_flood_frac": 0.03, "elev_m": 853.4, "slope_deg": 1.9, "n_lakes": 1, "n_drains": 1, "low_income_score": 0.15, "equity_weight": 1.075, "scenario": "with_preventive_measures", "people_risk_eal": 2476.9277, "modeled_reduction_pct": 35.0, "data_status": "counterfactual simulation using literature-based intervention effects; not an observed intervention trial"}}, {"type": "Feature", "geometry": {"type": "Polygon", "coordinates": [[[77.55, 12.94], [77.57, 12.94], [77.57, 12.959999999999999], [77.55, 12.959999999999999], [77.55, 12.94]]]}, "properties": {"cell_id": "blr_0298", "flood_depth_m": {"rp10": 0.13, "rp100": 0.32}, "glof_depth_m": 0.0, "landslide_prob": 0.015, "population": 212168, "critical_assets": ["lake", "school", "school", "clinic"], "eal_people": 5884.479, "eal_usd": 14711198.0, "observed_flood_frac": null, "modeled_flood_frac": 0.04, "elev_m": 892.9, "slope_deg": 1.8, "n_lakes": 1, "n_drains": 2, "low_income_score": 0.15, "equity_weight": 1.075, "scenario": "with_preventive_measures", "people_risk_eal": 3824.9114, "modeled_reduction_pct": 35.0, "data_status": "counterfactual simulation using literature-based intervention effects; not an observed intervention trial"}}, {"type": "Feature", "geometry": {"type": "Polygon", "coordinates": [[[77.57, 12.94], [77.58999999999999, 12.94], [77.58999999999999, 12.959999999999999], [77.57, 12.959999999999999], [77.57, 12.94]]]}, "properties": {"cell_id": "blr_0299", "flood_depth_m": {"rp10": 0.44, "rp100": 1.11}, "glof_depth_m": 0.0, "landslide_prob": 0.008, "population": 168057, "critical_assets": ["lake", "clinic", "clinic", "school"], "eal_people": 4913.987, "eal_usd": 12284968.0, "observed_flood_frac": null, "modeled_flood_frac": 0.06, "elev_m": 909.0, "slope_deg": 0.9, "n_lakes": 4, "n_drains": 0, "low_income_score": 0.15, "equity_weight": 1.075, "scenario": "with_preventive_measures", "people_risk_eal": 3194.0916, "modeled_reduction_pct": 35.0, "data_status": "counterfactual simulation using literature-based intervention effects; not an observed intervention trial"}}, {"type": "Feature", "geometry": {"type": "Polygon", "coordinates": [[[77.58999999999999, 12.94], [77.61, 12.94], [77.61, 12.959999999999999], [77.58999999999999, 12.959999999999999], [77.58999999999999, 12.94]]]}, "properties": {"cell_id": "blr_0300", "flood_depth_m": {"rp10": 0.02, "rp100": 0.05}, "glof_depth_m": 0.0, "landslide_prob": 0.01, "population": 98304, "critical_assets": ["school", "clinic", "clinic"], "eal_people": 845.414, "eal_usd": 2113535.0, "observed_flood_frac": null, "modeled_flood_frac": 0.0, "elev_m": 899.6, "slope_deg": 1.2, "n_lakes": 0, "n_drains": 1, "low_income_score": 0.15, "equity_weight": 1.075, "scenario": "with_preventive_measures", "people_risk_eal": 634.0605, "modeled_reduction_pct": 25.0, "data_status": "counterfactual simulation using literature-based intervention effects; not an observed intervention trial"}}, {"type": "Feature", "geometry": {"type": "Polygon", "coordinates": [[[77.61, 12.94], [77.63, 12.94], [77.63, 12.959999999999999], [77.61, 12.959999999999999], [77.61, 12.94]]]}, "properties": {"cell_id": "blr_0301", "flood_depth_m": {"rp10": 0.02, "rp100": 0.05}, "glof_depth_m": 0.0, "landslide_prob": 0.008, "population": 65240, "critical_assets": ["school", "school", "school", "school"], "eal_people": 626.304, "eal_usd": 1565760.0, "observed_flood_frac": null, "modeled_flood_frac": 0.0, "elev_m": 892.0, "slope_deg": 0.9, "n_lakes": 0, "n_drains": 3, "low_income_score": 0.4, "equity_weight": 1.2, "scenario": "with_preventive_measures", "people_risk_eal": 469.728, "modeled_reduction_pct": 25.0, "data_status": "counterfactual simulation using literature-based intervention effects; not an observed intervention trial"}}, {"type": "Feature", "geometry": {"type": "Polygon", "coordinates": [[[77.63, 12.94], [77.64999999999999, 12.94], [77.64999999999999, 12.959999999999999], [77.63, 12.959999999999999], [77.63, 12.94]]]}, "properties": {"cell_id": "blr_0302", "flood_depth_m": {"rp10": 0.16, "rp100": 0.41}, "glof_depth_m": 0.0, "landslide_prob": 0.007, "population": 40459, "critical_assets": ["lake"], "eal_people": 1422.538, "eal_usd": 3556345.0, "observed_flood_frac": null, "modeled_flood_frac": 0.09, "elev_m": 891.2, "slope_deg": 0.9, "n_lakes": 1, "n_drains": 2, "low_income_score": 0.4, "equity_weight": 1.2, "scenario": "with_preventive_measures", "people_risk_eal": 924.6497, "modeled_reduction_pct": 35.0, "data_status": "counterfactual simulation using literature-based intervention effects; not an observed intervention trial"}}, {"type": "Feature", "geometry": {"type": "Polygon", "coordinates": [[[77.64999999999999, 12.94], [77.66999999999999, 12.94], [77.66999999999999, 12.959999999999999], [77.64999999999999, 12.959999999999999], [77.64999999999999, 12.94]]]}, "properties": {"cell_id": "blr_0303", "flood_depth_m": {"rp10": 0.32, "rp100": 0.8}, "glof_depth_m": 0.0, "landslide_prob": 0.008, "population": 3124, "critical_assets": ["lake"], "eal_people": 84.293, "eal_usd": 210733.0, "observed_flood_frac": null, "modeled_flood_frac": 0.03, "elev_m": 885.8, "slope_deg": 1.0, "n_lakes": 3, "n_drains": 6, "low_income_score": 0.15, "equity_weight": 1.075, "scenario": "with_preventive_measures", "people_risk_eal": 84.293, "modeled_reduction_pct": 0.0, "data_status": "counterfactual simulation using literature-based intervention effects; not an observed intervention trial"}}, {"type": "Feature", "geometry": {"type": "Polygon", "coordinates": [[[77.66999999999999, 12.94], [77.69, 12.94], [77.69, 12.959999999999999], [77.66999999999999, 12.959999999999999], [77.66999999999999, 12.94]]]}, "properties": {"cell_id": "blr_0304", "flood_depth_m": {"rp10": 0.03, "rp100": 0.07}, "glof_depth_m": 0.0, "landslide_prob": 0.008, "population": 2015, "critical_assets": [], "eal_people": 23.394, "eal_usd": 58485.0, "observed_flood_frac": null, "modeled_flood_frac": 0.04, "elev_m": 882.6, "slope_deg": 1.0, "n_lakes": 0, "n_drains": 0, "low_income_score": 0.15, "equity_weight": 1.075, "scenario": "with_preventive_measures", "people_risk_eal": 23.394, "modeled_reduction_pct": 0.0, "data_status": "counterfactual simulation using literature-based intervention effects; not an observed intervention trial"}}, {"type": "Feature", "geometry": {"type": "Polygon", "coordinates": [[[77.69, 12.94], [77.71, 12.94], [77.71, 12.959999999999999], [77.69, 12.959999999999999], [77.69, 12.94]]]}, "properties": {"cell_id": "blr_0305", "flood_depth_m": {"rp10": 0.02, "rp100": 0.05}, "glof_depth_m": 0.0, "landslide_prob": 0.008, "population": 2925, "critical_assets": ["clinic", "clinic", "school", "clinic"], "eal_people": 29.557, "eal_usd": 73892.0, "observed_flood_frac": null, "modeled_flood_frac": 0.02, "elev_m": 876.0, "slope_deg": 0.9, "n_lakes": 0, "n_drains": 0, "low_income_score": 0.15, "equity_weight": 1.075, "scenario": "with_preventive_measures", "people_risk_eal": 29.557, "modeled_reduction_pct": 0.0, "data_status": "counterfactual simulation using literature-based intervention effects; not an observed intervention trial"}}, {"type": "Feature", "geometry": {"type": "Polygon", "coordinates": [[[77.71, 12.94], [77.72999999999999, 12.94], [77.72999999999999, 12.959999999999999], [77.71, 12.959999999999999], [77.71, 12.94]]]}, "properties": {"cell_id": "blr_0306", "flood_depth_m": {"rp10": 0.02, "rp100": 0.05}, "glof_depth_m": 0.0, "landslide_prob": 0.007, "population": 1760, "critical_assets": ["clinic", "clinic"], "eal_people": 15.136, "eal_usd": 37840.0, "observed_flood_frac": null, "modeled_flood_frac": 0.0, "elev_m": 872.7, "slope_deg": 0.9, "n_lakes": 0, "n_drains": 0, "low_income_score": 0.15, "equity_weight": 1.075, "scenario": "with_preventive_measures", "people_risk_eal": 15.136, "modeled_reduction_pct": 0.0, "data_status": "counterfactual simulation using literature-based intervention effects; not an observed intervention trial"}}, {"type": "Feature", "geometry": {"type": "Polygon", "coordinates": [[[77.72999999999999, 12.94], [77.75, 12.94], [77.75, 12.959999999999999], [77.72999999999999, 12.959999999999999], [77.72999999999999, 12.94]]]}, "properties": {"cell_id": "blr_0307", "flood_depth_m": {"rp10": 0.02, "rp100": 0.05}, "glof_depth_m": 0.0, "landslide_prob": 0.006, "population": 1026, "critical_assets": [], "eal_people": 8.824, "eal_usd": 22060.0, "observed_flood_frac": null, "modeled_flood_frac": 0.0, "elev_m": 866.3, "slope_deg": 0.7, "n_lakes": 0, "n_drains": 0, "low_income_score": 0.15, "equity_weight": 1.075, "scenario": "with_preventive_measures", "people_risk_eal": 8.824, "modeled_reduction_pct": 0.0, "data_status": "counterfactual simulation using literature-based intervention effects; not an observed intervention trial"}}, {"type": "Feature", "geometry": {"type": "Polygon", "coordinates": [[[77.75, 12.94], [77.77, 12.94], [77.77, 12.959999999999999], [77.75, 12.959999999999999], [77.75, 12.94]]]}, "properties": {"cell_id": "blr_0308", "flood_depth_m": {"rp10": 0.03, "rp100": 0.07}, "glof_depth_m": 0.0, "landslide_prob": 0.007, "population": 2100, "critical_assets": [], "eal_people": 24.381, "eal_usd": 60952.0, "observed_flood_frac": null, "modeled_flood_frac": 0.04, "elev_m": 869.0, "slope_deg": 0.8, "n_lakes": 0, "n_drains": 0, "low_income_score": 0.15, "equity_weight": 1.075, "scenario": "with_preventive_measures", "people_risk_eal": 24.381, "modeled_reduction_pct": 0.0, "data_status": "counterfactual simulation using literature-based intervention effects; not an observed intervention trial"}}, {"type": "Feature", "geometry": {"type": "Polygon", "coordinates": [[[77.77, 12.94], [77.78999999999999, 12.94], [77.78999999999999, 12.959999999999999], [77.77, 12.959999999999999], [77.77, 12.94]]]}, "properties": {"cell_id": "blr_0309", "flood_depth_m": {"rp10": 0.02, "rp100": 0.05}, "glof_depth_m": 0.0, "landslide_prob": 0.007, "population": 3318, "critical_assets": [], "eal_people": 36.025, "eal_usd": 90062.0, "observed_flood_frac": null, "modeled_flood_frac": 0.03, "elev_m": 867.8, "slope_deg": 0.9, "n_lakes": 0, "n_drains": 0, "low_income_score": 0.15, "equity_weight": 1.075, "scenario": "with_preventive_measures", "people_risk_eal": 36.025, "modeled_reduction_pct": 0.0, "data_status": "counterfactual simulation using literature-based intervention effects; not an observed intervention trial"}}, {"type": "Feature", "geometry": {"type": "Polygon", "coordinates": [[[77.78999999999999, 12.94], [77.80999999999999, 12.94], [77.80999999999999, 12.959999999999999], [77.78999999999999, 12.959999999999999], [77.78999999999999, 12.94]]]}, "properties": {"cell_id": "blr_0310", "flood_depth_m": {"rp10": 0.1, "rp100": 0.25}, "glof_depth_m": 0.0, "landslide_prob": 0.006, "population": 2158, "critical_assets": ["lake"], "eal_people": 53.357, "eal_usd": 133392.0, "observed_flood_frac": null, "modeled_flood_frac": 0.0, "elev_m": 858.8, "slope_deg": 0.7, "n_lakes": 1, "n_drains": 0, "low_income_score": 0.15, "equity_weight": 1.075, "scenario": "with_preventive_measures", "people_risk_eal": 53.357, "modeled_reduction_pct": 0.0, "data_status": "counterfactual simulation using literature-based intervention effects; not an observed intervention trial"}}, {"type": "Feature", "geometry": {"type": "Polygon", "coordinates": [[[77.80999999999999, 12.94], [77.83, 12.94], [77.83, 12.959999999999999], [77.80999999999999, 12.959999999999999], [77.80999999999999, 12.94]]]}, "properties": {"cell_id": "blr_0311", "flood_depth_m": {"rp10": 0.1, "rp100": 0.25}, "glof_depth_m": 0.0, "landslide_prob": 0.007, "population": 1970, "critical_assets": ["lake", "clinic"], "eal_people": 48.708, "eal_usd": 121770.0, "observed_flood_frac": null, "modeled_flood_frac": 0.0, "elev_m": 864.9, "slope_deg": 0.8, "n_lakes": 1, "n_drains": 0, "low_income_score": 0.15, "equity_weight": 1.075, "scenario": "with_preventive_measures", "people_risk_eal": 48.708, "modeled_reduction_pct": 0.0, "data_status": "counterfactual simulation using literature-based intervention effects; not an observed intervention trial"}}, {"type": "Feature", "geometry": {"type": "Polygon", "coordinates": [[[77.35, 12.92], [77.36999999999999, 12.92], [77.36999999999999, 12.94], [77.35, 12.94], [77.35, 12.92]]]}, "properties": {"cell_id": "blr_0312", "flood_depth_m": {"rp10": 0.09, "rp100": 0.23}, "glof_depth_m": 0.0, "landslide_prob": 0.02, "population": 751, "critical_assets": [], "eal_people": 13.805, "eal_usd": 34512.0, "observed_flood_frac": null, "modeled_flood_frac": 0.13, "elev_m": 838.9, "slope_deg": 2.4, "n_lakes": 0, "n_drains": 0, "low_income_score": 0.15, "equity_weight": 1.075, "scenario": "with_preventive_measures", "people_risk_eal": 13.805, "modeled_reduction_pct": 0.0, "data_status": "counterfactual simulation using literature-based intervention effects; not an observed intervention trial"}}, {"type": "Feature", "geometry": {"type": "Polygon", "coordinates": [[[77.36999999999999, 12.92], [77.39, 12.92], [77.39, 12.94], [77.36999999999999, 12.94], [77.36999999999999, 12.92]]]}, "properties": {"cell_id": "blr_0313", "flood_depth_m": {"rp10": 0.19, "rp100": 0.47}, "glof_depth_m": 0.0, "landslide_prob": 0.016, "population": 444, "critical_assets": [], "eal_people": 12.505, "eal_usd": 31263.0, "observed_flood_frac": null, "modeled_flood_frac": 0.26, "elev_m": 830.1, "slope_deg": 1.9, "n_lakes": 0, "n_drains": 0, "low_income_score": 0.15, "equity_weight": 1.075, "scenario": "with_preventive_measures", "people_risk_eal": 12.505, "modeled_reduction_pct": 0.0, "data_status": "counterfactual simulation using literature-based intervention effects; not an observed intervention trial"}}, {"type": "Feature", "geometry": {"type": "Polygon", "coordinates": [[[77.39, 12.92], [77.41, 12.92], [77.41, 12.94], [77.39, 12.94], [77.39, 12.92]]]}, "properties": {"cell_id": "blr_0314", "flood_depth_m": {"rp10": 0.08, "rp100": 0.2}, "glof_depth_m": 0.0, "landslide_prob": 0.019, "population": 472, "critical_assets": [], "eal_people": 7.966, "eal_usd": 19915.0, "observed_flood_frac": null, "modeled_flood_frac": 0.11, "elev_m": 841.5, "slope_deg": 2.3, "n_lakes": 0, "n_drains": 0, "low_income_score": 0.15, "equity_weight": 1.075, "scenario": "with_preventive_measures", "people_risk_eal": 7.966, "modeled_reduction_pct": 0.0, "data_status": "counterfactual simulation using literature-based intervention effects; not an observed intervention trial"}}, {"type": "Feature", "geometry": {"type": "Polygon", "coordinates": [[[77.41, 12.92], [77.42999999999999, 12.92], [77.42999999999999, 12.94], [77.41, 12.94], [77.41, 12.92]]]}, "properties": {"cell_id": "blr_0315", "flood_depth_m": {"rp10": 0.61, "rp100": 1.53}, "glof_depth_m": 0.0, "landslide_prob": 0.014, "population": 613, "critical_assets": [], "eal_people": 44.481, "eal_usd": 111202.0, "observed_flood_frac": null, "modeled_flood_frac": 0.85, "elev_m": 807.4, "slope_deg": 1.6, "n_lakes": 0, "n_drains": 0, "low_income_score": 0.15, "equity_weight": 1.075, "scenario": "with_preventive_measures", "people_risk_eal": 44.481, "modeled_reduction_pct": 0.0, "data_status": "counterfactual simulation using literature-based intervention effects; not an observed intervention trial"}}, {"type": "Feature", "geometry": {"type": "Polygon", "coordinates": [[[77.42999999999999, 12.92], [77.44999999999999, 12.92], [77.44999999999999, 12.94], [77.42999999999999, 12.94], [77.42999999999999, 12.92]]]}, "properties": {"cell_id": "blr_0316", "flood_depth_m": {"rp10": 0.77, "rp100": 1.92}, "glof_depth_m": 0.0, "landslide_prob": 0.014, "population": 733, "critical_assets": ["lake"], "eal_people": 69.421, "eal_usd": 173553.0, "observed_flood_frac": null, "modeled_flood_frac": 0.93, "elev_m": 801.6, "slope_deg": 1.7, "n_lakes": 1, "n_drains": 0, "low_income_score": 0.15, "equity_weight": 1.075, "scenario": "with_preventive_measures", "people_risk_eal": 69.421, "modeled_reduction_pct": 0.0, "data_status": "counterfactual simulation using literature-based intervention effects; not an observed intervention trial"}}, {"type": "Feature", "geometry": {"type": "Polygon", "coordinates": [[[77.44999999999999, 12.92], [77.47, 12.92], [77.47, 12.94], [77.44999999999999, 12.94], [77.44999999999999, 12.92]]]}, "properties": {"cell_id": "blr_0317", "flood_depth_m": {"rp10": 0.7, "rp100": 1.75}, "glof_depth_m": 0.0, "landslide_prob": 0.012, "population": 1406, "critical_assets": [], "eal_people": 114.719, "eal_usd": 286798.0, "observed_flood_frac": null, "modeled_flood_frac": 0.97, "elev_m": 801.1, "slope_deg": 1.5, "n_lakes": 0, "n_drains": 0, "low_income_score": 0.15, "equity_weight": 1.075, "scenario": "with_preventive_measures", "people_risk_eal": 114.719, "modeled_reduction_pct": 0.0, "data_status": "counterfactual simulation using literature-based intervention effects; not an observed intervention trial"}}, {"type": "Feature", "geometry": {"type": "Polygon", "coordinates": [[[77.47, 12.92], [77.49, 12.92], [77.49, 12.94], [77.47, 12.94], [77.47, 12.92]]]}, "properties": {"cell_id": "blr_0318", "flood_depth_m": {"rp10": 0.56, "rp100": 1.4}, "glof_depth_m": 0.0, "landslide_prob": 0.015, "population": 3548, "critical_assets": ["lake"], "eal_people": 258.596, "eal_usd": 646490.0, "observed_flood_frac": null, "modeled_flood_frac": 0.64, "elev_m": 814.1, "slope_deg": 1.8, "n_lakes": 1, "n_drains": 0, "low_income_score": 0.15, "equity_weight": 1.075, "scenario": "with_preventive_measures", "people_risk_eal": 258.596, "modeled_reduction_pct": 0.0, "data_status": "counterfactual simulation using literature-based intervention effects; not an observed intervention trial"}}, {"type": "Feature", "geometry": {"type": "Polygon", "coordinates": [[[77.49, 12.92], [77.50999999999999, 12.92], [77.50999999999999, 12.94], [77.49, 12.94], [77.49, 12.92]]]}, "properties": {"cell_id": "blr_0319", "flood_depth_m": {"rp10": 0.7, "rp100": 1.74}, "glof_depth_m": 0.0, "landslide_prob": 0.013, "population": 4724, "critical_assets": ["lake", "school", "school", "clinic"], "eal_people": 362.083, "eal_usd": 905208.0, "observed_flood_frac": null, "modeled_flood_frac": 0.69, "elev_m": 810.9, "slope_deg": 1.6, "n_lakes": 2, "n_drains": 0, "low_income_score": 0.15, "equity_weight": 1.075, "scenario": "with_preventive_measures", "people_risk_eal": 362.083, "modeled_reduction_pct": 0.0, "data_status": "counterfactual simulation using literature-based intervention effects; not an observed intervention trial"}}, {"type": "Feature", "geometry": {"type": "Polygon", "coordinates": [[[77.50999999999999, 12.92], [77.53, 12.92], [77.53, 12.94], [77.50999999999999, 12.94], [77.50999999999999, 12.92]]]}, "properties": {"cell_id": "blr_0320", "flood_depth_m": {"rp10": 0.52, "rp100": 1.31}, "glof_depth_m": 0.0, "landslide_prob": 0.015, "population": 5449, "critical_assets": ["lake", "clinic", "clinic", "school"], "eal_people": 376.649, "eal_usd": 941622.0, "observed_flood_frac": null, "modeled_flood_frac": 0.59, "elev_m": 821.1, "slope_deg": 1.8, "n_lakes": 1, "n_drains": 1, "low_income_score": 0.15, "equity_weight": 1.075, "scenario": "with_preventive_measures", "people_risk_eal": 376.649, "modeled_reduction_pct": 0.0, "data_status": "counterfactual simulation using literature-based intervention effects; not an observed intervention trial"}}, {"type": "Feature", "geometry": {"type": "Polygon", "coordinates": [[[77.53, 12.92], [77.55, 12.92], [77.55, 12.94], [77.53, 12.94], [77.53, 12.92]]]}, "properties": {"cell_id": "blr_0321", "flood_depth_m": {"rp10": 0.12, "rp100": 0.29}, "glof_depth_m": 0.0, "landslide_prob": 0.02, "population": 27429, "critical_assets": ["lake", "school", "school", "clinic"], "eal_people": 719.463, "eal_usd": 1798658.0, "observed_flood_frac": null, "modeled_flood_frac": 0.02, "elev_m": 857.6, "slope_deg": 2.4, "n_lakes": 1, "n_drains": 2, "low_income_score": 0.15, "equity_weight": 1.075, "scenario": "with_preventive_measures", "people_risk_eal": 719.463, "modeled_reduction_pct": 0.0, "data_status": "counterfactual simulation using literature-based intervention effects; not an observed intervention trial"}}, {"type": "Feature", "geometry": {"type": "Polygon", "coordinates": [[[77.55, 12.92], [77.57, 12.92], [77.57, 12.94], [77.55, 12.94], [77.55, 12.92]]]}, "properties": {"cell_id": "blr_0322", "flood_depth_m": {"rp10": 0.04, "rp100": 0.09}, "glof_depth_m": 0.0, "landslide_prob": 0.014, "population": 69843, "critical_assets": ["clinic", "school", "clinic", "clinic"], "eal_people": 863.434, "eal_usd": 2158585.0, "observed_flood_frac": null, "modeled_flood_frac": 0.05, "elev_m": 898.4, "slope_deg": 1.7, "n_lakes": 0, "n_drains": 2, "low_income_score": 0.15, "equity_weight": 1.075, "scenario": "with_preventive_measures", "people_risk_eal": 647.5755, "modeled_reduction_pct": 25.0, "data_status": "counterfactual simulation using literature-based intervention effects; not an observed intervention trial"}}, {"type": "Feature", "geometry": {"type": "Polygon", "coordinates": [[[77.57, 12.92], [77.58999999999999, 12.92], [77.58999999999999, 12.94], [77.57, 12.94], [77.57, 12.92]]]}, "properties": {"cell_id": "blr_0323", "flood_depth_m": {"rp10": 0.08, "rp100": 0.2}, "glof_depth_m": 0.0, "landslide_prob": 0.01, "population": 53617, "critical_assets": ["clinic", "clinic", "clinic", "clinic"], "eal_people": 904.921, "eal_usd": 2262302.0, "observed_flood_frac": null, "modeled_flood_frac": 0.11, "elev_m": 919.7, "slope_deg": 1.2, "n_lakes": 0, "n_drains": 0, "low_income_score": 0.15, "equity_weight": 1.075, "scenario": "with_preventive_measures", "people_risk_eal": 904.921, "modeled_reduction_pct": 0.0, "data_status": "counterfactual simulation using literature-based intervention effects; not an observed intervention trial"}}, {"type": "Feature", "geometry": {"type": "Polygon", "coordinates": [[[77.58999999999999, 12.92], [77.61, 12.92], [77.61, 12.94], [77.58999999999999, 12.94], [77.58999999999999, 12.92]]]}, "properties": {"cell_id": "blr_0324", "flood_depth_m": {"rp10": 0.24, "rp100": 0.61}, "glof_depth_m": 0.0, "landslide_prob": 0.01, "population": 11135, "critical_assets": ["lake", "clinic", "school", "clinic"], "eal_people": 325.587, "eal_usd": 813968.0, "observed_flood_frac": null, "modeled_flood_frac": 0.06, "elev_m": 906.9, "slope_deg": 1.2, "n_lakes": 2, "n_drains": 0, "low_income_score": 0.15, "equity_weight": 1.075, "scenario": "with_preventive_measures", "people_risk_eal": 325.587, "modeled_reduction_pct": 0.0, "data_status": "counterfactual simulation using literature-based intervention effects; not an observed intervention trial"}}, {"type": "Feature", "geometry": {"type": "Polygon", "coordinates": [[[77.61, 12.92], [77.63, 12.92], [77.63, 12.94], [77.61, 12.94], [77.61, 12.92]]]}, "properties": {"cell_id": "blr_0325", "flood_depth_m": {"rp10": 0.04, "rp100": 0.09}, "glof_depth_m": 0.0, "landslide_prob": 0.008, "population": 10991, "critical_assets": ["clinic", "driving_school", "hydropower", "clinic"], "eal_people": 135.876, "eal_usd": 339690.0, "observed_flood_frac": null, "modeled_flood_frac": 0.05, "elev_m": 897.2, "slope_deg": 1.0, "n_lakes": 0, "n_drains": 2, "low_income_score": 0.15, "equity_weight": 1.075, "scenario": "with_preventive_measures", "people_risk_eal": 135.876, "modeled_reduction_pct": 0.0, "data_status": "counterfactual simulation using literature-based intervention effects; not an observed intervention trial"}}, {"type": "Feature", "geometry": {"type": "Polygon", "coordinates": [[[77.63, 12.92], [77.64999999999999, 12.92], [77.64999999999999, 12.94], [77.63, 12.94], [77.63, 12.92]]]}, "properties": {"cell_id": "blr_0326", "flood_depth_m": {"rp10": 0.02, "rp100": 0.05}, "glof_depth_m": 0.0, "landslide_prob": 0.008, "population": 25632, "critical_assets": ["clinic", "school", "clinic"], "eal_people": 220.435, "eal_usd": 551088.0, "observed_flood_frac": null, "modeled_flood_frac": 0.0, "elev_m": 883.2, "slope_deg": 0.9, "n_lakes": 0, "n_drains": 2, "low_income_score": 0.15, "equity_weight": 1.075, "scenario": "with_preventive_measures", "people_risk_eal": 165.3263, "modeled_reduction_pct": 25.0, "data_status": "counterfactual simulation using literature-based intervention effects; not an observed intervention trial"}}, {"type": "Feature", "geometry": {"type": "Polygon", "coordinates": [[[77.64999999999999, 12.92], [77.66999999999999, 12.92], [77.66999999999999, 12.94], [77.64999999999999, 12.94], [77.64999999999999, 12.92]]]}, "properties": {"cell_id": "blr_0327", "flood_depth_m": {"rp10": 0.02, "rp100": 0.05}, "glof_depth_m": 0.0, "landslide_prob": 0.007, "population": 13212, "critical_assets": ["clinic"], "eal_people": 143.449, "eal_usd": 358623.0, "observed_flood_frac": null, "modeled_flood_frac": 0.03, "elev_m": 879.3, "slope_deg": 0.9, "n_lakes": 0, "n_drains": 0, "low_income_score": 0.15, "equity_weight": 1.075, "scenario": "with_preventive_measures", "people_risk_eal": 143.449, "modeled_reduction_pct": 0.0, "data_status": "counterfactual simulation using literature-based intervention effects; not an observed intervention trial"}}, {"type": "Feature", "geometry": {"type": "Polygon", "coordinates": [[[77.66999999999999, 12.92], [77.69, 12.92], [77.69, 12.94], [77.66999999999999, 12.94], [77.66999999999999, 12.92]]]}, "properties": {"cell_id": "blr_0328", "flood_depth_m": {"rp10": 0.02, "rp100": 0.05}, "glof_depth_m": 0.0, "landslide_prob": 0.006, "population": 2037, "critical_assets": ["clinic", "clinic"], "eal_people": 22.117, "eal_usd": 55292.0, "observed_flood_frac": null, "modeled_flood_frac": 0.03, "elev_m": 877.6, "slope_deg": 0.8, "n_lakes": 0, "n_drains": 0, "low_income_score": 0.15, "equity_weight": 1.075, "scenario": "with_preventive_measures", "people_risk_eal": 22.117, "modeled_reduction_pct": 0.0, "data_status": "counterfactual simulation using literature-based intervention effects; not an observed intervention trial"}}, {"type": "Feature", "geometry": {"type": "Polygon", "coordinates": [[[77.69, 12.92], [77.71, 12.92], [77.71, 12.94], [77.69, 12.94], [77.69, 12.92]]]}, "properties": {"cell_id": "blr_0329", "flood_depth_m": {"rp10": 0.04, "rp100": 0.11}, "glof_depth_m": 0.0, "landslide_prob": 0.008, "population": 1741, "critical_assets": [], "eal_people": 22.833, "eal_usd": 57082.0, "observed_flood_frac": null, "modeled_flood_frac": 0.06, "elev_m": 882.9, "slope_deg": 0.9, "n_lakes": 0, "n_drains": 0, "low_income_score": 0.15, "equity_weight": 1.075, "scenario": "with_preventive_measures", "people_risk_eal": 22.833, "modeled_reduction_pct": 0.0, "data_status": "counterfactual simulation using literature-based intervention effects; not an observed intervention trial"}}, {"type": "Feature", "geometry": {"type": "Polygon", "coordinates": [[[77.71, 12.92], [77.72999999999999, 12.92], [77.72999999999999, 12.94], [77.71, 12.94], [77.71, 12.92]]]}, "properties": {"cell_id": "blr_0330", "flood_depth_m": {"rp10": 0.03, "rp100": 0.07}, "glof_depth_m": 0.0, "landslide_prob": 0.008, "population": 1222, "critical_assets": [], "eal_people": 14.187, "eal_usd": 35468.0, "observed_flood_frac": null, "modeled_flood_frac": 0.04, "elev_m": 879.1, "slope_deg": 1.0, "n_lakes": 0, "n_drains": 0, "low_income_score": 0.15, "equity_weight": 1.075, "scenario": "with_preventive_measures", "people_risk_eal": 14.187, "modeled_reduction_pct": 0.0, "data_status": "counterfactual simulation using literature-based intervention effects; not an observed intervention trial"}}, {"type": "Feature", "geometry": {"type": "Polygon", "coordinates": [[[77.72999999999999, 12.92], [77.75, 12.92], [77.75, 12.94], [77.72999999999999, 12.94], [77.72999999999999, 12.92]]]}, "properties": {"cell_id": "blr_0331", "flood_depth_m": {"rp10": 0.02, "rp100": 0.05}, "glof_depth_m": 0.0, "landslide_prob": 0.008, "population": 1469, "critical_assets": [], "eal_people": 15.95, "eal_usd": 39875.0, "observed_flood_frac": null, "modeled_flood_frac": 0.03, "elev_m": 876.2, "slope_deg": 0.9, "n_lakes": 0, "n_drains": 0, "low_income_score": 0.15, "equity_weight": 1.075, "scenario": "with_preventive_measures", "people_risk_eal": 15.95, "modeled_reduction_pct": 0.0, "data_status": "counterfactual simulation using literature-based intervention effects; not an observed intervention trial"}}, {"type": "Feature", "geometry": {"type": "Polygon", "coordinates": [[[77.75, 12.92], [77.77, 12.92], [77.77, 12.94], [77.75, 12.94], [77.75, 12.92]]]}, "properties": {"cell_id": "blr_0332", "flood_depth_m": {"rp10": 0.04, "rp100": 0.11}, "glof_depth_m": 0.0, "landslide_prob": 0.007, "population": 3217, "critical_assets": [], "eal_people": 42.191, "eal_usd": 105478.0, "observed_flood_frac": null, "modeled_flood_frac": 0.06, "elev_m": 881.4, "slope_deg": 0.9, "n_lakes": 0, "n_drains": 0, "low_income_score": 0.15, "equity_weight": 1.075, "scenario": "with_preventive_measures", "people_risk_eal": 42.191, "modeled_reduction_pct": 0.0, "data_status": "counterfactual simulation using literature-based intervention effects; not an observed intervention trial"}}, {"type": "Feature", "geometry": {"type": "Polygon", "coordinates": [[[77.77, 12.92], [77.78999999999999, 12.92], [77.78999999999999, 12.94], [77.77, 12.94], [77.77, 12.92]]]}, "properties": {"cell_id": "blr_0333", "flood_depth_m": {"rp10": 0.02, "rp100": 0.05}, "glof_depth_m": 0.0, "landslide_prob": 0.008, "population": 3566, "critical_assets": [], "eal_people": 36.034, "eal_usd": 90085.0, "observed_flood_frac": null, "modeled_flood_frac": 0.02, "elev_m": 872.8, "slope_deg": 1.0, "n_lakes": 0, "n_drains": 0, "low_income_score": 0.15, "equity_weight": 1.075, "scenario": "with_preventive_measures", "people_risk_eal": 36.034, "modeled_reduction_pct": 0.0, "data_status": "counterfactual simulation using literature-based intervention effects; not an observed intervention trial"}}, {"type": "Feature", "geometry": {"type": "Polygon", "coordinates": [[[77.78999999999999, 12.92], [77.80999999999999, 12.92], [77.80999999999999, 12.94], [77.78999999999999, 12.94], [77.78999999999999, 12.92]]]}, "properties": {"cell_id": "blr_0334", "flood_depth_m": {"rp10": 0.02, "rp100": 0.05}, "glof_depth_m": 0.0, "landslide_prob": 0.007, "population": 2458, "critical_assets": [], "eal_people": 24.838, "eal_usd": 62095.0, "observed_flood_frac": null, "modeled_flood_frac": 0.02, "elev_m": 862.6, "slope_deg": 0.8, "n_lakes": 0, "n_drains": 0, "low_income_score": 0.15, "equity_weight": 1.075, "scenario": "with_preventive_measures", "people_risk_eal": 24.838, "modeled_reduction_pct": 0.0, "data_status": "counterfactual simulation using literature-based intervention effects; not an observed intervention trial"}}, {"type": "Feature", "geometry": {"type": "Polygon", "coordinates": [[[77.80999999999999, 12.92], [77.83, 12.92], [77.83, 12.94], [77.80999999999999, 12.94], [77.80999999999999, 12.92]]]}, "properties": {"cell_id": "blr_0335", "flood_depth_m": {"rp10": 0.02, "rp100": 0.05}, "glof_depth_m": 0.0, "landslide_prob": 0.008, "population": 1890, "critical_assets": [], "eal_people": 17.676, "eal_usd": 44190.0, "observed_flood_frac": null, "modeled_flood_frac": 0.01, "elev_m": 861.4, "slope_deg": 1.0, "n_lakes": 0, "n_drains": 0, "low_income_score": 0.15, "equity_weight": 1.075, "scenario": "with_preventive_measures", "people_risk_eal": 17.676, "modeled_reduction_pct": 0.0, "data_status": "counterfactual simulation using literature-based intervention effects; not an observed intervention trial"}}, {"type": "Feature", "geometry": {"type": "Polygon", "coordinates": [[[77.35, 12.899999999999999], [77.36999999999999, 12.899999999999999], [77.36999999999999, 12.92], [77.35, 12.92], [77.35, 12.899999999999999]]]}, "properties": {"cell_id": "blr_0336", "flood_depth_m": {"rp10": 0.31, "rp100": 0.77}, "glof_depth_m": 0.0, "landslide_prob": 0.018, "population": 659, "critical_assets": [], "eal_people": 26.991, "eal_usd": 67478.0, "observed_flood_frac": null, "modeled_flood_frac": 0.43, "elev_m": 818.6, "slope_deg": 2.2, "n_lakes": 0, "n_drains": 0, "low_income_score": 0.15, "equity_weight": 1.075, "scenario": "with_preventive_measures", "people_risk_eal": 26.991, "modeled_reduction_pct": 0.0, "data_status": "counterfactual simulation using literature-based intervention effects; not an observed intervention trial"}}, {"type": "Feature", "geometry": {"type": "Polygon", "coordinates": [[[77.36999999999999, 12.899999999999999], [77.39, 12.899999999999999], [77.39, 12.92], [77.36999999999999, 12.92], [77.36999999999999, 12.899999999999999]]]}, "properties": {"cell_id": "blr_0337", "flood_depth_m": {"rp10": 0.58, "rp100": 1.46}, "glof_depth_m": 0.0, "landslide_prob": 0.015, "population": 563, "critical_assets": [], "eal_people": 39.158, "eal_usd": 97895.0, "observed_flood_frac": null, "modeled_flood_frac": 0.81, "elev_m": 804.9, "slope_deg": 1.8, "n_lakes": 0, "n_drains": 0, "low_income_score": 0.15, "equity_weight": 1.075, "scenario": "with_preventive_measures", "people_risk_eal": 39.158, "modeled_reduction_pct": 0.0, "data_status": "counterfactual simulation using literature-based intervention effects; not an observed intervention trial"}}, {"type": "Feature", "geometry": {"type": "Polygon", "coordinates": [[[77.39, 12.899999999999999], [77.41, 12.899999999999999], [77.41, 12.92], [77.39, 12.92], [77.39, 12.899999999999999]]]}, "properties": {"cell_id": "blr_0338", "flood_depth_m": {"rp10": 0.27, "rp100": 0.67}, "glof_depth_m": 0.0, "landslide_prob": 0.014, "population": 590, "critical_assets": [], "eal_people": 21.501, "eal_usd": 53752.0, "observed_flood_frac": null, "modeled_flood_frac": 0.37, "elev_m": 820.0, "slope_deg": 1.6, "n_lakes": 0, "n_drains": 0, "low_income_score": 0.15, "equity_weight": 1.075, "scenario": "with_preventive_measures", "people_risk_eal": 21.501, "modeled_reduction_pct": 0.0, "data_status": "counterfactual simulation using literature-based intervention effects; not an observed intervention trial"}}, {"type": "Feature", "geometry": {"type": "Polygon", "coordinates": [[[77.41, 12.899999999999999], [77.42999999999999, 12.899999999999999], [77.42999999999999, 12.92], [77.41, 12.92], [77.41, 12.899999999999999]]]}, "properties": {"cell_id": "blr_0339", "flood_depth_m": {"rp10": 0.71, "rp100": 1.78}, "glof_depth_m": 0.0, "landslide_prob": 0.012, "population": 750, "critical_assets": ["clinic"], "eal_people": 62.323, "eal_usd": 155808.0, "observed_flood_frac": null, "modeled_flood_frac": 0.99, "elev_m": 798.1, "slope_deg": 1.4, "n_lakes": 0, "n_drains": 0, "low_income_score": 0.15, "equity_weight": 1.075, "scenario": "with_preventive_measures", "people_risk_eal": 62.323, "modeled_reduction_pct": 0.0, "data_status": "counterfactual simulation using literature-based intervention effects; not an observed intervention trial"}}, {"type": "Feature", "geometry": {"type": "Polygon", "coordinates": [[[77.42999999999999, 12.899999999999999], [77.44999999999999, 12.899999999999999], [77.44999999999999, 12.92], [77.42999999999999, 12.92], [77.42999999999999, 12.899999999999999]]]}, "properties": {"cell_id": "blr_0340", "flood_depth_m": {"rp10": 0.82, "rp100": 2.05}, "glof_depth_m": 0.0, "landslide_prob": 0.013, "population": 816, "critical_assets": ["lake"], "eal_people": 81.58, "eal_usd": 203950.0, "observed_flood_frac": null, "modeled_flood_frac": 1.0, "elev_m": 783.7, "slope_deg": 1.6, "n_lakes": 1, "n_drains": 0, "low_income_score": 0.15, "equity_weight": 1.075, "scenario": "with_preventive_measures", "people_risk_eal": 81.58, "modeled_reduction_pct": 0.0, "data_status": "counterfactual simulation using literature-based intervention effects; not an observed intervention trial"}}, {"type": "Feature", "geometry": {"type": "Polygon", "coordinates": [[[77.44999999999999, 12.899999999999999], [77.47, 12.899999999999999], [77.47, 12.92], [77.44999999999999, 12.92], [77.44999999999999, 12.899999999999999]]]}, "properties": {"cell_id": "blr_0341", "flood_depth_m": {"rp10": 0.71, "rp100": 1.78}, "glof_depth_m": 0.0, "landslide_prob": 0.014, "population": 1932, "critical_assets": [], "eal_people": 160.544, "eal_usd": 401360.0, "observed_flood_frac": null, "modeled_flood_frac": 0.99, "elev_m": 785.8, "slope_deg": 1.6, "n_lakes": 0, "n_drains": 1, "low_income_score": 0.15, "equity_weight": 1.075, "scenario": "with_preventive_measures", "people_risk_eal": 160.544, "modeled_reduction_pct": 0.0, "data_status": "counterfactual simulation using literature-based intervention effects; not an observed intervention trial"}}, {"type": "Feature", "geometry": {"type": "Polygon", "coordinates": [[[77.47, 12.899999999999999], [77.49, 12.899999999999999], [77.49, 12.92], [77.47, 12.92], [77.47, 12.899999999999999]]]}, "properties": {"cell_id": "blr_0342", "flood_depth_m": {"rp10": 0.7, "rp100": 1.76}, "glof_depth_m": 0.0, "landslide_prob": 0.012, "population": 4394, "critical_assets": [], "eal_people": 403.896, "eal_usd": 1009740.0, "observed_flood_frac": null, "modeled_flood_frac": 0.98, "elev_m": 792.3, "slope_deg": 1.5, "n_lakes": 0, "n_drains": 1, "low_income_score": 0.4, "equity_weight": 1.2, "scenario": "with_preventive_measures", "people_risk_eal": 403.896, "modeled_reduction_pct": 0.0, "data_status": "counterfactual simulation using literature-based intervention effects; not an observed intervention trial"}}, {"type": "Feature", "geometry": {"type": "Polygon", "coordinates": [[[77.49, 12.899999999999999], [77.50999999999999, 12.899999999999999], [77.50999999999999, 12.92], [77.49, 12.92], [77.49, 12.899999999999999]]]}, "properties": {"cell_id": "blr_0343", "flood_depth_m": {"rp10": 0.8, "rp100": 1.99}, "glof_depth_m": 0.0, "landslide_prob": 0.016, "population": 3351, "critical_assets": ["lake", "clinic", "school"], "eal_people": 256.846, "eal_usd": 642115.0, "observed_flood_frac": null, "modeled_flood_frac": 0.69, "elev_m": 811.5, "slope_deg": 1.9, "n_lakes": 3, "n_drains": 0, "low_income_score": 0.15, "equity_weight": 1.075, "scenario": "with_preventive_measures", "people_risk_eal": 256.846, "modeled_reduction_pct": 0.0, "data_status": "counterfactual simulation using literature-based intervention effects; not an observed intervention trial"}}, {"type": "Feature", "geometry": {"type": "Polygon", "coordinates": [[[77.50999999999999, 12.899999999999999], [77.53, 12.899999999999999], [77.53, 12.92], [77.50999999999999, 12.92], [77.50999999999999, 12.899999999999999]]]}, "properties": {"cell_id": "blr_0344", "flood_depth_m": {"rp10": 0.44, "rp100": 1.09}, "glof_depth_m": 0.0, "landslide_prob": 0.016, "population": 4889, "critical_assets": ["lake", "school"], "eal_people": 212.965, "eal_usd": 532412.0, "observed_flood_frac": null, "modeled_flood_frac": 0.19, "elev_m": 835.1, "slope_deg": 1.9, "n_lakes": 3, "n_drains": 1, "low_income_score": 0.4, "equity_weight": 1.2, "scenario": "with_preventive_measures", "people_risk_eal": 212.965, "modeled_reduction_pct": 0.0, "data_status": "counterfactual simulation using literature-based intervention effects; not an observed intervention trial"}}, {"type": "Feature", "geometry": {"type": "Polygon", "coordinates": [[[77.53, 12.899999999999999], [77.55, 12.899999999999999], [77.55, 12.92], [77.53, 12.92], [77.53, 12.899999999999999]]]}, "properties": {"cell_id": "blr_0345", "flood_depth_m": {"rp10": 0.15, "rp100": 0.38}, "glof_depth_m": 0.0, "landslide_prob": 0.016, "population": 4310, "critical_assets": ["lake", "school", "school"], "eal_people": 144.299, "eal_usd": 360748.0, "observed_flood_frac": null, "modeled_flood_frac": 0.07, "elev_m": 863.2, "slope_deg": 1.9, "n_lakes": 1, "n_drains": 3, "low_income_score": 0.4, "equity_weight": 1.2, "scenario": "with_preventive_measures", "people_risk_eal": 144.299, "modeled_reduction_pct": 0.0, "data_status": "counterfactual simulation using literature-based intervention effects; not an observed intervention trial"}}, {"type": "Feature", "geometry": {"type": "Polygon", "coordinates": [[[77.55, 12.899999999999999], [77.57, 12.899999999999999], [77.57, 12.92], [77.55, 12.92], [77.55, 12.899999999999999]]]}, "properties": {"cell_id": "blr_0346", "flood_depth_m": {"rp10": 0.26, "rp100": 0.64}, "glof_depth_m": 0.0, "landslide_prob": 0.013, "population": 7664, "critical_assets": ["lake", "school", "school", "school"], "eal_people": 263.028, "eal_usd": 657570.0, "observed_flood_frac": null, "modeled_flood_frac": 0.08, "elev_m": 886.9, "slope_deg": 1.6, "n_lakes": 2, "n_drains": 2, "low_income_score": 0.4, "equity_weight": 1.2, "scenario": "with_preventive_measures", "people_risk_eal": 263.028, "modeled_reduction_pct": 0.0, "data_status": "counterfactual simulation using literature-based intervention effects; not an observed intervention trial"}}, {"type": "Feature", "geometry": {"type": "Polygon", "coordinates": [[[77.57, 12.899999999999999], [77.58999999999999, 12.899999999999999], [77.58999999999999, 12.92], [77.57, 12.92], [77.57, 12.899999999999999]]]}, "properties": {"cell_id": "blr_0347", "flood_depth_m": {"rp10": 0.05, "rp100": 0.13}, "glof_depth_m": 0.0, "landslide_prob": 0.01, "population": 8898, "critical_assets": ["clinic", "clinic", "clinic", "clinic"], "eal_people": 123.393, "eal_usd": 308482.0, "observed_flood_frac": null, "modeled_flood_frac": 0.07, "elev_m": 912.5, "slope_deg": 1.1, "n_lakes": 0, "n_drains": 1, "low_income_score": 0.15, "equity_weight": 1.075, "scenario": "with_preventive_measures", "people_risk_eal": 123.393, "modeled_reduction_pct": 0.0, "data_status": "counterfactual simulation using literature-based intervention effects; not an observed intervention trial"}}, {"type": "Feature", "geometry": {"type": "Polygon", "coordinates": [[[77.58999999999999, 12.899999999999999], [77.61, 12.899999999999999], [77.61, 12.92], [77.58999999999999, 12.92], [77.58999999999999, 12.899999999999999]]]}, "properties": {"cell_id": "blr_0348", "flood_depth_m": {"rp10": 0.05, "rp100": 0.13}, "glof_depth_m": 0.0, "landslide_prob": 0.008, "population": 8589, "critical_assets": ["school", "clinic", "school", "clinic"], "eal_people": 119.108, "eal_usd": 297770.0, "observed_flood_frac": null, "modeled_flood_frac": 0.07, "elev_m": 903.4, "slope_deg": 1.0, "n_lakes": 0, "n_drains": 2, "low_income_score": 0.15, "equity_weight": 1.075, "scenario": "with_preventive_measures", "people_risk_eal": 119.108, "modeled_reduction_pct": 0.0, "data_status": "counterfactual simulation using literature-based intervention effects; not an observed intervention trial"}}, {"type": "Feature", "geometry": {"type": "Polygon", "coordinates": [[[77.61, 12.899999999999999], [77.63, 12.899999999999999], [77.63, 12.92], [77.61, 12.92], [77.61, 12.899999999999999]]]}, "properties": {"cell_id": "blr_0349", "flood_depth_m": {"rp10": 0.02, "rp100": 0.05}, "glof_depth_m": 0.0, "landslide_prob": 0.01, "population": 6043, "critical_assets": ["clinic", "school", "clinic", "clinic"], "eal_people": 61.065, "eal_usd": 152662.0, "observed_flood_frac": null, "modeled_flood_frac": 0.02, "elev_m": 891.2, "slope_deg": 1.2, "n_lakes": 0, "n_drains": 7, "low_income_score": 0.15, "equity_weight": 1.075, "scenario": "with_preventive_measures", "people_risk_eal": 61.065, "modeled_reduction_pct": 0.0, "data_status": "counterfactual simulation using literature-based intervention effects; not an observed intervention trial"}}, {"type": "Feature", "geometry": {"type": "Polygon", "coordinates": [[[77.63, 12.899999999999999], [77.64999999999999, 12.899999999999999], [77.64999999999999, 12.92], [77.63, 12.92], [77.63, 12.899999999999999]]]}, "properties": {"cell_id": "blr_0350", "flood_depth_m": {"rp10": 0.02, "rp100": 0.05}, "glof_depth_m": 0.0, "landslide_prob": 0.007, "population": 5660, "critical_assets": ["clinic", "clinic", "clinic", "clinic"], "eal_people": 57.194, "eal_usd": 142985.0, "observed_flood_frac": null, "modeled_flood_frac": 0.02, "elev_m": 888.9, "slope_deg": 0.9, "n_lakes": 0, "n_drains": 7, "low_income_score": 0.15, "equity_weight": 1.075, "scenario": "with_preventive_measures", "people_risk_eal": 57.194, "modeled_reduction_pct": 0.0, "data_status": "counterfactual simulation using literature-based intervention effects; not an observed intervention trial"}}, {"type": "Feature", "geometry": {"type": "Polygon", "coordinates": [[[77.64999999999999, 12.899999999999999], [77.66999999999999, 12.899999999999999], [77.66999999999999, 12.92], [77.64999999999999, 12.92], [77.64999999999999, 12.899999999999999]]]}, "properties": {"cell_id": "blr_0351", "flood_depth_m": {"rp10": 0.35, "rp100": 0.88}, "glof_depth_m": 0.0, "landslide_prob": 0.009, "population": 4256, "critical_assets": ["lake", "school"], "eal_people": 142.491, "eal_usd": 356228.0, "observed_flood_frac": null, "modeled_flood_frac": 0.07, "elev_m": 896.2, "slope_deg": 1.1, "n_lakes": 3, "n_drains": 1, "low_income_score": 0.4, "equity_weight": 1.2, "scenario": "with_preventive_measures", "people_risk_eal": 142.491, "modeled_reduction_pct": 0.0, "data_status": "counterfactual simulation using literature-based intervention effects; not an observed intervention trial"}}, {"type": "Feature", "geometry": {"type": "Polygon", "coordinates": [[[77.66999999999999, 12.899999999999999], [77.69, 12.899999999999999], [77.69, 12.92], [77.66999999999999, 12.92], [77.66999999999999, 12.899999999999999]]]}, "properties": {"cell_id": "blr_0352", "flood_depth_m": {"rp10": 0.04, "rp100": 0.11}, "glof_depth_m": 0.0, "landslide_prob": 0.008, "population": 2111, "critical_assets": ["clinic", "clinic"], "eal_people": 27.686, "eal_usd": 69215.0, "observed_flood_frac": null, "modeled_flood_frac": 0.06, "elev_m": 886.4, "slope_deg": 1.0, "n_lakes": 0, "n_drains": 0, "low_income_score": 0.15, "equity_weight": 1.075, "scenario": "with_preventive_measures", "people_risk_eal": 27.686, "modeled_reduction_pct": 0.0, "data_status": "counterfactual simulation using literature-based intervention effects; not an observed intervention trial"}}, {"type": "Feature", "geometry": {"type": "Polygon", "coordinates": [[[77.69, 12.899999999999999], [77.71, 12.899999999999999], [77.71, 12.92], [77.69, 12.92], [77.69, 12.899999999999999]]]}, "properties": {"cell_id": "blr_0353", "flood_depth_m": {"rp10": 0.05, "rp100": 0.13}, "glof_depth_m": 0.0, "landslide_prob": 0.008, "population": 1212, "critical_assets": ["clinic"], "eal_people": 16.807, "eal_usd": 42018.0, "observed_flood_frac": null, "modeled_flood_frac": 0.07, "elev_m": 894.2, "slope_deg": 0.9, "n_lakes": 0, "n_drains": 0, "low_income_score": 0.15, "equity_weight": 1.075, "scenario": "with_preventive_measures", "people_risk_eal": 16.807, "modeled_reduction_pct": 0.0, "data_status": "counterfactual simulation using literature-based intervention effects; not an observed intervention trial"}}, {"type": "Feature", "geometry": {"type": "Polygon", "coordinates": [[[77.71, 12.899999999999999], [77.72999999999999, 12.899999999999999], [77.72999999999999, 12.92], [77.71, 12.92], [77.71, 12.899999999999999]]]}, "properties": {"cell_id": "blr_0354", "flood_depth_m": {"rp10": 0.22, "rp100": 0.55}, "glof_depth_m": 0.0, "landslide_prob": 0.008, "population": 1107, "critical_assets": ["lake"], "eal_people": 29.87, "eal_usd": 74675.0, "observed_flood_frac": null, "modeled_flood_frac": 0.03, "elev_m": 886.2, "slope_deg": 1.0, "n_lakes": 2, "n_drains": 0, "low_income_score": 0.15, "equity_weight": 1.075, "scenario": "with_preventive_measures", "people_risk_eal": 29.87, "modeled_reduction_pct": 0.0, "data_status": "counterfactual simulation using literature-based intervention effects; not an observed intervention trial"}}, {"type": "Feature", "geometry": {"type": "Polygon", "coordinates": [[[77.72999999999999, 12.899999999999999], [77.75, 12.899999999999999], [77.75, 12.92], [77.72999999999999, 12.92], [77.72999999999999, 12.899999999999999]]]}, "properties": {"cell_id": "blr_0355", "flood_depth_m": {"rp10": 0.12, "rp100": 0.29}, "glof_depth_m": 0.0, "landslide_prob": 0.009, "population": 2908, "critical_assets": ["lake"], "eal_people": 76.277, "eal_usd": 190692.0, "observed_flood_frac": null, "modeled_flood_frac": 0.02, "elev_m": 889.1, "slope_deg": 1.1, "n_lakes": 1, "n_drains": 0, "low_income_score": 0.15, "equity_weight": 1.075, "scenario": "with_preventive_measures", "people_risk_eal": 76.277, "modeled_reduction_pct": 0.0, "data_status": "counterfactual simulation using literature-based intervention effects; not an observed intervention trial"}}, {"type": "Feature", "geometry": {"type": "Polygon", "coordinates": [[[77.75, 12.899999999999999], [77.77, 12.899999999999999], [77.77, 12.92], [77.75, 12.92], [77.75, 12.899999999999999]]]}, "properties": {"cell_id": "blr_0356", "flood_depth_m": {"rp10": 0.03, "rp100": 0.07}, "glof_depth_m": 0.0, "landslide_prob": 0.008, "population": 5092, "critical_assets": [], "eal_people": 65.992, "eal_usd": 164980.0, "observed_flood_frac": null, "modeled_flood_frac": 0.04, "elev_m": 891.2, "slope_deg": 0.9, "n_lakes": 0, "n_drains": 0, "low_income_score": 0.4, "equity_weight": 1.2, "scenario": "with_preventive_measures", "people_risk_eal": 65.992, "modeled_reduction_pct": 0.0, "data_status": "counterfactual simulation using literature-based intervention effects; not an observed intervention trial"}}, {"type": "Feature", "geometry": {"type": "Polygon", "coordinates": [[[77.77, 12.899999999999999], [77.78999999999999, 12.899999999999999], [77.78999999999999, 12.92], [77.77, 12.92], [77.77, 12.899999999999999]]]}, "properties": {"cell_id": "blr_0357", "flood_depth_m": {"rp10": 0.03, "rp100": 0.07}, "glof_depth_m": 0.0, "landslide_prob": 0.008, "population": 3532, "critical_assets": [], "eal_people": 41.007, "eal_usd": 102518.0, "observed_flood_frac": null, "modeled_flood_frac": 0.04, "elev_m": 883.1, "slope_deg": 0.9, "n_lakes": 0, "n_drains": 0, "low_income_score": 0.15, "equity_weight": 1.075, "scenario": "with_preventive_measures", "people_risk_eal": 41.007, "modeled_reduction_pct": 0.0, "data_status": "counterfactual simulation using literature-based intervention effects; not an observed intervention trial"}}, {"type": "Feature", "geometry": {"type": "Polygon", "coordinates": [[[77.78999999999999, 12.899999999999999], [77.80999999999999, 12.899999999999999], [77.80999999999999, 12.92], [77.78999999999999, 12.92], [77.78999999999999, 12.899999999999999]]]}, "properties": {"cell_id": "blr_0358", "flood_depth_m": {"rp10": 0.06, "rp100": 0.14}, "glof_depth_m": 0.0, "landslide_prob": 0.008, "population": 2984, "critical_assets": [], "eal_people": 43.626, "eal_usd": 109065.0, "observed_flood_frac": null, "modeled_flood_frac": 0.08, "elev_m": 871.6, "slope_deg": 1.0, "n_lakes": 0, "n_drains": 0, "low_income_score": 0.15, "equity_weight": 1.075, "scenario": "with_preventive_measures", "people_risk_eal": 43.626, "modeled_reduction_pct": 0.0, "data_status": "counterfactual simulation using literature-based intervention effects; not an observed intervention trial"}}, {"type": "Feature", "geometry": {"type": "Polygon", "coordinates": [[[77.80999999999999, 12.899999999999999], [77.83, 12.899999999999999], [77.83, 12.92], [77.80999999999999, 12.92], [77.80999999999999, 12.899999999999999]]]}, "properties": {"cell_id": "blr_0359", "flood_depth_m": {"rp10": 0.02, "rp100": 0.05}, "glof_depth_m": 0.0, "landslide_prob": 0.007, "population": 2119, "critical_assets": [], "eal_people": 21.412, "eal_usd": 53530.0, "observed_flood_frac": null, "modeled_flood_frac": 0.02, "elev_m": 856.2, "slope_deg": 0.8, "n_lakes": 0, "n_drains": 0, "low_income_score": 0.15, "equity_weight": 1.075, "scenario": "with_preventive_measures", "people_risk_eal": 21.412, "modeled_reduction_pct": 0.0, "data_status": "counterfactual simulation using literature-based intervention effects; not an observed intervention trial"}}, {"type": "Feature", "geometry": {"type": "Polygon", "coordinates": [[[77.35, 12.879999999999999], [77.36999999999999, 12.879999999999999], [77.36999999999999, 12.899999999999999], [77.35, 12.899999999999999], [77.35, 12.879999999999999]]]}, "properties": {"cell_id": "blr_0360", "flood_depth_m": {"rp10": 0.59, "rp100": 1.48}, "glof_depth_m": 0.0, "landslide_prob": 0.016, "population": 684, "critical_assets": [], "eal_people": 48.089, "eal_usd": 120222.0, "observed_flood_frac": null, "modeled_flood_frac": 0.82, "elev_m": 804.0, "slope_deg": 1.9, "n_lakes": 0, "n_drains": 0, "low_income_score": 0.15, "equity_weight": 1.075, "scenario": "with_preventive_measures", "people_risk_eal": 48.089, "modeled_reduction_pct": 0.0, "data_status": "counterfactual simulation using literature-based intervention effects; not an observed intervention trial"}}, {"type": "Feature", "geometry": {"type": "Polygon", "coordinates": [[[77.36999999999999, 12.879999999999999], [77.39, 12.879999999999999], [77.39, 12.899999999999999], [77.36999999999999, 12.899999999999999], [77.36999999999999, 12.879999999999999]]]}, "properties": {"cell_id": "blr_0361", "flood_depth_m": {"rp10": 0.72, "rp100": 1.8}, "glof_depth_m": 0.0, "landslide_prob": 0.015, "population": 491, "critical_assets": [], "eal_people": 41.17, "eal_usd": 102925.0, "observed_flood_frac": null, "modeled_flood_frac": 1.0, "elev_m": 785.3, "slope_deg": 1.8, "n_lakes": 0, "n_drains": 0, "low_income_score": 0.15, "equity_weight": 1.075, "scenario": "with_preventive_measures", "people_risk_eal": 41.17, "modeled_reduction_pct": 0.0, "data_status": "counterfactual simulation using literature-based intervention effects; not an observed intervention trial"}}, {"type": "Feature", "geometry": {"type": "Polygon", "coordinates": [[[77.39, 12.879999999999999], [77.41, 12.879999999999999], [77.41, 12.899999999999999], [77.39, 12.899999999999999], [77.39, 12.879999999999999]]]}, "properties": {"cell_id": "blr_0362", "flood_depth_m": {"rp10": 0.27, "rp100": 0.67}, "glof_depth_m": 0.0, "landslide_prob": 0.017, "population": 517, "critical_assets": [], "eal_people": 18.841, "eal_usd": 47102.0, "observed_flood_frac": null, "modeled_flood_frac": 0.37, "elev_m": 821.9, "slope_deg": 2.1, "n_lakes": 0, "n_drains": 0, "low_income_score": 0.15, "equity_weight": 1.075, "scenario": "with_preventive_measures", "people_risk_eal": 18.841, "modeled_reduction_pct": 0.0, "data_status": "counterfactual simulation using literature-based intervention effects; not an observed intervention trial"}}, {"type": "Feature", "geometry": {"type": "Polygon", "coordinates": [[[77.41, 12.879999999999999], [77.42999999999999, 12.879999999999999], [77.42999999999999, 12.899999999999999], [77.41, 12.899999999999999], [77.41, 12.879999999999999]]]}, "properties": {"cell_id": "blr_0363", "flood_depth_m": {"rp10": 0.71, "rp100": 1.78}, "glof_depth_m": 0.0, "landslide_prob": 0.011, "population": 712, "critical_assets": [], "eal_people": 59.165, "eal_usd": 147912.0, "observed_flood_frac": null, "modeled_flood_frac": 0.99, "elev_m": 793.1, "slope_deg": 1.4, "n_lakes": 0, "n_drains": 0, "low_income_score": 0.15, "equity_weight": 1.075, "scenario": "with_preventive_measures", "people_risk_eal": 59.165, "modeled_reduction_pct": 0.0, "data_status": "counterfactual simulation using literature-based intervention effects; not an observed intervention trial"}}, {"type": "Feature", "geometry": {"type": "Polygon", "coordinates": [[[77.42999999999999, 12.879999999999999], [77.44999999999999, 12.879999999999999], [77.44999999999999, 12.899999999999999], [77.42999999999999, 12.899999999999999], [77.42999999999999, 12.879999999999999]]]}, "properties": {"cell_id": "blr_0364", "flood_depth_m": {"rp10": 0.72, "rp100": 1.8}, "glof_depth_m": 0.0, "landslide_prob": 0.012, "population": 2112, "critical_assets": [], "eal_people": 177.091, "eal_usd": 442728.0, "observed_flood_frac": null, "modeled_flood_frac": 1.0, "elev_m": 775.9, "slope_deg": 1.4, "n_lakes": 0, "n_drains": 0, "low_income_score": 0.15, "equity_weight": 1.075, "scenario": "with_preventive_measures", "people_risk_eal": 177.091, "modeled_reduction_pct": 0.0, "data_status": "counterfactual simulation using literature-based intervention effects; not an observed intervention trial"}}, {"type": "Feature", "geometry": {"type": "Polygon", "coordinates": [[[77.44999999999999, 12.879999999999999], [77.47, 12.879999999999999], [77.47, 12.899999999999999], [77.44999999999999, 12.899999999999999], [77.44999999999999, 12.879999999999999]]]}, "properties": {"cell_id": "blr_0365", "flood_depth_m": {"rp10": 0.72, "rp100": 1.8}, "glof_depth_m": 0.0, "landslide_prob": 0.014, "population": 2991, "critical_assets": ["clinic", "school"], "eal_people": 250.795, "eal_usd": 626988.0, "observed_flood_frac": null, "modeled_flood_frac": 1.0, "elev_m": 772.0, "slope_deg": 1.7, "n_lakes": 0, "n_drains": 0, "low_income_score": 0.15, "equity_weight": 1.075, "scenario": "with_preventive_measures", "people_risk_eal": 250.795, "modeled_reduction_pct": 0.0, "data_status": "counterfactual simulation using literature-based intervention effects; not an observed intervention trial"}}, {"type": "Feature", "geometry": {"type": "Polygon", "coordinates": [[[77.47, 12.879999999999999], [77.49, 12.879999999999999], [77.49, 12.899999999999999], [77.47, 12.899999999999999], [77.47, 12.879999999999999]]]}, "properties": {"cell_id": "blr_0366", "flood_depth_m": {"rp10": 0.82, "rp100": 2.05}, "glof_depth_m": 0.0, "landslide_prob": 0.012, "population": 2156, "critical_assets": ["lake"], "eal_people": 215.546, "eal_usd": 538865.0, "observed_flood_frac": null, "modeled_flood_frac": 1.0, "elev_m": 786.4, "slope_deg": 1.5, "n_lakes": 1, "n_drains": 0, "low_income_score": 0.15, "equity_weight": 1.075, "scenario": "with_preventive_measures", "people_risk_eal": 215.546, "modeled_reduction_pct": 0.0, "data_status": "counterfactual simulation using literature-based intervention effects; not an observed intervention trial"}}, {"type": "Feature", "geometry": {"type": "Polygon", "coordinates": [[[77.49, 12.879999999999999], [77.50999999999999, 12.879999999999999], [77.50999999999999, 12.899999999999999], [77.49, 12.899999999999999], [77.49, 12.879999999999999]]]}, "properties": {"cell_id": "blr_0367", "flood_depth_m": {"rp10": 0.32, "rp100": 0.79}, "glof_depth_m": 0.0, "landslide_prob": 0.016, "population": 1768, "critical_assets": [], "eal_people": 73.743, "eal_usd": 184358.0, "observed_flood_frac": null, "modeled_flood_frac": 0.44, "elev_m": 823.5, "slope_deg": 2.0, "n_lakes": 0, "n_drains": 0, "low_income_score": 0.15, "equity_weight": 1.075, "scenario": "with_preventive_measures", "people_risk_eal": 73.743, "modeled_reduction_pct": 0.0, "data_status": "counterfactual simulation using literature-based intervention effects; not an observed intervention trial"}}, {"type": "Feature", "geometry": {"type": "Polygon", "coordinates": [[[77.50999999999999, 12.879999999999999], [77.53, 12.879999999999999], [77.53, 12.899999999999999], [77.50999999999999, 12.899999999999999], [77.50999999999999, 12.879999999999999]]]}, "properties": {"cell_id": "blr_0368", "flood_depth_m": {"rp10": 0.05, "rp100": 0.13}, "glof_depth_m": 0.0, "landslide_prob": 0.021, "population": 1977, "critical_assets": [], "eal_people": 27.416, "eal_usd": 68540.0, "observed_flood_frac": null, "modeled_flood_frac": 0.07, "elev_m": 846.6, "slope_deg": 2.6, "n_lakes": 0, "n_drains": 0, "low_income_score": 0.15, "equity_weight": 1.075, "scenario": "with_preventive_measures", "people_risk_eal": 27.416, "modeled_reduction_pct": 0.0, "data_status": "counterfactual simulation using literature-based intervention effects; not an observed intervention trial"}}, {"type": "Feature", "geometry": {"type": "Polygon", "coordinates": [[[77.53, 12.879999999999999], [77.55, 12.879999999999999], [77.55, 12.899999999999999], [77.53, 12.899999999999999], [77.53, 12.879999999999999]]]}, "properties": {"cell_id": "blr_0369", "flood_depth_m": {"rp10": 0.02, "rp100": 0.05}, "glof_depth_m": 0.0, "landslide_prob": 0.018, "population": 1942, "critical_assets": ["school", "clinic"], "eal_people": 19.624, "eal_usd": 49060.0, "observed_flood_frac": null, "modeled_flood_frac": 0.02, "elev_m": 867.6, "slope_deg": 2.2, "n_lakes": 0, "n_drains": 0, "low_income_score": 0.15, "equity_weight": 1.075, "scenario": "with_preventive_measures", "people_risk_eal": 19.624, "modeled_reduction_pct": 0.0, "data_status": "counterfactual simulation using literature-based intervention effects; not an observed intervention trial"}}, {"type": "Feature", "geometry": {"type": "Polygon", "coordinates": [[[77.55, 12.879999999999999], [77.57, 12.879999999999999], [77.57, 12.899999999999999], [77.55, 12.899999999999999], [77.55, 12.879999999999999]]]}, "properties": {"cell_id": "blr_0370", "flood_depth_m": {"rp10": 0.43, "rp100": 1.07}, "glof_depth_m": 0.0, "landslide_prob": 0.012, "population": 4788, "critical_assets": ["lake", "clinic", "school", "clinic"], "eal_people": 132.795, "eal_usd": 331987.0, "observed_flood_frac": null, "modeled_flood_frac": 0.04, "elev_m": 896.7, "slope_deg": 1.4, "n_lakes": 4, "n_drains": 0, "low_income_score": 0.15, "equity_weight": 1.075, "scenario": "with_preventive_measures", "people_risk_eal": 132.795, "modeled_reduction_pct": 0.0, "data_status": "counterfactual simulation using literature-based intervention effects; not an observed intervention trial"}}, {"type": "Feature", "geometry": {"type": "Polygon", "coordinates": [[[77.57, 12.879999999999999], [77.58999999999999, 12.879999999999999], [77.58999999999999, 12.899999999999999], [77.57, 12.899999999999999], [77.57, 12.879999999999999]]]}, "properties": {"cell_id": "blr_0371", "flood_depth_m": {"rp10": 0.14, "rp100": 0.34}, "glof_depth_m": 0.0, "landslide_prob": 0.009, "population": 5631, "critical_assets": ["lake", "school", "driving_school", "clinic"], "eal_people": 160.413, "eal_usd": 401032.0, "observed_flood_frac": null, "modeled_flood_frac": 0.05, "elev_m": 913.4, "slope_deg": 1.1, "n_lakes": 1, "n_drains": 0, "low_income_score": 0.15, "equity_weight": 1.075, "scenario": "with_preventive_measures", "people_risk_eal": 160.413, "modeled_reduction_pct": 0.0, "data_status": "counterfactual simulation using literature-based intervention effects; not an observed intervention trial"}}, {"type": "Feature", "geometry": {"type": "Polygon", "coordinates": [[[77.58999999999999, 12.879999999999999], [77.61, 12.879999999999999], [77.61, 12.899999999999999], [77.58999999999999, 12.899999999999999], [77.58999999999999, 12.879999999999999]]]}, "properties": {"cell_id": "blr_0372", "flood_depth_m": {"rp10": 0.13, "rp100": 0.32}, "glof_depth_m": 0.0, "landslide_prob": 0.01, "population": 5847, "critical_assets": ["lake", "school", "clinic"], "eal_people": 162.167, "eal_usd": 405418.0, "observed_flood_frac": null, "modeled_flood_frac": 0.04, "elev_m": 907.8, "slope_deg": 1.2, "n_lakes": 1, "n_drains": 0, "low_income_score": 0.15, "equity_weight": 1.075, "scenario": "with_preventive_measures", "people_risk_eal": 162.167, "modeled_reduction_pct": 0.0, "data_status": "counterfactual simulation using literature-based intervention effects; not an observed intervention trial"}}, {"type": "Feature", "geometry": {"type": "Polygon", "coordinates": [[[77.61, 12.879999999999999], [77.63, 12.879999999999999], [77.63, 12.899999999999999], [77.61, 12.899999999999999], [77.61, 12.879999999999999]]]}, "properties": {"cell_id": "blr_0373", "flood_depth_m": {"rp10": 0.04, "rp100": 0.11}, "glof_depth_m": 0.0, "landslide_prob": 0.009, "population": 5909, "critical_assets": ["school", "clinic", "clinic", "clinic"], "eal_people": 77.497, "eal_usd": 193742.0, "observed_flood_frac": null, "modeled_flood_frac": 0.06, "elev_m": 897.2, "slope_deg": 1.1, "n_lakes": 0, "n_drains": 13, "low_income_score": 0.15, "equity_weight": 1.075, "scenario": "with_preventive_measures", "people_risk_eal": 77.497, "modeled_reduction_pct": 0.0, "data_status": "counterfactual simulation using literature-based intervention effects; not an observed intervention trial"}}, {"type": "Feature", "geometry": {"type": "Polygon", "coordinates": [[[77.63, 12.879999999999999], [77.64999999999999, 12.879999999999999], [77.64999999999999, 12.899999999999999], [77.63, 12.899999999999999], [77.63, 12.879999999999999]]]}, "properties": {"cell_id": "blr_0374", "flood_depth_m": {"rp10": 0.42, "rp100": 1.05}, "glof_depth_m": 0.0, "landslide_prob": 0.008, "population": 10357, "critical_assets": ["lake"], "eal_people": 311.953, "eal_usd": 779882.0, "observed_flood_frac": null, "modeled_flood_frac": 0.03, "elev_m": 900.0, "slope_deg": 1.0, "n_lakes": 4, "n_drains": 0, "low_income_score": 0.4, "equity_weight": 1.2, "scenario": "with_preventive_measures", "people_risk_eal": 311.953, "modeled_reduction_pct": 0.0, "data_status": "counterfactual simulation using literature-based intervention effects; not an observed intervention trial"}}, {"type": "Feature", "geometry": {"type": "Polygon", "coordinates": [[[77.64999999999999, 12.879999999999999], [77.66999999999999, 12.879999999999999], [77.66999999999999, 12.899999999999999], [77.64999999999999, 12.899999999999999], [77.64999999999999, 12.879999999999999]]]}, "properties": {"cell_id": "blr_0375", "flood_depth_m": {"rp10": 0.34, "rp100": 0.84}, "glof_depth_m": 0.0, "landslide_prob": 0.01, "population": 8635, "critical_assets": ["lake"], "eal_people": 274.593, "eal_usd": 686482.0, "observed_flood_frac": null, "modeled_flood_frac": 0.05, "elev_m": 902.9, "slope_deg": 1.2, "n_lakes": 3, "n_drains": 0, "low_income_score": 0.4, "equity_weight": 1.2, "scenario": "with_preventive_measures", "people_risk_eal": 274.593, "modeled_reduction_pct": 0.0, "data_status": "counterfactual simulation using literature-based intervention effects; not an observed intervention trial"}}, {"type": "Feature", "geometry": {"type": "Polygon", "coordinates": [[[77.66999999999999, 12.879999999999999], [77.69, 12.879999999999999], [77.69, 12.899999999999999], [77.66999999999999, 12.899999999999999], [77.66999999999999, 12.879999999999999]]]}, "properties": {"cell_id": "blr_0376", "flood_depth_m": {"rp10": 0.04, "rp100": 0.11}, "glof_depth_m": 0.0, "landslide_prob": 0.009, "population": 4217, "critical_assets": [], "eal_people": 61.737, "eal_usd": 154342.0, "observed_flood_frac": null, "modeled_flood_frac": 0.06, "elev_m": 903.8, "slope_deg": 1.1, "n_lakes": 0, "n_drains": 0, "low_income_score": 0.4, "equity_weight": 1.2, "scenario": "with_preventive_measures", "people_risk_eal": 61.737, "modeled_reduction_pct": 0.0, "data_status": "counterfactual simulation using literature-based intervention effects; not an observed intervention trial"}}, {"type": "Feature", "geometry": {"type": "Polygon", "coordinates": [[[77.69, 12.879999999999999], [77.71, 12.879999999999999], [77.71, 12.899999999999999], [77.69, 12.899999999999999], [77.69, 12.879999999999999]]]}, "properties": {"cell_id": "blr_0377", "flood_depth_m": {"rp10": 0.06, "rp100": 0.16}, "glof_depth_m": 0.0, "landslide_prob": 0.008, "population": 1158, "critical_assets": [], "eal_people": 17.801, "eal_usd": 44502.0, "observed_flood_frac": null, "modeled_flood_frac": 0.09, "elev_m": 901.2, "slope_deg": 1.0, "n_lakes": 0, "n_drains": 0, "low_income_score": 0.15, "equity_weight": 1.075, "scenario": "with_preventive_measures", "people_risk_eal": 17.801, "modeled_reduction_pct": 0.0, "data_status": "counterfactual simulation using literature-based intervention effects; not an observed intervention trial"}}, {"type": "Feature", "geometry": {"type": "Polygon", "coordinates": [[[77.71, 12.879999999999999], [77.72999999999999, 12.879999999999999], [77.72999999999999, 12.899999999999999], [77.71, 12.899999999999999], [77.71, 12.879999999999999]]]}, "properties": {"cell_id": "blr_0378", "flood_depth_m": {"rp10": 0.03, "rp100": 0.07}, "glof_depth_m": 0.0, "landslide_prob": 0.008, "population": 1115, "critical_assets": [], "eal_people": 12.945, "eal_usd": 32362.0, "observed_flood_frac": null, "modeled_flood_frac": 0.04, "elev_m": 897.7, "slope_deg": 1.0, "n_lakes": 0, "n_drains": 0, "low_income_score": 0.15, "equity_weight": 1.075, "scenario": "with_preventive_measures", "people_risk_eal": 12.945, "modeled_reduction_pct": 0.0, "data_status": "counterfactual simulation using literature-based intervention effects; not an observed intervention trial"}}, {"type": "Feature", "geometry": {"type": "Polygon", "coordinates": [[[77.72999999999999, 12.879999999999999], [77.75, 12.879999999999999], [77.75, 12.899999999999999], [77.72999999999999, 12.899999999999999], [77.72999999999999, 12.879999999999999]]]}, "properties": {"cell_id": "blr_0379", "flood_depth_m": {"rp10": 0.04, "rp100": 0.09}, "glof_depth_m": 0.0, "landslide_prob": 0.009, "population": 4816, "critical_assets": [], "eal_people": 66.461, "eal_usd": 166152.0, "observed_flood_frac": null, "modeled_flood_frac": 0.05, "elev_m": 906.1, "slope_deg": 1.1, "n_lakes": 0, "n_drains": 0, "low_income_score": 0.4, "equity_weight": 1.2, "scenario": "with_preventive_measures", "people_risk_eal": 66.461, "modeled_reduction_pct": 0.0, "data_status": "counterfactual simulation using literature-based intervention effects; not an observed intervention trial"}}, {"type": "Feature", "geometry": {"type": "Polygon", "coordinates": [[[77.75, 12.879999999999999], [77.77, 12.879999999999999], [77.77, 12.899999999999999], [77.75, 12.899999999999999], [77.75, 12.879999999999999]]]}, "properties": {"cell_id": "blr_0380", "flood_depth_m": {"rp10": 0.12, "rp100": 0.3}, "glof_depth_m": 0.0, "landslide_prob": 0.008, "population": 5758, "critical_assets": ["lake"], "eal_people": 173.431, "eal_usd": 433578.0, "observed_flood_frac": null, "modeled_flood_frac": 0.03, "elev_m": 893.2, "slope_deg": 0.9, "n_lakes": 1, "n_drains": 0, "low_income_score": 0.4, "equity_weight": 1.2, "scenario": "with_preventive_measures", "people_risk_eal": 173.431, "modeled_reduction_pct": 0.0, "data_status": "counterfactual simulation using literature-based intervention effects; not an observed intervention trial"}}, {"type": "Feature", "geometry": {"type": "Polygon", "coordinates": [[[77.77, 12.879999999999999], [77.78999999999999, 12.879999999999999], [77.78999999999999, 12.899999999999999], [77.77, 12.899999999999999], [77.77, 12.879999999999999]]]}, "properties": {"cell_id": "blr_0381", "flood_depth_m": {"rp10": 0.06, "rp100": 0.16}, "glof_depth_m": 0.0, "landslide_prob": 0.007, "population": 3563, "critical_assets": [], "eal_people": 54.772, "eal_usd": 136930.0, "observed_flood_frac": null, "modeled_flood_frac": 0.09, "elev_m": 887.7, "slope_deg": 0.9, "n_lakes": 0, "n_drains": 0, "low_income_score": 0.15, "equity_weight": 1.075, "scenario": "with_preventive_measures", "people_risk_eal": 54.772, "modeled_reduction_pct": 0.0, "data_status": "counterfactual simulation using literature-based intervention effects; not an observed intervention trial"}}, {"type": "Feature", "geometry": {"type": "Polygon", "coordinates": [[[77.78999999999999, 12.879999999999999], [77.80999999999999, 12.879999999999999], [77.80999999999999, 12.899999999999999], [77.78999999999999, 12.899999999999999], [77.78999999999999, 12.879999999999999]]]}, "properties": {"cell_id": "blr_0382", "flood_depth_m": {"rp10": 0.04, "rp100": 0.09}, "glof_depth_m": 0.0, "landslide_prob": 0.008, "population": 2817, "critical_assets": [], "eal_people": 34.825, "eal_usd": 87062.0, "observed_flood_frac": null, "modeled_flood_frac": 0.05, "elev_m": 873.1, "slope_deg": 0.9, "n_lakes": 0, "n_drains": 0, "low_income_score": 0.15, "equity_weight": 1.075, "scenario": "with_preventive_measures", "people_risk_eal": 34.825, "modeled_reduction_pct": 0.0, "data_status": "counterfactual simulation using literature-based intervention effects; not an observed intervention trial"}}, {"type": "Feature", "geometry": {"type": "Polygon", "coordinates": [[[77.80999999999999, 12.879999999999999], [77.83, 12.879999999999999], [77.83, 12.899999999999999], [77.80999999999999, 12.899999999999999], [77.80999999999999, 12.879999999999999]]]}, "properties": {"cell_id": "blr_0383", "flood_depth_m": {"rp10": 0.02, "rp100": 0.05}, "glof_depth_m": 0.0, "landslide_prob": 0.008, "population": 3082, "critical_assets": [], "eal_people": 31.144, "eal_usd": 77860.0, "observed_flood_frac": null, "modeled_flood_frac": 0.02, "elev_m": 858.5, "slope_deg": 0.9, "n_lakes": 0, "n_drains": 0, "low_income_score": 0.15, "equity_weight": 1.075, "scenario": "with_preventive_measures", "people_risk_eal": 31.144, "modeled_reduction_pct": 0.0, "data_status": "counterfactual simulation using literature-based intervention effects; not an observed intervention trial"}}, {"type": "Feature", "geometry": {"type": "Polygon", "coordinates": [[[77.35, 12.86], [77.36999999999999, 12.86], [77.36999999999999, 12.879999999999999], [77.35, 12.879999999999999], [77.35, 12.86]]]}, "properties": {"cell_id": "blr_0384", "flood_depth_m": {"rp10": 0.63, "rp100": 1.58}, "glof_depth_m": 0.0, "landslide_prob": 0.016, "population": 742, "critical_assets": [], "eal_people": 55.516, "eal_usd": 138790.0, "observed_flood_frac": null, "modeled_flood_frac": 0.88, "elev_m": 786.4, "slope_deg": 1.9, "n_lakes": 0, "n_drains": 0, "low_income_score": 0.15, "equity_weight": 1.075, "scenario": "with_preventive_measures", "people_risk_eal": 55.516, "modeled_reduction_pct": 0.0, "data_status": "counterfactual simulation using literature-based intervention effects; not an observed intervention trial"}}, {"type": "Feature", "geometry": {"type": "Polygon", "coordinates": [[[77.36999999999999, 12.86], [77.39, 12.86], [77.39, 12.879999999999999], [77.36999999999999, 12.879999999999999], [77.36999999999999, 12.86]]]}, "properties": {"cell_id": "blr_0385", "flood_depth_m": {"rp10": 0.71, "rp100": 1.78}, "glof_depth_m": 0.0, "landslide_prob": 0.017, "population": 700, "critical_assets": [], "eal_people": 58.168, "eal_usd": 145420.0, "observed_flood_frac": null, "modeled_flood_frac": 0.99, "elev_m": 775.2, "slope_deg": 2.0, "n_lakes": 0, "n_drains": 0, "low_income_score": 0.15, "equity_weight": 1.075, "scenario": "with_preventive_measures", "people_risk_eal": 58.168, "modeled_reduction_pct": 0.0, "data_status": "counterfactual simulation using literature-based intervention effects; not an observed intervention trial"}}, {"type": "Feature", "geometry": {"type": "Polygon", "coordinates": [[[77.39, 12.86], [77.41, 12.86], [77.41, 12.879999999999999], [77.39, 12.879999999999999], [77.39, 12.86]]]}, "properties": {"cell_id": "blr_0386", "flood_depth_m": {"rp10": 0.5, "rp100": 1.26}, "glof_depth_m": 0.0, "landslide_prob": 0.017, "population": 1339, "critical_assets": [], "eal_people": 82.047, "eal_usd": 205118.0, "observed_flood_frac": null, "modeled_flood_frac": 0.7, "elev_m": 809.7, "slope_deg": 2.1, "n_lakes": 0, "n_drains": 0, "low_income_score": 0.15, "equity_weight": 1.075, "scenario": "with_preventive_measures", "people_risk_eal": 82.047, "modeled_reduction_pct": 0.0, "data_status": "counterfactual simulation using literature-based intervention effects; not an observed intervention trial"}}, {"type": "Feature", "geometry": {"type": "Polygon", "coordinates": [[[77.41, 12.86], [77.42999999999999, 12.86], [77.42999999999999, 12.879999999999999], [77.41, 12.879999999999999], [77.41, 12.86]]]}, "properties": {"cell_id": "blr_0387", "flood_depth_m": {"rp10": 0.72, "rp100": 1.8}, "glof_depth_m": 0.0, "landslide_prob": 0.012, "population": 947, "critical_assets": [], "eal_people": 79.406, "eal_usd": 198515.0, "observed_flood_frac": null, "modeled_flood_frac": 1.0, "elev_m": 793.4, "slope_deg": 1.4, "n_lakes": 0, "n_drains": 0, "low_income_score": 0.15, "equity_weight": 1.075, "scenario": "with_preventive_measures", "people_risk_eal": 79.406, "modeled_reduction_pct": 0.0, "data_status": "counterfactual simulation using literature-based intervention effects; not an observed intervention trial"}}, {"type": "Feature", "geometry": {"type": "Polygon", "coordinates": [[[77.42999999999999, 12.86], [77.44999999999999, 12.86], [77.44999999999999, 12.879999999999999], [77.42999999999999, 12.879999999999999], [77.42999999999999, 12.86]]]}, "properties": {"cell_id": "blr_0388", "flood_depth_m": {"rp10": 0.72, "rp100": 1.8}, "glof_depth_m": 0.0, "landslide_prob": 0.011, "population": 2461, "critical_assets": [], "eal_people": 206.355, "eal_usd": 515888.0, "observed_flood_frac": null, "modeled_flood_frac": 1.0, "elev_m": 762.7, "slope_deg": 1.3, "n_lakes": 0, "n_drains": 0, "low_income_score": 0.15, "equity_weight": 1.075, "scenario": "with_preventive_measures", "people_risk_eal": 206.355, "modeled_reduction_pct": 0.0, "data_status": "counterfactual simulation using literature-based intervention effects; not an observed intervention trial"}}, {"type": "Feature", "geometry": {"type": "Polygon", "coordinates": [[[77.44999999999999, 12.86], [77.47, 12.86], [77.47, 12.879999999999999], [77.44999999999999, 12.879999999999999], [77.44999999999999, 12.86]]]}, "properties": {"cell_id": "blr_0389", "flood_depth_m": {"rp10": 0.72, "rp100": 1.8}, "glof_depth_m": 0.0, "landslide_prob": 0.013, "population": 1393, "critical_assets": [], "eal_people": 116.803, "eal_usd": 292008.0, "observed_flood_frac": null, "modeled_flood_frac": 1.0, "elev_m": 767.7, "slope_deg": 1.5, "n_lakes": 0, "n_drains": 0, "low_income_score": 0.15, "equity_weight": 1.075, "scenario": "with_preventive_measures", "people_risk_eal": 116.803, "modeled_reduction_pct": 0.0, "data_status": "counterfactual simulation using literature-based intervention effects; not an observed intervention trial"}}, {"type": "Feature", "geometry": {"type": "Polygon", "coordinates": [[[77.47, 12.86], [77.49, 12.86], [77.49, 12.879999999999999], [77.47, 12.879999999999999], [77.47, 12.86]]]}, "properties": {"cell_id": "blr_0390", "flood_depth_m": {"rp10": 0.72, "rp100": 1.8}, "glof_depth_m": 0.0, "landslide_prob": 0.012, "population": 1143, "critical_assets": [], "eal_people": 95.841, "eal_usd": 239602.0, "observed_flood_frac": null, "modeled_flood_frac": 1.0, "elev_m": 788.0, "slope_deg": 1.5, "n_lakes": 0, "n_drains": 0, "low_income_score": 0.15, "equity_weight": 1.075, "scenario": "with_preventive_measures", "people_risk_eal": 95.841, "modeled_reduction_pct": 0.0, "data_status": "counterfactual simulation using literature-based intervention effects; not an observed intervention trial"}}, {"type": "Feature", "geometry": {"type": "Polygon", "coordinates": [[[77.49, 12.86], [77.50999999999999, 12.86], [77.50999999999999, 12.879999999999999], [77.49, 12.879999999999999], [77.49, 12.86]]]}, "properties": {"cell_id": "blr_0391", "flood_depth_m": {"rp10": 0.46, "rp100": 1.15}, "glof_depth_m": 0.0, "landslide_prob": 0.019, "population": 1092, "critical_assets": ["lake"], "eal_people": 68.086, "eal_usd": 170215.0, "observed_flood_frac": null, "modeled_flood_frac": 0.5, "elev_m": 816.1, "slope_deg": 2.3, "n_lakes": 1, "n_drains": 2, "low_income_score": 0.15, "equity_weight": 1.075, "scenario": "with_preventive_measures", "people_risk_eal": 68.086, "modeled_reduction_pct": 0.0, "data_status": "counterfactual simulation using literature-based intervention effects; not an observed intervention trial"}}, {"type": "Feature", "geometry": {"type": "Polygon", "coordinates": [[[77.50999999999999, 12.86], [77.53, 12.86], [77.53, 12.879999999999999], [77.50999999999999, 12.879999999999999], [77.50999999999999, 12.86]]]}, "properties": {"cell_id": "blr_0392", "flood_depth_m": {"rp10": 0.06, "rp100": 0.14}, "glof_depth_m": 0.0, "landslide_prob": 0.02, "population": 1397, "critical_assets": [], "eal_people": 20.424, "eal_usd": 51060.0, "observed_flood_frac": null, "modeled_flood_frac": 0.08, "elev_m": 865.7, "slope_deg": 2.4, "n_lakes": 0, "n_drains": 0, "low_income_score": 0.15, "equity_weight": 1.075, "scenario": "with_preventive_measures", "people_risk_eal": 20.424, "modeled_reduction_pct": 0.0, "data_status": "counterfactual simulation using literature-based intervention effects; not an observed intervention trial"}}, {"type": "Feature", "geometry": {"type": "Polygon", "coordinates": [[[77.53, 12.86], [77.55, 12.86], [77.55, 12.879999999999999], [77.53, 12.879999999999999], [77.53, 12.86]]]}, "properties": {"cell_id": "blr_0393", "flood_depth_m": {"rp10": 0.04, "rp100": 0.09}, "glof_depth_m": 0.0, "landslide_prob": 0.013, "population": 1778, "critical_assets": [], "eal_people": 21.981, "eal_usd": 54953.0, "observed_flood_frac": null, "modeled_flood_frac": 0.05, "elev_m": 877.6, "slope_deg": 1.6, "n_lakes": 0, "n_drains": 0, "low_income_score": 0.15, "equity_weight": 1.075, "scenario": "with_preventive_measures", "people_risk_eal": 21.981, "modeled_reduction_pct": 0.0, "data_status": "counterfactual simulation using literature-based intervention effects; not an observed intervention trial"}}, {"type": "Feature", "geometry": {"type": "Polygon", "coordinates": [[[77.55, 12.86], [77.57, 12.86], [77.57, 12.879999999999999], [77.55, 12.879999999999999], [77.55, 12.86]]]}, "properties": {"cell_id": "blr_0394", "flood_depth_m": {"rp10": 0.1, "rp100": 0.25}, "glof_depth_m": 0.0, "landslide_prob": 0.015, "population": 1936, "critical_assets": ["lake"], "eal_people": 47.868, "eal_usd": 119670.0, "observed_flood_frac": null, "modeled_flood_frac": 0.0, "elev_m": 900.4, "slope_deg": 1.8, "n_lakes": 1, "n_drains": 0, "low_income_score": 0.15, "equity_weight": 1.075, "scenario": "with_preventive_measures", "people_risk_eal": 47.868, "modeled_reduction_pct": 0.0, "data_status": "counterfactual simulation using literature-based intervention effects; not an observed intervention trial"}}, {"type": "Feature", "geometry": {"type": "Polygon", "coordinates": [[[77.57, 12.86], [77.58999999999999, 12.86], [77.58999999999999, 12.879999999999999], [77.57, 12.879999999999999], [77.57, 12.86]]]}, "properties": {"cell_id": "blr_0395", "flood_depth_m": {"rp10": 0.16, "rp100": 0.41}, "glof_depth_m": 0.0, "landslide_prob": 0.01, "population": 2873, "critical_assets": ["lake"], "eal_people": 90.492, "eal_usd": 226230.0, "observed_flood_frac": null, "modeled_flood_frac": 0.09, "elev_m": 928.6, "slope_deg": 1.2, "n_lakes": 1, "n_drains": 0, "low_income_score": 0.15, "equity_weight": 1.075, "scenario": "with_preventive_measures", "people_risk_eal": 90.492, "modeled_reduction_pct": 0.0, "data_status": "counterfactual simulation using literature-based intervention effects; not an observed intervention trial"}}, {"type": "Feature", "geometry": {"type": "Polygon", "coordinates": [[[77.58999999999999, 12.86], [77.61, 12.86], [77.61, 12.879999999999999], [77.58999999999999, 12.879999999999999], [77.58999999999999, 12.86]]]}, "properties": {"cell_id": "blr_0396", "flood_depth_m": {"rp10": 0.11, "rp100": 0.27}, "glof_depth_m": 0.0, "landslide_prob": 0.011, "population": 3856, "critical_assets": ["lake", "school"], "eal_people": 98.241, "eal_usd": 245602.0, "observed_flood_frac": null, "modeled_flood_frac": 0.01, "elev_m": 910.0, "slope_deg": 1.3, "n_lakes": 1, "n_drains": 0, "low_income_score": 0.15, "equity_weight": 1.075, "scenario": "with_preventive_measures", "people_risk_eal": 98.241, "modeled_reduction_pct": 0.0, "data_status": "counterfactual simulation using literature-based intervention effects; not an observed intervention trial"}}, {"type": "Feature", "geometry": {"type": "Polygon", "coordinates": [[[77.61, 12.86], [77.63, 12.86], [77.63, 12.879999999999999], [77.61, 12.879999999999999], [77.61, 12.86]]]}, "properties": {"cell_id": "blr_0397", "flood_depth_m": {"rp10": 0.23, "rp100": 0.57}, "glof_depth_m": 0.0, "landslide_prob": 0.01, "population": 2348, "critical_assets": ["lake", "school", "clinic", "school"], "eal_people": 65.122, "eal_usd": 162805.0, "observed_flood_frac": null, "modeled_flood_frac": 0.04, "elev_m": 907.3, "slope_deg": 1.2, "n_lakes": 2, "n_drains": 0, "low_income_score": 0.15, "equity_weight": 1.075, "scenario": "with_preventive_measures", "people_risk_eal": 65.122, "modeled_reduction_pct": 0.0, "data_status": "counterfactual simulation using literature-based intervention effects; not an observed intervention trial"}}, {"type": "Feature", "geometry": {"type": "Polygon", "coordinates": [[[77.63, 12.86], [77.64999999999999, 12.86], [77.64999999999999, 12.879999999999999], [77.63, 12.879999999999999], [77.63, 12.86]]]}, "properties": {"cell_id": "blr_0398", "flood_depth_m": {"rp10": 0.42, "rp100": 1.04}, "glof_depth_m": 0.0, "landslide_prob": 0.01, "population": 2393, "critical_assets": ["lake", "clinic", "clinic"], "eal_people": 62.768, "eal_usd": 156920.0, "observed_flood_frac": null, "modeled_flood_frac": 0.02, "elev_m": 908.2, "slope_deg": 1.2, "n_lakes": 4, "n_drains": 0, "low_income_score": 0.15, "equity_weight": 1.075, "scenario": "with_preventive_measures", "people_risk_eal": 62.768, "modeled_reduction_pct": 0.0, "data_status": "counterfactual simulation using literature-based intervention effects; not an observed intervention trial"}}, {"type": "Feature", "geometry": {"type": "Polygon", "coordinates": [[[77.64999999999999, 12.86], [77.66999999999999, 12.86], [77.66999999999999, 12.879999999999999], [77.64999999999999, 12.879999999999999], [77.64999999999999, 12.86]]]}, "properties": {"cell_id": "blr_0399", "flood_depth_m": {"rp10": 0.07, "rp100": 0.18}, "glof_depth_m": 0.0, "landslide_prob": 0.009, "population": 3690, "critical_assets": [], "eal_people": 59.501, "eal_usd": 148752.0, "observed_flood_frac": null, "modeled_flood_frac": 0.1, "elev_m": 917.2, "slope_deg": 1.1, "n_lakes": 0, "n_drains": 0, "low_income_score": 0.15, "equity_weight": 1.075, "scenario": "with_preventive_measures", "people_risk_eal": 59.501, "modeled_reduction_pct": 0.0, "data_status": "counterfactual simulation using literature-based intervention effects; not an observed intervention trial"}}, {"type": "Feature", "geometry": {"type": "Polygon", "coordinates": [[[77.66999999999999, 12.86], [77.69, 12.86], [77.69, 12.879999999999999], [77.66999999999999, 12.879999999999999], [77.66999999999999, 12.86]]]}, "properties": {"cell_id": "blr_0400", "flood_depth_m": {"rp10": 0.12, "rp100": 0.3}, "glof_depth_m": 0.0, "landslide_prob": 0.009, "population": 6470, "critical_assets": ["lake"], "eal_people": 194.876, "eal_usd": 487190.0, "observed_flood_frac": null, "modeled_flood_frac": 0.03, "elev_m": 908.2, "slope_deg": 1.0, "n_lakes": 1, "n_drains": 0, "low_income_score": 0.4, "equity_weight": 1.2, "scenario": "with_preventive_measures", "people_risk_eal": 194.876, "modeled_reduction_pct": 0.0, "data_status": "counterfactual simulation using literature-based intervention effects; not an observed intervention trial"}}, {"type": "Feature", "geometry": {"type": "Polygon", "coordinates": [[[77.69, 12.86], [77.71, 12.86], [77.71, 12.879999999999999], [77.69, 12.879999999999999], [77.69, 12.86]]]}, "properties": {"cell_id": "blr_0401", "flood_depth_m": {"rp10": 0.13, "rp100": 0.32}, "glof_depth_m": 0.0, "landslide_prob": 0.009, "population": 5481, "critical_assets": ["lake"], "eal_people": 169.692, "eal_usd": 424230.0, "observed_flood_frac": null, "modeled_flood_frac": 0.04, "elev_m": 900.3, "slope_deg": 1.1, "n_lakes": 1, "n_drains": 0, "low_income_score": 0.4, "equity_weight": 1.2, "scenario": "with_preventive_measures", "people_risk_eal": 169.692, "modeled_reduction_pct": 0.0, "data_status": "counterfactual simulation using literature-based intervention effects; not an observed intervention trial"}}, {"type": "Feature", "geometry": {"type": "Polygon", "coordinates": [[[77.71, 12.86], [77.72999999999999, 12.86], [77.72999999999999, 12.879999999999999], [77.71, 12.879999999999999], [77.71, 12.86]]]}, "properties": {"cell_id": "blr_0402", "flood_depth_m": {"rp10": 0.13, "rp100": 0.32}, "glof_depth_m": 0.0, "landslide_prob": 0.008, "population": 3989, "critical_assets": ["lake", "school"], "eal_people": 110.635, "eal_usd": 276588.0, "observed_flood_frac": null, "modeled_flood_frac": 0.04, "elev_m": 899.6, "slope_deg": 0.9, "n_lakes": 1, "n_drains": 0, "low_income_score": 0.15, "equity_weight": 1.075, "scenario": "with_preventive_measures", "people_risk_eal": 110.635, "modeled_reduction_pct": 0.0, "data_status": "counterfactual simulation using literature-based intervention effects; not an observed intervention trial"}}, {"type": "Feature", "geometry": {"type": "Polygon", "coordinates": [[[77.72999999999999, 12.86], [77.75, 12.86], [77.75, 12.879999999999999], [77.72999999999999, 12.879999999999999], [77.72999999999999, 12.86]]]}, "properties": {"cell_id": "blr_0403", "flood_depth_m": {"rp10": 0.05, "rp100": 0.13}, "glof_depth_m": 0.0, "landslide_prob": 0.008, "population": 5003, "critical_assets": [], "eal_people": 77.446, "eal_usd": 193615.0, "observed_flood_frac": null, "modeled_flood_frac": 0.07, "elev_m": 902.8, "slope_deg": 0.9, "n_lakes": 0, "n_drains": 0, "low_income_score": 0.4, "equity_weight": 1.2, "scenario": "with_preventive_measures", "people_risk_eal": 77.446, "modeled_reduction_pct": 0.0, "data_status": "counterfactual simulation using literature-based intervention effects; not an observed intervention trial"}}, {"type": "Feature", "geometry": {"type": "Polygon", "coordinates": [[[77.75, 12.86], [77.77, 12.86], [77.77, 12.879999999999999], [77.75, 12.879999999999999], [77.75, 12.86]]]}, "properties": {"cell_id": "blr_0404", "flood_depth_m": {"rp10": 0.02, "rp100": 0.05}, "glof_depth_m": 0.0, "landslide_prob": 0.007, "population": 6102, "critical_assets": [], "eal_people": 73.956, "eal_usd": 184890.0, "observed_flood_frac": null, "modeled_flood_frac": 0.03, "elev_m": 889.1, "slope_deg": 0.8, "n_lakes": 0, "n_drains": 0, "low_income_score": 0.4, "equity_weight": 1.2, "scenario": "with_preventive_measures", "people_risk_eal": 73.956, "modeled_reduction_pct": 0.0, "data_status": "counterfactual simulation using literature-based intervention effects; not an observed intervention trial"}}, {"type": "Feature", "geometry": {"type": "Polygon", "coordinates": [[[77.77, 12.86], [77.78999999999999, 12.86], [77.78999999999999, 12.879999999999999], [77.77, 12.879999999999999], [77.77, 12.86]]]}, "properties": {"cell_id": "blr_0405", "flood_depth_m": {"rp10": 0.02, "rp100": 0.05}, "glof_depth_m": 0.0, "landslide_prob": 0.007, "population": 6497, "critical_assets": [], "eal_people": 78.744, "eal_usd": 196860.0, "observed_flood_frac": null, "modeled_flood_frac": 0.03, "elev_m": 877.4, "slope_deg": 0.9, "n_lakes": 0, "n_drains": 0, "low_income_score": 0.4, "equity_weight": 1.2, "scenario": "with_preventive_measures", "people_risk_eal": 78.744, "modeled_reduction_pct": 0.0, "data_status": "counterfactual simulation using literature-based intervention effects; not an observed intervention trial"}}, {"type": "Feature", "geometry": {"type": "Polygon", "coordinates": [[[77.78999999999999, 12.86], [77.80999999999999, 12.86], [77.80999999999999, 12.879999999999999], [77.78999999999999, 12.879999999999999], [77.78999999999999, 12.86]]]}, "properties": {"cell_id": "blr_0406", "flood_depth_m": {"rp10": 0.03, "rp100": 0.07}, "glof_depth_m": 0.0, "landslide_prob": 0.007, "population": 5103, "critical_assets": [], "eal_people": 66.135, "eal_usd": 165338.0, "observed_flood_frac": null, "modeled_flood_frac": 0.04, "elev_m": 867.2, "slope_deg": 0.9, "n_lakes": 0, "n_drains": 0, "low_income_score": 0.4, "equity_weight": 1.2, "scenario": "with_preventive_measures", "people_risk_eal": 66.135, "modeled_reduction_pct": 0.0, "data_status": "counterfactual simulation using literature-based intervention effects; not an observed intervention trial"}}, {"type": "Feature", "geometry": {"type": "Polygon", "coordinates": [[[77.80999999999999, 12.86], [77.83, 12.86], [77.83, 12.879999999999999], [77.80999999999999, 12.879999999999999], [77.80999999999999, 12.86]]]}, "properties": {"cell_id": "blr_0407", "flood_depth_m": {"rp10": 0.03, "rp100": 0.07}, "glof_depth_m": 0.0, "landslide_prob": 0.008, "population": 3393, "critical_assets": [], "eal_people": 39.393, "eal_usd": 98482.0, "observed_flood_frac": null, "modeled_flood_frac": 0.04, "elev_m": 858.8, "slope_deg": 1.0, "n_lakes": 0, "n_drains": 0, "low_income_score": 0.15, "equity_weight": 1.075, "scenario": "with_preventive_measures", "people_risk_eal": 39.393, "modeled_reduction_pct": 0.0, "data_status": "counterfactual simulation using literature-based intervention effects; not an observed intervention trial"}}, {"type": "Feature", "geometry": {"type": "Polygon", "coordinates": [[[77.35, 12.84], [77.36999999999999, 12.84], [77.36999999999999, 12.86], [77.35, 12.86], [77.35, 12.84]]]}, "properties": {"cell_id": "blr_0408", "flood_depth_m": {"rp10": 0.65, "rp100": 1.62}, "glof_depth_m": 0.0, "landslide_prob": 0.019, "population": 1679, "critical_assets": [], "eal_people": 128.15, "eal_usd": 320375.0, "observed_flood_frac": null, "modeled_flood_frac": 0.9, "elev_m": 771.5, "slope_deg": 2.3, "n_lakes": 0, "n_drains": 0, "low_income_score": 0.15, "equity_weight": 1.075, "scenario": "with_preventive_measures", "people_risk_eal": 128.15, "modeled_reduction_pct": 0.0, "data_status": "counterfactual simulation using literature-based intervention effects; not an observed intervention trial"}}, {"type": "Feature", "geometry": {"type": "Polygon", "coordinates": [[[77.36999999999999, 12.84], [77.39, 12.84], [77.39, 12.86], [77.36999999999999, 12.86], [77.36999999999999, 12.84]]]}, "properties": {"cell_id": "blr_0409", "flood_depth_m": {"rp10": 0.72, "rp100": 1.8}, "glof_depth_m": 0.0, "landslide_prob": 0.012, "population": 1350, "critical_assets": [], "eal_people": 113.198, "eal_usd": 282995.0, "observed_flood_frac": null, "modeled_flood_frac": 1.0, "elev_m": 759.4, "slope_deg": 1.4, "n_lakes": 0, "n_drains": 0, "low_income_score": 0.15, "equity_weight": 1.075, "scenario": "with_preventive_measures", "people_risk_eal": 113.198, "modeled_reduction_pct": 0.0, "data_status": "counterfactual simulation using literature-based intervention effects; not an observed intervention trial"}}, {"type": "Feature", "geometry": {"type": "Polygon", "coordinates": [[[77.39, 12.84], [77.41, 12.84], [77.41, 12.86], [77.39, 12.86], [77.39, 12.84]]]}, "properties": {"cell_id": "blr_0410", "flood_depth_m": {"rp10": 0.72, "rp100": 1.8}, "glof_depth_m": 0.0, "landslide_prob": 0.016, "population": 1772, "critical_assets": [], "eal_people": 148.582, "eal_usd": 371455.0, "observed_flood_frac": null, "modeled_flood_frac": 1.0, "elev_m": 786.2, "slope_deg": 2.0, "n_lakes": 0, "n_drains": 0, "low_income_score": 0.15, "equity_weight": 1.075, "scenario": "with_preventive_measures", "people_risk_eal": 148.582, "modeled_reduction_pct": 0.0, "data_status": "counterfactual simulation using literature-based intervention effects; not an observed intervention trial"}}, {"type": "Feature", "geometry": {"type": "Polygon", "coordinates": [[[77.41, 12.84], [77.42999999999999, 12.84], [77.42999999999999, 12.86], [77.41, 12.86], [77.41, 12.84]]]}, "properties": {"cell_id": "blr_0411", "flood_depth_m": {"rp10": 0.82, "rp100": 2.05}, "glof_depth_m": 0.0, "landslide_prob": 0.013, "population": 1827, "critical_assets": ["lake"], "eal_people": 182.654, "eal_usd": 456635.0, "observed_flood_frac": null, "modeled_flood_frac": 1.0, "elev_m": 772.3, "slope_deg": 1.5, "n_lakes": 1, "n_drains": 0, "low_income_score": 0.15, "equity_weight": 1.075, "scenario": "with_preventive_measures", "people_risk_eal": 182.654, "modeled_reduction_pct": 0.0, "data_status": "counterfactual simulation using literature-based intervention effects; not an observed intervention trial"}}, {"type": "Feature", "geometry": {"type": "Polygon", "coordinates": [[[77.42999999999999, 12.84], [77.44999999999999, 12.84], [77.44999999999999, 12.86], [77.42999999999999, 12.86], [77.42999999999999, 12.84]]]}, "properties": {"cell_id": "blr_0412", "flood_depth_m": {"rp10": 0.72, "rp100": 1.8}, "glof_depth_m": 0.0, "landslide_prob": 0.014, "population": 984, "critical_assets": [], "eal_people": 82.508, "eal_usd": 206270.0, "observed_flood_frac": null, "modeled_flood_frac": 1.0, "elev_m": 752.7, "slope_deg": 1.7, "n_lakes": 0, "n_drains": 0, "low_income_score": 0.15, "equity_weight": 1.075, "scenario": "with_preventive_measures", "people_risk_eal": 82.508, "modeled_reduction_pct": 0.0, "data_status": "counterfactual simulation using literature-based intervention effects; not an observed intervention trial"}}, {"type": "Feature", "geometry": {"type": "Polygon", "coordinates": [[[77.44999999999999, 12.84], [77.47, 12.84], [77.47, 12.86], [77.44999999999999, 12.86], [77.44999999999999, 12.84]]]}, "properties": {"cell_id": "blr_0413", "flood_depth_m": {"rp10": 0.72, "rp100": 1.8}, "glof_depth_m": 0.0, "landslide_prob": 0.012, "population": 767, "critical_assets": [], "eal_people": 64.313, "eal_usd": 160782.0, "observed_flood_frac": null, "modeled_flood_frac": 1.0, "elev_m": 761.7, "slope_deg": 1.5, "n_lakes": 0, "n_drains": 0, "low_income_score": 0.15, "equity_weight": 1.075, "scenario": "with_preventive_measures", "people_risk_eal": 64.313, "modeled_reduction_pct": 0.0, "data_status": "counterfactual simulation using literature-based intervention effects; not an observed intervention trial"}}, {"type": "Feature", "geometry": {"type": "Polygon", "coordinates": [[[77.47, 12.84], [77.49, 12.84], [77.49, 12.86], [77.47, 12.86], [77.47, 12.84]]]}, "properties": {"cell_id": "blr_0414", "flood_depth_m": {"rp10": 0.72, "rp100": 1.8}, "glof_depth_m": 0.0, "landslide_prob": 0.015, "population": 714, "critical_assets": [], "eal_people": 59.869, "eal_usd": 149672.0, "observed_flood_frac": null, "modeled_flood_frac": 1.0, "elev_m": 767.7, "slope_deg": 1.8, "n_lakes": 0, "n_drains": 0, "low_income_score": 0.15, "equity_weight": 1.075, "scenario": "with_preventive_measures", "people_risk_eal": 59.869, "modeled_reduction_pct": 0.0, "data_status": "counterfactual simulation using literature-based intervention effects; not an observed intervention trial"}}, {"type": "Feature", "geometry": {"type": "Polygon", "coordinates": [[[77.49, 12.84], [77.50999999999999, 12.84], [77.50999999999999, 12.86], [77.49, 12.86], [77.49, 12.84]]]}, "properties": {"cell_id": "blr_0415", "flood_depth_m": {"rp10": 0.76, "rp100": 1.91}, "glof_depth_m": 0.0, "landslide_prob": 0.018, "population": 794, "critical_assets": ["lake"], "eal_people": 74.6, "eal_usd": 186500.0, "observed_flood_frac": null, "modeled_flood_frac": 0.92, "elev_m": 793.4, "slope_deg": 2.2, "n_lakes": 1, "n_drains": 0, "low_income_score": 0.15, "equity_weight": 1.075, "scenario": "with_preventive_measures", "people_risk_eal": 74.6, "modeled_reduction_pct": 0.0, "data_status": "counterfactual simulation using literature-based intervention effects; not an observed intervention trial"}}, {"type": "Feature", "geometry": {"type": "Polygon", "coordinates": [[[77.50999999999999, 12.84], [77.53, 12.84], [77.53, 12.86], [77.50999999999999, 12.86], [77.50999999999999, 12.84]]]}, "properties": {"cell_id": "blr_0416", "flood_depth_m": {"rp10": 0.14, "rp100": 0.34}, "glof_depth_m": 0.0, "landslide_prob": 0.016, "population": 1073, "critical_assets": [], "eal_people": 24.569, "eal_usd": 61422.0, "observed_flood_frac": null, "modeled_flood_frac": 0.19, "elev_m": 830.1, "slope_deg": 1.9, "n_lakes": 0, "n_drains": 0, "low_income_score": 0.15, "equity_weight": 1.075, "scenario": "with_preventive_measures", "people_risk_eal": 24.569, "modeled_reduction_pct": 0.0, "data_status": "counterfactual simulation using literature-based intervention effects; not an observed intervention trial"}}, {"type": "Feature", "geometry": {"type": "Polygon", "coordinates": [[[77.53, 12.84], [77.55, 12.84], [77.55, 12.86], [77.53, 12.86], [77.53, 12.84]]]}, "properties": {"cell_id": "blr_0417", "flood_depth_m": {"rp10": 0.16, "rp100": 0.4}, "glof_depth_m": 0.0, "landslide_prob": 0.02, "population": 1386, "critical_assets": [], "eal_people": 34.865, "eal_usd": 87162.0, "observed_flood_frac": null, "modeled_flood_frac": 0.22, "elev_m": 838.9, "slope_deg": 2.4, "n_lakes": 0, "n_drains": 0, "low_income_score": 0.15, "equity_weight": 1.075, "scenario": "with_preventive_measures", "people_risk_eal": 34.865, "modeled_reduction_pct": 0.0, "data_status": "counterfactual simulation using literature-based intervention effects; not an observed intervention trial"}}, {"type": "Feature", "geometry": {"type": "Polygon", "coordinates": [[[77.55, 12.84], [77.57, 12.84], [77.57, 12.86], [77.55, 12.86], [77.55, 12.84]]]}, "properties": {"cell_id": "blr_0418", "flood_depth_m": {"rp10": 0.13, "rp100": 0.32}, "glof_depth_m": 0.0, "landslide_prob": 0.017, "population": 1515, "critical_assets": ["lake"], "eal_people": 42.019, "eal_usd": 105048.0, "observed_flood_frac": null, "modeled_flood_frac": 0.04, "elev_m": 891.1, "slope_deg": 2.1, "n_lakes": 1, "n_drains": 0, "low_income_score": 0.15, "equity_weight": 1.075, "scenario": "with_preventive_measures", "people_risk_eal": 42.019, "modeled_reduction_pct": 0.0, "data_status": "counterfactual simulation using literature-based intervention effects; not an observed intervention trial"}}, {"type": "Feature", "geometry": {"type": "Polygon", "coordinates": [[[77.57, 12.84], [77.58999999999999, 12.84], [77.58999999999999, 12.86], [77.57, 12.86], [77.57, 12.84]]]}, "properties": {"cell_id": "blr_0419", "flood_depth_m": {"rp10": 0.04, "rp100": 0.09}, "glof_depth_m": 0.0, "landslide_prob": 0.015, "population": 1822, "critical_assets": [], "eal_people": 22.524, "eal_usd": 56310.0, "observed_flood_frac": null, "modeled_flood_frac": 0.05, "elev_m": 928.2, "slope_deg": 1.8, "n_lakes": 0, "n_drains": 0, "low_income_score": 0.15, "equity_weight": 1.075, "scenario": "with_preventive_measures", "people_risk_eal": 22.524, "modeled_reduction_pct": 0.0, "data_status": "counterfactual simulation using literature-based intervention effects; not an observed intervention trial"}}, {"type": "Feature", "geometry": {"type": "Polygon", "coordinates": [[[77.58999999999999, 12.84], [77.61, 12.84], [77.61, 12.86], [77.58999999999999, 12.86], [77.58999999999999, 12.84]]]}, "properties": {"cell_id": "blr_0420", "flood_depth_m": {"rp10": 0.23, "rp100": 0.57}, "glof_depth_m": 0.0, "landslide_prob": 0.011, "population": 1716, "critical_assets": ["lake"], "eal_people": 47.593, "eal_usd": 118983.0, "observed_flood_frac": null, "modeled_flood_frac": 0.04, "elev_m": 924.7, "slope_deg": 1.4, "n_lakes": 2, "n_drains": 0, "low_income_score": 0.15, "equity_weight": 1.075, "scenario": "with_preventive_measures", "people_risk_eal": 47.593, "modeled_reduction_pct": 0.0, "data_status": "counterfactual simulation using literature-based intervention effects; not an observed intervention trial"}}, {"type": "Feature", "geometry": {"type": "Polygon", "coordinates": [[[77.61, 12.84], [77.63, 12.84], [77.63, 12.86], [77.61, 12.86], [77.61, 12.84]]]}, "properties": {"cell_id": "blr_0421", "flood_depth_m": {"rp10": 0.14, "rp100": 0.36}, "glof_depth_m": 0.0, "landslide_prob": 0.01, "population": 1678, "critical_assets": ["lake"], "eal_people": 49.065, "eal_usd": 122662.0, "observed_flood_frac": null, "modeled_flood_frac": 0.06, "elev_m": 922.6, "slope_deg": 1.3, "n_lakes": 1, "n_drains": 0, "low_income_score": 0.15, "equity_weight": 1.075, "scenario": "with_preventive_measures", "people_risk_eal": 49.065, "modeled_reduction_pct": 0.0, "data_status": "counterfactual simulation using literature-based intervention effects; not an observed intervention trial"}}, {"type": "Feature", "geometry": {"type": "Polygon", "coordinates": [[[77.63, 12.84], [77.64999999999999, 12.84], [77.64999999999999, 12.86], [77.63, 12.86], [77.63, 12.84]]]}, "properties": {"cell_id": "blr_0422", "flood_depth_m": {"rp10": 0.15, "rp100": 0.38}, "glof_depth_m": 0.0, "landslide_prob": 0.009, "population": 1807, "critical_assets": ["lake", "school", "school", "clinic"], "eal_people": 54.196, "eal_usd": 135490.0, "observed_flood_frac": null, "modeled_flood_frac": 0.07, "elev_m": 925.1, "slope_deg": 1.1, "n_lakes": 1, "n_drains": 0, "low_income_score": 0.15, "equity_weight": 1.075, "scenario": "with_preventive_measures", "people_risk_eal": 54.196, "modeled_reduction_pct": 0.0, "data_status": "counterfactual simulation using literature-based intervention effects; not an observed intervention trial"}}, {"type": "Feature", "geometry": {"type": "Polygon", "coordinates": [[[77.64999999999999, 12.84], [77.66999999999999, 12.84], [77.66999999999999, 12.86], [77.64999999999999, 12.86], [77.64999999999999, 12.84]]]}, "properties": {"cell_id": "blr_0423", "flood_depth_m": {"rp10": 0.47, "rp100": 1.18}, "glof_depth_m": 0.0, "landslide_prob": 0.01, "population": 3763, "critical_assets": ["lake", "clinic", "clinic", "clinic"], "eal_people": 121.357, "eal_usd": 303392.0, "observed_flood_frac": null, "modeled_flood_frac": 0.1, "elev_m": 924.2, "slope_deg": 1.2, "n_lakes": 6, "n_drains": 0, "low_income_score": 0.15, "equity_weight": 1.075, "scenario": "with_preventive_measures", "people_risk_eal": 121.357, "modeled_reduction_pct": 0.0, "data_status": "counterfactual simulation using literature-based intervention effects; not an observed intervention trial"}}, {"type": "Feature", "geometry": {"type": "Polygon", "coordinates": [[[77.66999999999999, 12.84], [77.69, 12.84], [77.69, 12.86], [77.66999999999999, 12.86], [77.66999999999999, 12.84]]]}, "properties": {"cell_id": "blr_0424", "flood_depth_m": {"rp10": 0.28, "rp100": 0.7}, "glof_depth_m": 0.0, "landslide_prob": 0.009, "population": 8626, "critical_assets": ["lake"], "eal_people": 317.782, "eal_usd": 794455.0, "observed_flood_frac": null, "modeled_flood_frac": 0.11, "elev_m": 920.6, "slope_deg": 1.1, "n_lakes": 2, "n_drains": 0, "low_income_score": 0.4, "equity_weight": 1.2, "scenario": "with_preventive_measures", "people_risk_eal": 317.782, "modeled_reduction_pct": 0.0, "data_status": "counterfactual simulation using literature-based intervention effects; not an observed intervention trial"}}, {"type": "Feature", "geometry": {"type": "Polygon", "coordinates": [[[77.69, 12.84], [77.71, 12.84], [77.71, 12.86], [77.69, 12.86], [77.69, 12.84]]]}, "properties": {"cell_id": "blr_0425", "flood_depth_m": {"rp10": 0.02, "rp100": 0.05}, "glof_depth_m": 0.0, "landslide_prob": 0.009, "population": 6954, "critical_assets": [], "eal_people": 78.441, "eal_usd": 196102.0, "observed_flood_frac": null, "modeled_flood_frac": 0.02, "elev_m": 902.2, "slope_deg": 1.1, "n_lakes": 0, "n_drains": 0, "low_income_score": 0.4, "equity_weight": 1.2, "scenario": "with_preventive_measures", "people_risk_eal": 78.441, "modeled_reduction_pct": 0.0, "data_status": "counterfactual simulation using literature-based intervention effects; not an observed intervention trial"}}, {"type": "Feature", "geometry": {"type": "Polygon", "coordinates": [[[77.71, 12.84], [77.72999999999999, 12.84], [77.72999999999999, 12.86], [77.71, 12.86], [77.71, 12.84]]]}, "properties": {"cell_id": "blr_0426", "flood_depth_m": {"rp10": 0.02, "rp100": 0.05}, "glof_depth_m": 0.0, "landslide_prob": 0.008, "population": 6033, "critical_assets": [], "eal_people": 68.052, "eal_usd": 170130.0, "observed_flood_frac": null, "modeled_flood_frac": 0.02, "elev_m": 889.0, "slope_deg": 0.9, "n_lakes": 0, "n_drains": 0, "low_income_score": 0.4, "equity_weight": 1.2, "scenario": "with_preventive_measures", "people_risk_eal": 68.052, "modeled_reduction_pct": 0.0, "data_status": "counterfactual simulation using literature-based intervention effects; not an observed intervention trial"}}, {"type": "Feature", "geometry": {"type": "Polygon", "coordinates": [[[77.72999999999999, 12.84], [77.75, 12.84], [77.75, 12.86], [77.72999999999999, 12.86], [77.72999999999999, 12.84]]]}, "properties": {"cell_id": "blr_0427", "flood_depth_m": {"rp10": 0.03, "rp100": 0.07}, "glof_depth_m": 0.0, "landslide_prob": 0.007, "population": 4293, "critical_assets": [], "eal_people": 55.637, "eal_usd": 139092.0, "observed_flood_frac": null, "modeled_flood_frac": 0.04, "elev_m": 890.0, "slope_deg": 0.9, "n_lakes": 0, "n_drains": 0, "low_income_score": 0.4, "equity_weight": 1.2, "scenario": "with_preventive_measures", "people_risk_eal": 55.637, "modeled_reduction_pct": 0.0, "data_status": "counterfactual simulation using literature-based intervention effects; not an observed intervention trial"}}, {"type": "Feature", "geometry": {"type": "Polygon", "coordinates": [[[77.75, 12.84], [77.77, 12.84], [77.77, 12.86], [77.75, 12.86], [77.75, 12.84]]]}, "properties": {"cell_id": "blr_0428", "flood_depth_m": {"rp10": 0.04, "rp100": 0.11}, "glof_depth_m": 0.0, "landslide_prob": 0.007, "population": 4244, "critical_assets": [], "eal_people": 62.132, "eal_usd": 155330.0, "observed_flood_frac": null, "modeled_flood_frac": 0.06, "elev_m": 894.8, "slope_deg": 0.9, "n_lakes": 0, "n_drains": 0, "low_income_score": 0.4, "equity_weight": 1.2, "scenario": "with_preventive_measures", "people_risk_eal": 62.132, "modeled_reduction_pct": 0.0, "data_status": "counterfactual simulation using literature-based intervention effects; not an observed intervention trial"}}, {"type": "Feature", "geometry": {"type": "Polygon", "coordinates": [[[77.77, 12.84], [77.78999999999999, 12.84], [77.78999999999999, 12.86], [77.77, 12.86], [77.77, 12.84]]]}, "properties": {"cell_id": "blr_0429", "flood_depth_m": {"rp10": 0.04, "rp100": 0.11}, "glof_depth_m": 0.0, "landslide_prob": 0.007, "population": 6457, "critical_assets": [], "eal_people": 94.53, "eal_usd": 236325.0, "observed_flood_frac": null, "modeled_flood_frac": 0.06, "elev_m": 887.1, "slope_deg": 0.9, "n_lakes": 0, "n_drains": 0, "low_income_score": 0.4, "equity_weight": 1.2, "scenario": "with_preventive_measures", "people_risk_eal": 94.53, "modeled_reduction_pct": 0.0, "data_status": "counterfactual simulation using literature-based intervention effects; not an observed intervention trial"}}, {"type": "Feature", "geometry": {"type": "Polygon", "coordinates": [[[77.78999999999999, 12.84], [77.80999999999999, 12.84], [77.80999999999999, 12.86], [77.78999999999999, 12.86], [77.78999999999999, 12.84]]]}, "properties": {"cell_id": "blr_0430", "flood_depth_m": {"rp10": 0.23, "rp100": 0.57}, "glof_depth_m": 0.0, "landslide_prob": 0.009, "population": 5339, "critical_assets": ["lake"], "eal_people": 165.295, "eal_usd": 413237.0, "observed_flood_frac": null, "modeled_flood_frac": 0.04, "elev_m": 880.8, "slope_deg": 1.0, "n_lakes": 2, "n_drains": 0, "low_income_score": 0.4, "equity_weight": 1.2, "scenario": "with_preventive_measures", "people_risk_eal": 165.295, "modeled_reduction_pct": 0.0, "data_status": "counterfactual simulation using literature-based intervention effects; not an observed intervention trial"}}, {"type": "Feature", "geometry": {"type": "Polygon", "coordinates": [[[77.80999999999999, 12.84], [77.83, 12.84], [77.83, 12.86], [77.80999999999999, 12.86], [77.80999999999999, 12.84]]]}, "properties": {"cell_id": "blr_0431", "flood_depth_m": {"rp10": 0.04, "rp100": 0.11}, "glof_depth_m": 0.0, "landslide_prob": 0.009, "population": 2960, "critical_assets": [], "eal_people": 38.82, "eal_usd": 97050.0, "observed_flood_frac": null, "modeled_flood_frac": 0.06, "elev_m": 871.9, "slope_deg": 1.1, "n_lakes": 0, "n_drains": 0, "low_income_score": 0.15, "equity_weight": 1.075, "scenario": "with_preventive_measures", "people_risk_eal": 38.82, "modeled_reduction_pct": 0.0, "data_status": "counterfactual simulation using literature-based intervention effects; not an observed intervention trial"}}, {"type": "Feature", "geometry": {"type": "Polygon", "coordinates": [[[77.35, 12.819999999999999], [77.36999999999999, 12.819999999999999], [77.36999999999999, 12.84], [77.35, 12.84], [77.35, 12.819999999999999]]]}, "properties": {"cell_id": "blr_0432", "flood_depth_m": {"rp10": 0.65, "rp100": 1.62}, "glof_depth_m": 0.0, "landslide_prob": 0.026, "population": 2416, "critical_assets": [], "eal_people": 184.401, "eal_usd": 461002.0, "observed_flood_frac": null, "modeled_flood_frac": 0.9, "elev_m": 765.6, "slope_deg": 3.1, "n_lakes": 0, "n_drains": 0, "low_income_score": 0.15, "equity_weight": 1.075, "scenario": "with_preventive_measures", "people_risk_eal": 184.401, "modeled_reduction_pct": 0.0, "data_status": "counterfactual simulation using literature-based intervention effects; not an observed intervention trial"}}, {"type": "Feature", "geometry": {"type": "Polygon", "coordinates": [[[77.36999999999999, 12.819999999999999], [77.39, 12.819999999999999], [77.39, 12.84], [77.36999999999999, 12.84], [77.36999999999999, 12.819999999999999]]]}, "properties": {"cell_id": "blr_0433", "flood_depth_m": {"rp10": 0.72, "rp100": 1.8}, "glof_depth_m": 0.0, "landslide_prob": 0.014, "population": 1276, "critical_assets": [], "eal_people": 106.993, "eal_usd": 267482.0, "observed_flood_frac": null, "modeled_flood_frac": 1.0, "elev_m": 749.6, "slope_deg": 1.7, "n_lakes": 0, "n_drains": 0, "low_income_score": 0.15, "equity_weight": 1.075, "scenario": "with_preventive_measures", "people_risk_eal": 106.993, "modeled_reduction_pct": 0.0, "data_status": "counterfactual simulation using literature-based intervention effects; not an observed intervention trial"}}, {"type": "Feature", "geometry": {"type": "Polygon", "coordinates": [[[77.39, 12.819999999999999], [77.41, 12.819999999999999], [77.41, 12.84], [77.39, 12.84], [77.39, 12.819999999999999]]]}, "properties": {"cell_id": "blr_0434", "flood_depth_m": {"rp10": 0.72, "rp100": 1.8}, "glof_depth_m": 0.0, "landslide_prob": 0.015, "population": 3052, "critical_assets": [], "eal_people": 255.91, "eal_usd": 639775.0, "observed_flood_frac": null, "modeled_flood_frac": 1.0, "elev_m": 770.1, "slope_deg": 1.8, "n_lakes": 0, "n_drains": 0, "low_income_score": 0.15, "equity_weight": 1.075, "scenario": "with_preventive_measures", "people_risk_eal": 255.91, "modeled_reduction_pct": 0.0, "data_status": "counterfactual simulation using literature-based intervention effects; not an observed intervention trial"}}, {"type": "Feature", "geometry": {"type": "Polygon", "coordinates": [[[77.41, 12.819999999999999], [77.42999999999999, 12.819999999999999], [77.42999999999999, 12.84], [77.41, 12.84], [77.41, 12.819999999999999]]]}, "properties": {"cell_id": "blr_0435", "flood_depth_m": {"rp10": 0.72, "rp100": 1.8}, "glof_depth_m": 0.0, "landslide_prob": 0.012, "population": 1178, "critical_assets": [], "eal_people": 98.775, "eal_usd": 246938.0, "observed_flood_frac": null, "modeled_flood_frac": 1.0, "elev_m": 750.8, "slope_deg": 1.5, "n_lakes": 0, "n_drains": 0, "low_income_score": 0.15, "equity_weight": 1.075, "scenario": "with_preventive_measures", "people_risk_eal": 98.775, "modeled_reduction_pct": 0.0, "data_status": "counterfactual simulation using literature-based intervention effects; not an observed intervention trial"}}, {"type": "Feature", "geometry": {"type": "Polygon", "coordinates": [[[77.42999999999999, 12.819999999999999], [77.44999999999999, 12.819999999999999], [77.44999999999999, 12.84], [77.42999999999999, 12.84], [77.42999999999999, 12.819999999999999]]]}, "properties": {"cell_id": "blr_0436", "flood_depth_m": {"rp10": 0.72, "rp100": 1.8}, "glof_depth_m": 0.0, "landslide_prob": 0.015, "population": 578, "critical_assets": [], "eal_people": 48.465, "eal_usd": 121163.0, "observed_flood_frac": null, "modeled_flood_frac": 1.0, "elev_m": 736.0, "slope_deg": 1.9, "n_lakes": 0, "n_drains": 0, "low_income_score": 0.15, "equity_weight": 1.075, "scenario": "with_preventive_measures", "people_risk_eal": 48.465, "modeled_reduction_pct": 0.0, "data_status": "counterfactual simulation using literature-based intervention effects; not an observed intervention trial"}}, {"type": "Feature", "geometry": {"type": "Polygon", "coordinates": [[[77.44999999999999, 12.819999999999999], [77.47, 12.819999999999999], [77.47, 12.84], [77.44999999999999, 12.84], [77.44999999999999, 12.819999999999999]]]}, "properties": {"cell_id": "blr_0437", "flood_depth_m": {"rp10": 0.72, "rp100": 1.8}, "glof_depth_m": 0.0, "landslide_prob": 0.013, "population": 433, "critical_assets": [], "eal_people": 36.307, "eal_usd": 90768.0, "observed_flood_frac": null, "modeled_flood_frac": 1.0, "elev_m": 739.9, "slope_deg": 1.6, "n_lakes": 0, "n_drains": 0, "low_income_score": 0.15, "equity_weight": 1.075, "scenario": "with_preventive_measures", "people_risk_eal": 36.307, "modeled_reduction_pct": 0.0, "data_status": "counterfactual simulation using literature-based intervention effects; not an observed intervention trial"}}, {"type": "Feature", "geometry": {"type": "Polygon", "coordinates": [[[77.47, 12.819999999999999], [77.49, 12.819999999999999], [77.49, 12.84], [77.47, 12.84], [77.47, 12.819999999999999]]]}, "properties": {"cell_id": "blr_0438", "flood_depth_m": {"rp10": 0.82, "rp100": 2.05}, "glof_depth_m": 0.0, "landslide_prob": 0.017, "population": 579, "critical_assets": ["lake"], "eal_people": 57.886, "eal_usd": 144715.0, "observed_flood_frac": null, "modeled_flood_frac": 1.0, "elev_m": 766.8, "slope_deg": 2.0, "n_lakes": 1, "n_drains": 0, "low_income_score": 0.15, "equity_weight": 1.075, "scenario": "with_preventive_measures", "people_risk_eal": 57.886, "modeled_reduction_pct": 0.0, "data_status": "counterfactual simulation using literature-based intervention effects; not an observed intervention trial"}}, {"type": "Feature", "geometry": {"type": "Polygon", "coordinates": [[[77.49, 12.819999999999999], [77.50999999999999, 12.819999999999999], [77.50999999999999, 12.84], [77.49, 12.84], [77.49, 12.819999999999999]]]}, "properties": {"cell_id": "blr_0439", "flood_depth_m": {"rp10": 0.71, "rp100": 1.78}, "glof_depth_m": 0.0, "landslide_prob": 0.018, "population": 812, "critical_assets": [], "eal_people": 67.475, "eal_usd": 168688.0, "observed_flood_frac": null, "modeled_flood_frac": 0.99, "elev_m": 791.1, "slope_deg": 2.2, "n_lakes": 0, "n_drains": 0, "low_income_score": 0.15, "equity_weight": 1.075, "scenario": "with_preventive_measures", "people_risk_eal": 67.475, "modeled_reduction_pct": 0.0, "data_status": "counterfactual simulation using literature-based intervention effects; not an observed intervention trial"}}, {"type": "Feature", "geometry": {"type": "Polygon", "coordinates": [[[77.50999999999999, 12.819999999999999], [77.53, 12.819999999999999], [77.53, 12.84], [77.50999999999999, 12.84], [77.50999999999999, 12.819999999999999]]]}, "properties": {"cell_id": "blr_0440", "flood_depth_m": {"rp10": 0.7, "rp100": 1.76}, "glof_depth_m": 0.0, "landslide_prob": 0.019, "population": 950, "critical_assets": [], "eal_people": 78.228, "eal_usd": 195570.0, "observed_flood_frac": null, "modeled_flood_frac": 0.98, "elev_m": 788.0, "slope_deg": 2.3, "n_lakes": 0, "n_drains": 0, "low_income_score": 0.15, "equity_weight": 1.075, "scenario": "with_preventive_measures", "people_risk_eal": 78.228, "modeled_reduction_pct": 0.0, "data_status": "counterfactual simulation using literature-based intervention effects; not an observed intervention trial"}}, {"type": "Feature", "geometry": {"type": "Polygon", "coordinates": [[[77.53, 12.819999999999999], [77.55, 12.819999999999999], [77.55, 12.84], [77.53, 12.84], [77.53, 12.819999999999999]]]}, "properties": {"cell_id": "blr_0441", "flood_depth_m": {"rp10": 0.43, "rp100": 1.08}, "glof_depth_m": 0.0, "landslide_prob": 0.025, "population": 2619, "critical_assets": ["lake"], "eal_people": 155.411, "eal_usd": 388528.0, "observed_flood_frac": null, "modeled_flood_frac": 0.46, "elev_m": 816.9, "slope_deg": 3.0, "n_lakes": 1, "n_drains": 0, "low_income_score": 0.15, "equity_weight": 1.075, "scenario": "with_preventive_measures", "people_risk_eal": 155.411, "modeled_reduction_pct": 0.0, "data_status": "counterfactual simulation using literature-based intervention effects; not an observed intervention trial"}}, {"type": "Feature", "geometry": {"type": "Polygon", "coordinates": [[[77.55, 12.819999999999999], [77.57, 12.819999999999999], [77.57, 12.84], [77.55, 12.84], [77.55, 12.819999999999999]]]}, "properties": {"cell_id": "blr_0442", "flood_depth_m": {"rp10": 0.02, "rp100": 0.05}, "glof_depth_m": 0.0, "landslide_prob": 0.023, "population": 3975, "critical_assets": [], "eal_people": 40.167, "eal_usd": 100418.0, "observed_flood_frac": null, "modeled_flood_frac": 0.02, "elev_m": 867.0, "slope_deg": 2.8, "n_lakes": 0, "n_drains": 0, "low_income_score": 0.15, "equity_weight": 1.075, "scenario": "with_preventive_measures", "people_risk_eal": 40.167, "modeled_reduction_pct": 0.0, "data_status": "counterfactual simulation using literature-based intervention effects; not an observed intervention trial"}}, {"type": "Feature", "geometry": {"type": "Polygon", "coordinates": [[[77.57, 12.819999999999999], [77.58999999999999, 12.819999999999999], [77.58999999999999, 12.84], [77.57, 12.84], [77.57, 12.819999999999999]]]}, "properties": {"cell_id": "blr_0443", "flood_depth_m": {"rp10": 0.06, "rp100": 0.14}, "glof_depth_m": 0.0, "landslide_prob": 0.017, "population": 3950, "critical_assets": [], "eal_people": 57.749, "eal_usd": 144372.0, "observed_flood_frac": null, "modeled_flood_frac": 0.08, "elev_m": 924.7, "slope_deg": 2.1, "n_lakes": 0, "n_drains": 0, "low_income_score": 0.15, "equity_weight": 1.075, "scenario": "with_preventive_measures", "people_risk_eal": 57.749, "modeled_reduction_pct": 0.0, "data_status": "counterfactual simulation using literature-based intervention effects; not an observed intervention trial"}}, {"type": "Feature", "geometry": {"type": "Polygon", "coordinates": [[[77.58999999999999, 12.819999999999999], [77.61, 12.819999999999999], [77.61, 12.84], [77.58999999999999, 12.84], [77.58999999999999, 12.819999999999999]]]}, "properties": {"cell_id": "blr_0444", "flood_depth_m": {"rp10": 0.07, "rp100": 0.18}, "glof_depth_m": 0.0, "landslide_prob": 0.011, "population": 4841, "critical_assets": [], "eal_people": 87.138, "eal_usd": 217845.0, "observed_flood_frac": null, "modeled_flood_frac": 0.1, "elev_m": 930.5, "slope_deg": 1.3, "n_lakes": 0, "n_drains": 0, "low_income_score": 0.4, "equity_weight": 1.2, "scenario": "with_preventive_measures", "people_risk_eal": 87.138, "modeled_reduction_pct": 0.0, "data_status": "counterfactual simulation using literature-based intervention effects; not an observed intervention trial"}}, {"type": "Feature", "geometry": {"type": "Polygon", "coordinates": [[[77.61, 12.819999999999999], [77.63, 12.819999999999999], [77.63, 12.84], [77.61, 12.84], [77.61, 12.819999999999999]]]}, "properties": {"cell_id": "blr_0445", "flood_depth_m": {"rp10": 0.03, "rp100": 0.07}, "glof_depth_m": 0.0, "landslide_prob": 0.01, "population": 5229, "critical_assets": [], "eal_people": 67.768, "eal_usd": 169420.0, "observed_flood_frac": null, "modeled_flood_frac": 0.04, "elev_m": 922.7, "slope_deg": 1.2, "n_lakes": 0, "n_drains": 0, "low_income_score": 0.4, "equity_weight": 1.2, "scenario": "with_preventive_measures", "people_risk_eal": 67.768, "modeled_reduction_pct": 0.0, "data_status": "counterfactual simulation using literature-based intervention effects; not an observed intervention trial"}}, {"type": "Feature", "geometry": {"type": "Polygon", "coordinates": [[[77.63, 12.819999999999999], [77.64999999999999, 12.819999999999999], [77.64999999999999, 12.84], [77.63, 12.84], [77.63, 12.819999999999999]]]}, "properties": {"cell_id": "blr_0446", "flood_depth_m": {"rp10": 0.02, "rp100": 0.05}, "glof_depth_m": 0.0, "landslide_prob": 0.009, "population": 5383, "critical_assets": [], "eal_people": 60.72, "eal_usd": 151800.0, "observed_flood_frac": null, "modeled_flood_frac": 0.02, "elev_m": 920.6, "slope_deg": 1.0, "n_lakes": 0, "n_drains": 0, "low_income_score": 0.4, "equity_weight": 1.2, "scenario": "with_preventive_measures", "people_risk_eal": 60.72, "modeled_reduction_pct": 0.0, "data_status": "counterfactual simulation using literature-based intervention effects; not an observed intervention trial"}}, {"type": "Feature", "geometry": {"type": "Polygon", "coordinates": [[[77.64999999999999, 12.819999999999999], [77.66999999999999, 12.819999999999999], [77.66999999999999, 12.84], [77.64999999999999, 12.84], [77.64999999999999, 12.819999999999999]]]}, "properties": {"cell_id": "blr_0447", "flood_depth_m": {"rp10": 0.42, "rp100": 1.04}, "glof_depth_m": 0.0, "landslide_prob": 0.011, "population": 8232, "critical_assets": ["lake"], "eal_people": 241.033, "eal_usd": 602582.0, "observed_flood_frac": null, "modeled_flood_frac": 0.02, "elev_m": 923.6, "slope_deg": 1.3, "n_lakes": 5, "n_drains": 0, "low_income_score": 0.4, "equity_weight": 1.2, "scenario": "with_preventive_measures", "people_risk_eal": 241.033, "modeled_reduction_pct": 0.0, "data_status": "counterfactual simulation using literature-based intervention effects; not an observed intervention trial"}}, {"type": "Feature", "geometry": {"type": "Polygon", "coordinates": [[[77.66999999999999, 12.819999999999999], [77.69, 12.819999999999999], [77.69, 12.84], [77.66999999999999, 12.84], [77.66999999999999, 12.819999999999999]]]}, "properties": {"cell_id": "blr_0448", "flood_depth_m": {"rp10": 0.1, "rp100": 0.25}, "glof_depth_m": 0.0, "landslide_prob": 0.011, "population": 19586, "critical_assets": ["lake"], "eal_people": 540.574, "eal_usd": 1351435.0, "observed_flood_frac": null, "modeled_flood_frac": 0.0, "elev_m": 909.9, "slope_deg": 1.4, "n_lakes": 1, "n_drains": 0, "low_income_score": 0.4, "equity_weight": 1.2, "scenario": "with_preventive_measures", "people_risk_eal": 540.574, "modeled_reduction_pct": 0.0, "data_status": "counterfactual simulation using literature-based intervention effects; not an observed intervention trial"}}, {"type": "Feature", "geometry": {"type": "Polygon", "coordinates": [[[77.69, 12.819999999999999], [77.71, 12.819999999999999], [77.71, 12.84], [77.69, 12.84], [77.69, 12.819999999999999]]]}, "properties": {"cell_id": "blr_0449", "flood_depth_m": {"rp10": 0.04, "rp100": 0.11}, "glof_depth_m": 0.0, "landslide_prob": 0.009, "population": 9049, "critical_assets": ["school"], "eal_people": 132.477, "eal_usd": 331192.0, "observed_flood_frac": null, "modeled_flood_frac": 0.06, "elev_m": 897.7, "slope_deg": 1.1, "n_lakes": 0, "n_drains": 0, "low_income_score": 0.4, "equity_weight": 1.2, "scenario": "with_preventive_measures", "people_risk_eal": 132.477, "modeled_reduction_pct": 0.0, "data_status": "counterfactual simulation using literature-based intervention effects; not an observed intervention trial"}}, {"type": "Feature", "geometry": {"type": "Polygon", "coordinates": [[[77.71, 12.819999999999999], [77.72999999999999, 12.819999999999999], [77.72999999999999, 12.84], [77.71, 12.84], [77.71, 12.819999999999999]]]}, "properties": {"cell_id": "blr_0450", "flood_depth_m": {"rp10": 0.12, "rp100": 0.3}, "glof_depth_m": 0.0, "landslide_prob": 0.007, "population": 5539, "critical_assets": ["lake"], "eal_people": 166.835, "eal_usd": 417088.0, "observed_flood_frac": null, "modeled_flood_frac": 0.03, "elev_m": 881.4, "slope_deg": 0.9, "n_lakes": 1, "n_drains": 0, "low_income_score": 0.4, "equity_weight": 1.2, "scenario": "with_preventive_measures", "people_risk_eal": 166.835, "modeled_reduction_pct": 0.0, "data_status": "counterfactual simulation using literature-based intervention effects; not an observed intervention trial"}}, {"type": "Feature", "geometry": {"type": "Polygon", "coordinates": [[[77.72999999999999, 12.819999999999999], [77.75, 12.819999999999999], [77.75, 12.84], [77.72999999999999, 12.84], [77.72999999999999, 12.819999999999999]]]}, "properties": {"cell_id": "blr_0451", "flood_depth_m": {"rp10": 0.11, "rp100": 0.27}, "glof_depth_m": 0.0, "landslide_prob": 0.007, "population": 3845, "critical_assets": ["lake"], "eal_people": 97.961, "eal_usd": 244902.0, "observed_flood_frac": null, "modeled_flood_frac": 0.01, "elev_m": 875.9, "slope_deg": 0.9, "n_lakes": 1, "n_drains": 0, "low_income_score": 0.15, "equity_weight": 1.075, "scenario": "with_preventive_measures", "people_risk_eal": 97.961, "modeled_reduction_pct": 0.0, "data_status": "counterfactual simulation using literature-based intervention effects; not an observed intervention trial"}}, {"type": "Feature", "geometry": {"type": "Polygon", "coordinates": [[[77.75, 12.819999999999999], [77.77, 12.819999999999999], [77.77, 12.84], [77.75, 12.84], [77.75, 12.819999999999999]]]}, "properties": {"cell_id": "blr_0452", "flood_depth_m": {"rp10": 0.02, "rp100": 0.05}, "glof_depth_m": 0.0, "landslide_prob": 0.008, "population": 3312, "critical_assets": [], "eal_people": 35.96, "eal_usd": 89900.0, "observed_flood_frac": null, "modeled_flood_frac": 0.03, "elev_m": 879.8, "slope_deg": 0.9, "n_lakes": 0, "n_drains": 0, "low_income_score": 0.15, "equity_weight": 1.075, "scenario": "with_preventive_measures", "people_risk_eal": 35.96, "modeled_reduction_pct": 0.0, "data_status": "counterfactual simulation using literature-based intervention effects; not an observed intervention trial"}}, {"type": "Feature", "geometry": {"type": "Polygon", "coordinates": [[[77.77, 12.819999999999999], [77.78999999999999, 12.819999999999999], [77.78999999999999, 12.84], [77.77, 12.84], [77.77, 12.819999999999999]]]}, "properties": {"cell_id": "blr_0453", "flood_depth_m": {"rp10": 0.04, "rp100": 0.11}, "glof_depth_m": 0.0, "landslide_prob": 0.008, "population": 5432, "critical_assets": [], "eal_people": 79.524, "eal_usd": 198810.0, "observed_flood_frac": null, "modeled_flood_frac": 0.06, "elev_m": 887.4, "slope_deg": 0.9, "n_lakes": 0, "n_drains": 0, "low_income_score": 0.4, "equity_weight": 1.2, "scenario": "with_preventive_measures", "people_risk_eal": 79.524, "modeled_reduction_pct": 0.0, "data_status": "counterfactual simulation using literature-based intervention effects; not an observed intervention trial"}}, {"type": "Feature", "geometry": {"type": "Polygon", "coordinates": [[[77.78999999999999, 12.819999999999999], [77.80999999999999, 12.819999999999999], [77.80999999999999, 12.84], [77.78999999999999, 12.84], [77.78999999999999, 12.819999999999999]]]}, "properties": {"cell_id": "blr_0454", "flood_depth_m": {"rp10": 0.06, "rp100": 0.16}, "glof_depth_m": 0.0, "landslide_prob": 0.009, "population": 4530, "critical_assets": [], "eal_people": 77.735, "eal_usd": 194338.0, "observed_flood_frac": null, "modeled_flood_frac": 0.09, "elev_m": 891.3, "slope_deg": 1.1, "n_lakes": 0, "n_drains": 0, "low_income_score": 0.4, "equity_weight": 1.2, "scenario": "with_preventive_measures", "people_risk_eal": 77.735, "modeled_reduction_pct": 0.0, "data_status": "counterfactual simulation using literature-based intervention effects; not an observed intervention trial"}}, {"type": "Feature", "geometry": {"type": "Polygon", "coordinates": [[[77.80999999999999, 12.819999999999999], [77.83, 12.819999999999999], [77.83, 12.84], [77.80999999999999, 12.84], [77.80999999999999, 12.819999999999999]]]}, "properties": {"cell_id": "blr_0455", "flood_depth_m": {"rp10": 0.04, "rp100": 0.09}, "glof_depth_m": 0.0, "landslide_prob": 0.008, "population": 1918, "critical_assets": [], "eal_people": 23.711, "eal_usd": 59277.0, "observed_flood_frac": null, "modeled_flood_frac": 0.05, "elev_m": 879.1, "slope_deg": 1.0, "n_lakes": 0, "n_drains": 0, "low_income_score": 0.15, "equity_weight": 1.075, "scenario": "with_preventive_measures", "people_risk_eal": 23.711, "modeled_reduction_pct": 0.0, "data_status": "counterfactual simulation using literature-based intervention effects; not an observed intervention trial"}}, {"type": "Feature", "geometry": {"type": "Polygon", "coordinates": [[[77.35, 12.799999999999999], [77.36999999999999, 12.799999999999999], [77.36999999999999, 12.819999999999999], [77.35, 12.819999999999999], [77.35, 12.799999999999999]]]}, "properties": {"cell_id": "blr_0456", "flood_depth_m": {"rp10": 0.62, "rp100": 1.55}, "glof_depth_m": 0.0, "landslide_prob": 0.032, "population": 2006, "critical_assets": [], "eal_people": 147.07, "eal_usd": 367675.0, "observed_flood_frac": null, "modeled_flood_frac": 0.86, "elev_m": 775.4, "slope_deg": 3.8, "n_lakes": 0, "n_drains": 0, "low_income_score": 0.15, "equity_weight": 1.075, "scenario": "with_preventive_measures", "people_risk_eal": 147.07, "modeled_reduction_pct": 0.0, "data_status": "counterfactual simulation using literature-based intervention effects; not an observed intervention trial"}}, {"type": "Feature", "geometry": {"type": "Polygon", "coordinates": [[[77.36999999999999, 12.799999999999999], [77.39, 12.799999999999999], [77.39, 12.819999999999999], [77.36999999999999, 12.819999999999999], [77.36999999999999, 12.799999999999999]]]}, "properties": {"cell_id": "blr_0457", "flood_depth_m": {"rp10": 0.72, "rp100": 1.8}, "glof_depth_m": 0.0, "landslide_prob": 0.012, "population": 2482, "critical_assets": [], "eal_people": 208.116, "eal_usd": 520290.0, "observed_flood_frac": null, "modeled_flood_frac": 1.0, "elev_m": 732.2, "slope_deg": 1.4, "n_lakes": 0, "n_drains": 0, "low_income_score": 0.15, "equity_weight": 1.075, "scenario": "with_preventive_measures", "people_risk_eal": 208.116, "modeled_reduction_pct": 0.0, "data_status": "counterfactual simulation using literature-based intervention effects; not an observed intervention trial"}}, {"type": "Feature", "geometry": {"type": "Polygon", "coordinates": [[[77.39, 12.799999999999999], [77.41, 12.799999999999999], [77.41, 12.819999999999999], [77.39, 12.819999999999999], [77.39, 12.799999999999999]]]}, "properties": {"cell_id": "blr_0458", "flood_depth_m": {"rp10": 0.72, "rp100": 1.8}, "glof_depth_m": 0.0, "landslide_prob": 0.013, "population": 3254, "critical_assets": ["clinic"], "eal_people": 272.848, "eal_usd": 682120.0, "observed_flood_frac": null, "modeled_flood_frac": 1.0, "elev_m": 736.8, "slope_deg": 1.5, "n_lakes": 0, "n_drains": 0, "low_income_score": 0.15, "equity_weight": 1.075, "scenario": "with_preventive_measures", "people_risk_eal": 272.848, "modeled_reduction_pct": 0.0, "data_status": "counterfactual simulation using literature-based intervention effects; not an observed intervention trial"}}, {"type": "Feature", "geometry": {"type": "Polygon", "coordinates": [[[77.41, 12.799999999999999], [77.42999999999999, 12.799999999999999], [77.42999999999999, 12.819999999999999], [77.41, 12.819999999999999], [77.41, 12.799999999999999]]]}, "properties": {"cell_id": "blr_0459", "flood_depth_m": {"rp10": 0.82, "rp100": 2.05}, "glof_depth_m": 0.0, "landslide_prob": 0.011, "population": 3126, "critical_assets": ["lake"], "eal_people": 312.522, "eal_usd": 781305.0, "observed_flood_frac": null, "modeled_flood_frac": 1.0, "elev_m": 729.7, "slope_deg": 1.3, "n_lakes": 1, "n_drains": 0, "low_income_score": 0.15, "equity_weight": 1.075, "scenario": "with_preventive_measures", "people_risk_eal": 312.522, "modeled_reduction_pct": 0.0, "data_status": "counterfactual simulation using literature-based intervention effects; not an observed intervention trial"}}, {"type": "Feature", "geometry": {"type": "Polygon", "coordinates": [[[77.42999999999999, 12.799999999999999], [77.44999999999999, 12.799999999999999], [77.44999999999999, 12.819999999999999], [77.42999999999999, 12.819999999999999], [77.42999999999999, 12.799999999999999]]]}, "properties": {"cell_id": "blr_0460", "flood_depth_m": {"rp10": 0.72, "rp100": 1.8}, "glof_depth_m": 0.0, "landslide_prob": 0.01, "population": 1446, "critical_assets": [], "eal_people": 121.247, "eal_usd": 303118.0, "observed_flood_frac": null, "modeled_flood_frac": 1.0, "elev_m": 714.6, "slope_deg": 1.2, "n_lakes": 0, "n_drains": 0, "low_income_score": 0.15, "equity_weight": 1.075, "scenario": "with_preventive_measures", "people_risk_eal": 121.247, "modeled_reduction_pct": 0.0, "data_status": "counterfactual simulation using literature-based intervention effects; not an observed intervention trial"}}, {"type": "Feature", "geometry": {"type": "Polygon", "coordinates": [[[77.44999999999999, 12.799999999999999], [77.47, 12.799999999999999], [77.47, 12.819999999999999], [77.44999999999999, 12.819999999999999], [77.44999999999999, 12.799999999999999]]]}, "properties": {"cell_id": "blr_0461", "flood_depth_m": {"rp10": 0.72, "rp100": 1.8}, "glof_depth_m": 0.0, "landslide_prob": 0.022, "population": 756, "critical_assets": [], "eal_people": 63.391, "eal_usd": 158478.0, "observed_flood_frac": null, "modeled_flood_frac": 1.0, "elev_m": 755.1, "slope_deg": 2.6, "n_lakes": 0, "n_drains": 0, "low_income_score": 0.15, "equity_weight": 1.075, "scenario": "with_preventive_measures", "people_risk_eal": 63.391, "modeled_reduction_pct": 0.0, "data_status": "counterfactual simulation using literature-based intervention effects; not an observed intervention trial"}}, {"type": "Feature", "geometry": {"type": "Polygon", "coordinates": [[[77.47, 12.799999999999999], [77.49, 12.799999999999999], [77.49, 12.819999999999999], [77.47, 12.819999999999999], [77.47, 12.799999999999999]]]}, "properties": {"cell_id": "blr_0462", "flood_depth_m": {"rp10": 0.82, "rp100": 2.05}, "glof_depth_m": 0.0, "landslide_prob": 0.016, "population": 465, "critical_assets": ["lake"], "eal_people": 46.488, "eal_usd": 116220.0, "observed_flood_frac": null, "modeled_flood_frac": 1.0, "elev_m": 784.7, "slope_deg": 1.9, "n_lakes": 1, "n_drains": 0, "low_income_score": 0.15, "equity_weight": 1.075, "scenario": "with_preventive_measures", "people_risk_eal": 46.488, "modeled_reduction_pct": 0.0, "data_status": "counterfactual simulation using literature-based intervention effects; not an observed intervention trial"}}, {"type": "Feature", "geometry": {"type": "Polygon", "coordinates": [[[77.49, 12.799999999999999], [77.50999999999999, 12.799999999999999], [77.50999999999999, 12.819999999999999], [77.49, 12.819999999999999], [77.49, 12.799999999999999]]]}, "properties": {"cell_id": "blr_0463", "flood_depth_m": {"rp10": 0.72, "rp100": 1.8}, "glof_depth_m": 0.0, "landslide_prob": 0.013, "population": 1324, "critical_assets": ["clinic", "clinic", "clinic", "clinic"], "eal_people": 111.017, "eal_usd": 277542.0, "observed_flood_frac": null, "modeled_flood_frac": 1.0, "elev_m": 768.8, "slope_deg": 1.6, "n_lakes": 0, "n_drains": 0, "low_income_score": 0.15, "equity_weight": 1.075, "scenario": "with_preventive_measures", "people_risk_eal": 111.017, "modeled_reduction_pct": 0.0, "data_status": "counterfactual simulation using literature-based intervention effects; not an observed intervention trial"}}, {"type": "Feature", "geometry": {"type": "Polygon", "coordinates": [[[77.50999999999999, 12.799999999999999], [77.53, 12.799999999999999], [77.53, 12.819999999999999], [77.50999999999999, 12.819999999999999], [77.50999999999999, 12.799999999999999]]]}, "properties": {"cell_id": "blr_0464", "flood_depth_m": {"rp10": 0.72, "rp100": 1.8}, "glof_depth_m": 0.0, "landslide_prob": 0.01, "population": 1308, "critical_assets": ["clinic"], "eal_people": 109.676, "eal_usd": 274190.0, "observed_flood_frac": null, "modeled_flood_frac": 1.0, "elev_m": 749.8, "slope_deg": 1.3, "n_lakes": 0, "n_drains": 0, "low_income_score": 0.15, "equity_weight": 1.075, "scenario": "with_preventive_measures", "people_risk_eal": 109.676, "modeled_reduction_pct": 0.0, "data_status": "counterfactual simulation using literature-based intervention effects; not an observed intervention trial"}}, {"type": "Feature", "geometry": {"type": "Polygon", "coordinates": [[[77.53, 12.799999999999999], [77.55, 12.799999999999999], [77.55, 12.819999999999999], [77.53, 12.819999999999999], [77.53, 12.799999999999999]]]}, "properties": {"cell_id": "blr_0465", "flood_depth_m": {"rp10": 0.64, "rp100": 1.6}, "glof_depth_m": 0.0, "landslide_prob": 0.025, "population": 2611, "critical_assets": ["lake"], "eal_people": 211.915, "eal_usd": 529788.0, "observed_flood_frac": null, "modeled_flood_frac": 0.75, "elev_m": 796.8, "slope_deg": 3.0, "n_lakes": 1, "n_drains": 0, "low_income_score": 0.15, "equity_weight": 1.075, "scenario": "with_preventive_measures", "people_risk_eal": 211.915, "modeled_reduction_pct": 0.0, "data_status": "counterfactual simulation using literature-based intervention effects; not an observed intervention trial"}}, {"type": "Feature", "geometry": {"type": "Polygon", "coordinates": [[[77.55, 12.799999999999999], [77.57, 12.799999999999999], [77.57, 12.819999999999999], [77.55, 12.819999999999999], [77.55, 12.799999999999999]]]}, "properties": {"cell_id": "blr_0466", "flood_depth_m": {"rp10": 0.04, "rp100": 0.09}, "glof_depth_m": 0.0, "landslide_prob": 0.03, "population": 3703, "critical_assets": [], "eal_people": 45.778, "eal_usd": 114445.0, "observed_flood_frac": null, "modeled_flood_frac": 0.05, "elev_m": 879.4, "slope_deg": 3.6, "n_lakes": 0, "n_drains": 0, "low_income_score": 0.15, "equity_weight": 1.075, "scenario": "with_preventive_measures", "people_risk_eal": 45.778, "modeled_reduction_pct": 0.0, "data_status": "counterfactual simulation using literature-based intervention effects; not an observed intervention trial"}}, {"type": "Feature", "geometry": {"type": "Polygon", "coordinates": [[[77.57, 12.799999999999999], [77.58999999999999, 12.799999999999999], [77.58999999999999, 12.819999999999999], [77.57, 12.819999999999999], [77.57, 12.799999999999999]]]}, "properties": {"cell_id": "blr_0467", "flood_depth_m": {"rp10": 0.15, "rp100": 0.38}, "glof_depth_m": 0.0, "landslide_prob": 0.019, "population": 6343, "critical_assets": ["lake"], "eal_people": 212.364, "eal_usd": 530910.0, "observed_flood_frac": null, "modeled_flood_frac": 0.07, "elev_m": 934.9, "slope_deg": 2.3, "n_lakes": 1, "n_drains": 0, "low_income_score": 0.4, "equity_weight": 1.2, "scenario": "with_preventive_measures", "people_risk_eal": 212.364, "modeled_reduction_pct": 0.0, "data_status": "counterfactual simulation using literature-based intervention effects; not an observed intervention trial"}}, {"type": "Feature", "geometry": {"type": "Polygon", "coordinates": [[[77.58999999999999, 12.799999999999999], [77.61, 12.799999999999999], [77.61, 12.819999999999999], [77.58999999999999, 12.819999999999999], [77.58999999999999, 12.799999999999999]]]}, "properties": {"cell_id": "blr_0468", "flood_depth_m": {"rp10": 0.02, "rp100": 0.05}, "glof_depth_m": 0.0, "landslide_prob": 0.01, "population": 6197, "critical_assets": [], "eal_people": 69.902, "eal_usd": 174755.0, "observed_flood_frac": null, "modeled_flood_frac": 0.02, "elev_m": 917.8, "slope_deg": 1.2, "n_lakes": 0, "n_drains": 0, "low_income_score": 0.4, "equity_weight": 1.2, "scenario": "with_preventive_measures", "people_risk_eal": 69.902, "modeled_reduction_pct": 0.0, "data_status": "counterfactual simulation using literature-based intervention effects; not an observed intervention trial"}}, {"type": "Feature", "geometry": {"type": "Polygon", "coordinates": [[[77.61, 12.799999999999999], [77.63, 12.799999999999999], [77.63, 12.819999999999999], [77.61, 12.819999999999999], [77.61, 12.799999999999999]]]}, "properties": {"cell_id": "blr_0469", "flood_depth_m": {"rp10": 0.14, "rp100": 0.36}, "glof_depth_m": 0.0, "landslide_prob": 0.009, "population": 5926, "critical_assets": ["lake"], "eal_people": 193.425, "eal_usd": 483562.0, "observed_flood_frac": null, "modeled_flood_frac": 0.06, "elev_m": 907.4, "slope_deg": 1.1, "n_lakes": 1, "n_drains": 0, "low_income_score": 0.4, "equity_weight": 1.2, "scenario": "with_preventive_measures", "people_risk_eal": 193.425, "modeled_reduction_pct": 0.0, "data_status": "counterfactual simulation using literature-based intervention effects; not an observed intervention trial"}}, {"type": "Feature", "geometry": {"type": "Polygon", "coordinates": [[[77.63, 12.799999999999999], [77.64999999999999, 12.799999999999999], [77.64999999999999, 12.819999999999999], [77.63, 12.819999999999999], [77.63, 12.799999999999999]]]}, "properties": {"cell_id": "blr_0470", "flood_depth_m": {"rp10": 0.05, "rp100": 0.13}, "glof_depth_m": 0.0, "landslide_prob": 0.009, "population": 5809, "critical_assets": [], "eal_people": 89.923, "eal_usd": 224808.0, "observed_flood_frac": null, "modeled_flood_frac": 0.07, "elev_m": 909.5, "slope_deg": 1.1, "n_lakes": 0, "n_drains": 0, "low_income_score": 0.4, "equity_weight": 1.2, "scenario": "with_preventive_measures", "people_risk_eal": 89.923, "modeled_reduction_pct": 0.0, "data_status": "counterfactual simulation using literature-based intervention effects; not an observed intervention trial"}}, {"type": "Feature", "geometry": {"type": "Polygon", "coordinates": [[[77.64999999999999, 12.799999999999999], [77.66999999999999, 12.799999999999999], [77.66999999999999, 12.819999999999999], [77.64999999999999, 12.819999999999999], [77.64999999999999, 12.799999999999999]]]}, "properties": {"cell_id": "blr_0471", "flood_depth_m": {"rp10": 0.14, "rp100": 0.36}, "glof_depth_m": 0.0, "landslide_prob": 0.01, "population": 10847, "critical_assets": ["lake"], "eal_people": 354.046, "eal_usd": 885115.0, "observed_flood_frac": null, "modeled_flood_frac": 0.06, "elev_m": 917.5, "slope_deg": 1.2, "n_lakes": 1, "n_drains": 0, "low_income_score": 0.4, "equity_weight": 1.2, "scenario": "with_preventive_measures", "people_risk_eal": 354.046, "modeled_reduction_pct": 0.0, "data_status": "counterfactual simulation using literature-based intervention effects; not an observed intervention trial"}}, {"type": "Feature", "geometry": {"type": "Polygon", "coordinates": [[[77.66999999999999, 12.799999999999999], [77.69, 12.799999999999999], [77.69, 12.819999999999999], [77.66999999999999, 12.819999999999999], [77.66999999999999, 12.799999999999999]]]}, "properties": {"cell_id": "blr_0472", "flood_depth_m": {"rp10": 0.16, "rp100": 0.41}, "glof_depth_m": 0.0, "landslide_prob": 0.011, "population": 18183, "critical_assets": ["lake"], "eal_people": 639.314, "eal_usd": 1598285.0, "observed_flood_frac": null, "modeled_flood_frac": 0.09, "elev_m": 909.5, "slope_deg": 1.3, "n_lakes": 1, "n_drains": 0, "low_income_score": 0.4, "equity_weight": 1.2, "scenario": "with_preventive_measures", "people_risk_eal": 639.314, "modeled_reduction_pct": 0.0, "data_status": "counterfactual simulation using literature-based intervention effects; not an observed intervention trial"}}, {"type": "Feature", "geometry": {"type": "Polygon", "coordinates": [[[77.69, 12.799999999999999], [77.71, 12.799999999999999], [77.71, 12.819999999999999], [77.69, 12.819999999999999], [77.69, 12.799999999999999]]]}, "properties": {"cell_id": "blr_0473", "flood_depth_m": {"rp10": 0.03, "rp100": 0.07}, "glof_depth_m": 0.0, "landslide_prob": 0.008, "population": 13406, "critical_assets": [], "eal_people": 173.742, "eal_usd": 434355.0, "observed_flood_frac": null, "modeled_flood_frac": 0.04, "elev_m": 886.4, "slope_deg": 0.9, "n_lakes": 0, "n_drains": 0, "low_income_score": 0.4, "equity_weight": 1.2, "scenario": "with_preventive_measures", "people_risk_eal": 173.742, "modeled_reduction_pct": 0.0, "data_status": "counterfactual simulation using literature-based intervention effects; not an observed intervention trial"}}, {"type": "Feature", "geometry": {"type": "Polygon", "coordinates": [[[77.71, 12.799999999999999], [77.72999999999999, 12.799999999999999], [77.72999999999999, 12.819999999999999], [77.71, 12.819999999999999], [77.71, 12.799999999999999]]]}, "properties": {"cell_id": "blr_0474", "flood_depth_m": {"rp10": 0.02, "rp100": 0.05}, "glof_depth_m": 0.0, "landslide_prob": 0.009, "population": 5976, "critical_assets": [], "eal_people": 67.409, "eal_usd": 168523.0, "observed_flood_frac": null, "modeled_flood_frac": 0.02, "elev_m": 881.3, "slope_deg": 1.1, "n_lakes": 0, "n_drains": 0, "low_income_score": 0.4, "equity_weight": 1.2, "scenario": "with_preventive_measures", "people_risk_eal": 67.409, "modeled_reduction_pct": 0.0, "data_status": "counterfactual simulation using literature-based intervention effects; not an observed intervention trial"}}, {"type": "Feature", "geometry": {"type": "Polygon", "coordinates": [[[77.72999999999999, 12.799999999999999], [77.75, 12.799999999999999], [77.75, 12.819999999999999], [77.72999999999999, 12.819999999999999], [77.72999999999999, 12.799999999999999]]]}, "properties": {"cell_id": "blr_0475", "flood_depth_m": {"rp10": 0.06, "rp100": 0.14}, "glof_depth_m": 0.0, "landslide_prob": 0.009, "population": 4753, "critical_assets": [], "eal_people": 77.569, "eal_usd": 193922.0, "observed_flood_frac": null, "modeled_flood_frac": 0.08, "elev_m": 887.6, "slope_deg": 1.1, "n_lakes": 0, "n_drains": 0, "low_income_score": 0.4, "equity_weight": 1.2, "scenario": "with_preventive_measures", "people_risk_eal": 77.569, "modeled_reduction_pct": 0.0, "data_status": "counterfactual simulation using literature-based intervention effects; not an observed intervention trial"}}, {"type": "Feature", "geometry": {"type": "Polygon", "coordinates": [[[77.75, 12.799999999999999], [77.77, 12.799999999999999], [77.77, 12.819999999999999], [77.75, 12.819999999999999], [77.75, 12.799999999999999]]]}, "properties": {"cell_id": "blr_0476", "flood_depth_m": {"rp10": 0.02, "rp100": 0.05}, "glof_depth_m": 0.0, "landslide_prob": 0.007, "population": 3525, "critical_assets": [], "eal_people": 30.315, "eal_usd": 75788.0, "observed_flood_frac": null, "modeled_flood_frac": 0.0, "elev_m": 869.9, "slope_deg": 0.9, "n_lakes": 0, "n_drains": 0, "low_income_score": 0.15, "equity_weight": 1.075, "scenario": "with_preventive_measures", "people_risk_eal": 30.315, "modeled_reduction_pct": 0.0, "data_status": "counterfactual simulation using literature-based intervention effects; not an observed intervention trial"}}, {"type": "Feature", "geometry": {"type": "Polygon", "coordinates": [[[77.77, 12.799999999999999], [77.78999999999999, 12.799999999999999], [77.78999999999999, 12.819999999999999], [77.77, 12.819999999999999], [77.77, 12.799999999999999]]]}, "properties": {"cell_id": "blr_0477", "flood_depth_m": {"rp10": 0.13, "rp100": 0.32}, "glof_depth_m": 0.0, "landslide_prob": 0.008, "population": 5069, "critical_assets": ["lake"], "eal_people": 156.936, "eal_usd": 392340.0, "observed_flood_frac": null, "modeled_flood_frac": 0.04, "elev_m": 873.0, "slope_deg": 1.0, "n_lakes": 1, "n_drains": 0, "low_income_score": 0.4, "equity_weight": 1.2, "scenario": "with_preventive_measures", "people_risk_eal": 156.936, "modeled_reduction_pct": 0.0, "data_status": "counterfactual simulation using literature-based intervention effects; not an observed intervention trial"}}, {"type": "Feature", "geometry": {"type": "Polygon", "coordinates": [[[77.78999999999999, 12.799999999999999], [77.80999999999999, 12.799999999999999], [77.80999999999999, 12.819999999999999], [77.78999999999999, 12.819999999999999], [77.78999999999999, 12.799999999999999]]]}, "properties": {"cell_id": "blr_0478", "flood_depth_m": {"rp10": 0.03, "rp100": 0.07}, "glof_depth_m": 0.0, "landslide_prob": 0.009, "population": 3071, "critical_assets": [], "eal_people": 35.654, "eal_usd": 89135.0, "observed_flood_frac": null, "modeled_flood_frac": 0.04, "elev_m": 874.1, "slope_deg": 1.1, "n_lakes": 0, "n_drains": 0, "low_income_score": 0.15, "equity_weight": 1.075, "scenario": "with_preventive_measures", "people_risk_eal": 35.654, "modeled_reduction_pct": 0.0, "data_status": "counterfactual simulation using literature-based intervention effects; not an observed intervention trial"}}, {"type": "Feature", "geometry": {"type": "Polygon", "coordinates": [[[77.80999999999999, 12.799999999999999], [77.83, 12.799999999999999], [77.83, 12.819999999999999], [77.80999999999999, 12.819999999999999], [77.80999999999999, 12.799999999999999]]]}, "properties": {"cell_id": "blr_0479", "flood_depth_m": {"rp10": 0.04, "rp100": 0.09}, "glof_depth_m": 0.0, "landslide_prob": 0.01, "population": 1722, "critical_assets": [], "eal_people": 21.288, "eal_usd": 53220.0, "observed_flood_frac": null, "modeled_flood_frac": 0.05, "elev_m": 880.2, "slope_deg": 1.2, "n_lakes": 0, "n_drains": 0, "low_income_score": 0.15, "equity_weight": 1.075, "scenario": "with_preventive_measures", "people_risk_eal": 21.288, "modeled_reduction_pct": 0.0, "data_status": "counterfactual simulation using literature-based intervention effects; not an observed intervention trial"}}, {"type": "Feature", "geometry": {"type": "Polygon", "coordinates": [[[77.35, 12.78], [77.36999999999999, 12.78], [77.36999999999999, 12.799999999999999], [77.35, 12.799999999999999], [77.35, 12.78]]]}, "properties": {"cell_id": "blr_0480", "flood_depth_m": {"rp10": 0.6, "rp100": 1.49}, "glof_depth_m": 0.0, "landslide_prob": 0.032, "population": 3280, "critical_assets": [], "eal_people": 233.069, "eal_usd": 582672.0, "observed_flood_frac": null, "modeled_flood_frac": 0.83, "elev_m": 781.1, "slope_deg": 3.8, "n_lakes": 0, "n_drains": 0, "low_income_score": 0.15, "equity_weight": 1.075, "scenario": "with_preventive_measures", "people_risk_eal": 233.069, "modeled_reduction_pct": 0.0, "data_status": "counterfactual simulation using literature-based intervention effects; not an observed intervention trial"}}, {"type": "Feature", "geometry": {"type": "Polygon", "coordinates": [[[77.36999999999999, 12.78], [77.39, 12.78], [77.39, 12.799999999999999], [77.36999999999999, 12.799999999999999], [77.36999999999999, 12.78]]]}, "properties": {"cell_id": "blr_0481", "flood_depth_m": {"rp10": 0.72, "rp100": 1.8}, "glof_depth_m": 0.0, "landslide_prob": 0.011, "population": 3796, "critical_assets": [], "eal_people": 318.295, "eal_usd": 795738.0, "observed_flood_frac": null, "modeled_flood_frac": 1.0, "elev_m": 724.9, "slope_deg": 1.3, "n_lakes": 0, "n_drains": 0, "low_income_score": 0.15, "equity_weight": 1.075, "scenario": "with_preventive_measures", "people_risk_eal": 318.295, "modeled_reduction_pct": 0.0, "data_status": "counterfactual simulation using literature-based intervention effects; not an observed intervention trial"}}, {"type": "Feature", "geometry": {"type": "Polygon", "coordinates": [[[77.39, 12.78], [77.41, 12.78], [77.41, 12.799999999999999], [77.39, 12.799999999999999], [77.39, 12.78]]]}, "properties": {"cell_id": "blr_0482", "flood_depth_m": {"rp10": 1.02, "rp100": 2.55}, "glof_depth_m": 0.0, "landslide_prob": 0.011, "population": 5199, "critical_assets": ["lake", "school"], "eal_people": 580.208, "eal_usd": 1450520.0, "observed_flood_frac": null, "modeled_flood_frac": 1.0, "elev_m": 713.0, "slope_deg": 1.4, "n_lakes": 3, "n_drains": 0, "low_income_score": 0.4, "equity_weight": 1.2, "scenario": "with_preventive_measures", "people_risk_eal": 580.208, "modeled_reduction_pct": 0.0, "data_status": "counterfactual simulation using literature-based intervention effects; not an observed intervention trial"}}, {"type": "Feature", "geometry": {"type": "Polygon", "coordinates": [[[77.41, 12.78], [77.42999999999999, 12.78], [77.42999999999999, 12.799999999999999], [77.41, 12.799999999999999], [77.41, 12.78]]]}, "properties": {"cell_id": "blr_0483", "flood_depth_m": {"rp10": 1.12, "rp100": 2.8}, "glof_depth_m": 0.0, "landslide_prob": 0.01, "population": 10652, "critical_assets": ["lake"], "eal_people": 1188.763, "eal_usd": 2971908.0, "observed_flood_frac": null, "modeled_flood_frac": 1.0, "elev_m": 717.3, "slope_deg": 1.2, "n_lakes": 4, "n_drains": 0, "low_income_score": 0.4, "equity_weight": 1.2, "scenario": "with_preventive_measures", "people_risk_eal": 772.6959, "modeled_reduction_pct": 35.0, "data_status": "counterfactual simulation using literature-based intervention effects; not an observed intervention trial"}}, {"type": "Feature", "geometry": {"type": "Polygon", "coordinates": [[[77.42999999999999, 12.78], [77.44999999999999, 12.78], [77.44999999999999, 12.799999999999999], [77.42999999999999, 12.799999999999999], [77.42999999999999, 12.78]]]}, "properties": {"cell_id": "blr_0484", "flood_depth_m": {"rp10": 0.72, "rp100": 1.8}, "glof_depth_m": 0.0, "landslide_prob": 0.013, "population": 2838, "critical_assets": [], "eal_people": 237.966, "eal_usd": 594915.0, "observed_flood_frac": null, "modeled_flood_frac": 1.0, "elev_m": 711.2, "slope_deg": 1.5, "n_lakes": 0, "n_drains": 0, "low_income_score": 0.15, "equity_weight": 1.075, "scenario": "with_preventive_measures", "people_risk_eal": 237.966, "modeled_reduction_pct": 0.0, "data_status": "counterfactual simulation using literature-based intervention effects; not an observed intervention trial"}}, {"type": "Feature", "geometry": {"type": "Polygon", "coordinates": [[[77.44999999999999, 12.78], [77.47, 12.78], [77.47, 12.799999999999999], [77.44999999999999, 12.799999999999999], [77.44999999999999, 12.78]]]}, "properties": {"cell_id": "blr_0485", "flood_depth_m": {"rp10": 0.82, "rp100": 2.05}, "glof_depth_m": 0.0, "landslide_prob": 0.016, "population": 834, "critical_assets": ["lake"], "eal_people": 83.379, "eal_usd": 208448.0, "observed_flood_frac": null, "modeled_flood_frac": 1.0, "elev_m": 755.0, "slope_deg": 1.9, "n_lakes": 1, "n_drains": 0, "low_income_score": 0.15, "equity_weight": 1.075, "scenario": "with_preventive_measures", "people_risk_eal": 83.379, "modeled_reduction_pct": 0.0, "data_status": "counterfactual simulation using literature-based intervention effects; not an observed intervention trial"}}, {"type": "Feature", "geometry": {"type": "Polygon", "coordinates": [[[77.47, 12.78], [77.49, 12.78], [77.49, 12.799999999999999], [77.47, 12.799999999999999], [77.47, 12.78]]]}, "properties": {"cell_id": "blr_0486", "flood_depth_m": {"rp10": 0.72, "rp100": 1.8}, "glof_depth_m": 0.0, "landslide_prob": 0.014, "population": 483, "critical_assets": [], "eal_people": 40.5, "eal_usd": 101250.0, "observed_flood_frac": null, "modeled_flood_frac": 1.0, "elev_m": 758.9, "slope_deg": 1.6, "n_lakes": 0, "n_drains": 0, "low_income_score": 0.15, "equity_weight": 1.075, "scenario": "with_preventive_measures", "people_risk_eal": 40.5, "modeled_reduction_pct": 0.0, "data_status": "counterfactual simulation using literature-based intervention effects; not an observed intervention trial"}}, {"type": "Feature", "geometry": {"type": "Polygon", "coordinates": [[[77.49, 12.78], [77.50999999999999, 12.78], [77.50999999999999, 12.799999999999999], [77.49, 12.799999999999999], [77.49, 12.78]]]}, "properties": {"cell_id": "blr_0487", "flood_depth_m": {"rp10": 0.82, "rp100": 2.05}, "glof_depth_m": 0.0, "landslide_prob": 0.011, "population": 1369, "critical_assets": ["lake"], "eal_people": 136.866, "eal_usd": 342165.0, "observed_flood_frac": null, "modeled_flood_frac": 1.0, "elev_m": 746.5, "slope_deg": 1.4, "n_lakes": 1, "n_drains": 0, "low_income_score": 0.15, "equity_weight": 1.075, "scenario": "with_preventive_measures", "people_risk_eal": 136.866, "modeled_reduction_pct": 0.0, "data_status": "counterfactual simulation using literature-based intervention effects; not an observed intervention trial"}}, {"type": "Feature", "geometry": {"type": "Polygon", "coordinates": [[[77.50999999999999, 12.78], [77.53, 12.78], [77.53, 12.799999999999999], [77.50999999999999, 12.799999999999999], [77.50999999999999, 12.78]]]}, "properties": {"cell_id": "blr_0488", "flood_depth_m": {"rp10": 0.72, "rp100": 1.8}, "glof_depth_m": 0.0, "landslide_prob": 0.01, "population": 1427, "critical_assets": [], "eal_people": 119.654, "eal_usd": 299135.0, "observed_flood_frac": null, "modeled_flood_frac": 1.0, "elev_m": 741.6, "slope_deg": 1.2, "n_lakes": 0, "n_drains": 0, "low_income_score": 0.15, "equity_weight": 1.075, "scenario": "with_preventive_measures", "people_risk_eal": 119.654, "modeled_reduction_pct": 0.0, "data_status": "counterfactual simulation using literature-based intervention effects; not an observed intervention trial"}}, {"type": "Feature", "geometry": {"type": "Polygon", "coordinates": [[[77.53, 12.78], [77.55, 12.78], [77.55, 12.799999999999999], [77.53, 12.799999999999999], [77.53, 12.78]]]}, "properties": {"cell_id": "blr_0489", "flood_depth_m": {"rp10": 0.9, "rp100": 2.26}, "glof_depth_m": 0.0, "landslide_prob": 0.025, "population": 2120, "critical_assets": ["lake"], "eal_people": 186.422, "eal_usd": 466055.0, "observed_flood_frac": null, "modeled_flood_frac": 0.84, "elev_m": 782.4, "slope_deg": 3.0, "n_lakes": 3, "n_drains": 0, "low_income_score": 0.15, "equity_weight": 1.075, "scenario": "with_preventive_measures", "people_risk_eal": 186.422, "modeled_reduction_pct": 0.0, "data_status": "counterfactual simulation using literature-based intervention effects; not an observed intervention trial"}}, {"type": "Feature", "geometry": {"type": "Polygon", "coordinates": [[[77.55, 12.78], [77.57, 12.78], [77.57, 12.799999999999999], [77.55, 12.799999999999999], [77.55, 12.78]]]}, "properties": {"cell_id": "blr_0490", "flood_depth_m": {"rp10": 0.42, "rp100": 1.04}, "glof_depth_m": 0.0, "landslide_prob": 0.024, "population": 2081, "critical_assets": ["lake"], "eal_people": 54.585, "eal_usd": 136462.0, "observed_flood_frac": null, "modeled_flood_frac": 0.02, "elev_m": 870.1, "slope_deg": 2.8, "n_lakes": 4, "n_drains": 0, "low_income_score": 0.15, "equity_weight": 1.075, "scenario": "with_preventive_measures", "people_risk_eal": 54.585, "modeled_reduction_pct": 0.0, "data_status": "counterfactual simulation using literature-based intervention effects; not an observed intervention trial"}}, {"type": "Feature", "geometry": {"type": "Polygon", "coordinates": [[[77.57, 12.78], [77.58999999999999, 12.78], [77.58999999999999, 12.799999999999999], [77.57, 12.799999999999999], [77.57, 12.78]]]}, "properties": {"cell_id": "blr_0491", "flood_depth_m": {"rp10": 0.23, "rp100": 0.57}, "glof_depth_m": 0.0, "landslide_prob": 0.026, "population": 3075, "critical_assets": ["lake"], "eal_people": 85.285, "eal_usd": 213212.0, "observed_flood_frac": null, "modeled_flood_frac": 0.04, "elev_m": 900.2, "slope_deg": 3.2, "n_lakes": 2, "n_drains": 0, "low_income_score": 0.15, "equity_weight": 1.075, "scenario": "with_preventive_measures", "people_risk_eal": 85.285, "modeled_reduction_pct": 0.0, "data_status": "counterfactual simulation using literature-based intervention effects; not an observed intervention trial"}}, {"type": "Feature", "geometry": {"type": "Polygon", "coordinates": [[[77.58999999999999, 12.78], [77.61, 12.78], [77.61, 12.799999999999999], [77.58999999999999, 12.799999999999999], [77.58999999999999, 12.78]]]}, "properties": {"cell_id": "blr_0492", "flood_depth_m": {"rp10": 0.04, "rp100": 0.09}, "glof_depth_m": 0.0, "landslide_prob": 0.012, "population": 4612, "critical_assets": [], "eal_people": 63.646, "eal_usd": 159115.0, "observed_flood_frac": null, "modeled_flood_frac": 0.05, "elev_m": 911.2, "slope_deg": 1.4, "n_lakes": 0, "n_drains": 0, "low_income_score": 0.4, "equity_weight": 1.2, "scenario": "with_preventive_measures", "people_risk_eal": 63.646, "modeled_reduction_pct": 0.0, "data_status": "counterfactual simulation using literature-based intervention effects; not an observed intervention trial"}}, {"type": "Feature", "geometry": {"type": "Polygon", "coordinates": [[[77.61, 12.78], [77.63, 12.78], [77.63, 12.799999999999999], [77.61, 12.799999999999999], [77.61, 12.78]]]}, "properties": {"cell_id": "blr_0493", "flood_depth_m": {"rp10": 0.05, "rp100": 0.13}, "glof_depth_m": 0.0, "landslide_prob": 0.012, "population": 8191, "critical_assets": [], "eal_people": 126.797, "eal_usd": 316992.0, "observed_flood_frac": null, "modeled_flood_frac": 0.07, "elev_m": 912.9, "slope_deg": 1.4, "n_lakes": 0, "n_drains": 0, "low_income_score": 0.4, "equity_weight": 1.2, "scenario": "with_preventive_measures", "people_risk_eal": 126.797, "modeled_reduction_pct": 0.0, "data_status": "counterfactual simulation using literature-based intervention effects; not an observed intervention trial"}}, {"type": "Feature", "geometry": {"type": "Polygon", "coordinates": [[[77.63, 12.78], [77.64999999999999, 12.78], [77.64999999999999, 12.799999999999999], [77.63, 12.799999999999999], [77.63, 12.78]]]}, "properties": {"cell_id": "blr_0494", "flood_depth_m": {"rp10": 0.12, "rp100": 0.29}, "glof_depth_m": 0.0, "landslide_prob": 0.008, "population": 10898, "critical_assets": ["lake"], "eal_people": 319.093, "eal_usd": 797732.0, "observed_flood_frac": null, "modeled_flood_frac": 0.02, "elev_m": 898.7, "slope_deg": 1.0, "n_lakes": 1, "n_drains": 0, "low_income_score": 0.4, "equity_weight": 1.2, "scenario": "with_preventive_measures", "people_risk_eal": 319.093, "modeled_reduction_pct": 0.0, "data_status": "counterfactual simulation using literature-based intervention effects; not an observed intervention trial"}}, {"type": "Feature", "geometry": {"type": "Polygon", "coordinates": [[[77.64999999999999, 12.78], [77.66999999999999, 12.78], [77.66999999999999, 12.799999999999999], [77.64999999999999, 12.799999999999999], [77.64999999999999, 12.78]]]}, "properties": {"cell_id": "blr_0495", "flood_depth_m": {"rp10": 0.13, "rp100": 0.32}, "glof_depth_m": 0.0, "landslide_prob": 0.009, "population": 8124, "critical_assets": ["lake"], "eal_people": 251.519, "eal_usd": 628798.0, "observed_flood_frac": null, "modeled_flood_frac": 0.04, "elev_m": 899.4, "slope_deg": 1.1, "n_lakes": 1, "n_drains": 0, "low_income_score": 0.4, "equity_weight": 1.2, "scenario": "with_preventive_measures", "people_risk_eal": 251.519, "modeled_reduction_pct": 0.0, "data_status": "counterfactual simulation using literature-based intervention effects; not an observed intervention trial"}}, {"type": "Feature", "geometry": {"type": "Polygon", "coordinates": [[[77.66999999999999, 12.78], [77.69, 12.78], [77.69, 12.799999999999999], [77.66999999999999, 12.799999999999999], [77.66999999999999, 12.78]]]}, "properties": {"cell_id": "blr_0496", "flood_depth_m": {"rp10": 0.02, "rp100": 0.05}, "glof_depth_m": 0.0, "landslide_prob": 0.008, "population": 6184, "critical_assets": [], "eal_people": 69.756, "eal_usd": 174390.0, "observed_flood_frac": null, "modeled_flood_frac": 0.02, "elev_m": 890.4, "slope_deg": 1.0, "n_lakes": 0, "n_drains": 0, "low_income_score": 0.4, "equity_weight": 1.2, "scenario": "with_preventive_measures", "people_risk_eal": 69.756, "modeled_reduction_pct": 0.0, "data_status": "counterfactual simulation using literature-based intervention effects; not an observed intervention trial"}}, {"type": "Feature", "geometry": {"type": "Polygon", "coordinates": [[[77.69, 12.78], [77.71, 12.78], [77.71, 12.799999999999999], [77.69, 12.799999999999999], [77.69, 12.78]]]}, "properties": {"cell_id": "blr_0497", "flood_depth_m": {"rp10": 0.03, "rp100": 0.07}, "glof_depth_m": 0.0, "landslide_prob": 0.008, "population": 7966, "critical_assets": [], "eal_people": 103.239, "eal_usd": 258098.0, "observed_flood_frac": null, "modeled_flood_frac": 0.04, "elev_m": 890.2, "slope_deg": 1.0, "n_lakes": 0, "n_drains": 0, "low_income_score": 0.4, "equity_weight": 1.2, "scenario": "with_preventive_measures", "people_risk_eal": 103.239, "modeled_reduction_pct": 0.0, "data_status": "counterfactual simulation using literature-based intervention effects; not an observed intervention trial"}}, {"type": "Feature", "geometry": {"type": "Polygon", "coordinates": [[[77.71, 12.78], [77.72999999999999, 12.78], [77.72999999999999, 12.799999999999999], [77.71, 12.799999999999999], [77.71, 12.78]]]}, "properties": {"cell_id": "blr_0498", "flood_depth_m": {"rp10": 0.16, "rp100": 0.39}, "glof_depth_m": 0.0, "landslide_prob": 0.009, "population": 6786, "critical_assets": ["lake"], "eal_people": 232.896, "eal_usd": 582240.0, "observed_flood_frac": null, "modeled_flood_frac": 0.08, "elev_m": 898.5, "slope_deg": 1.1, "n_lakes": 1, "n_drains": 0, "low_income_score": 0.4, "equity_weight": 1.2, "scenario": "with_preventive_measures", "people_risk_eal": 232.896, "modeled_reduction_pct": 0.0, "data_status": "counterfactual simulation using literature-based intervention effects; not an observed intervention trial"}}, {"type": "Feature", "geometry": {"type": "Polygon", "coordinates": [[[77.72999999999999, 12.78], [77.75, 12.78], [77.75, 12.799999999999999], [77.72999999999999, 12.799999999999999], [77.72999999999999, 12.78]]]}, "properties": {"cell_id": "blr_0499", "flood_depth_m": {"rp10": 0.14, "rp100": 0.36}, "glof_depth_m": 0.0, "landslide_prob": 0.01, "population": 8547, "critical_assets": ["lake"], "eal_people": 278.974, "eal_usd": 697435.0, "observed_flood_frac": null, "modeled_flood_frac": 0.06, "elev_m": 899.7, "slope_deg": 1.2, "n_lakes": 1, "n_drains": 0, "low_income_score": 0.4, "equity_weight": 1.2, "scenario": "with_preventive_measures", "people_risk_eal": 278.974, "modeled_reduction_pct": 0.0, "data_status": "counterfactual simulation using literature-based intervention effects; not an observed intervention trial"}}, {"type": "Feature", "geometry": {"type": "Polygon", "coordinates": [[[77.75, 12.78], [77.77, 12.78], [77.77, 12.799999999999999], [77.75, 12.799999999999999], [77.75, 12.78]]]}, "properties": {"cell_id": "blr_0500", "flood_depth_m": {"rp10": 0.04, "rp100": 0.11}, "glof_depth_m": 0.0, "landslide_prob": 0.01, "population": 7060, "critical_assets": [], "eal_people": 103.358, "eal_usd": 258395.0, "observed_flood_frac": null, "modeled_flood_frac": 0.06, "elev_m": 884.6, "slope_deg": 1.2, "n_lakes": 0, "n_drains": 0, "low_income_score": 0.4, "equity_weight": 1.2, "scenario": "with_preventive_measures", "people_risk_eal": 103.358, "modeled_reduction_pct": 0.0, "data_status": "counterfactual simulation using literature-based intervention effects; not an observed intervention trial"}}, {"type": "Feature", "geometry": {"type": "Polygon", "coordinates": [[[77.77, 12.78], [77.78999999999999, 12.78], [77.78999999999999, 12.799999999999999], [77.77, 12.799999999999999], [77.77, 12.78]]]}, "properties": {"cell_id": "blr_0501", "flood_depth_m": {"rp10": 0.05, "rp100": 0.13}, "glof_depth_m": 0.0, "landslide_prob": 0.008, "population": 6274, "critical_assets": [], "eal_people": 97.122, "eal_usd": 242805.0, "observed_flood_frac": null, "modeled_flood_frac": 0.07, "elev_m": 869.5, "slope_deg": 1.0, "n_lakes": 0, "n_drains": 0, "low_income_score": 0.4, "equity_weight": 1.2, "scenario": "with_preventive_measures", "people_risk_eal": 97.122, "modeled_reduction_pct": 0.0, "data_status": "counterfactual simulation using literature-based intervention effects; not an observed intervention trial"}}, {"type": "Feature", "geometry": {"type": "Polygon", "coordinates": [[[77.78999999999999, 12.78], [77.80999999999999, 12.78], [77.80999999999999, 12.799999999999999], [77.78999999999999, 12.799999999999999], [77.78999999999999, 12.78]]]}, "properties": {"cell_id": "blr_0502", "flood_depth_m": {"rp10": 0.02, "rp100": 0.05}, "glof_depth_m": 0.0, "landslide_prob": 0.008, "population": 3179, "critical_assets": [], "eal_people": 34.516, "eal_usd": 86290.0, "observed_flood_frac": null, "modeled_flood_frac": 0.03, "elev_m": 860.5, "slope_deg": 1.0, "n_lakes": 0, "n_drains": 0, "low_income_score": 0.15, "equity_weight": 1.075, "scenario": "with_preventive_measures", "people_risk_eal": 34.516, "modeled_reduction_pct": 0.0, "data_status": "counterfactual simulation using literature-based intervention effects; not an observed intervention trial"}}, {"type": "Feature", "geometry": {"type": "Polygon", "coordinates": [[[77.80999999999999, 12.78], [77.83, 12.78], [77.83, 12.799999999999999], [77.80999999999999, 12.799999999999999], [77.80999999999999, 12.78]]]}, "properties": {"cell_id": "blr_0503", "flood_depth_m": {"rp10": 0.02, "rp100": 0.05}, "glof_depth_m": 0.0, "landslide_prob": 0.009, "population": 1928, "critical_assets": [], "eal_people": 20.933, "eal_usd": 52332.0, "observed_flood_frac": null, "modeled_flood_frac": 0.03, "elev_m": 862.0, "slope_deg": 1.1, "n_lakes": 0, "n_drains": 0, "low_income_score": 0.15, "equity_weight": 1.075, "scenario": "with_preventive_measures", "people_risk_eal": 20.933, "modeled_reduction_pct": 0.0, "data_status": "counterfactual simulation using literature-based intervention effects; not an observed intervention trial"}}, {"type": "Feature", "geometry": {"type": "Polygon", "coordinates": [[[77.35, 12.76], [77.36999999999999, 12.76], [77.36999999999999, 12.78], [77.35, 12.78], [77.35, 12.76]]]}, "properties": {"cell_id": "blr_0504", "flood_depth_m": {"rp10": 0.65, "rp100": 1.62}, "glof_depth_m": 0.0, "landslide_prob": 0.02, "population": 2129, "critical_assets": [], "eal_people": 162.496, "eal_usd": 406240.0, "observed_flood_frac": null, "modeled_flood_frac": 0.9, "elev_m": 766.2, "slope_deg": 2.4, "n_lakes": 0, "n_drains": 0, "low_income_score": 0.15, "equity_weight": 1.075, "scenario": "with_preventive_measures", "people_risk_eal": 162.496, "modeled_reduction_pct": 0.0, "data_status": "counterfactual simulation using literature-based intervention effects; not an observed intervention trial"}}, {"type": "Feature", "geometry": {"type": "Polygon", "coordinates": [[[77.36999999999999, 12.76], [77.39, 12.76], [77.39, 12.78], [77.36999999999999, 12.78], [77.36999999999999, 12.76]]]}, "properties": {"cell_id": "blr_0505", "flood_depth_m": {"rp10": 0.72, "rp100": 1.8}, "glof_depth_m": 0.0, "landslide_prob": 0.012, "population": 1569, "critical_assets": [], "eal_people": 131.561, "eal_usd": 328902.0, "observed_flood_frac": null, "modeled_flood_frac": 1.0, "elev_m": 722.2, "slope_deg": 1.4, "n_lakes": 0, "n_drains": 0, "low_income_score": 0.15, "equity_weight": 1.075, "scenario": "with_preventive_measures", "people_risk_eal": 131.561, "modeled_reduction_pct": 0.0, "data_status": "counterfactual simulation using literature-based intervention effects; not an observed intervention trial"}}, {"type": "Feature", "geometry": {"type": "Polygon", "coordinates": [[[77.39, 12.76], [77.41, 12.76], [77.41, 12.78], [77.39, 12.78], [77.39, 12.76]]]}, "properties": {"cell_id": "blr_0506", "flood_depth_m": {"rp10": 0.72, "rp100": 1.8}, "glof_depth_m": 0.0, "landslide_prob": 0.008, "population": 4071, "critical_assets": [], "eal_people": 381.046, "eal_usd": 952615.0, "observed_flood_frac": null, "modeled_flood_frac": 1.0, "elev_m": 697.7, "slope_deg": 0.9, "n_lakes": 0, "n_drains": 0, "low_income_score": 0.4, "equity_weight": 1.2, "scenario": "with_preventive_measures", "people_risk_eal": 381.046, "modeled_reduction_pct": 0.0, "data_status": "counterfactual simulation using literature-based intervention effects; not an observed intervention trial"}}, {"type": "Feature", "geometry": {"type": "Polygon", "coordinates": [[[77.41, 12.76], [77.42999999999999, 12.76], [77.42999999999999, 12.78], [77.41, 12.78], [77.41, 12.76]]]}, "properties": {"cell_id": "blr_0507", "flood_depth_m": {"rp10": 0.82, "rp100": 2.05}, "glof_depth_m": 0.0, "landslide_prob": 0.008, "population": 7187, "critical_assets": ["lake"], "eal_people": 802.069, "eal_usd": 2005172.0, "observed_flood_frac": null, "modeled_flood_frac": 1.0, "elev_m": 701.9, "slope_deg": 1.0, "n_lakes": 1, "n_drains": 0, "low_income_score": 0.4, "equity_weight": 1.2, "scenario": "with_preventive_measures", "people_risk_eal": 802.069, "modeled_reduction_pct": 0.0, "data_status": "counterfactual simulation using literature-based intervention effects; not an observed intervention trial"}}, {"type": "Feature", "geometry": {"type": "Polygon", "coordinates": [[[77.42999999999999, 12.76], [77.44999999999999, 12.76], [77.44999999999999, 12.78], [77.42999999999999, 12.78], [77.42999999999999, 12.76]]]}, "properties": {"cell_id": "blr_0508", "flood_depth_m": {"rp10": 0.82, "rp100": 2.05}, "glof_depth_m": 0.0, "landslide_prob": 0.013, "population": 1631, "critical_assets": ["lake"], "eal_people": 163.059, "eal_usd": 407648.0, "observed_flood_frac": null, "modeled_flood_frac": 1.0, "elev_m": 713.4, "slope_deg": 1.5, "n_lakes": 1, "n_drains": 0, "low_income_score": 0.15, "equity_weight": 1.075, "scenario": "with_preventive_measures", "people_risk_eal": 163.059, "modeled_reduction_pct": 0.0, "data_status": "counterfactual simulation using literature-based intervention effects; not an observed intervention trial"}}, {"type": "Feature", "geometry": {"type": "Polygon", "coordinates": [[[77.44999999999999, 12.76], [77.47, 12.76], [77.47, 12.78], [77.44999999999999, 12.78], [77.44999999999999, 12.76]]]}, "properties": {"cell_id": "blr_0509", "flood_depth_m": {"rp10": 0.72, "rp100": 1.8}, "glof_depth_m": 0.0, "landslide_prob": 0.014, "population": 902, "critical_assets": [], "eal_people": 75.633, "eal_usd": 189082.0, "observed_flood_frac": null, "modeled_flood_frac": 1.0, "elev_m": 743.6, "slope_deg": 1.7, "n_lakes": 0, "n_drains": 0, "low_income_score": 0.15, "equity_weight": 1.075, "scenario": "with_preventive_measures", "people_risk_eal": 75.633, "modeled_reduction_pct": 0.0, "data_status": "counterfactual simulation using literature-based intervention effects; not an observed intervention trial"}}, {"type": "Feature", "geometry": {"type": "Polygon", "coordinates": [[[77.47, 12.76], [77.49, 12.76], [77.49, 12.78], [77.47, 12.78], [77.47, 12.76]]]}, "properties": {"cell_id": "blr_0510", "flood_depth_m": {"rp10": 0.72, "rp100": 1.8}, "glof_depth_m": 0.0, "landslide_prob": 0.012, "population": 512, "critical_assets": [], "eal_people": 42.931, "eal_usd": 107328.0, "observed_flood_frac": null, "modeled_flood_frac": 1.0, "elev_m": 738.6, "slope_deg": 1.5, "n_lakes": 0, "n_drains": 0, "low_income_score": 0.15, "equity_weight": 1.075, "scenario": "with_preventive_measures", "people_risk_eal": 42.931, "modeled_reduction_pct": 0.0, "data_status": "counterfactual simulation using literature-based intervention effects; not an observed intervention trial"}}, {"type": "Feature", "geometry": {"type": "Polygon", "coordinates": [[[77.49, 12.76], [77.50999999999999, 12.76], [77.50999999999999, 12.78], [77.49, 12.78], [77.49, 12.76]]]}, "properties": {"cell_id": "blr_0511", "flood_depth_m": {"rp10": 0.82, "rp100": 2.05}, "glof_depth_m": 0.0, "landslide_prob": 0.009, "population": 871, "critical_assets": ["lake"], "eal_people": 87.078, "eal_usd": 217695.0, "observed_flood_frac": null, "modeled_flood_frac": 1.0, "elev_m": 724.9, "slope_deg": 1.0, "n_lakes": 1, "n_drains": 0, "low_income_score": 0.15, "equity_weight": 1.075, "scenario": "with_preventive_measures", "people_risk_eal": 87.078, "modeled_reduction_pct": 0.0, "data_status": "counterfactual simulation using literature-based intervention effects; not an observed intervention trial"}}, {"type": "Feature", "geometry": {"type": "Polygon", "coordinates": [[[77.50999999999999, 12.76], [77.53, 12.76], [77.53, 12.78], [77.50999999999999, 12.78], [77.50999999999999, 12.76]]]}, "properties": {"cell_id": "blr_0512", "flood_depth_m": {"rp10": 0.72, "rp100": 1.8}, "glof_depth_m": 0.0, "landslide_prob": 0.01, "population": 868, "critical_assets": [], "eal_people": 72.782, "eal_usd": 181955.0, "observed_flood_frac": null, "modeled_flood_frac": 1.0, "elev_m": 735.0, "slope_deg": 1.2, "n_lakes": 0, "n_drains": 0, "low_income_score": 0.15, "equity_weight": 1.075, "scenario": "with_preventive_measures", "people_risk_eal": 72.782, "modeled_reduction_pct": 0.0, "data_status": "counterfactual simulation using literature-based intervention effects; not an observed intervention trial"}}, {"type": "Feature", "geometry": {"type": "Polygon", "coordinates": [[[77.53, 12.76], [77.55, 12.76], [77.55, 12.78], [77.53, 12.78], [77.53, 12.76]]]}, "properties": {"cell_id": "blr_0513", "flood_depth_m": {"rp10": 0.81, "rp100": 2.03}, "glof_depth_m": 0.0, "landslide_prob": 0.015, "population": 1598, "critical_assets": ["lake"], "eal_people": 158.558, "eal_usd": 396395.0, "observed_flood_frac": null, "modeled_flood_frac": 0.99, "elev_m": 766.8, "slope_deg": 1.8, "n_lakes": 1, "n_drains": 0, "low_income_score": 0.15, "equity_weight": 1.075, "scenario": "with_preventive_measures", "people_risk_eal": 158.558, "modeled_reduction_pct": 0.0, "data_status": "counterfactual simulation using literature-based intervention effects; not an observed intervention trial"}}, {"type": "Feature", "geometry": {"type": "Polygon", "coordinates": [[[77.55, 12.76], [77.57, 12.76], [77.57, 12.78], [77.55, 12.78], [77.55, 12.76]]]}, "properties": {"cell_id": "blr_0514", "flood_depth_m": {"rp10": 0.28, "rp100": 0.7}, "glof_depth_m": 0.0, "landslide_prob": 0.036, "population": 816, "critical_assets": [], "eal_people": 30.965, "eal_usd": 77412.0, "observed_flood_frac": null, "modeled_flood_frac": 0.39, "elev_m": 826.4, "slope_deg": 4.4, "n_lakes": 0, "n_drains": 0, "low_income_score": 0.15, "equity_weight": 1.075, "scenario": "with_preventive_measures", "people_risk_eal": 30.965, "modeled_reduction_pct": 0.0, "data_status": "counterfactual simulation using literature-based intervention effects; not an observed intervention trial"}}, {"type": "Feature", "geometry": {"type": "Polygon", "coordinates": [[[77.57, 12.76], [77.58999999999999, 12.76], [77.58999999999999, 12.78], [77.57, 12.78], [77.57, 12.76]]]}, "properties": {"cell_id": "blr_0515", "flood_depth_m": {"rp10": 0.05, "rp100": 0.13}, "glof_depth_m": 0.0, "landslide_prob": 0.03, "population": 1611, "critical_assets": [], "eal_people": 22.341, "eal_usd": 55852.0, "observed_flood_frac": null, "modeled_flood_frac": 0.07, "elev_m": 903.2, "slope_deg": 3.6, "n_lakes": 0, "n_drains": 0, "low_income_score": 0.15, "equity_weight": 1.075, "scenario": "with_preventive_measures", "people_risk_eal": 22.341, "modeled_reduction_pct": 0.0, "data_status": "counterfactual simulation using literature-based intervention effects; not an observed intervention trial"}}, {"type": "Feature", "geometry": {"type": "Polygon", "coordinates": [[[77.58999999999999, 12.76], [77.61, 12.76], [77.61, 12.78], [77.58999999999999, 12.78], [77.58999999999999, 12.76]]]}, "properties": {"cell_id": "blr_0516", "flood_depth_m": {"rp10": 0.02, "rp100": 0.05}, "glof_depth_m": 0.0, "landslide_prob": 0.029, "population": 3445, "critical_assets": [], "eal_people": 29.627, "eal_usd": 74068.0, "observed_flood_frac": null, "modeled_flood_frac": 0.0, "elev_m": 886.8, "slope_deg": 3.5, "n_lakes": 0, "n_drains": 0, "low_income_score": 0.15, "equity_weight": 1.075, "scenario": "with_preventive_measures", "people_risk_eal": 29.627, "modeled_reduction_pct": 0.0, "data_status": "counterfactual simulation using literature-based intervention effects; not an observed intervention trial"}}, {"type": "Feature", "geometry": {"type": "Polygon", "coordinates": [[[77.61, 12.76], [77.63, 12.76], [77.63, 12.78], [77.61, 12.78], [77.61, 12.76]]]}, "properties": {"cell_id": "blr_0517", "flood_depth_m": {"rp10": 0.07, "rp100": 0.18}, "glof_depth_m": 0.0, "landslide_prob": 0.01, "population": 6812, "critical_assets": [], "eal_people": 122.616, "eal_usd": 306540.0, "observed_flood_frac": null, "modeled_flood_frac": 0.1, "elev_m": 914.6, "slope_deg": 1.2, "n_lakes": 0, "n_drains": 0, "low_income_score": 0.4, "equity_weight": 1.2, "scenario": "with_preventive_measures", "people_risk_eal": 122.616, "modeled_reduction_pct": 0.0, "data_status": "counterfactual simulation using literature-based intervention effects; not an observed intervention trial"}}, {"type": "Feature", "geometry": {"type": "Polygon", "coordinates": [[[77.63, 12.76], [77.64999999999999, 12.76], [77.64999999999999, 12.78], [77.63, 12.78], [77.63, 12.76]]]}, "properties": {"cell_id": "blr_0518", "flood_depth_m": {"rp10": 0.23, "rp100": 0.57}, "glof_depth_m": 0.0, "landslide_prob": 0.009, "population": 17621, "critical_assets": ["lake"], "eal_people": 545.546, "eal_usd": 1363865.0, "observed_flood_frac": null, "modeled_flood_frac": 0.04, "elev_m": 904.6, "slope_deg": 1.1, "n_lakes": 2, "n_drains": 0, "low_income_score": 0.4, "equity_weight": 1.2, "scenario": "with_preventive_measures", "people_risk_eal": 545.546, "modeled_reduction_pct": 0.0, "data_status": "counterfactual simulation using literature-based intervention effects; not an observed intervention trial"}}, {"type": "Feature", "geometry": {"type": "Polygon", "coordinates": [[[77.64999999999999, 12.76], [77.66999999999999, 12.76], [77.66999999999999, 12.78], [77.64999999999999, 12.78], [77.64999999999999, 12.76]]]}, "properties": {"cell_id": "blr_0519", "flood_depth_m": {"rp10": 0.02, "rp100": 0.05}, "glof_depth_m": 0.0, "landslide_prob": 0.008, "population": 5524, "critical_assets": [], "eal_people": 62.311, "eal_usd": 155778.0, "observed_flood_frac": null, "modeled_flood_frac": 0.02, "elev_m": 896.6, "slope_deg": 1.0, "n_lakes": 0, "n_drains": 0, "low_income_score": 0.4, "equity_weight": 1.2, "scenario": "with_preventive_measures", "people_risk_eal": 62.311, "modeled_reduction_pct": 0.0, "data_status": "counterfactual simulation using literature-based intervention effects; not an observed intervention trial"}}, {"type": "Feature", "geometry": {"type": "Polygon", "coordinates": [[[77.66999999999999, 12.76], [77.69, 12.76], [77.69, 12.78], [77.66999999999999, 12.78], [77.66999999999999, 12.76]]]}, "properties": {"cell_id": "blr_0520", "flood_depth_m": {"rp10": 0.03, "rp100": 0.07}, "glof_depth_m": 0.0, "landslide_prob": 0.01, "population": 5564, "critical_assets": [], "eal_people": 72.109, "eal_usd": 180272.0, "observed_flood_frac": null, "modeled_flood_frac": 0.04, "elev_m": 900.7, "slope_deg": 1.2, "n_lakes": 0, "n_drains": 0, "low_income_score": 0.4, "equity_weight": 1.2, "scenario": "with_preventive_measures", "people_risk_eal": 72.109, "modeled_reduction_pct": 0.0, "data_status": "counterfactual simulation using literature-based intervention effects; not an observed intervention trial"}}, {"type": "Feature", "geometry": {"type": "Polygon", "coordinates": [[[77.69, 12.76], [77.71, 12.76], [77.71, 12.78], [77.69, 12.78], [77.69, 12.76]]]}, "properties": {"cell_id": "blr_0521", "flood_depth_m": {"rp10": 0.05, "rp100": 0.13}, "glof_depth_m": 0.0, "landslide_prob": 0.009, "population": 6737, "critical_assets": [], "eal_people": 104.289, "eal_usd": 260722.0, "observed_flood_frac": null, "modeled_flood_frac": 0.07, "elev_m": 902.6, "slope_deg": 1.1, "n_lakes": 0, "n_drains": 0, "low_income_score": 0.4, "equity_weight": 1.2, "scenario": "with_preventive_measures", "people_risk_eal": 104.289, "modeled_reduction_pct": 0.0, "data_status": "counterfactual simulation using literature-based intervention effects; not an observed intervention trial"}}, {"type": "Feature", "geometry": {"type": "Polygon", "coordinates": [[[77.71, 12.76], [77.72999999999999, 12.76], [77.72999999999999, 12.78], [77.71, 12.78], [77.71, 12.76]]]}, "properties": {"cell_id": "blr_0522", "flood_depth_m": {"rp10": 0.02, "rp100": 0.05}, "glof_depth_m": 0.0, "landslide_prob": 0.009, "population": 5625, "critical_assets": [], "eal_people": 63.45, "eal_usd": 158625.0, "observed_flood_frac": null, "modeled_flood_frac": 0.02, "elev_m": 898.5, "slope_deg": 1.1, "n_lakes": 0, "n_drains": 0, "low_income_score": 0.4, "equity_weight": 1.2, "scenario": "with_preventive_measures", "people_risk_eal": 63.45, "modeled_reduction_pct": 0.0, "data_status": "counterfactual simulation using literature-based intervention effects; not an observed intervention trial"}}, {"type": "Feature", "geometry": {"type": "Polygon", "coordinates": [[[77.72999999999999, 12.76], [77.75, 12.76], [77.75, 12.78], [77.72999999999999, 12.78], [77.72999999999999, 12.76]]]}, "properties": {"cell_id": "blr_0523", "flood_depth_m": {"rp10": 0.03, "rp100": 0.07}, "glof_depth_m": 0.0, "landslide_prob": 0.01, "population": 6535, "critical_assets": [], "eal_people": 84.694, "eal_usd": 211735.0, "observed_flood_frac": null, "modeled_flood_frac": 0.04, "elev_m": 892.6, "slope_deg": 1.2, "n_lakes": 0, "n_drains": 0, "low_income_score": 0.4, "equity_weight": 1.2, "scenario": "with_preventive_measures", "people_risk_eal": 84.694, "modeled_reduction_pct": 0.0, "data_status": "counterfactual simulation using literature-based intervention effects; not an observed intervention trial"}}, {"type": "Feature", "geometry": {"type": "Polygon", "coordinates": [[[77.75, 12.76], [77.77, 12.76], [77.77, 12.78], [77.75, 12.78], [77.75, 12.76]]]}, "properties": {"cell_id": "blr_0524", "flood_depth_m": {"rp10": 0.02, "rp100": 0.05}, "glof_depth_m": 0.0, "landslide_prob": 0.007, "population": 6698, "critical_assets": [], "eal_people": 75.553, "eal_usd": 188882.0, "observed_flood_frac": null, "modeled_flood_frac": 0.02, "elev_m": 878.8, "slope_deg": 0.9, "n_lakes": 0, "n_drains": 0, "low_income_score": 0.4, "equity_weight": 1.2, "scenario": "with_preventive_measures", "people_risk_eal": 75.553, "modeled_reduction_pct": 0.0, "data_status": "counterfactual simulation using literature-based intervention effects; not an observed intervention trial"}}, {"type": "Feature", "geometry": {"type": "Polygon", "coordinates": [[[77.77, 12.76], [77.78999999999999, 12.76], [77.78999999999999, 12.78], [77.77, 12.78], [77.77, 12.76]]]}, "properties": {"cell_id": "blr_0525", "flood_depth_m": {"rp10": 0.2, "rp100": 0.5}, "glof_depth_m": 0.0, "landslide_prob": 0.009, "population": 7559, "critical_assets": ["lake"], "eal_people": 208.628, "eal_usd": 521570.0, "observed_flood_frac": null, "modeled_flood_frac": 0.0, "elev_m": 871.8, "slope_deg": 1.1, "n_lakes": 2, "n_drains": 0, "low_income_score": 0.4, "equity_weight": 1.2, "scenario": "with_preventive_measures", "people_risk_eal": 208.628, "modeled_reduction_pct": 0.0, "data_status": "counterfactual simulation using literature-based intervention effects; not an observed intervention trial"}}, {"type": "Feature", "geometry": {"type": "Polygon", "coordinates": [[[77.78999999999999, 12.76], [77.80999999999999, 12.76], [77.80999999999999, 12.78], [77.78999999999999, 12.78], [77.78999999999999, 12.76]]]}, "properties": {"cell_id": "blr_0526", "flood_depth_m": {"rp10": 0.06, "rp100": 0.16}, "glof_depth_m": 0.0, "landslide_prob": 0.01, "population": 10461, "critical_assets": [], "eal_people": 179.511, "eal_usd": 448778.0, "observed_flood_frac": null, "modeled_flood_frac": 0.09, "elev_m": 876.3, "slope_deg": 1.2, "n_lakes": 0, "n_drains": 0, "low_income_score": 0.4, "equity_weight": 1.2, "scenario": "with_preventive_measures", "people_risk_eal": 179.511, "modeled_reduction_pct": 0.0, "data_status": "counterfactual simulation using literature-based intervention effects; not an observed intervention trial"}}, {"type": "Feature", "geometry": {"type": "Polygon", "coordinates": [[[77.80999999999999, 12.76], [77.83, 12.76], [77.83, 12.78], [77.80999999999999, 12.78], [77.80999999999999, 12.76]]]}, "properties": {"cell_id": "blr_0527", "flood_depth_m": {"rp10": 0.12, "rp100": 0.29}, "glof_depth_m": 0.0, "landslide_prob": 0.009, "population": 3155, "critical_assets": ["lake"], "eal_people": 82.756, "eal_usd": 206890.0, "observed_flood_frac": null, "modeled_flood_frac": 0.02, "elev_m": 855.3, "slope_deg": 1.1, "n_lakes": 1, "n_drains": 0, "low_income_score": 0.15, "equity_weight": 1.075, "scenario": "with_preventive_measures", "people_risk_eal": 82.756, "modeled_reduction_pct": 0.0, "data_status": "counterfactual simulation using literature-based intervention effects; not an observed intervention trial"}}], "provenance": {"data_status": "counterfactual simulation using deterministic candidate suitability and literature-based effect sizes; field verification required", "metric": "annual expected people-risk after selected preventive measures", "source": "hazard.geojson"}}