{"type": "FeatureCollection", "features": [{"type": "Feature", "geometry": {"type": "Polygon", "coordinates": [[[86.53, 26.97], [86.53, 26.968], [86.532, 26.968], [86.532, 26.97], [86.53, 26.97]]]}, "properties": {"class": "flood"}}, {"type": "Feature", "geometry": {"type": "Polygon", "coordinates": [[[86.644, 26.97], [86.644, 26.968], [86.646, 26.968], [86.646, 26.97], [86.644, 26.97]]]}, "properties": {"class": "flood"}}, {"type": "Feature", "geometry": {"type": "Polygon", "coordinates": [[[86.72200000000001, 26.97], [86.72200000000001, 26.968], [86.724, 26.968], [86.724, 26.97], [86.72200000000001, 26.97]]]}, "properties": {"class": "flood"}}, {"type": "Feature", "geometry": {"type": "Polygon", "coordinates": [[[87.2, 26.97], [87.2, 26.968], [87.202, 26.968], [87.202, 26.97], [87.2, 26.97]]]}, "properties": {"class": "flood"}}, {"type": "Feature", "geometry": {"type": "Polygon", "coordinates": [[[87.034, 26.901999999999997], [87.034, 26.9], [87.036, 26.9], [87.036, 26.901999999999997], [87.034, 26.901999999999997]]]}, "properties": {"class": "flood"}}, {"type": "Feature", "geometry": {"type": "Polygon", "coordinates": [[[87.09400000000001, 26.764], [87.09400000000001, 26.762], [87.096, 26.762], [87.096, 26.764], [87.09400000000001, 26.764]]]}, "properties": {"class": "flood"}}, {"type": "Feature", "geometry": {"type": "Polygon", "coordinates": [[[87.116, 26.756], [87.116, 26.752], [87.11800000000001, 26.752], [87.11800000000001, 26.756], [87.116, 26.756]]]}, "properties": {"class": "flood"}}, {"type": "Feature", "geometry": {"type": "Polygon", "coordinates": [[[87.012, 26.746], [87.012, 26.744], [87.016, 26.744], [87.016, 26.746], [87.012, 26.746]]]}, "properties": {"class": "flood"}}, {"type": "Feature", "geometry": {"type": "Polygon", "coordinates": [[[87.01, 26.744], [87.01, 26.741999999999997], [87.012, 26.741999999999997], [87.012, 26.744], [87.01, 26.744]]]}, "properties": {"class": "flood"}}, {"type": "Feature", "geometry": {"type": "Polygon", "coordinates": [[[87.006, 26.741999999999997], [87.002, 26.738], [87.002, 26.735999999999997], [87.01, 26.74], [87.006, 26.741999999999997]]]}, "properties": {"class": "flood"}}, {"type": "Feature", "geometry": {"type": "Polygon", "coordinates": [[[87.0, 26.735999999999997], [87.0, 26.733999999999998], [87.002, 26.733999999999998], [87.002, 26.735999999999997], [87.0, 26.735999999999997]]]}, "properties": {"class": "flood"}}, {"type": "Feature", "geometry": {"type": "Polygon", "coordinates": [[[86.986, 26.733999999999998], [86.986, 26.732], [86.988, 26.732], [86.988, 26.733999999999998], [86.986, 26.733999999999998]]]}, "properties": {"class": "flood"}}, {"type": "Feature", "geometry": {"type": "Polygon", "coordinates": [[[86.998, 26.733999999999998], [86.998, 26.732], [87.0, 26.732], [87.0, 26.733999999999998], [86.998, 26.733999999999998]]]}, "properties": {"class": "flood"}}, {"type": "Feature", "geometry": {"type": "Polygon", "coordinates": [[[87.09, 26.732], [87.09, 26.73], [87.092, 26.73], [87.092, 26.732], [87.09, 26.732]]]}, "properties": {"class": "flood"}}, {"type": "Feature", "geometry": {"type": "Polygon", "coordinates": [[[87.108, 26.732], [87.108, 26.73], [87.11, 26.73], [87.11, 26.732], [87.108, 26.732]]]}, "properties": {"class": "flood"}}, {"type": "Feature", "geometry": {"type": "Polygon", "coordinates": [[[86.99600000000001, 26.74], [86.992, 26.733999999999998], [86.992, 26.726], [86.998, 26.727999999999998], [86.99600000000001, 26.733999999999998], [87.0, 26.735999999999997], [87.0, 26.74], [86.99600000000001, 26.74]]]}, "properties": {"class": "flood"}}, {"type": "Feature", "geometry": {"type": "Polygon", "coordinates": [[[87.016, 26.727999999999998], [87.016, 26.726], [87.018, 26.726], [87.018, 26.727999999999998], [87.016, 26.727999999999998]]]}, "properties": {"class": "flood"}}, {"type": "Feature", "geometry": {"type": "Polygon", "coordinates": [[[86.988, 26.727999999999998], [86.988, 26.724], [86.99000000000001, 26.724], [86.99000000000001, 26.727999999999998], [86.988, 26.727999999999998]]]}, "properties": {"class": "flood"}}, {"type": "Feature", "geometry": {"type": "Polygon", "coordinates": [[[87.014, 26.726], [87.014, 26.721999999999998], [87.016, 26.721999999999998], [87.016, 26.726], [87.014, 26.726]]]}, "properties": {"class": "flood"}}, {"type": "Feature", "geometry": {"type": "Polygon", "coordinates": [[[86.06400000000001, 26.726], [86.062, 26.721999999999998], [86.06400000000001, 26.715999999999998], [86.06, 26.715999999999998], [86.06, 26.709999999999997], [86.066, 26.714], [86.068, 26.724], [86.06400000000001, 26.726]]]}, "properties": {"class": "flood"}}, {"type": "Feature", "geometry": {"type": "Polygon", "coordinates": [[[87.078, 26.704], [87.078, 26.701999999999998], [87.08, 26.701999999999998], [87.08, 26.704], [87.078, 26.704]]]}, "properties": {"class": "flood"}}, {"type": "Feature", "geometry": {"type": "Polygon", "coordinates": [[[86.072, 26.709999999999997], [86.066, 26.704], [86.06, 26.704], [86.06, 26.701999999999998], [86.072, 26.701999999999998], [86.072, 26.709999999999997]]]}, "properties": {"class": "flood"}}, {"type": "Feature", "geometry": {"type": "Polygon", "coordinates": [[[86.194, 26.695999999999998], [86.194, 26.694], [86.196, 26.694], [86.196, 26.695999999999998], [86.194, 26.695999999999998]]]}, "properties": {"class": "flood"}}, {"type": "Feature", "geometry": {"type": "Polygon", "coordinates": [[[86.166, 26.677999999999997], [86.166, 26.676], [86.168, 26.676], [86.168, 26.677999999999997], [86.166, 26.677999999999997]]]}, "properties": {"class": "flood"}}, {"type": "Feature", "geometry": {"type": "Polygon", "coordinates": [[[86.104, 26.666], [86.10000000000001, 26.662], [86.10000000000001, 26.657999999999998], [86.10600000000001, 26.66], [86.104, 26.666]]]}, "properties": {"class": "flood"}}, {"type": "Feature", "geometry": {"type": "Polygon", "coordinates": [[[86.95400000000001, 26.662], [86.95400000000001, 26.656], [86.956, 26.656], [86.956, 26.662], [86.95400000000001, 26.662]]]}, "properties": {"class": "flood"}}, {"type": "Feature", "geometry": {"type": "Polygon", "coordinates": [[[87.11200000000001, 26.657999999999998], [87.11200000000001, 26.654], [87.114, 26.654], [87.114, 26.657999999999998], [87.11200000000001, 26.657999999999998]]]}, "properties": {"class": "flood"}}, {"type": "Feature", "geometry": {"type": "Polygon", "coordinates": [[[86.084, 26.656], [86.08, 26.654], [86.08, 26.65], [86.092, 26.651999999999997], [86.084, 26.656]]]}, "properties": {"class": "flood"}}, {"type": "Feature", "geometry": {"type": "Polygon", "coordinates": [[[86.158, 26.656], [86.158, 26.65], [86.168, 26.651999999999997], [86.164, 26.656], [86.158, 26.656]]]}, "properties": {"class": "flood"}}, {"type": "Feature", "geometry": {"type": "Polygon", "coordinates": [[[87.11, 26.651999999999997], [87.11, 26.648], [87.11200000000001, 26.648], [87.11200000000001, 26.651999999999997], [87.11, 26.651999999999997]]]}, "properties": {"class": "flood"}}, {"type": "Feature", "geometry": {"type": "Polygon", "coordinates": [[[86.958, 26.65], [86.958, 26.645999999999997], [86.96000000000001, 26.645999999999997], [86.96000000000001, 26.65], [86.958, 26.65]]]}, "properties": {"class": "flood"}}, {"type": "Feature", "geometry": {"type": "Polygon", "coordinates": [[[86.074, 26.644], [86.074, 26.642], [86.07600000000001, 26.642], [86.07600000000001, 26.644], [86.074, 26.644]]]}, "properties": {"class": "flood"}}, {"type": "Feature", "geometry": {"type": "Polygon", "coordinates": [[[86.152, 26.644], [86.152, 26.642], [86.154, 26.642], [86.154, 26.644], [86.152, 26.644]]]}, "properties": {"class": "flood"}}, {"type": "Feature", "geometry": {"type": "Polygon", "coordinates": [[[87.11, 26.64], [87.11, 26.637999999999998], [87.114, 26.637999999999998], [87.114, 26.64], [87.11, 26.64]]]}, "properties": {"class": "flood"}}, {"type": "Feature", "geometry": {"type": "Polygon", "coordinates": [[[86.074, 26.637999999999998], [86.074, 26.636], [86.07600000000001, 26.636], [86.07600000000001, 26.637999999999998], [86.074, 26.637999999999998]]]}, "properties": {"class": "flood"}}, {"type": "Feature", "geometry": {"type": "Polygon", "coordinates": [[[86.946, 26.637999999999998], [86.946, 26.636], [86.94800000000001, 26.636], [86.94800000000001, 26.637999999999998], [86.946, 26.637999999999998]]]}, "properties": {"class": "flood"}}, {"type": "Feature", "geometry": {"type": "Polygon", "coordinates": [[[86.086, 26.634], [86.086, 26.631999999999998], [86.08800000000001, 26.631999999999998], [86.08800000000001, 26.634], [86.086, 26.634]]]}, "properties": {"class": "flood"}}, {"type": "Feature", "geometry": {"type": "Polygon", "coordinates": [[[86.066, 26.634], [86.066, 26.624], [86.078, 26.624], [86.07600000000001, 26.631999999999998], [86.08200000000001, 26.63], [86.08, 26.634], [86.07000000000001, 26.634], [86.068, 26.63], [86.066, 26.634]]]}, "properties": {"class": "flood"}}, {"type": "Feature", "geometry": {"type": "Polygon", "coordinates": [[[87.008, 26.634], [87.004, 26.631999999999998], [87.006, 26.624], [87.01, 26.628], [87.008, 26.634]]]}, "properties": {"class": "flood"}}, {"type": "Feature", "geometry": {"type": "Polygon", "coordinates": [[[86.08800000000001, 26.63], [86.084, 26.628], [86.084, 26.624], [86.092, 26.625999999999998], [86.08800000000001, 26.63]]]}, "properties": {"class": "flood"}}, {"type": "Feature", "geometry": {"type": "Polygon", "coordinates": [[[86.154, 26.628], [86.154, 26.622], [86.156, 26.622], [86.156, 26.628], [86.154, 26.628]]]}, "properties": {"class": "flood"}}, {"type": "Feature", "geometry": {"type": "Polygon", "coordinates": [[[86.99600000000001, 26.625999999999998], [86.99600000000001, 26.624], [86.994, 26.622], [87.0, 26.624], [86.99600000000001, 26.625999999999998]]]}, "properties": {"class": "flood"}}, {"type": "Feature", "geometry": {"type": "Polygon", "coordinates": [[[86.134, 26.622], [86.134, 26.619999999999997], [86.136, 26.619999999999997], [86.136, 26.622], [86.134, 26.622]]]}, "properties": {"class": "flood"}}, {"type": "Feature", "geometry": {"type": "Polygon", "coordinates": [[[87.004, 26.622], [87.004, 26.619999999999997], [87.006, 26.619999999999997], [87.006, 26.622], [87.004, 26.622]]]}, "properties": {"class": "flood"}}, {"type": "Feature", "geometry": {"type": "Polygon", "coordinates": [[[86.998, 26.619999999999997], [86.998, 26.618], [87.0, 26.618], [87.0, 26.619999999999997], [86.998, 26.619999999999997]]]}, "properties": {"class": "flood"}}, {"type": "Feature", "geometry": {"type": "Polygon", "coordinates": [[[87.002, 26.619999999999997], [87.002, 26.618], [87.004, 26.618], [87.004, 26.619999999999997], [87.002, 26.619999999999997]]]}, "properties": {"class": "flood"}}, {"type": "Feature", "geometry": {"type": "Polygon", "coordinates": [[[86.152, 26.618], [86.152, 26.616], [86.154, 26.616], [86.154, 26.618], [86.152, 26.618]]]}, "properties": {"class": "flood"}}, {"type": "Feature", "geometry": {"type": "Polygon", "coordinates": [[[86.926, 26.616], [86.926, 26.612], [86.928, 26.612], [86.928, 26.616], [86.926, 26.616]]]}, "properties": {"class": "flood"}}, {"type": "Feature", "geometry": {"type": "Polygon", "coordinates": [[[86.19, 26.613999999999997], [86.19, 26.61], [86.19200000000001, 26.61], [86.19200000000001, 26.613999999999997], [86.19, 26.613999999999997]]]}, "properties": {"class": "flood"}}, {"type": "Feature", "geometry": {"type": "Polygon", "coordinates": [[[86.982, 26.624], [86.974, 26.618], [86.98400000000001, 26.618], [86.982, 26.613999999999997], [86.976, 26.613999999999997], [86.97800000000001, 26.608], [86.992, 26.618], [86.982, 26.624]]]}, "properties": {"class": "flood"}}, {"type": "Feature", "geometry": {"type": "Polygon", "coordinates": [[[86.206, 26.61], [86.206, 26.608], [86.208, 26.608], [86.208, 26.61], [86.206, 26.61]]]}, "properties": {"class": "flood"}}, {"type": "Feature", "geometry": {"type": "Polygon", "coordinates": [[[86.97200000000001, 26.61], [86.97200000000001, 26.605999999999998], [86.974, 26.605999999999998], [86.974, 26.61], [86.97200000000001, 26.61]]]}, "properties": {"class": "flood"}}, {"type": "Feature", "geometry": {"type": "Polygon", "coordinates": [[[86.21600000000001, 26.608], [86.21600000000001, 26.605999999999998], [86.22, 26.605999999999998], [86.22, 26.608], [86.21600000000001, 26.608]]]}, "properties": {"class": "flood"}}, {"type": "Feature", "geometry": {"type": "Polygon", "coordinates": [[[87.022, 26.608], [87.022, 26.605999999999998], [87.024, 26.605999999999998], [87.024, 26.608], [87.022, 26.608]]]}, "properties": {"class": "flood"}}, {"type": "Feature", "geometry": {"type": "Polygon", "coordinates": [[[86.194, 26.608], [86.194, 26.604], [86.196, 26.604], [86.196, 26.608], [86.194, 26.608]]]}, "properties": {"class": "flood"}}, {"type": "Feature", "geometry": {"type": "Polygon", "coordinates": [[[86.066, 26.604], [86.066, 26.602], [86.072, 26.602], [86.072, 26.604], [86.066, 26.604]]]}, "properties": {"class": "flood"}}, {"type": "Feature", "geometry": {"type": "Polygon", "coordinates": [[[86.07600000000001, 26.604], [86.07600000000001, 26.602], [86.078, 26.602], [86.078, 26.604], [86.07600000000001, 26.604]]]}, "properties": {"class": "flood"}}, {"type": "Feature", "geometry": {"type": "Polygon", "coordinates": [[[86.988, 26.602], [86.988, 26.599999999999998], [86.99000000000001, 26.599999999999998], [86.99000000000001, 26.602], [86.988, 26.602]]]}, "properties": {"class": "flood"}}, {"type": "Feature", "geometry": {"type": "Polygon", "coordinates": [[[87.108, 26.602], [87.108, 26.599999999999998], [87.11, 26.599999999999998], [87.11, 26.602], [87.108, 26.602]]]}, "properties": {"class": "flood"}}, {"type": "Feature", "geometry": {"type": "Polygon", "coordinates": [[[87.11, 26.599999999999998], [87.11, 26.598], [87.11200000000001, 26.598], [87.11200000000001, 26.599999999999998], [87.11, 26.599999999999998]]]}, "properties": {"class": "flood"}}, {"type": "Feature", "geometry": {"type": "Polygon", "coordinates": [[[86.164, 26.598], [86.164, 26.596], [86.166, 26.596], [86.166, 26.598], [86.164, 26.598]]]}, "properties": {"class": "flood"}}, {"type": "Feature", "geometry": {"type": "Polygon", "coordinates": [[[87.11800000000001, 26.598], [87.11800000000001, 26.596], [87.12, 26.596], [87.12, 26.598], [87.11800000000001, 26.598]]]}, "properties": {"class": "flood"}}, {"type": "Feature", "geometry": {"type": "Polygon", "coordinates": [[[86.212, 26.604], [86.212, 26.596], [86.21600000000001, 26.593999999999998], [86.214, 26.598], [86.21600000000001, 26.604], [86.212, 26.604]]]}, "properties": {"class": "flood"}}, {"type": "Feature", "geometry": {"type": "Polygon", "coordinates": [[[87.128, 26.596], [87.128, 26.593999999999998], [87.13, 26.593999999999998], [87.13, 26.596], [87.128, 26.596]]]}, "properties": {"class": "flood"}}, {"type": "Feature", "geometry": {"type": "Polygon", "coordinates": [[[86.098, 26.598], [86.096, 26.596], [86.096, 26.592], [86.10000000000001, 26.593999999999998], [86.098, 26.598]]]}, "properties": {"class": "flood"}}, {"type": "Feature", "geometry": {"type": "Polygon", "coordinates": [[[86.968, 26.593999999999998], [86.968, 26.592], [86.97, 26.592], [86.97, 26.593999999999998], [86.968, 26.593999999999998]]]}, "properties": {"class": "flood"}}, {"type": "Feature", "geometry": {"type": "Polygon", "coordinates": [[[86.174, 26.593999999999998], [86.174, 26.59], [86.178, 26.59], [86.178, 26.592], [86.174, 26.593999999999998]]]}, "properties": {"class": "flood"}}, {"type": "Feature", "geometry": {"type": "Polygon", "coordinates": [[[87.012, 26.592], [87.012, 26.59], [87.014, 26.59], [87.014, 26.592], [87.012, 26.592]]]}, "properties": {"class": "flood"}}, {"type": "Feature", "geometry": {"type": "Polygon", "coordinates": [[[86.22200000000001, 26.604], [86.218, 26.592], [86.214, 26.592], [86.21600000000001, 26.587999999999997], [86.226, 26.596], [86.22200000000001, 26.604]]]}, "properties": {"class": "flood"}}, {"type": "Feature", "geometry": {"type": "Polygon", "coordinates": [[[86.956, 26.593999999999998], [86.95400000000001, 26.592], [86.95400000000001, 26.587999999999997], [86.96000000000001, 26.59], [86.956, 26.593999999999998]]]}, "properties": {"class": "flood"}}, {"type": "Feature", "geometry": {"type": "Polygon", "coordinates": [[[86.09, 26.59], [86.09, 26.587999999999997], [86.092, 26.587999999999997], [86.092, 26.59], [86.09, 26.59]]]}, "properties": {"class": "flood"}}, {"type": "Feature", "geometry": {"type": "Polygon", "coordinates": [[[86.22, 26.59], [86.22, 26.587999999999997], [86.22200000000001, 26.587999999999997], [86.22200000000001, 26.59], [86.22, 26.59]]]}, "properties": {"class": "flood"}}, {"type": "Feature", "geometry": {"type": "Polygon", "coordinates": [[[86.96000000000001, 26.59], [86.96000000000001, 26.587999999999997], [86.962, 26.587999999999997], [86.962, 26.59], [86.96000000000001, 26.59]]]}, "properties": {"class": "flood"}}, {"type": "Feature", "geometry": {"type": "Polygon", "coordinates": [[[86.06, 26.599999999999998], [86.06, 26.586], [86.072, 26.592], [86.07000000000001, 26.596], [86.074, 26.596], [86.074, 26.599999999999998], [86.06, 26.599999999999998]]]}, "properties": {"class": "flood"}}, {"type": "Feature", "geometry": {"type": "Polygon", "coordinates": [[[86.086, 26.592], [86.084, 26.59], [86.084, 26.586], [86.08800000000001, 26.587999999999997], [86.086, 26.592]]]}, "properties": {"class": "flood"}}, {"type": "Feature", "geometry": {"type": "Polygon", "coordinates": [[[86.944, 26.587999999999997], [86.944, 26.586], [86.946, 26.586], [86.946, 26.587999999999997], [86.944, 26.587999999999997]]]}, "properties": {"class": "flood"}}, {"type": "Feature", "geometry": {"type": "Polygon", "coordinates": [[[86.952, 26.587999999999997], [86.952, 26.586], [86.95400000000001, 26.586], [86.95400000000001, 26.587999999999997], [86.952, 26.587999999999997]]]}, "properties": {"class": "flood"}}, {"type": "Feature", "geometry": {"type": "Polygon", "coordinates": [[[87.116, 26.587999999999997], [87.116, 26.586], [87.11800000000001, 26.586], [87.11800000000001, 26.587999999999997], [87.116, 26.587999999999997]]]}, "properties": {"class": "flood"}}, {"type": "Feature", "geometry": {"type": "Polygon", "coordinates": [[[86.102, 26.586], [86.102, 26.584], [86.104, 26.584], [86.104, 26.586], [86.102, 26.586]]]}, "properties": {"class": "flood"}}, {"type": "Feature", "geometry": {"type": "Polygon", "coordinates": [[[86.22200000000001, 26.587999999999997], [86.22200000000001, 26.586], [86.22, 26.584], [86.226, 26.586], [86.22200000000001, 26.587999999999997]]]}, "properties": {"class": "flood"}}, {"type": "Feature", "geometry": {"type": "Polygon", "coordinates": [[[86.218, 26.584], [86.218, 26.581999999999997], [86.22, 26.581999999999997], [86.22, 26.584], [86.218, 26.584]]]}, "properties": {"class": "flood"}}, {"type": "Feature", "geometry": {"type": "Polygon", "coordinates": [[[86.958, 26.584], [86.958, 26.581999999999997], [86.96000000000001, 26.581999999999997], [86.96000000000001, 26.584], [86.958, 26.584]]]}, "properties": {"class": "flood"}}, {"type": "Feature", "geometry": {"type": "Polygon", "coordinates": [[[87.01, 26.584], [87.01, 26.58], [87.012, 26.58], [87.012, 26.584], [87.01, 26.584]]]}, "properties": {"class": "flood"}}, {"type": "Feature", "geometry": {"type": "Polygon", "coordinates": [[[86.07000000000001, 26.581999999999997], [86.07000000000001, 26.58], [86.074, 26.58], [86.074, 26.581999999999997], [86.07000000000001, 26.581999999999997]]]}, "properties": {"class": "flood"}}, {"type": "Feature", "geometry": {"type": "Polygon", "coordinates": [[[86.188, 26.584], [86.184, 26.578], [86.196, 26.58], [86.196, 26.584], [86.194, 26.581999999999997], [86.188, 26.584]]]}, "properties": {"class": "flood"}}, {"type": "Feature", "geometry": {"type": "Polygon", "coordinates": [[[86.958, 26.58], [86.958, 26.578], [86.96000000000001, 26.578], [86.96000000000001, 26.58], [86.958, 26.58]]]}, "properties": {"class": "flood"}}, {"type": "Feature", "geometry": {"type": "Polygon", "coordinates": [[[87.012, 26.58], [87.012, 26.578], [87.014, 26.578], [87.014, 26.58], [87.012, 26.58]]]}, "properties": {"class": "flood"}}, {"type": "Feature", "geometry": {"type": "Polygon", "coordinates": [[[86.212, 26.584], [86.212, 26.578], [86.218, 26.576], [86.21600000000001, 26.584], [86.212, 26.584]]]}, "properties": {"class": "flood"}}, {"type": "Feature", "geometry": {"type": "Polygon", "coordinates": [[[86.22, 26.581999999999997], [86.218, 26.578], [86.22200000000001, 26.576], [86.224, 26.58], [86.22, 26.581999999999997]]]}, "properties": {"class": "flood"}}, {"type": "Feature", "geometry": {"type": "Polygon", "coordinates": [[[87.046, 26.578], [87.046, 26.576], [87.048, 26.576], [87.048, 26.578], [87.046, 26.578]]]}, "properties": {"class": "flood"}}, {"type": "Feature", "geometry": {"type": "Polygon", "coordinates": [[[86.188, 26.576], [86.188, 26.573999999999998], [86.19, 26.573999999999998], [86.19, 26.576], [86.188, 26.576]]]}, "properties": {"class": "flood"}}, {"type": "Feature", "geometry": {"type": "Polygon", "coordinates": [[[86.974, 26.578], [86.97200000000001, 26.573999999999998], [86.97800000000001, 26.576], [86.97800000000001, 26.578], [86.974, 26.578]]]}, "properties": {"class": "flood"}}, {"type": "Feature", "geometry": {"type": "Polygon", "coordinates": [[[86.95, 26.586], [86.94800000000001, 26.58], [86.944, 26.58], [86.946, 26.572], [86.94800000000001, 26.578], [86.952, 26.576], [86.95400000000001, 26.58], [86.95, 26.586]]]}, "properties": {"class": "flood"}}, {"type": "Feature", "geometry": {"type": "Polygon", "coordinates": [[[86.94200000000001, 26.573999999999998], [86.94200000000001, 26.572], [86.944, 26.572], [86.944, 26.573999999999998], [86.94200000000001, 26.573999999999998]]]}, "properties": {"class": "flood"}}, {"type": "Feature", "geometry": {"type": "Polygon", "coordinates": [[[87.018, 26.573999999999998], [87.018, 26.572], [87.02, 26.572], [87.02, 26.573999999999998], [87.018, 26.573999999999998]]]}, "properties": {"class": "flood"}}, {"type": "Feature", "geometry": {"type": "Polygon", "coordinates": [[[86.956, 26.572], [86.956, 26.57], [86.958, 26.57], [86.958, 26.572], [86.956, 26.572]]]}, "properties": {"class": "flood"}}, {"type": "Feature", "geometry": {"type": "Polygon", "coordinates": [[[87.02, 26.572], [87.02, 26.57], [87.022, 26.57], [87.022, 26.572], [87.02, 26.572]]]}, "properties": {"class": "flood"}}, {"type": "Feature", "geometry": {"type": "Polygon", "coordinates": [[[87.046, 26.572], [87.046, 26.57], [87.048, 26.57], [87.048, 26.572], [87.046, 26.572]]]}, "properties": {"class": "flood"}}, {"type": "Feature", "geometry": {"type": "Polygon", "coordinates": [[[87.10000000000001, 26.57], [87.10000000000001, 26.567999999999998], [87.102, 26.567999999999998], [87.102, 26.57], [87.10000000000001, 26.57]]]}, "properties": {"class": "flood"}}, {"type": "Feature", "geometry": {"type": "Polygon", "coordinates": [[[86.218, 26.567999999999998], [86.218, 26.566], [86.22, 26.566], [86.22, 26.567999999999998], [86.218, 26.567999999999998]]]}, "properties": {"class": "flood"}}, {"type": "Feature", "geometry": {"type": "Polygon", "coordinates": [[[86.068, 26.587999999999997], [86.06, 26.581999999999997], [86.06, 26.567999999999998], [86.06400000000001, 26.564], [86.068, 26.566], [86.066, 26.573999999999998], [86.07000000000001, 26.581999999999997], [86.068, 26.587999999999997]]]}, "properties": {"class": "flood"}}, {"type": "Feature", "geometry": {"type": "Polygon", "coordinates": [[[86.21000000000001, 26.57], [86.21000000000001, 26.564], [86.212, 26.564], [86.214, 26.567999999999998], [86.21000000000001, 26.57]]]}, "properties": {"class": "flood"}}, {"type": "Feature", "geometry": {"type": "Polygon", "coordinates": [[[87.058, 26.567999999999998], [87.058, 26.564], [87.06, 26.564], [87.06, 26.567999999999998], [87.058, 26.567999999999998]]]}, "properties": {"class": "flood"}}, {"type": "Feature", "geometry": {"type": "Polygon", "coordinates": [[[86.188, 26.566], [86.188, 26.564], [86.19200000000001, 26.564], [86.19200000000001, 26.566], [86.188, 26.566]]]}, "properties": {"class": "flood"}}, {"type": "Feature", "geometry": {"type": "Polygon", "coordinates": [[[86.936, 26.566], [86.936, 26.564], [86.938, 26.564], [86.938, 26.566], [86.936, 26.566]]]}, "properties": {"class": "flood"}}, {"type": "Feature", "geometry": {"type": "Polygon", "coordinates": [[[86.962, 26.566], [86.962, 26.564], [86.964, 26.564], [86.964, 26.566], [86.962, 26.566]]]}, "properties": {"class": "flood"}}, {"type": "Feature", "geometry": {"type": "Polygon", "coordinates": [[[86.218, 26.564], [86.218, 26.561999999999998], [86.22, 26.561999999999998], [86.22, 26.564], [86.218, 26.564]]]}, "properties": {"class": "flood"}}, {"type": "Feature", "geometry": {"type": "Polygon", "coordinates": [[[87.06400000000001, 26.564], [87.06400000000001, 26.56], [87.066, 26.56], [87.066, 26.564], [87.06400000000001, 26.564]]]}, "properties": {"class": "flood"}}, {"type": "Feature", "geometry": {"type": "Polygon", "coordinates": [[[86.062, 26.561999999999998], [86.062, 26.56], [86.06400000000001, 26.56], [86.06400000000001, 26.561999999999998], [86.062, 26.561999999999998]]]}, "properties": {"class": "flood"}}, {"type": "Feature", "geometry": {"type": "Polygon", "coordinates": [[[86.934, 26.561999999999998], [86.934, 26.56], [86.936, 26.56], [86.936, 26.561999999999998], [86.934, 26.561999999999998]]]}, "properties": {"class": "flood"}}, {"type": "Feature", "geometry": {"type": "Polygon", "coordinates": [[[87.048, 26.566], [87.048, 26.555999999999997], [87.05, 26.555999999999997], [87.052, 26.564], [87.048, 26.566]]]}, "properties": {"class": "flood"}}, {"type": "Feature", "geometry": {"type": "Polygon", "coordinates": [[[87.086, 26.57], [87.086, 26.566], [87.09, 26.564], [87.086, 26.56], [87.09, 26.555999999999997], [87.10600000000001, 26.56], [87.104, 26.564], [87.092, 26.561999999999998], [87.092, 26.567999999999998], [87.086, 26.57]]]}, "properties": {"class": "flood"}}, {"type": "Feature", "geometry": {"type": "Polygon", "coordinates": [[[87.02, 26.56], [87.02, 26.555999999999997], [87.022, 26.555999999999997], [87.022, 26.56], [87.02, 26.56]]]}, "properties": {"class": "flood"}}, {"type": "Feature", "geometry": {"type": "Polygon", "coordinates": [[[86.21000000000001, 26.558], [86.21000000000001, 26.555999999999997], [86.212, 26.555999999999997], [86.212, 26.558], [86.21000000000001, 26.558]]]}, "properties": {"class": "flood"}}, {"type": "Feature", "geometry": {"type": "Polygon", "coordinates": [[[86.134, 26.555999999999997], [86.134, 26.554], [86.136, 26.554], [86.136, 26.555999999999997], [86.134, 26.555999999999997]]]}, "properties": {"class": "flood"}}, {"type": "Feature", "geometry": {"type": "Polygon", "coordinates": [[[86.11800000000001, 26.552], [86.11800000000001, 26.549999999999997], [86.12, 26.549999999999997], [86.12, 26.552], [86.11800000000001, 26.552]]]}, "properties": {"class": "flood"}}, {"type": "Feature", "geometry": {"type": "Polygon", "coordinates": [[[87.022, 26.552], [87.022, 26.548], [87.026, 26.548], [87.026, 26.552], [87.022, 26.552]]]}, "properties": {"class": "flood"}}, {"type": "Feature", "geometry": {"type": "Polygon", "coordinates": [[[87.102, 26.549999999999997], [87.102, 26.548], [87.104, 26.548], [87.104, 26.549999999999997], [87.102, 26.549999999999997]]]}, "properties": {"class": "flood"}}, {"type": "Feature", "geometry": {"type": "Polygon", "coordinates": [[[86.19, 26.56], [86.186, 26.552], [86.18, 26.552], [86.182, 26.546], [86.186, 26.546], [86.186, 26.549999999999997], [86.19, 26.552], [86.196, 26.552], [86.196, 26.56], [86.19, 26.56]]]}, "properties": {"class": "flood"}}, {"type": "Feature", "geometry": {"type": "Polygon", "coordinates": [[[86.22, 26.546], [86.22, 26.544], [86.22200000000001, 26.544], [86.22200000000001, 26.546], [86.22, 26.546]]]}, "properties": {"class": "flood"}}, {"type": "Feature", "geometry": {"type": "Polygon", "coordinates": [[[86.974, 26.546], [86.974, 26.544], [86.976, 26.544], [86.976, 26.546], [86.974, 26.546]]]}, "properties": {"class": "flood"}}, {"type": "Feature", "geometry": {"type": "Polygon", "coordinates": [[[87.12, 26.546], [87.12, 26.544], [87.122, 26.544], [87.122, 26.546], [87.12, 26.546]]]}, "properties": {"class": "flood"}}, {"type": "Feature", "geometry": {"type": "Polygon", "coordinates": [[[86.97200000000001, 26.544], [86.97200000000001, 26.541999999999998], [86.974, 26.541999999999998], [86.974, 26.544], [86.97200000000001, 26.544]]]}, "properties": {"class": "flood"}}, {"type": "Feature", "geometry": {"type": "Polygon", "coordinates": [[[87.096, 26.549999999999997], [87.092, 26.541999999999998], [87.098, 26.54], [87.10000000000001, 26.548], [87.096, 26.549999999999997]]]}, "properties": {"class": "flood"}}, {"type": "Feature", "geometry": {"type": "Polygon", "coordinates": [[[86.108, 26.541999999999998], [86.108, 26.54], [86.11, 26.54], [86.11, 26.541999999999998], [86.108, 26.541999999999998]]]}, "properties": {"class": "flood"}}, {"type": "Feature", "geometry": {"type": "Polygon", "coordinates": [[[87.024, 26.541999999999998], [87.024, 26.538], [87.026, 26.538], [87.026, 26.541999999999998], [87.024, 26.541999999999998]]]}, "properties": {"class": "flood"}}, {"type": "Feature", "geometry": {"type": "Polygon", "coordinates": [[[86.072, 26.54], [86.072, 26.538], [86.074, 26.538], [86.074, 26.54], [86.072, 26.54]]]}, "properties": {"class": "flood"}}, {"type": "Feature", "geometry": {"type": "Polygon", "coordinates": [[[86.086, 26.544], [86.084, 26.54], [86.078, 26.54], [86.08, 26.535999999999998], [86.098, 26.538], [86.098, 26.544], [86.096, 26.541999999999998], [86.086, 26.544]]]}, "properties": {"class": "flood"}}, {"type": "Feature", "geometry": {"type": "Polygon", "coordinates": [[[86.902, 26.541999999999998], [86.9, 26.535999999999998], [86.91, 26.535999999999998], [86.91, 26.538], [86.902, 26.541999999999998]]]}, "properties": {"class": "flood"}}, {"type": "Feature", "geometry": {"type": "Polygon", "coordinates": [[[87.026, 26.535999999999998], [87.026, 26.534], [87.028, 26.534], [87.028, 26.535999999999998], [87.026, 26.535999999999998]]]}, "properties": {"class": "flood"}}, {"type": "Feature", "geometry": {"type": "Polygon", "coordinates": [[[86.226, 26.54], [86.22200000000001, 26.532], [86.23, 26.532], [86.23, 26.54], [86.226, 26.54]]]}, "properties": {"class": "flood"}}, {"type": "Feature", "geometry": {"type": "Polygon", "coordinates": [[[86.97200000000001, 26.535999999999998], [86.97200000000001, 26.532], [86.974, 26.532], [86.976, 26.535999999999998], [86.97200000000001, 26.535999999999998]]]}, "properties": {"class": "flood"}}, {"type": "Feature", "geometry": {"type": "Polygon", "coordinates": [[[86.134, 26.552], [86.134, 26.548], [86.128, 26.541999999999998], [86.128, 26.534], [86.13, 26.529999999999998], [86.132, 26.532], [86.14, 26.529999999999998], [86.14, 26.548], [86.138, 26.552], [86.134, 26.552]]]}, "properties": {"class": "flood"}}, {"type": "Feature", "geometry": {"type": "Polygon", "coordinates": [[[87.10600000000001, 26.534], [87.10600000000001, 26.529999999999998], [87.108, 26.529999999999998], [87.108, 26.534], [87.10600000000001, 26.534]]]}, "properties": {"class": "flood"}}, {"type": "Feature", "geometry": {"type": "Polygon", "coordinates": [[[86.88, 26.532], [86.88, 26.529999999999998], [86.882, 26.529999999999998], [86.882, 26.532], [86.88, 26.532]]]}, "properties": {"class": "flood"}}, {"type": "Feature", "geometry": {"type": "Polygon", "coordinates": [[[86.878, 26.529999999999998], [86.878, 26.528], [86.88, 26.528], [86.88, 26.529999999999998], [86.878, 26.529999999999998]]]}, "properties": {"class": "flood"}}, {"type": "Feature", "geometry": {"type": "Polygon", "coordinates": [[[86.992, 26.529999999999998], [86.992, 26.528], [86.994, 26.528], [86.994, 26.529999999999998], [86.992, 26.529999999999998]]]}, "properties": {"class": "flood"}}, {"type": "Feature", "geometry": {"type": "Polygon", "coordinates": [[[87.056, 26.529999999999998], [87.056, 26.528], [87.058, 26.528], [87.058, 26.529999999999998], [87.056, 26.529999999999998]]]}, "properties": {"class": "flood"}}, {"type": "Feature", "geometry": {"type": "Polygon", "coordinates": [[[87.302, 26.529999999999998], [87.302, 26.528], [87.304, 26.528], [87.304, 26.529999999999998], [87.302, 26.529999999999998]]]}, "properties": {"class": "flood"}}, {"type": "Feature", "geometry": {"type": "Polygon", "coordinates": [[[87.028, 26.534], [87.03, 26.523999999999997], [87.032, 26.523999999999997], [87.034, 26.532], [87.028, 26.534]]]}, "properties": {"class": "flood"}}, {"type": "Feature", "geometry": {"type": "Polygon", "coordinates": [[[86.99000000000001, 26.526], [86.992, 26.522], [86.99600000000001, 26.523999999999997], [86.99600000000001, 26.526], [86.99000000000001, 26.526]]]}, "properties": {"class": "flood"}}, {"type": "Feature", "geometry": {"type": "Polygon", "coordinates": [[[86.994, 26.522], [86.994, 26.52], [86.99600000000001, 26.52], [86.99600000000001, 26.522], [86.994, 26.522]]]}, "properties": {"class": "flood"}}, {"type": "Feature", "geometry": {"type": "Polygon", "coordinates": [[[86.874, 26.52], [86.874, 26.517999999999997], [86.876, 26.517999999999997], [86.876, 26.52], [86.874, 26.52]]]}, "properties": {"class": "flood"}}, {"type": "Feature", "geometry": {"type": "Polygon", "coordinates": [[[87.3, 26.52], [87.3, 26.517999999999997], [87.302, 26.517999999999997], [87.302, 26.52], [87.3, 26.52]]]}, "properties": {"class": "flood"}}, {"type": "Feature", "geometry": {"type": "Polygon", "coordinates": [[[86.086, 26.514], [86.086, 26.512], [86.08800000000001, 26.512], [86.08800000000001, 26.514], [86.086, 26.514]]]}, "properties": {"class": "flood"}}, {"type": "Feature", "geometry": {"type": "Polygon", "coordinates": [[[87.068, 26.516], [87.068, 26.509999999999998], [87.074, 26.509999999999998], [87.074, 26.514], [87.068, 26.516]]]}, "properties": {"class": "flood"}}, {"type": "Feature", "geometry": {"type": "Polygon", "coordinates": [[[86.93, 26.512], [86.93, 26.509999999999998], [86.932, 26.509999999999998], [86.932, 26.512], [86.93, 26.512]]]}, "properties": {"class": "flood"}}, {"type": "Feature", "geometry": {"type": "Polygon", "coordinates": [[[86.09400000000001, 26.509999999999998], [86.09400000000001, 26.508], [86.096, 26.508], [86.096, 26.509999999999998], [86.09400000000001, 26.509999999999998]]]}, "properties": {"class": "flood"}}, {"type": "Feature", "geometry": {"type": "Polygon", "coordinates": [[[86.312, 26.509999999999998], [86.312, 26.508], [86.31400000000001, 26.508], [86.31400000000001, 26.509999999999998], [86.312, 26.509999999999998]]]}, "properties": {"class": "flood"}}, {"type": "Feature", "geometry": {"type": "Polygon", "coordinates": [[[87.052, 26.509999999999998], [87.052, 26.508], [87.054, 26.508], [87.054, 26.509999999999998], [87.052, 26.509999999999998]]]}, "properties": {"class": "flood"}}, {"type": "Feature", "geometry": {"type": "Polygon", "coordinates": [[[86.186, 26.508], [86.186, 26.506], [86.188, 26.506], [86.188, 26.508], [86.186, 26.508]]]}, "properties": {"class": "flood"}}, {"type": "Feature", "geometry": {"type": "Polygon", "coordinates": [[[86.21600000000001, 26.516], [86.21600000000001, 26.506], [86.22200000000001, 26.506], [86.224, 26.512], [86.218, 26.512], [86.21600000000001, 26.516]]]}, "properties": {"class": "flood"}}, {"type": "Feature", "geometry": {"type": "Polygon", "coordinates": [[[86.928, 26.508], [86.928, 26.506], [86.93, 26.506], [86.93, 26.508], [86.928, 26.508]]]}, "properties": {"class": "flood"}}, {"type": "Feature", "geometry": {"type": "Polygon", "coordinates": [[[87.054, 26.508], [87.054, 26.506], [87.056, 26.506], [87.056, 26.508], [87.054, 26.508]]]}, "properties": {"class": "flood"}}, {"type": "Feature", "geometry": {"type": "Polygon", "coordinates": [[[86.188, 26.506], [86.188, 26.503999999999998], [86.19, 26.503999999999998], [86.19, 26.506], [86.188, 26.506]]]}, "properties": {"class": "flood"}}, {"type": "Feature", "geometry": {"type": "Polygon", "coordinates": [[[86.306, 26.506], [86.306, 26.503999999999998], [86.308, 26.503999999999998], [86.308, 26.506], [86.306, 26.506]]]}, "properties": {"class": "flood"}}, {"type": "Feature", "geometry": {"type": "Polygon", "coordinates": [[[86.93, 26.506], [86.93, 26.503999999999998], [86.932, 26.503999999999998], [86.932, 26.506], [86.93, 26.506]]]}, "properties": {"class": "flood"}}, {"type": "Feature", "geometry": {"type": "Polygon", "coordinates": [[[87.056, 26.506], [87.056, 26.5], [87.058, 26.5], [87.058, 26.506], [87.056, 26.506]]]}, "properties": {"class": "flood"}}, {"type": "Feature", "geometry": {"type": "Polygon", "coordinates": [[[86.304, 26.503999999999998], [86.304, 26.5], [86.306, 26.5], [86.306, 26.503999999999998], [86.304, 26.503999999999998]]]}, "properties": {"class": "flood"}}, {"type": "Feature", "geometry": {"type": "Polygon", "coordinates": [[[86.158, 26.502], [86.158, 26.5], [86.16, 26.5], [86.16, 26.502], [86.158, 26.502]]]}, "properties": {"class": "flood"}}, {"type": "Feature", "geometry": {"type": "Polygon", "coordinates": [[[86.084, 26.5], [86.084, 26.497999999999998], [86.08800000000001, 26.497999999999998], [86.08800000000001, 26.5], [86.084, 26.5]]]}, "properties": {"class": "flood"}}, {"type": "Feature", "geometry": {"type": "Polygon", "coordinates": [[[86.294, 26.5], [86.294, 26.497999999999998], [86.304, 26.497999999999998], [86.304, 26.5], [86.294, 26.5]]]}, "properties": {"class": "flood"}}, {"type": "Feature", "geometry": {"type": "Polygon", "coordinates": [[[86.162, 26.497999999999998], [86.162, 26.496], [86.166, 26.496], [86.166, 26.497999999999998], [86.162, 26.497999999999998]]]}, "properties": {"class": "flood"}}, {"type": "Feature", "geometry": {"type": "Polygon", "coordinates": [[[86.292, 26.497999999999998], [86.292, 26.496], [86.294, 26.496], [86.294, 26.497999999999998], [86.292, 26.497999999999998]]]}, "properties": {"class": "flood"}}, {"type": "Feature", "geometry": {"type": "Polygon", "coordinates": [[[87.108, 26.508], [87.10600000000001, 26.503999999999998], [87.11, 26.494], [87.11200000000001, 26.508], [87.108, 26.508]]]}, "properties": {"class": "flood"}}, {"type": "Feature", "geometry": {"type": "Polygon", "coordinates": [[[86.87, 26.517999999999997], [86.86, 26.502], [86.86, 26.494], [86.864, 26.497999999999998], [86.87, 26.497999999999998], [86.872, 26.502], [86.872, 26.506], [86.866, 26.502], [86.866, 26.506], [86.874, 26.514], [86.874, 26.517999999999997], [86.87, 26.517999999999997]]]}, "properties": {"class": "flood"}}, {"type": "Feature", "geometry": {"type": "Polygon", "coordinates": [[[86.194, 26.5], [86.194, 26.494], [86.196, 26.494], [86.196, 26.5], [86.194, 26.5]]]}, "properties": {"class": "flood"}}, {"type": "Feature", "geometry": {"type": "Polygon", "coordinates": [[[87.028, 26.52], [87.028, 26.516], [87.024, 26.514], [87.022, 26.494], [87.03, 26.503999999999998], [87.03, 26.508], [87.026, 26.508], [87.03, 26.509999999999998], [87.028, 26.52]]]}, "properties": {"class": "flood"}}, {"type": "Feature", "geometry": {"type": "Polygon", "coordinates": [[[87.08800000000001, 26.497999999999998], [87.08800000000001, 26.494], [87.09, 26.494], [87.09, 26.497999999999998], [87.08800000000001, 26.497999999999998]]]}, "properties": {"class": "flood"}}, {"type": "Feature", "geometry": {"type": "Polygon", "coordinates": [[[86.09400000000001, 26.496], [86.09400000000001, 26.494], [86.096, 26.494], [86.096, 26.496], [86.09400000000001, 26.496]]]}, "properties": {"class": "flood"}}, {"type": "Feature", "geometry": {"type": "Polygon", "coordinates": [[[86.284, 26.496], [86.284, 26.494], [86.286, 26.494], [86.286, 26.496], [86.284, 26.496]]]}, "properties": {"class": "flood"}}, {"type": "Feature", "geometry": {"type": "Polygon", "coordinates": [[[86.91, 26.496], [86.91, 26.494], [86.912, 26.494], [86.912, 26.496], [86.91, 26.496]]]}, "properties": {"class": "flood"}}, {"type": "Feature", "geometry": {"type": "Polygon", "coordinates": [[[87.056, 26.496], [87.056, 26.491999999999997], [87.06, 26.491999999999997], [87.058, 26.496], [87.056, 26.496]]]}, "properties": {"class": "flood"}}, {"type": "Feature", "geometry": {"type": "Polygon", "coordinates": [[[86.858, 26.494], [86.858, 26.491999999999997], [86.86, 26.491999999999997], [86.86, 26.494], [86.858, 26.494]]]}, "properties": {"class": "flood"}}, {"type": "Feature", "geometry": {"type": "Polygon", "coordinates": [[[86.096, 26.491999999999997], [86.096, 26.49], [86.098, 26.49], [86.098, 26.491999999999997], [86.096, 26.491999999999997]]]}, "properties": {"class": "flood"}}, {"type": "Feature", "geometry": {"type": "Polygon", "coordinates": [[[86.126, 26.491999999999997], [86.126, 26.49], [86.128, 26.49], [86.128, 26.491999999999997], [86.126, 26.491999999999997]]]}, "properties": {"class": "flood"}}, {"type": "Feature", "geometry": {"type": "Polygon", "coordinates": [[[86.408, 26.491999999999997], [86.408, 26.49], [86.41, 26.49], [86.41, 26.491999999999997], [86.408, 26.491999999999997]]]}, "properties": {"class": "flood"}}, {"type": "Feature", "geometry": {"type": "Polygon", "coordinates": [[[86.908, 26.491999999999997], [86.908, 26.49], [86.91, 26.49], [86.91, 26.491999999999997], [86.908, 26.491999999999997]]]}, "properties": {"class": "flood"}}, {"type": "Feature", "geometry": {"type": "Polygon", "coordinates": [[[87.06, 26.491999999999997], [87.06, 26.49], [87.062, 26.49], [87.062, 26.491999999999997], [87.06, 26.491999999999997]]]}, "properties": {"class": "flood"}}, {"type": "Feature", "geometry": {"type": "Polygon", "coordinates": [[[86.836, 26.494], [86.836, 26.488], [86.83800000000001, 26.488], [86.83800000000001, 26.494], [86.836, 26.494]]]}, "properties": {"class": "flood"}}, {"type": "Feature", "geometry": {"type": "Polygon", "coordinates": [[[86.932, 26.514], [86.936, 26.5], [86.932, 26.497999999999998], [86.928, 26.488], [86.936, 26.488], [86.94, 26.503999999999998], [86.938, 26.512], [86.932, 26.514]]]}, "properties": {"class": "flood"}}, {"type": "Feature", "geometry": {"type": "Polygon", "coordinates": [[[86.964, 26.49], [86.964, 26.488], [86.96600000000001, 26.488], [86.96600000000001, 26.49], [86.964, 26.49]]]}, "properties": {"class": "flood"}}, {"type": "Feature", "geometry": {"type": "Polygon", "coordinates": [[[87.066, 26.503999999999998], [87.068, 26.496], [87.066, 26.49], [87.062, 26.488], [87.072, 26.488], [87.072, 26.503999999999998], [87.066, 26.503999999999998]]]}, "properties": {"class": "flood"}}, {"type": "Feature", "geometry": {"type": "Polygon", "coordinates": [[[86.19200000000001, 26.494], [86.19200000000001, 26.485999999999997], [86.194, 26.485999999999997], [86.194, 26.494], [86.19200000000001, 26.494]]]}, "properties": {"class": "flood"}}, {"type": "Feature", "geometry": {"type": "Polygon", "coordinates": [[[86.08800000000001, 26.488], [86.08800000000001, 26.485999999999997], [86.09, 26.485999999999997], [86.09, 26.488], [86.08800000000001, 26.488]]]}, "properties": {"class": "flood"}}, {"type": "Feature", "geometry": {"type": "Polygon", "coordinates": [[[86.96600000000001, 26.488], [86.96600000000001, 26.485999999999997], [86.968, 26.485999999999997], [86.968, 26.488], [86.96600000000001, 26.488]]]}, "properties": {"class": "flood"}}, {"type": "Feature", "geometry": {"type": "Polygon", "coordinates": [[[86.99000000000001, 26.488], [86.99000000000001, 26.485999999999997], [86.992, 26.485999999999997], [86.992, 26.488], [86.99000000000001, 26.488]]]}, "properties": {"class": "flood"}}, {"type": "Feature", "geometry": {"type": "Polygon", "coordinates": [[[87.044, 26.488], [87.044, 26.485999999999997], [87.046, 26.485999999999997], [87.046, 26.488], [87.044, 26.488]]]}, "properties": {"class": "flood"}}, {"type": "Feature", "geometry": {"type": "Polygon", "coordinates": [[[87.174, 26.491999999999997], [87.168, 26.488], [87.17, 26.483999999999998], [87.18, 26.485999999999997], [87.178, 26.491999999999997], [87.174, 26.491999999999997]]]}, "properties": {"class": "flood"}}, {"type": "Feature", "geometry": {"type": "Polygon", "coordinates": [[[86.11800000000001, 26.485999999999997], [86.11800000000001, 26.483999999999998], [86.12, 26.483999999999998], [86.12, 26.485999999999997], [86.11800000000001, 26.485999999999997]]]}, "properties": {"class": "flood"}}, {"type": "Feature", "geometry": {"type": "Polygon", "coordinates": [[[86.968, 26.485999999999997], [86.968, 26.483999999999998], [86.97, 26.483999999999998], [86.97, 26.485999999999997], [86.968, 26.485999999999997]]]}, "properties": {"class": "flood"}}, {"type": "Feature", "geometry": {"type": "Polygon", "coordinates": [[[87.024, 26.485999999999997], [87.024, 26.483999999999998], [87.026, 26.483999999999998], [87.026, 26.485999999999997], [87.024, 26.485999999999997]]]}, "properties": {"class": "flood"}}, {"type": "Feature", "geometry": {"type": "Polygon", "coordinates": [[[87.062, 26.485999999999997], [87.062, 26.483999999999998], [87.066, 26.483999999999998], [87.066, 26.485999999999997], [87.062, 26.485999999999997]]]}, "properties": {"class": "flood"}}, {"type": "Feature", "geometry": {"type": "Polygon", "coordinates": [[[86.252, 26.49], [86.25, 26.483999999999998], [86.254, 26.482], [86.254, 26.49], [86.252, 26.49]]]}, "properties": {"class": "flood"}}, {"type": "Feature", "geometry": {"type": "Polygon", "coordinates": [[[86.834, 26.488], [86.834, 26.482], [86.836, 26.482], [86.836, 26.488], [86.834, 26.488]]]}, "properties": {"class": "flood"}}, {"type": "Feature", "geometry": {"type": "Polygon", "coordinates": [[[87.164, 26.485999999999997], [87.164, 26.482], [87.166, 26.482], [87.166, 26.485999999999997], [87.164, 26.485999999999997]]]}, "properties": {"class": "flood"}}, {"type": "Feature", "geometry": {"type": "Polygon", "coordinates": [[[86.202, 26.483999999999998], [86.202, 26.482], [86.20400000000001, 26.482], [86.20400000000001, 26.483999999999998], [86.202, 26.483999999999998]]]}, "properties": {"class": "flood"}}, {"type": "Feature", "geometry": {"type": "Polygon", "coordinates": [[[86.206, 26.483999999999998], [86.206, 26.482], [86.21000000000001, 26.482], [86.21000000000001, 26.483999999999998], [86.206, 26.483999999999998]]]}, "properties": {"class": "flood"}}, {"type": "Feature", "geometry": {"type": "Polygon", "coordinates": [[[86.83, 26.483999999999998], [86.83, 26.482], [86.83200000000001, 26.482], [86.83200000000001, 26.483999999999998], [86.83, 26.483999999999998]]]}, "properties": {"class": "flood"}}, {"type": "Feature", "geometry": {"type": "Polygon", "coordinates": [[[86.212, 26.485999999999997], [86.214, 26.482], [86.218, 26.48], [86.21600000000001, 26.485999999999997], [86.212, 26.485999999999997]]]}, "properties": {"class": "flood"}}, {"type": "Feature", "geometry": {"type": "Polygon", "coordinates": [[[87.04, 26.483999999999998], [87.04, 26.482], [87.044, 26.48], [87.044, 26.483999999999998], [87.04, 26.483999999999998]]]}, "properties": {"class": "flood"}}, {"type": "Feature", "geometry": {"type": "Polygon", "coordinates": [[[86.898, 26.482], [86.898, 26.48], [86.9, 26.48], [86.9, 26.482], [86.898, 26.482]]]}, "properties": {"class": "flood"}}, {"type": "Feature", "geometry": {"type": "Polygon", "coordinates": [[[86.908, 26.482], [86.908, 26.48], [86.91, 26.48], [86.91, 26.482], [86.908, 26.482]]]}, "properties": {"class": "flood"}}, {"type": "Feature", "geometry": {"type": "Polygon", "coordinates": [[[86.902, 26.48], [86.902, 26.477999999999998], [86.906, 26.477999999999998], [86.906, 26.48], [86.902, 26.48]]]}, "properties": {"class": "flood"}}, {"type": "Feature", "geometry": {"type": "Polygon", "coordinates": [[[86.92, 26.485999999999997], [86.922, 26.477999999999998], [86.93, 26.476], [86.93, 26.485999999999997], [86.92, 26.485999999999997]]]}, "properties": {"class": "flood"}}, {"type": "Feature", "geometry": {"type": "Polygon", "coordinates": [[[86.986, 26.48], [86.986, 26.476], [86.988, 26.476], [86.988, 26.48], [86.986, 26.48]]]}, "properties": {"class": "flood"}}, {"type": "Feature", "geometry": {"type": "Polygon", "coordinates": [[[87.02, 26.48], [87.02, 26.476], [87.022, 26.476], [87.022, 26.48], [87.02, 26.48]]]}, "properties": {"class": "flood"}}, {"type": "Feature", "geometry": {"type": "Polygon", "coordinates": [[[86.53, 26.477999999999998], [86.53, 26.476], [86.532, 26.476], [86.532, 26.477999999999998], [86.53, 26.477999999999998]]]}, "properties": {"class": "flood"}}, {"type": "Feature", "geometry": {"type": "Polygon", "coordinates": [[[86.806, 26.48], [86.804, 26.476], [86.812, 26.476], [86.812, 26.477999999999998], [86.806, 26.48]]]}, "properties": {"class": "flood"}}, {"type": "Feature", "geometry": {"type": "Polygon", "coordinates": [[[87.052, 26.488], [87.05, 26.483999999999998], [87.056, 26.477999999999998], [87.068, 26.474], [87.066, 26.482], [87.052, 26.488]]]}, "properties": {"class": "flood"}}, {"type": "Feature", "geometry": {"type": "Polygon", "coordinates": [[[86.08, 26.503999999999998], [86.08, 26.497999999999998], [86.072, 26.497999999999998], [86.068, 26.485999999999997], [86.06, 26.483999999999998], [86.06, 26.476], [86.07600000000001, 26.474], [86.08200000000001, 26.477999999999998], [86.09, 26.477999999999998], [86.092, 26.482], [86.098, 26.48], [86.096, 26.483999999999998], [86.08, 26.482], [86.078, 26.491999999999997], [86.08200000000001, 26.49], [86.08200000000001, 26.502], [86.086, 26.502], [86.08, 26.503999999999998]], [[86.07600000000001, 26.485999999999997], [86.078, 26.485999999999997], [86.078, 26.483999999999998], [86.07600000000001, 26.483999999999998], [86.07600000000001, 26.485999999999997]], [[86.078, 26.482], [86.08, 26.482], [86.08, 26.48], [86.078, 26.48], [86.078, 26.482]]]}, "properties": {"class": "flood"}}, {"type": "Feature", "geometry": {"type": "Polygon", "coordinates": [[[86.896, 26.477999999999998], [86.896, 26.474], [86.898, 26.474], [86.898, 26.477999999999998], [86.896, 26.477999999999998]]]}, "properties": {"class": "flood"}}, {"type": "Feature", "geometry": {"type": "Polygon", "coordinates": [[[86.22200000000001, 26.476], [86.22200000000001, 26.474], [86.224, 26.474], [86.224, 26.476], [86.22200000000001, 26.476]]]}, "properties": {"class": "flood"}}, {"type": "Feature", "geometry": {"type": "Polygon", "coordinates": [[[87.342, 26.476], [87.342, 26.474], [87.34400000000001, 26.474], [87.34400000000001, 26.476], [87.342, 26.476]]]}, "properties": {"class": "flood"}}, {"type": "Feature", "geometry": {"type": "Polygon", "coordinates": [[[86.97, 26.482], [86.97, 26.476], [86.968, 26.471999999999998], [86.97200000000001, 26.474], [86.97, 26.482]]]}, "properties": {"class": "flood"}}, {"type": "Feature", "geometry": {"type": "Polygon", "coordinates": [[[86.158, 26.474], [86.158, 26.471999999999998], [86.16, 26.471999999999998], [86.16, 26.474], [86.158, 26.474]]]}, "properties": {"class": "flood"}}, {"type": "Feature", "geometry": {"type": "Polygon", "coordinates": [[[86.104, 26.512], [86.104, 26.503999999999998], [86.098, 26.491999999999997], [86.102, 26.49], [86.10000000000001, 26.482], [86.10600000000001, 26.48], [86.10600000000001, 26.47], [86.11, 26.47], [86.116, 26.471999999999998], [86.11200000000001, 26.474], [86.11200000000001, 26.48], [86.11800000000001, 26.483999999999998], [86.114, 26.485999999999997], [86.11800000000001, 26.485999999999997], [86.11800000000001, 26.49], [86.124, 26.494], [86.11800000000001, 26.502], [86.11800000000001, 26.508], [86.104, 26.512]], [[86.11200000000001, 26.503999999999998], [86.11800000000001, 26.502], [86.11800000000001, 26.497999999999998], [86.11, 26.494], [86.108, 26.502], [86.11200000000001, 26.503999999999998]], [[86.108, 26.477999999999998], [86.11, 26.477999999999998], [86.11, 26.476], [86.108, 26.476], [86.108, 26.477999999999998]]]}, "properties": {"class": "flood"}}, {"type": "Feature", "geometry": {"type": "Polygon", "coordinates": [[[86.092, 26.471999999999998], [86.092, 26.47], [86.09400000000001, 26.47], [86.09400000000001, 26.471999999999998], [86.092, 26.471999999999998]]]}, "properties": {"class": "flood"}}, {"type": "Feature", "geometry": {"type": "Polygon", "coordinates": [[[86.136, 26.48], [86.132, 26.47], [86.14, 26.47], [86.142, 26.476], [86.14, 26.48], [86.136, 26.48]]]}, "properties": {"class": "flood"}}, {"type": "Feature", "geometry": {"type": "Polygon", "coordinates": [[[86.224, 26.471999999999998], [86.224, 26.47], [86.226, 26.47], [86.226, 26.471999999999998], [86.224, 26.471999999999998]]]}, "properties": {"class": "flood"}}, {"type": "Feature", "geometry": {"type": "Polygon", "coordinates": [[[87.01, 26.471999999999998], [87.01, 26.47], [87.012, 26.47], [87.012, 26.471999999999998], [87.01, 26.471999999999998]]]}, "properties": {"class": "flood"}}, {"type": "Feature", "geometry": {"type": "Polygon", "coordinates": [[[87.016, 26.474], [87.016, 26.471999999999998], [87.014, 26.47], [87.02, 26.471999999999998], [87.016, 26.474]]]}, "properties": {"class": "flood"}}, {"type": "Feature", "geometry": {"type": "Polygon", "coordinates": [[[87.04, 26.471999999999998], [87.04, 26.47], [87.042, 26.47], [87.042, 26.471999999999998], [87.04, 26.471999999999998]]]}, "properties": {"class": "flood"}}, {"type": "Feature", "geometry": {"type": "Polygon", "coordinates": [[[87.054, 26.471999999999998], [87.054, 26.47], [87.056, 26.47], [87.056, 26.471999999999998], [87.054, 26.471999999999998]]]}, "properties": {"class": "flood"}}, {"type": "Feature", "geometry": {"type": "Polygon", "coordinates": [[[86.798, 26.482], [86.798, 26.468], [86.806, 26.47], [86.808, 26.474], [86.802, 26.474], [86.804, 26.48], [86.798, 26.482]]]}, "properties": {"class": "flood"}}, {"type": "Feature", "geometry": {"type": "Polygon", "coordinates": [[[86.226, 26.47], [86.226, 26.468], [86.22800000000001, 26.468], [86.22800000000001, 26.47], [86.226, 26.47]]]}, "properties": {"class": "flood"}}, {"type": "Feature", "geometry": {"type": "Polygon", "coordinates": [[[86.886, 26.47], [86.886, 26.468], [86.888, 26.468], [86.888, 26.47], [86.886, 26.47]]]}, "properties": {"class": "flood"}}, {"type": "Feature", "geometry": {"type": "Polygon", "coordinates": [[[87.18, 26.47], [87.18, 26.468], [87.182, 26.468], [87.182, 26.47], [87.18, 26.47]]]}, "properties": {"class": "flood"}}, {"type": "Feature", "geometry": {"type": "Polygon", "coordinates": [[[86.956, 26.476], [86.95400000000001, 26.471999999999998], [86.96000000000001, 26.465999999999998], [86.958, 26.476], [86.956, 26.476]]]}, "properties": {"class": "flood"}}, {"type": "Feature", "geometry": {"type": "Polygon", "coordinates": [[[86.11800000000001, 26.47], [86.11800000000001, 26.465999999999998], [86.122, 26.465999999999998], [86.122, 26.47], [86.11800000000001, 26.47]]]}, "properties": {"class": "flood"}}, {"type": "Feature", "geometry": {"type": "Polygon", "coordinates": [[[86.812, 26.47], [86.812, 26.465999999999998], [86.81400000000001, 26.465999999999998], [86.81400000000001, 26.47], [86.812, 26.47]]]}, "properties": {"class": "flood"}}, {"type": "Feature", "geometry": {"type": "Polygon", "coordinates": [[[86.744, 26.468], [86.744, 26.465999999999998], [86.74600000000001, 26.465999999999998], [86.74600000000001, 26.468], [86.744, 26.468]]]}, "properties": {"class": "flood"}}, {"type": "Feature", "geometry": {"type": "Polygon", "coordinates": [[[86.92, 26.468], [86.92, 26.465999999999998], [86.922, 26.465999999999998], [86.922, 26.468], [86.92, 26.468]]]}, "properties": {"class": "flood"}}, {"type": "Feature", "geometry": {"type": "Polygon", "coordinates": [[[87.07600000000001, 26.468], [87.07600000000001, 26.465999999999998], [87.078, 26.465999999999998], [87.078, 26.468], [87.07600000000001, 26.468]]]}, "properties": {"class": "flood"}}, {"type": "Feature", "geometry": {"type": "Polygon", "coordinates": [[[86.152, 26.465999999999998], [86.152, 26.464], [86.156, 26.464], [86.156, 26.465999999999998], [86.152, 26.465999999999998]]]}, "properties": {"class": "flood"}}, {"type": "Feature", "geometry": {"type": "Polygon", "coordinates": [[[86.918, 26.465999999999998], [86.918, 26.464], [86.92, 26.464], [86.92, 26.465999999999998], [86.918, 26.465999999999998]]]}, "properties": {"class": "flood"}}, {"type": "Feature", "geometry": {"type": "Polygon", "coordinates": [[[87.182, 26.468], [87.182, 26.462], [87.184, 26.462], [87.186, 26.465999999999998], [87.182, 26.468]]]}, "properties": {"class": "flood"}}, {"type": "Feature", "geometry": {"type": "Polygon", "coordinates": [[[86.792, 26.465999999999998], [86.792, 26.462], [86.794, 26.462], [86.794, 26.465999999999998], [86.792, 26.465999999999998]]]}, "properties": {"class": "flood"}}, {"type": "Feature", "geometry": {"type": "Polygon", "coordinates": [[[87.07600000000001, 26.464], [87.07600000000001, 26.462], [87.078, 26.462], [87.078, 26.464], [87.07600000000001, 26.464]]]}, "properties": {"class": "flood"}}, {"type": "Feature", "geometry": {"type": "Polygon", "coordinates": [[[87.11, 26.464], [87.11, 26.462], [87.114, 26.462], [87.114, 26.464], [87.11, 26.464]]]}, "properties": {"class": "flood"}}, {"type": "Feature", "geometry": {"type": "Polygon", "coordinates": [[[87.116, 26.476], [87.122, 26.459999999999997], [87.126, 26.459999999999997], [87.126, 26.47], [87.116, 26.476]]]}, "properties": {"class": "flood"}}, {"type": "Feature", "geometry": {"type": "Polygon", "coordinates": [[[86.962, 26.468], [86.96000000000001, 26.465999999999998], [86.96000000000001, 26.459999999999997], [86.964, 26.464], [86.962, 26.468]]]}, "properties": {"class": "flood"}}, {"type": "Feature", "geometry": {"type": "Polygon", "coordinates": [[[86.758, 26.464], [86.758, 26.459999999999997], [86.76, 26.459999999999997], [86.76, 26.464], [86.758, 26.464]]]}, "properties": {"class": "flood"}}, {"type": "Feature", "geometry": {"type": "Polygon", "coordinates": [[[86.232, 26.462], [86.232, 26.459999999999997], [86.23400000000001, 26.459999999999997], [86.23400000000001, 26.462], [86.232, 26.462]]]}, "properties": {"class": "flood"}}, {"type": "Feature", "geometry": {"type": "Polygon", "coordinates": [[[87.392, 26.462], [87.392, 26.459999999999997], [87.394, 26.459999999999997], [87.394, 26.462], [87.392, 26.462]]]}, "properties": {"class": "flood"}}, {"type": "Feature", "geometry": {"type": "Polygon", "coordinates": [[[86.19, 26.459999999999997], [86.19, 26.456], [86.194, 26.456], [86.19200000000001, 26.459999999999997], [86.19, 26.459999999999997]]]}, "properties": {"class": "flood"}}, {"type": "Feature", "geometry": {"type": "Polygon", "coordinates": [[[86.888, 26.458], [86.888, 26.456], [86.89, 26.456], [86.89, 26.458], [86.888, 26.458]]]}, "properties": {"class": "flood"}}, {"type": "Feature", "geometry": {"type": "Polygon", "coordinates": [[[86.19800000000001, 26.458], [86.19800000000001, 26.456], [86.196, 26.454], [86.2, 26.454], [86.19800000000001, 26.458]]]}, "properties": {"class": "flood"}}, {"type": "Feature", "geometry": {"type": "Polygon", "coordinates": [[[86.886, 26.456], [86.886, 26.454], [86.888, 26.454], [86.888, 26.456], [86.886, 26.456]]]}, "properties": {"class": "flood"}}, {"type": "Feature", "geometry": {"type": "Polygon", "coordinates": [[[87.194, 26.456], [87.194, 26.454], [87.196, 26.454], [87.196, 26.456], [87.194, 26.456]]]}, "properties": {"class": "flood"}}, {"type": "Feature", "geometry": {"type": "Polygon", "coordinates": [[[86.962, 26.459999999999997], [86.962, 26.451999999999998], [86.964, 26.451999999999998], [86.964, 26.459999999999997], [86.962, 26.459999999999997]]]}, "properties": {"class": "flood"}}, {"type": "Feature", "geometry": {"type": "Polygon", "coordinates": [[[86.914, 26.485999999999997], [86.914, 26.477999999999998], [86.91, 26.476], [86.912, 26.471999999999998], [86.906, 26.47], [86.906, 26.459999999999997], [86.902, 26.458], [86.902, 26.454], [86.906, 26.451999999999998], [86.912, 26.454], [86.91, 26.459999999999997], [86.918, 26.462], [86.916, 26.464], [86.918, 26.47], [86.926, 26.47], [86.926, 26.476], [86.916, 26.477999999999998], [86.918, 26.485999999999997], [86.914, 26.485999999999997]], [[86.91, 26.464], [86.912, 26.464], [86.912, 26.462], [86.91, 26.462], [86.91, 26.464]]]}, "properties": {"class": "flood"}}, {"type": "Feature", "geometry": {"type": "Polygon", "coordinates": [[[87.046, 26.462], [87.042, 26.458], [87.044, 26.451999999999998], [87.05, 26.459999999999997], [87.046, 26.462]]]}, "properties": {"class": "flood"}}, {"type": "Feature", "geometry": {"type": "Polygon", "coordinates": [[[86.15, 26.454], [86.15, 26.451999999999998], [86.154, 26.451999999999998], [86.154, 26.454], [86.15, 26.454]]]}, "properties": {"class": "flood"}}, {"type": "Feature", "geometry": {"type": "Polygon", "coordinates": [[[86.9, 26.454], [86.9, 26.451999999999998], [86.902, 26.451999999999998], [86.902, 26.454], [86.9, 26.454]]]}, "properties": {"class": "flood"}}, {"type": "Feature", "geometry": {"type": "Polygon", "coordinates": [[[86.23400000000001, 26.458], [86.23400000000001, 26.45], [86.236, 26.45], [86.236, 26.458], [86.23400000000001, 26.458]]]}, "properties": {"class": "flood"}}, {"type": "Feature", "geometry": {"type": "Polygon", "coordinates": [[[86.22200000000001, 26.451999999999998], [86.22200000000001, 26.45], [86.224, 26.45], [86.224, 26.451999999999998], [86.22200000000001, 26.451999999999998]]]}, "properties": {"class": "flood"}}, {"type": "Feature", "geometry": {"type": "Polygon", "coordinates": [[[86.378, 26.451999999999998], [86.378, 26.45], [86.38, 26.45], [86.38, 26.451999999999998], [86.378, 26.451999999999998]]]}, "properties": {"class": "flood"}}, {"type": "Feature", "geometry": {"type": "Polygon", "coordinates": [[[87.36, 26.451999999999998], [87.36, 26.45], [87.36200000000001, 26.45], [87.36200000000001, 26.451999999999998], [87.36, 26.451999999999998]]]}, "properties": {"class": "flood"}}, {"type": "Feature", "geometry": {"type": "Polygon", "coordinates": [[[87.034, 26.456], [87.034, 26.448], [87.04, 26.448], [87.038, 26.454], [87.034, 26.456]]]}, "properties": {"class": "flood"}}, {"type": "Feature", "geometry": {"type": "Polygon", "coordinates": [[[86.986, 26.456], [86.98400000000001, 26.451999999999998], [86.98, 26.451999999999998], [86.98, 26.448], [86.988, 26.451999999999998], [86.986, 26.456]]]}, "properties": {"class": "flood"}}, {"type": "Feature", "geometry": {"type": "Polygon", "coordinates": [[[87.058, 26.451999999999998], [87.058, 26.448], [87.06, 26.448], [87.06, 26.451999999999998], [87.058, 26.451999999999998]]]}, "properties": {"class": "flood"}}, {"type": "Feature", "geometry": {"type": "Polygon", "coordinates": [[[86.132, 26.45], [86.132, 26.448], [86.134, 26.448], [86.134, 26.45], [86.132, 26.45]]]}, "properties": {"class": "flood"}}, {"type": "Feature", "geometry": {"type": "Polygon", "coordinates": [[[86.38, 26.45], [86.38, 26.448], [86.382, 26.448], [86.382, 26.45], [86.38, 26.45]]]}, "properties": {"class": "flood"}}, {"type": "Feature", "geometry": {"type": "Polygon", "coordinates": [[[86.494, 26.45], [86.494, 26.448], [86.498, 26.448], [86.498, 26.45], [86.494, 26.45]]]}, "properties": {"class": "flood"}}, {"type": "Feature", "geometry": {"type": "Polygon", "coordinates": [[[86.152, 26.45], [86.152, 26.445999999999998], [86.158, 26.448], [86.158, 26.45], [86.152, 26.45]]]}, "properties": {"class": "flood"}}, {"type": "Feature", "geometry": {"type": "Polygon", "coordinates": [[[87.174, 26.448], [87.174, 26.445999999999998], [87.176, 26.445999999999998], [87.176, 26.448], [87.174, 26.448]]]}, "properties": {"class": "flood"}}, {"type": "Feature", "geometry": {"type": "Polygon", "coordinates": [[[86.998, 26.45], [86.998, 26.444], [87.0, 26.444], [87.002, 26.45], [86.998, 26.45]]]}, "properties": {"class": "flood"}}, {"type": "Feature", "geometry": {"type": "Polygon", "coordinates": [[[86.376, 26.448], [86.376, 26.444], [86.38, 26.444], [86.378, 26.448], [86.376, 26.448]]]}, "properties": {"class": "flood"}}, {"type": "Feature", "geometry": {"type": "Polygon", "coordinates": [[[86.834, 26.448], [86.834, 26.444], [86.836, 26.444], [86.836, 26.448], [86.834, 26.448]]]}, "properties": {"class": "flood"}}, {"type": "Feature", "geometry": {"type": "Polygon", "coordinates": [[[86.318, 26.445999999999998], [86.318, 26.444], [86.32000000000001, 26.444], [86.32000000000001, 26.445999999999998], [86.318, 26.445999999999998]]]}, "properties": {"class": "flood"}}, {"type": "Feature", "geometry": {"type": "Polygon", "coordinates": [[[86.976, 26.445999999999998], [86.976, 26.444], [86.97800000000001, 26.444], [86.97800000000001, 26.445999999999998], [86.976, 26.445999999999998]]]}, "properties": {"class": "flood"}}, {"type": "Feature", "geometry": {"type": "Polygon", "coordinates": [[[87.024, 26.445999999999998], [87.024, 26.444], [87.028, 26.444], [87.028, 26.445999999999998], [87.024, 26.445999999999998]]]}, "properties": {"class": "flood"}}, {"type": "Feature", "geometry": {"type": "Polygon", "coordinates": [[[87.176, 26.445999999999998], [87.176, 26.444], [87.178, 26.444], [87.178, 26.445999999999998], [87.176, 26.445999999999998]]]}, "properties": {"class": "flood"}}, {"type": "Feature", "geometry": {"type": "Polygon", "coordinates": [[[86.876, 26.451999999999998], [86.876, 26.448], [86.882, 26.442], [86.884, 26.448], [86.876, 26.451999999999998]]]}, "properties": {"class": "flood"}}, {"type": "Feature", "geometry": {"type": "Polygon", "coordinates": [[[86.244, 26.444], [86.244, 26.442], [86.248, 26.442], [86.248, 26.444], [86.244, 26.444]]]}, "properties": {"class": "flood"}}, {"type": "Feature", "geometry": {"type": "Polygon", "coordinates": [[[86.31400000000001, 26.444], [86.31400000000001, 26.442], [86.318, 26.442], [86.318, 26.444], [86.31400000000001, 26.444]]]}, "properties": {"class": "flood"}}, {"type": "Feature", "geometry": {"type": "Polygon", "coordinates": [[[86.622, 26.444], [86.622, 26.442], [86.624, 26.442], [86.624, 26.444], [86.622, 26.444]]]}, "properties": {"class": "flood"}}, {"type": "Feature", "geometry": {"type": "Polygon", "coordinates": [[[86.764, 26.444], [86.764, 26.442], [86.766, 26.442], [86.766, 26.444], [86.764, 26.444]]]}, "properties": {"class": "flood"}}, {"type": "Feature", "geometry": {"type": "Polygon", "coordinates": [[[86.816, 26.444], [86.816, 26.442], [86.818, 26.442], [86.818, 26.444], [86.816, 26.444]]]}, "properties": {"class": "flood"}}, {"type": "Feature", "geometry": {"type": "Polygon", "coordinates": [[[87.05, 26.448], [87.05, 26.442], [87.054, 26.439999999999998], [87.054, 26.445999999999998], [87.05, 26.448]]]}, "properties": {"class": "flood"}}, {"type": "Feature", "geometry": {"type": "Polygon", "coordinates": [[[86.13, 26.444], [86.128, 26.442], [86.128, 26.438], [86.134, 26.442], [86.13, 26.444]]]}, "properties": {"class": "flood"}}, {"type": "Feature", "geometry": {"type": "Polygon", "coordinates": [[[86.248, 26.442], [86.248, 26.438], [86.25, 26.438], [86.25, 26.442], [86.248, 26.442]]]}, "properties": {"class": "flood"}}, {"type": "Feature", "geometry": {"type": "Polygon", "coordinates": [[[86.06, 26.439999999999998], [86.06, 26.438], [86.062, 26.438], [86.062, 26.439999999999998], [86.06, 26.439999999999998]]]}, "properties": {"class": "flood"}}, {"type": "Feature", "geometry": {"type": "Polygon", "coordinates": [[[86.816, 26.439999999999998], [86.816, 26.438], [86.818, 26.438], [86.818, 26.439999999999998], [86.816, 26.439999999999998]]]}, "properties": {"class": "flood"}}, {"type": "Feature", "geometry": {"type": "Polygon", "coordinates": [[[86.938, 26.439999999999998], [86.938, 26.438], [86.94, 26.438], [86.94, 26.439999999999998], [86.938, 26.439999999999998]]]}, "properties": {"class": "flood"}}, {"type": "Feature", "geometry": {"type": "Polygon", "coordinates": [[[87.036, 26.439999999999998], [87.036, 26.438], [87.038, 26.438], [87.038, 26.439999999999998], [87.036, 26.439999999999998]]]}, "properties": {"class": "flood"}}, {"type": "Feature", "geometry": {"type": "Polygon", "coordinates": [[[87.066, 26.459999999999997], [87.066, 26.436], [87.07000000000001, 26.436], [87.072, 26.458], [87.066, 26.459999999999997]]]}, "properties": {"class": "flood"}}, {"type": "Feature", "geometry": {"type": "Polygon", "coordinates": [[[86.94800000000001, 26.444], [86.94800000000001, 26.436], [86.95, 26.436], [86.95, 26.444], [86.94800000000001, 26.444]]]}, "properties": {"class": "flood"}}, {"type": "Feature", "geometry": {"type": "Polygon", "coordinates": [[[86.97800000000001, 26.444], [86.97800000000001, 26.436], [86.98, 26.436], [86.98, 26.444], [86.97800000000001, 26.444]]]}, "properties": {"class": "flood"}}, {"type": "Feature", "geometry": {"type": "Polygon", "coordinates": [[[86.992, 26.445999999999998], [86.99000000000001, 26.444], [86.99000000000001, 26.436], [86.992, 26.442], [86.99600000000001, 26.444], [86.992, 26.445999999999998]]]}, "properties": {"class": "flood"}}, {"type": "Feature", "geometry": {"type": "Polygon", "coordinates": [[[87.028, 26.444], [87.028, 26.436], [87.03, 26.436], [87.032, 26.442], [87.028, 26.444]]]}, "properties": {"class": "flood"}}, {"type": "Feature", "geometry": {"type": "Polygon", "coordinates": [[[86.824, 26.444], [86.822, 26.439999999999998], [86.828, 26.439999999999998], [86.83, 26.436], [86.83, 26.442], [86.824, 26.444]]]}, "properties": {"class": "flood"}}, {"type": "Feature", "geometry": {"type": "Polygon", "coordinates": [[[87.148, 26.442], [87.148, 26.436], [87.152, 26.436], [87.152, 26.439999999999998], [87.148, 26.442]]]}, "properties": {"class": "flood"}}, {"type": "Feature", "geometry": {"type": "Polygon", "coordinates": [[[86.762, 26.439999999999998], [86.762, 26.436], [86.764, 26.436], [86.764, 26.439999999999998], [86.762, 26.439999999999998]]]}, "properties": {"class": "flood"}}, {"type": "Feature", "geometry": {"type": "Polygon", "coordinates": [[[86.85600000000001, 26.45], [86.848, 26.444], [86.846, 26.436], [86.854, 26.436], [86.85000000000001, 26.439999999999998], [86.86200000000001, 26.442], [86.86, 26.445999999999998], [86.872, 26.444], [86.872, 26.448], [86.85600000000001, 26.45]]]}, "properties": {"class": "flood"}}, {"type": "Feature", "geometry": {"type": "Polygon", "coordinates": [[[86.936, 26.438], [86.936, 26.436], [86.938, 26.436], [86.938, 26.438], [86.936, 26.438]]]}, "properties": {"class": "flood"}}, {"type": "Feature", "geometry": {"type": "Polygon", "coordinates": [[[86.956, 26.438], [86.956, 26.436], [86.958, 26.436], [86.958, 26.438], [86.956, 26.438]]]}, "properties": {"class": "flood"}}, {"type": "Feature", "geometry": {"type": "Polygon", "coordinates": [[[86.07000000000001, 26.448], [86.07000000000001, 26.438], [86.066, 26.438], [86.066, 26.433999999999997], [86.078, 26.436], [86.07600000000001, 26.445999999999998], [86.07000000000001, 26.448]]]}, "properties": {"class": "flood"}}, {"type": "Feature", "geometry": {"type": "Polygon", "coordinates": [[[86.84, 26.438], [86.84, 26.433999999999997], [86.84400000000001, 26.436], [86.84400000000001, 26.438], [86.84, 26.438]]]}, "properties": {"class": "flood"}}, {"type": "Feature", "geometry": {"type": "Polygon", "coordinates": [[[86.092, 26.45], [86.086, 26.448], [86.086, 26.439999999999998], [86.09, 26.438], [86.084, 26.433999999999997], [86.09400000000001, 26.436], [86.098, 26.433999999999997], [86.11, 26.439999999999998], [86.11, 26.442], [86.10000000000001, 26.439999999999998], [86.10000000000001, 26.444], [86.092, 26.45]], [[86.09400000000001, 26.444], [86.096, 26.444], [86.096, 26.442], [86.09400000000001, 26.442], [86.09400000000001, 26.444]], [[86.09, 26.438], [86.092, 26.438], [86.092, 26.436], [86.09, 26.436], [86.09, 26.438]]]}, "properties": {"class": "flood"}}, {"type": "Feature", "geometry": {"type": "Polygon", "coordinates": [[[86.758, 26.436], [86.758, 26.433999999999997], [86.76, 26.433999999999997], [86.76, 26.436], [86.758, 26.436]]]}, "properties": {"class": "flood"}}, {"type": "Feature", "geometry": {"type": "Polygon", "coordinates": [[[86.794, 26.438], [86.792, 26.433999999999997], [86.796, 26.433999999999997], [86.796, 26.438], [86.794, 26.438]]]}, "properties": {"class": "flood"}}, {"type": "Feature", "geometry": {"type": "Polygon", "coordinates": [[[86.834, 26.436], [86.834, 26.433999999999997], [86.83800000000001, 26.433999999999997], [86.83800000000001, 26.436], [86.834, 26.436]]]}, "properties": {"class": "flood"}}, {"type": "Feature", "geometry": {"type": "Polygon", "coordinates": [[[87.114, 26.436], [87.114, 26.433999999999997], [87.116, 26.433999999999997], [87.116, 26.436], [87.114, 26.436]]]}, "properties": {"class": "flood"}}, {"type": "Feature", "geometry": {"type": "Polygon", "coordinates": [[[86.626, 26.433999999999997], [86.626, 26.432], [86.628, 26.432], [86.628, 26.433999999999997], [86.626, 26.433999999999997]]]}, "properties": {"class": "flood"}}, {"type": "Feature", "geometry": {"type": "Polygon", "coordinates": [[[86.83, 26.433999999999997], [86.83, 26.432], [86.834, 26.432], [86.834, 26.433999999999997], [86.83, 26.433999999999997]]]}, "properties": {"class": "flood"}}, {"type": "Feature", "geometry": {"type": "Polygon", "coordinates": [[[86.934, 26.433999999999997], [86.934, 26.432], [86.936, 26.432], [86.936, 26.433999999999997], [86.934, 26.433999999999997]]]}, "properties": {"class": "flood"}}, {"type": "Feature", "geometry": {"type": "Polygon", "coordinates": [[[86.98, 26.433999999999997], [86.98, 26.43], [86.982, 26.43], [86.982, 26.433999999999997], [86.98, 26.433999999999997]]]}, "properties": {"class": "flood"}}, {"type": "Feature", "geometry": {"type": "Polygon", "coordinates": [[[86.128, 26.432], [86.128, 26.43], [86.13, 26.43], [86.13, 26.432], [86.128, 26.432]]]}, "properties": {"class": "flood"}}, {"type": "Feature", "geometry": {"type": "Polygon", "coordinates": [[[86.60600000000001, 26.432], [86.60600000000001, 26.43], [86.61, 26.43], [86.61, 26.432], [86.60600000000001, 26.432]]]}, "properties": {"class": "flood"}}, {"type": "Feature", "geometry": {"type": "Polygon", "coordinates": [[[86.756, 26.432], [86.756, 26.43], [86.758, 26.43], [86.758, 26.432], [86.756, 26.432]]]}, "properties": {"class": "flood"}}, {"type": "Feature", "geometry": {"type": "Polygon", "coordinates": [[[87.156, 26.438], [87.156, 26.433999999999997], [87.162, 26.432], [87.164, 26.427999999999997], [87.164, 26.436], [87.156, 26.438]]]}, "properties": {"class": "flood"}}, {"type": "Feature", "geometry": {"type": "Polygon", "coordinates": [[[86.932, 26.432], [86.932, 26.427999999999997], [86.934, 26.427999999999997], [86.934, 26.432], [86.932, 26.432]]]}, "properties": {"class": "flood"}}, {"type": "Feature", "geometry": {"type": "Polygon", "coordinates": [[[87.13, 26.439999999999998], [87.126, 26.432], [87.126, 26.427999999999997], [87.136, 26.432], [87.136, 26.438], [87.13, 26.439999999999998]]]}, "properties": {"class": "flood"}}, {"type": "Feature", "geometry": {"type": "Polygon", "coordinates": [[[87.202, 26.432], [87.20400000000001, 26.427999999999997], [87.208, 26.427999999999997], [87.206, 26.432], [87.202, 26.432]]]}, "properties": {"class": "flood"}}, {"type": "Feature", "geometry": {"type": "Polygon", "coordinates": [[[86.182, 26.458], [86.186, 26.451999999999998], [86.182, 26.45], [86.182, 26.444], [86.188, 26.445999999999998], [86.19200000000001, 26.436], [86.19800000000001, 26.436], [86.19800000000001, 26.432], [86.194, 26.432], [86.19200000000001, 26.427999999999997], [86.20400000000001, 26.43], [86.2, 26.432], [86.2, 26.438], [86.196, 26.438], [86.2, 26.45], [86.19200000000001, 26.445999999999998], [86.188, 26.45], [86.19, 26.454], [86.182, 26.458]]]}, "properties": {"class": "flood"}}, {"type": "Feature", "geometry": {"type": "Polygon", "coordinates": [[[86.604, 26.43], [86.604, 26.427999999999997], [86.60600000000001, 26.427999999999997], [86.60600000000001, 26.43], [86.604, 26.43]]]}, "properties": {"class": "flood"}}, {"type": "Feature", "geometry": {"type": "Polygon", "coordinates": [[[86.786, 26.43], [86.786, 26.427999999999997], [86.788, 26.427999999999997], [86.788, 26.43], [86.786, 26.43]]]}, "properties": {"class": "flood"}}, {"type": "Feature", "geometry": {"type": "Polygon", "coordinates": [[[86.97800000000001, 26.43], [86.97800000000001, 26.427999999999997], [86.98, 26.427999999999997], [86.98, 26.43], [86.97800000000001, 26.43]]]}, "properties": {"class": "flood"}}, {"type": "Feature", "geometry": {"type": "Polygon", "coordinates": [[[86.72800000000001, 26.439999999999998], [86.72200000000001, 26.438], [86.72200000000001, 26.432], [86.72800000000001, 26.43], [86.726, 26.433999999999997], [86.73, 26.436], [86.73400000000001, 26.432], [86.73400000000001, 26.426], [86.74000000000001, 26.426], [86.74000000000001, 26.433999999999997], [86.736, 26.432], [86.732, 26.439999999999998], [86.72800000000001, 26.439999999999998]]]}, "properties": {"class": "flood"}}, {"type": "Feature", "geometry": {"type": "Polygon", "coordinates": [[[86.22, 26.433999999999997], [86.218, 26.426], [86.224, 26.426], [86.224, 26.432], [86.22, 26.433999999999997]]]}, "properties": {"class": "flood"}}, {"type": "Feature", "geometry": {"type": "Polygon", "coordinates": [[[86.248, 26.43], [86.248, 26.426], [86.25, 26.426], [86.25, 26.43], [86.248, 26.43]]]}, "properties": {"class": "flood"}}, {"type": "Feature", "geometry": {"type": "Polygon", "coordinates": [[[87.028, 26.427999999999997], [87.028, 26.426], [87.03, 26.426], [87.03, 26.427999999999997], [87.028, 26.427999999999997]]]}, "properties": {"class": "flood"}}, {"type": "Feature", "geometry": {"type": "Polygon", "coordinates": [[[87.232, 26.427999999999997], [87.232, 26.426], [87.236, 26.426], [87.236, 26.427999999999997], [87.232, 26.427999999999997]]]}, "properties": {"class": "flood"}}, {"type": "Feature", "geometry": {"type": "Polygon", "coordinates": [[[86.276, 26.444], [86.272, 26.439999999999998], [86.274, 26.424], [86.28, 26.426], [86.28, 26.432], [86.284, 26.432], [86.282, 26.442], [86.276, 26.444]]]}, "properties": {"class": "flood"}}, {"type": "Feature", "geometry": {"type": "Polygon", "coordinates": [[[86.25, 26.426], [86.25, 26.424], [86.252, 26.424], [86.252, 26.426], [86.25, 26.426]]]}, "properties": {"class": "flood"}}, {"type": "Feature", "geometry": {"type": "Polygon", "coordinates": [[[86.96600000000001, 26.448], [86.96600000000001, 26.444], [86.97, 26.442], [86.968, 26.438], [86.97, 26.422], [86.97, 26.436], [86.976, 26.436], [86.976, 26.439999999999998], [86.97, 26.444], [86.97, 26.448], [86.96600000000001, 26.448]]]}, "properties": {"class": "flood"}}, {"type": "Feature", "geometry": {"type": "Polygon", "coordinates": [[[86.062, 26.433999999999997], [86.06, 26.424], [86.068, 26.422], [86.06400000000001, 26.426], [86.066, 26.433999999999997], [86.062, 26.433999999999997]]]}, "properties": {"class": "flood"}}, {"type": "Feature", "geometry": {"type": "Polygon", "coordinates": [[[86.206, 26.424], [86.206, 26.422], [86.208, 26.422], [86.208, 26.424], [86.206, 26.424]]]}, "properties": {"class": "flood"}}, {"type": "Feature", "geometry": {"type": "Polygon", "coordinates": [[[86.252, 26.424], [86.252, 26.422], [86.254, 26.422], [86.254, 26.424], [86.252, 26.424]]]}, "properties": {"class": "flood"}}, {"type": "Feature", "geometry": {"type": "Polygon", "coordinates": [[[86.78, 26.424], [86.78, 26.422], [86.782, 26.422], [86.782, 26.424], [86.78, 26.424]]]}, "properties": {"class": "flood"}}, {"type": "Feature", "geometry": {"type": "Polygon", "coordinates": [[[87.45400000000001, 26.424], [87.45400000000001, 26.422], [87.456, 26.422], [87.456, 26.424], [87.45400000000001, 26.424]]]}, "properties": {"class": "flood"}}, {"type": "Feature", "geometry": {"type": "Polygon", "coordinates": [[[86.994, 26.426], [86.994, 26.419999999999998], [86.99600000000001, 26.419999999999998], [86.99600000000001, 26.426], [86.994, 26.426]]]}, "properties": {"class": "flood"}}, {"type": "Feature", "geometry": {"type": "Polygon", "coordinates": [[[86.196, 26.422], [86.196, 26.419999999999998], [86.19800000000001, 26.419999999999998], [86.19800000000001, 26.422], [86.196, 26.422]]]}, "properties": {"class": "flood"}}, {"type": "Feature", "geometry": {"type": "Polygon", "coordinates": [[[86.724, 26.422], [86.724, 26.419999999999998], [86.726, 26.419999999999998], [86.726, 26.422], [86.724, 26.422]]]}, "properties": {"class": "flood"}}, {"type": "Feature", "geometry": {"type": "Polygon", "coordinates": [[[87.21000000000001, 26.422], [87.21000000000001, 26.419999999999998], [87.212, 26.419999999999998], [87.212, 26.422], [87.21000000000001, 26.422]]]}, "properties": {"class": "flood"}}, {"type": "Feature", "geometry": {"type": "Polygon", "coordinates": [[[86.982, 26.426], [86.982, 26.422], [86.986, 26.418], [86.986, 26.424], [86.982, 26.426]]]}, "properties": {"class": "flood"}}, {"type": "Feature", "geometry": {"type": "Polygon", "coordinates": [[[86.3, 26.422], [86.3, 26.418], [86.304, 26.418], [86.302, 26.422], [86.3, 26.422]]]}, "properties": {"class": "flood"}}, {"type": "Feature", "geometry": {"type": "Polygon", "coordinates": [[[86.152, 26.419999999999998], [86.152, 26.418], [86.154, 26.418], [86.154, 26.419999999999998], [86.152, 26.419999999999998]]]}, "properties": {"class": "flood"}}, {"type": "Feature", "geometry": {"type": "Polygon", "coordinates": [[[86.19800000000001, 26.419999999999998], [86.19800000000001, 26.418], [86.2, 26.418], [86.2, 26.419999999999998], [86.19800000000001, 26.419999999999998]]]}, "properties": {"class": "flood"}}, {"type": "Feature", "geometry": {"type": "Polygon", "coordinates": [[[86.308, 26.419999999999998], [86.308, 26.418], [86.31, 26.418], [86.31, 26.419999999999998], [86.308, 26.419999999999998]]]}, "properties": {"class": "flood"}}, {"type": "Feature", "geometry": {"type": "Polygon", "coordinates": [[[86.912, 26.419999999999998], [86.912, 26.418], [86.914, 26.418], [86.914, 26.419999999999998], [86.912, 26.419999999999998]]]}, "properties": {"class": "flood"}}, {"type": "Feature", "geometry": {"type": "Polygon", "coordinates": [[[86.97, 26.419999999999998], [86.97, 26.418], [86.97200000000001, 26.418], [86.97200000000001, 26.419999999999998], [86.97, 26.419999999999998]]]}, "properties": {"class": "flood"}}, {"type": "Feature", "geometry": {"type": "Polygon", "coordinates": [[[87.024, 26.419999999999998], [87.024, 26.418], [87.026, 26.418], [87.026, 26.419999999999998], [87.024, 26.419999999999998]]]}, "properties": {"class": "flood"}}, {"type": "Feature", "geometry": {"type": "Polygon", "coordinates": [[[86.56, 26.418], [86.56, 26.416], [86.562, 26.416], [86.562, 26.418], [86.56, 26.418]]]}, "properties": {"class": "flood"}}, {"type": "Feature", "geometry": {"type": "Polygon", "coordinates": [[[86.99600000000001, 26.418], [86.99600000000001, 26.416], [86.998, 26.416], [86.998, 26.418], [86.99600000000001, 26.418]]]}, "properties": {"class": "flood"}}, {"type": "Feature", "geometry": {"type": "Polygon", "coordinates": [[[87.022, 26.418], [87.022, 26.416], [87.024, 26.416], [87.024, 26.418], [87.022, 26.418]]]}, "properties": {"class": "flood"}}, {"type": "Feature", "geometry": {"type": "Polygon", "coordinates": [[[87.45400000000001, 26.418], [87.45400000000001, 26.416], [87.456, 26.416], [87.456, 26.418], [87.45400000000001, 26.418]]]}, "properties": {"class": "flood"}}, {"type": "Feature", "geometry": {"type": "Polygon", "coordinates": [[[86.65, 26.422], [86.65, 26.413999999999998], [86.654, 26.413999999999998], [86.654, 26.422], [86.65, 26.422]]]}, "properties": {"class": "flood"}}, {"type": "Feature", "geometry": {"type": "Polygon", "coordinates": [[[86.218, 26.424], [86.21600000000001, 26.418], [86.22200000000001, 26.413999999999998], [86.22200000000001, 26.422], [86.218, 26.424]]]}, "properties": {"class": "flood"}}, {"type": "Feature", "geometry": {"type": "Polygon", "coordinates": [[[87.03, 26.418], [87.03, 26.413999999999998], [87.032, 26.413999999999998], [87.032, 26.418], [87.03, 26.418]]]}, "properties": {"class": "flood"}}, {"type": "Feature", "geometry": {"type": "Polygon", "coordinates": [[[86.132, 26.426], [86.13, 26.422], [86.122, 26.419999999999998], [86.128, 26.418], [86.126, 26.413999999999998], [86.134, 26.413999999999998], [86.134, 26.419999999999998], [86.14, 26.419999999999998], [86.138, 26.426], [86.132, 26.426]]]}, "properties": {"class": "flood"}}, {"type": "Feature", "geometry": {"type": "Polygon", "coordinates": [[[86.182, 26.416], [86.182, 26.413999999999998], [86.186, 26.413999999999998], [86.186, 26.416], [86.182, 26.416]]]}, "properties": {"class": "flood"}}, {"type": "Feature", "geometry": {"type": "Polygon", "coordinates": [[[86.2, 26.416], [86.2, 26.413999999999998], [86.202, 26.413999999999998], [86.202, 26.416], [86.2, 26.416]]]}, "properties": {"class": "flood"}}, {"type": "Feature", "geometry": {"type": "Polygon", "coordinates": [[[86.986, 26.416], [86.986, 26.413999999999998], [86.988, 26.413999999999998], [86.988, 26.416], [86.986, 26.416]]]}, "properties": {"class": "flood"}}, {"type": "Feature", "geometry": {"type": "Polygon", "coordinates": [[[87.06, 26.416], [87.06, 26.413999999999998], [87.062, 26.413999999999998], [87.062, 26.416], [87.06, 26.416]]]}, "properties": {"class": "flood"}}, {"type": "Feature", "geometry": {"type": "Polygon", "coordinates": [[[86.904, 26.419999999999998], [86.906, 26.412], [86.912, 26.416], [86.912, 26.418], [86.904, 26.419999999999998]]]}, "properties": {"class": "flood"}}, {"type": "Feature", "geometry": {"type": "Polygon", "coordinates": [[[86.95, 26.419999999999998], [86.952, 26.412], [86.956, 26.412], [86.956, 26.419999999999998], [86.95, 26.419999999999998]]]}, "properties": {"class": "flood"}}, {"type": "Feature", "geometry": {"type": "Polygon", "coordinates": [[[86.272, 26.424], [86.272, 26.419999999999998], [86.268, 26.418], [86.268, 26.412], [86.272, 26.412], [86.27, 26.413999999999998], [86.274, 26.418], [86.272, 26.424]]]}, "properties": {"class": "flood"}}, {"type": "Feature", "geometry": {"type": "Polygon", "coordinates": [[[86.848, 26.416], [86.848, 26.412], [86.852, 26.412], [86.852, 26.416], [86.848, 26.416]]]}, "properties": {"class": "flood"}}, {"type": "Feature", "geometry": {"type": "Polygon", "coordinates": [[[86.97800000000001, 26.413999999999998], [86.97800000000001, 26.412], [86.98, 26.412], [86.98, 26.413999999999998], [86.97800000000001, 26.413999999999998]]]}, "properties": {"class": "flood"}}, {"type": "Feature", "geometry": {"type": "Polygon", "coordinates": [[[87.114, 26.413999999999998], [87.114, 26.412], [87.116, 26.412], [87.116, 26.413999999999998], [87.114, 26.413999999999998]]]}, "properties": {"class": "flood"}}, {"type": "Feature", "geometry": {"type": "Polygon", "coordinates": [[[86.188, 26.416], [86.188, 26.41], [86.19, 26.41], [86.19, 26.416], [86.188, 26.416]]]}, "properties": {"class": "flood"}}, {"type": "Feature", "geometry": {"type": "Polygon", "coordinates": [[[86.75, 26.427999999999997], [86.74600000000001, 26.424], [86.748, 26.418], [86.742, 26.418], [86.742, 26.424], [86.73, 26.416], [86.726, 26.419999999999998], [86.724, 26.41], [86.73, 26.413999999999998], [86.74000000000001, 26.412], [86.742, 26.416], [86.754, 26.418], [86.758, 26.424], [86.752, 26.424], [86.75, 26.427999999999997]]]}, "properties": {"class": "flood"}}, {"type": "Feature", "geometry": {"type": "Polygon", "coordinates": [[[86.196, 26.413999999999998], [86.196, 26.41], [86.2, 26.412], [86.2, 26.413999999999998], [86.196, 26.413999999999998]]]}, "properties": {"class": "flood"}}, {"type": "Feature", "geometry": {"type": "Polygon", "coordinates": [[[86.764, 26.413999999999998], [86.764, 26.412], [86.768, 26.41], [86.768, 26.413999999999998], [86.764, 26.413999999999998]]]}, "properties": {"class": "flood"}}, {"type": "Feature", "geometry": {"type": "Polygon", "coordinates": [[[86.12, 26.416], [86.12, 26.412], [86.11800000000001, 26.41], [86.122, 26.41], [86.12, 26.416]]]}, "properties": {"class": "flood"}}, {"type": "Feature", "geometry": {"type": "Polygon", "coordinates": [[[86.184, 26.412], [86.184, 26.41], [86.186, 26.41], [86.186, 26.412], [86.184, 26.412]]]}, "properties": {"class": "flood"}}, {"type": "Feature", "geometry": {"type": "Polygon", "coordinates": [[[86.22, 26.412], [86.22, 26.41], [86.22200000000001, 26.41], [86.22200000000001, 26.412], [86.22, 26.412]]]}, "properties": {"class": "flood"}}, {"type": "Feature", "geometry": {"type": "Polygon", "coordinates": [[[86.274, 26.413999999999998], [86.272, 26.41], [86.28, 26.41], [86.278, 26.413999999999998], [86.274, 26.413999999999998]]]}, "properties": {"class": "flood"}}, {"type": "Feature", "geometry": {"type": "Polygon", "coordinates": [[[86.896, 26.412], [86.896, 26.41], [86.898, 26.41], [86.898, 26.412], [86.896, 26.412]]]}, "properties": {"class": "flood"}}, {"type": "Feature", "geometry": {"type": "Polygon", "coordinates": [[[86.9, 26.412], [86.9, 26.41], [86.902, 26.41], [86.902, 26.412], [86.9, 26.412]]]}, "properties": {"class": "flood"}}, {"type": "Feature", "geometry": {"type": "Polygon", "coordinates": [[[87.028, 26.412], [87.028, 26.41], [87.032, 26.41], [87.032, 26.412], [87.028, 26.412]]]}, "properties": {"class": "flood"}}, {"type": "Feature", "geometry": {"type": "Polygon", "coordinates": [[[86.76, 26.412], [86.76, 26.407999999999998], [86.762, 26.407999999999998], [86.762, 26.412], [86.76, 26.412]]]}, "properties": {"class": "flood"}}, {"type": "Feature", "geometry": {"type": "Polygon", "coordinates": [[[86.72, 26.432], [86.72, 26.427999999999997], [86.714, 26.426], [86.714, 26.416], [86.712, 26.413999999999998], [86.706, 26.416], [86.702, 26.407999999999998], [86.718, 26.41], [86.718, 26.416], [86.72200000000001, 26.419999999999998], [86.72, 26.432]]]}, "properties": {"class": "flood"}}, {"type": "Feature", "geometry": {"type": "Polygon", "coordinates": [[[86.764, 26.41], [86.764, 26.407999999999998], [86.766, 26.407999999999998], [86.766, 26.41], [86.764, 26.41]]]}, "properties": {"class": "flood"}}, {"type": "Feature", "geometry": {"type": "Polygon", "coordinates": [[[86.886, 26.41], [86.886, 26.407999999999998], [86.888, 26.407999999999998], [86.888, 26.41], [86.886, 26.41]]]}, "properties": {"class": "flood"}}, {"type": "Feature", "geometry": {"type": "Polygon", "coordinates": [[[86.06, 26.418], [86.06, 26.407999999999998], [86.06400000000001, 26.406], [86.06400000000001, 26.413999999999998], [86.06, 26.418]]]}, "properties": {"class": "flood"}}, {"type": "Feature", "geometry": {"type": "Polygon", "coordinates": [[[86.97200000000001, 26.416], [86.97200000000001, 26.41], [86.976, 26.406], [86.976, 26.412], [86.97200000000001, 26.416]]]}, "properties": {"class": "flood"}}, {"type": "Feature", "geometry": {"type": "Polygon", "coordinates": [[[86.818, 26.407999999999998], [86.818, 26.406], [86.822, 26.406], [86.822, 26.407999999999998], [86.818, 26.407999999999998]]]}, "properties": {"class": "flood"}}, {"type": "Feature", "geometry": {"type": "Polygon", "coordinates": [[[86.652, 26.412], [86.654, 26.404], [86.664, 26.406], [86.662, 26.41], [86.652, 26.412]]]}, "properties": {"class": "flood"}}, {"type": "Feature", "geometry": {"type": "Polygon", "coordinates": [[[86.352, 26.407999999999998], [86.352, 26.404], [86.354, 26.404], [86.354, 26.407999999999998], [86.352, 26.407999999999998]]]}, "properties": {"class": "flood"}}, {"type": "Feature", "geometry": {"type": "Polygon", "coordinates": [[[86.95, 26.407999999999998], [86.95, 26.404], [86.952, 26.404], [86.952, 26.407999999999998], [86.95, 26.407999999999998]]]}, "properties": {"class": "flood"}}, {"type": "Feature", "geometry": {"type": "Polygon", "coordinates": [[[86.312, 26.406], [86.312, 26.404], [86.31400000000001, 26.404], [86.31400000000001, 26.406], [86.312, 26.406]]]}, "properties": {"class": "flood"}}, {"type": "Feature", "geometry": {"type": "Polygon", "coordinates": [[[86.556, 26.412], [86.558, 26.407999999999998], [86.556, 26.404], [86.56, 26.404], [86.56, 26.41], [86.556, 26.412]]]}, "properties": {"class": "flood"}}, {"type": "Feature", "geometry": {"type": "Polygon", "coordinates": [[[86.69, 26.406], [86.69, 26.404], [86.69200000000001, 26.404], [86.69200000000001, 26.406], [86.69, 26.406]]]}, "properties": {"class": "flood"}}, {"type": "Feature", "geometry": {"type": "Polygon", "coordinates": [[[86.70400000000001, 26.406], [86.70400000000001, 26.404], [86.708, 26.404], [86.708, 26.406], [86.70400000000001, 26.406]]]}, "properties": {"class": "flood"}}, {"type": "Feature", "geometry": {"type": "Polygon", "coordinates": [[[86.712, 26.406], [86.712, 26.404], [86.714, 26.404], [86.714, 26.406], [86.712, 26.406]]]}, "properties": {"class": "flood"}}, {"type": "Feature", "geometry": {"type": "Polygon", "coordinates": [[[86.754, 26.406], [86.754, 26.404], [86.756, 26.404], [86.756, 26.406], [86.754, 26.406]]]}, "properties": {"class": "flood"}}, {"type": "Feature", "geometry": {"type": "Polygon", "coordinates": [[[86.224, 26.41], [86.224, 26.401999999999997], [86.226, 26.401999999999997], [86.226, 26.41], [86.224, 26.41]]]}, "properties": {"class": "flood"}}, {"type": "Feature", "geometry": {"type": "Polygon", "coordinates": [[[86.882, 26.407999999999998], [86.882, 26.401999999999997], [86.884, 26.401999999999997], [86.886, 26.407999999999998], [86.882, 26.407999999999998]]]}, "properties": {"class": "flood"}}, {"type": "Feature", "geometry": {"type": "Polygon", "coordinates": [[[86.252, 26.404], [86.252, 26.401999999999997], [86.254, 26.401999999999997], [86.254, 26.404], [86.252, 26.404]]]}, "properties": {"class": "flood"}}, {"type": "Feature", "geometry": {"type": "Polygon", "coordinates": [[[86.278, 26.404], [86.278, 26.401999999999997], [86.28, 26.401999999999997], [86.28, 26.404], [86.278, 26.404]]]}, "properties": {"class": "flood"}}, {"type": "Feature", "geometry": {"type": "Polygon", "coordinates": [[[86.686, 26.404], [86.686, 26.401999999999997], [86.688, 26.401999999999997], [86.688, 26.404], [86.686, 26.404]]]}, "properties": {"class": "flood"}}, {"type": "Feature", "geometry": {"type": "Polygon", "coordinates": [[[86.69200000000001, 26.404], [86.69200000000001, 26.401999999999997], [86.694, 26.401999999999997], [86.694, 26.404], [86.69200000000001, 26.404]]]}, "properties": {"class": "flood"}}, {"type": "Feature", "geometry": {"type": "Polygon", "coordinates": [[[86.894, 26.404], [86.894, 26.401999999999997], [86.896, 26.401999999999997], [86.896, 26.404], [86.894, 26.404]]]}, "properties": {"class": "flood"}}, {"type": "Feature", "geometry": {"type": "Polygon", "coordinates": [[[87.08, 26.404], [87.08, 26.401999999999997], [87.08200000000001, 26.401999999999997], [87.08200000000001, 26.404], [87.08, 26.404]]]}, "properties": {"class": "flood"}}, {"type": "Feature", "geometry": {"type": "Polygon", "coordinates": [[[87.17, 26.404], [87.17, 26.401999999999997], [87.172, 26.401999999999997], [87.172, 26.404], [87.17, 26.404]]]}, "properties": {"class": "flood"}}, {"type": "Feature", "geometry": {"type": "Polygon", "coordinates": [[[87.214, 26.404], [87.214, 26.401999999999997], [87.21600000000001, 26.401999999999997], [87.21600000000001, 26.404], [87.214, 26.404]]]}, "properties": {"class": "flood"}}, {"type": "Feature", "geometry": {"type": "Polygon", "coordinates": [[[87.226, 26.404], [87.226, 26.401999999999997], [87.22800000000001, 26.401999999999997], [87.22800000000001, 26.404], [87.226, 26.404]]]}, "properties": {"class": "flood"}}, {"type": "Feature", "geometry": {"type": "Polygon", "coordinates": [[[87.028, 26.406], [87.028, 26.4], [87.032, 26.4], [87.032, 26.406], [87.028, 26.406]]]}, "properties": {"class": "flood"}}, {"type": "Feature", "geometry": {"type": "Polygon", "coordinates": [[[87.416, 26.426], [87.418, 26.419999999999998], [87.41, 26.418], [87.41, 26.413999999999998], [87.418, 26.407999999999998], [87.416, 26.4], [87.424, 26.4], [87.428, 26.41], [87.422, 26.407999999999998], [87.422, 26.412], [87.428, 26.412], [87.428, 26.418], [87.42, 26.418], [87.422, 26.424], [87.416, 26.426]]]}, "properties": {"class": "flood"}}, {"type": "Feature", "geometry": {"type": "Polygon", "coordinates": [[[87.376, 26.404], [87.376, 26.4], [87.378, 26.4], [87.378, 26.404], [87.376, 26.404]]]}, "properties": {"class": "flood"}}, {"type": "Feature", "geometry": {"type": "Polygon", "coordinates": [[[86.172, 26.401999999999997], [86.172, 26.4], [86.174, 26.4], [86.174, 26.401999999999997], [86.172, 26.401999999999997]]]}, "properties": {"class": "flood"}}, {"type": "Feature", "geometry": {"type": "Polygon", "coordinates": [[[86.352, 26.401999999999997], [86.352, 26.4], [86.354, 26.4], [86.354, 26.401999999999997], [86.352, 26.401999999999997]]]}, "properties": {"class": "flood"}}, {"type": "Feature", "geometry": {"type": "Polygon", "coordinates": [[[86.70400000000001, 26.401999999999997], [86.70400000000001, 26.4], [86.706, 26.4], [86.706, 26.401999999999997], [86.70400000000001, 26.401999999999997]]]}, "properties": {"class": "flood"}}, {"type": "Feature", "geometry": {"type": "Polygon", "coordinates": [[[86.88, 26.401999999999997], [86.88, 26.4], [86.882, 26.4], [86.882, 26.401999999999997], [86.88, 26.401999999999997]]]}, "properties": {"class": "flood"}}, {"type": "Feature", "geometry": {"type": "Polygon", "coordinates": [[[87.21600000000001, 26.401999999999997], [87.21600000000001, 26.4], [87.218, 26.4], [87.218, 26.401999999999997], [87.21600000000001, 26.401999999999997]]]}, "properties": {"class": "flood"}}, {"type": "Feature", "geometry": {"type": "Polygon", "coordinates": [[[87.23, 26.401999999999997], [87.23, 26.4], [87.23400000000001, 26.4], [87.23400000000001, 26.401999999999997], [87.23, 26.401999999999997]]]}, "properties": {"class": "flood"}}, {"type": "Feature", "geometry": {"type": "Polygon", "coordinates": [[[86.85000000000001, 26.404], [86.85000000000001, 26.398], [86.854, 26.398], [86.852, 26.404], [86.85000000000001, 26.404]]]}, "properties": {"class": "flood"}}, {"type": "Feature", "geometry": {"type": "Polygon", "coordinates": [[[86.95400000000001, 26.401999999999997], [86.95400000000001, 26.398], [86.956, 26.398], [86.956, 26.401999999999997], [86.95400000000001, 26.401999999999997]]]}, "properties": {"class": "flood"}}, {"type": "Feature", "geometry": {"type": "Polygon", "coordinates": [[[86.11, 26.4], [86.11, 26.398], [86.114, 26.398], [86.114, 26.4], [86.11, 26.4]]]}, "properties": {"class": "flood"}}, {"type": "Feature", "geometry": {"type": "Polygon", "coordinates": [[[86.178, 26.4], [86.178, 26.398], [86.18, 26.398], [86.18, 26.4], [86.178, 26.4]]]}, "properties": {"class": "flood"}}, {"type": "Feature", "geometry": {"type": "Polygon", "coordinates": [[[86.308, 26.4], [86.308, 26.398], [86.312, 26.398], [86.312, 26.4], [86.308, 26.4]]]}, "properties": {"class": "flood"}}, {"type": "Feature", "geometry": {"type": "Polygon", "coordinates": [[[86.622, 26.4], [86.622, 26.398], [86.624, 26.398], [86.624, 26.4], [86.622, 26.4]]]}, "properties": {"class": "flood"}}, {"type": "Feature", "geometry": {"type": "Polygon", "coordinates": [[[86.986, 26.4], [86.986, 26.398], [86.988, 26.398], [86.988, 26.4], [86.986, 26.4]]]}, "properties": {"class": "flood"}}, {"type": "Feature", "geometry": {"type": "Polygon", "coordinates": [[[86.184, 26.401999999999997], [86.184, 26.395999999999997], [86.186, 26.395999999999997], [86.186, 26.401999999999997], [86.184, 26.401999999999997]]]}, "properties": {"class": "flood"}}, {"type": "Feature", "geometry": {"type": "Polygon", "coordinates": [[[87.11, 26.4], [87.11, 26.395999999999997], [87.11200000000001, 26.395999999999997], [87.11200000000001, 26.4], [87.11, 26.4]]]}, "properties": {"class": "flood"}}, {"type": "Feature", "geometry": {"type": "Polygon", "coordinates": [[[86.174, 26.398], [86.174, 26.395999999999997], [86.176, 26.395999999999997], [86.176, 26.398], [86.174, 26.398]]]}, "properties": {"class": "flood"}}, {"type": "Feature", "geometry": {"type": "Polygon", "coordinates": [[[86.194, 26.398], [86.194, 26.395999999999997], [86.196, 26.395999999999997], [86.196, 26.398], [86.194, 26.398]]]}, "properties": {"class": "flood"}}, {"type": "Feature", "geometry": {"type": "Polygon", "coordinates": [[[86.224, 26.398], [86.224, 26.395999999999997], [86.226, 26.395999999999997], [86.226, 26.398], [86.224, 26.398]]]}, "properties": {"class": "flood"}}, {"type": "Feature", "geometry": {"type": "Polygon", "coordinates": [[[86.306, 26.398], [86.306, 26.395999999999997], [86.308, 26.395999999999997], [86.308, 26.398], [86.306, 26.398]]]}, "properties": {"class": "flood"}}, {"type": "Feature", "geometry": {"type": "Polygon", "coordinates": [[[86.782, 26.398], [86.782, 26.395999999999997], [86.786, 26.395999999999997], [86.786, 26.398], [86.782, 26.398]]]}, "properties": {"class": "flood"}}, {"type": "Feature", "geometry": {"type": "Polygon", "coordinates": [[[86.85600000000001, 26.4], [86.854, 26.395999999999997], [86.86200000000001, 26.398], [86.86200000000001, 26.4], [86.85600000000001, 26.4]]]}, "properties": {"class": "flood"}}, {"type": "Feature", "geometry": {"type": "Polygon", "coordinates": [[[86.884, 26.398], [86.884, 26.395999999999997], [86.886, 26.395999999999997], [86.886, 26.398], [86.884, 26.398]]]}, "properties": {"class": "flood"}}, {"type": "Feature", "geometry": {"type": "Polygon", "coordinates": [[[86.938, 26.398], [86.938, 26.395999999999997], [86.94, 26.395999999999997], [86.94, 26.398], [86.938, 26.398]]]}, "properties": {"class": "flood"}}, {"type": "Feature", "geometry": {"type": "Polygon", "coordinates": [[[87.416, 26.398], [87.416, 26.395999999999997], [87.418, 26.395999999999997], [87.418, 26.398], [87.416, 26.398]]]}, "properties": {"class": "flood"}}, {"type": "Feature", "geometry": {"type": "Polygon", "coordinates": [[[86.27, 26.406], [86.27, 26.394], [86.272, 26.394], [86.274, 26.404], [86.27, 26.406]]]}, "properties": {"class": "flood"}}, {"type": "Feature", "geometry": {"type": "Polygon", "coordinates": [[[86.254, 26.401999999999997], [86.254, 26.394], [86.26, 26.395999999999997], [86.26, 26.4], [86.254, 26.401999999999997]]]}, "properties": {"class": "flood"}}, {"type": "Feature", "geometry": {"type": "Polygon", "coordinates": [[[86.62, 26.398], [86.62, 26.394], [86.622, 26.394], [86.622, 26.398], [86.62, 26.398]]]}, "properties": {"class": "flood"}}, {"type": "Feature", "geometry": {"type": "Polygon", "coordinates": [[[86.556, 26.395999999999997], [86.556, 26.394], [86.558, 26.394], [86.558, 26.395999999999997], [86.556, 26.395999999999997]]]}, "properties": {"class": "flood"}}, {"type": "Feature", "geometry": {"type": "Polygon", "coordinates": [[[86.74000000000001, 26.395999999999997], [86.74000000000001, 26.394], [86.742, 26.394], [86.742, 26.395999999999997], [86.74000000000001, 26.395999999999997]]]}, "properties": {"class": "flood"}}, {"type": "Feature", "geometry": {"type": "Polygon", "coordinates": [[[86.818, 26.395999999999997], [86.818, 26.394], [86.82000000000001, 26.394], [86.82000000000001, 26.395999999999997], [86.818, 26.395999999999997]]]}, "properties": {"class": "flood"}}, {"type": "Feature", "geometry": {"type": "Polygon", "coordinates": [[[87.17, 26.398], [87.168, 26.394], [87.174, 26.394], [87.174, 26.395999999999997], [87.17, 26.398]]]}, "properties": {"class": "flood"}}, {"type": "Feature", "geometry": {"type": "Polygon", "coordinates": [[[87.202, 26.395999999999997], [87.202, 26.394], [87.20400000000001, 26.394], [87.20400000000001, 26.395999999999997], [87.202, 26.395999999999997]]]}, "properties": {"class": "flood"}}, {"type": "Feature", "geometry": {"type": "Polygon", "coordinates": [[[87.208, 26.395999999999997], [87.208, 26.394], [87.21000000000001, 26.394], [87.21000000000001, 26.395999999999997], [87.208, 26.395999999999997]]]}, "properties": {"class": "flood"}}, {"type": "Feature", "geometry": {"type": "Polygon", "coordinates": [[[86.20400000000001, 26.406], [86.2, 26.4], [86.202, 26.392], [86.206, 26.392], [86.206, 26.395999999999997], [86.212, 26.398], [86.208, 26.406], [86.20400000000001, 26.406]]]}, "properties": {"class": "flood"}}, {"type": "Feature", "geometry": {"type": "Polygon", "coordinates": [[[86.95, 26.394], [86.95, 26.392], [86.952, 26.392], [86.952, 26.394], [86.95, 26.394]]]}, "properties": {"class": "flood"}}, {"type": "Feature", "geometry": {"type": "Polygon", "coordinates": [[[87.174, 26.394], [87.174, 26.392], [87.176, 26.392], [87.176, 26.394], [87.174, 26.394]]]}, "properties": {"class": "flood"}}, {"type": "Feature", "geometry": {"type": "Polygon", "coordinates": [[[86.24600000000001, 26.406], [86.24600000000001, 26.39], [86.248, 26.39], [86.248, 26.406], [86.24600000000001, 26.406]]]}, "properties": {"class": "flood"}}, {"type": "Feature", "geometry": {"type": "Polygon", "coordinates": [[[86.782, 26.407999999999998], [86.774, 26.398], [86.776, 26.39], [86.784, 26.401999999999997], [86.786, 26.398], [86.79, 26.398], [86.794, 26.406], [86.8, 26.401999999999997], [86.802, 26.404], [86.81400000000001, 26.401999999999997], [86.812, 26.406], [86.816, 26.406], [86.782, 26.407999999999998]]]}, "properties": {"class": "flood"}}, {"type": "Feature", "geometry": {"type": "Polygon", "coordinates": [[[87.184, 26.398], [87.184, 26.39], [87.186, 26.39], [87.186, 26.398], [87.184, 26.398]]]}, "properties": {"class": "flood"}}, {"type": "Feature", "geometry": {"type": "Polygon", "coordinates": [[[86.098, 26.416], [86.09400000000001, 26.412], [86.09400000000001, 26.392], [86.114, 26.392], [86.108, 26.4], [86.102, 26.395999999999997], [86.098, 26.401999999999997], [86.098, 26.406], [86.114, 26.406], [86.114, 26.41], [86.108, 26.41], [86.108, 26.413999999999998], [86.098, 26.416]]]}, "properties": {"class": "flood"}}, {"type": "Feature", "geometry": {"type": "Polygon", "coordinates": [[[86.9, 26.395999999999997], [86.9, 26.39], [86.902, 26.39], [86.904, 26.395999999999997], [86.9, 26.395999999999997]]]}, "properties": {"class": "flood"}}, {"type": "Feature", "geometry": {"type": "Polygon", "coordinates": [[[87.028, 26.395999999999997], [87.03, 26.39], [87.034, 26.39], [87.032, 26.395999999999997], [87.028, 26.395999999999997]]]}, "properties": {"class": "flood"}}, {"type": "Feature", "geometry": {"type": "Polygon", "coordinates": [[[87.458, 26.395999999999997], [87.458, 26.39], [87.46000000000001, 26.39], [87.46000000000001, 26.395999999999997], [87.458, 26.395999999999997]]]}, "properties": {"class": "flood"}}, {"type": "Feature", "geometry": {"type": "Polygon", "coordinates": [[[86.678, 26.394], [86.678, 26.39], [86.68, 26.39], [86.68, 26.394], [86.678, 26.394]]]}, "properties": {"class": "flood"}}, {"type": "Feature", "geometry": {"type": "Polygon", "coordinates": [[[86.726, 26.392], [86.726, 26.39], [86.73, 26.39], [86.73, 26.392], [86.726, 26.392]]]}, "properties": {"class": "flood"}}, {"type": "Feature", "geometry": {"type": "Polygon", "coordinates": [[[86.732, 26.392], [86.732, 26.39], [86.73400000000001, 26.39], [86.73400000000001, 26.392], [86.732, 26.392]]]}, "properties": {"class": "flood"}}, {"type": "Feature", "geometry": {"type": "Polygon", "coordinates": [[[86.81, 26.392], [86.81, 26.39], [86.812, 26.39], [86.812, 26.392], [86.81, 26.392]]]}, "properties": {"class": "flood"}}, {"type": "Feature", "geometry": {"type": "Polygon", "coordinates": [[[86.854, 26.392], [86.854, 26.39], [86.85600000000001, 26.39], [86.85600000000001, 26.392], [86.854, 26.392]]]}, "properties": {"class": "flood"}}, {"type": "Feature", "geometry": {"type": "Polygon", "coordinates": [[[86.282, 26.398], [86.28, 26.394], [86.286, 26.387999999999998], [86.29, 26.395999999999997], [86.284, 26.394], [86.282, 26.398]]]}, "properties": {"class": "flood"}}, {"type": "Feature", "geometry": {"type": "Polygon", "coordinates": [[[86.668, 26.416], [86.672, 26.407999999999998], [86.67, 26.406], [86.672, 26.387999999999998], [86.676, 26.392], [86.676, 26.401999999999997], [86.684, 26.401999999999997], [86.682, 26.406], [86.686, 26.406], [86.688, 26.41], [86.68, 26.41], [86.668, 26.416]]]}, "properties": {"class": "flood"}}, {"type": "Feature", "geometry": {"type": "Polygon", "coordinates": [[[87.054, 26.394], [87.054, 26.39], [87.058, 26.387999999999998], [87.058, 26.394], [87.054, 26.394]]]}, "properties": {"class": "flood"}}, {"type": "Feature", "geometry": {"type": "Polygon", "coordinates": [[[86.554, 26.392], [86.554, 26.387999999999998], [86.556, 26.387999999999998], [86.556, 26.392], [86.554, 26.392]]]}, "properties": {"class": "flood"}}, {"type": "Feature", "geometry": {"type": "Polygon", "coordinates": [[[86.914, 26.392], [86.914, 26.387999999999998], [86.918, 26.387999999999998], [86.918, 26.39], [86.914, 26.392]]]}, "properties": {"class": "flood"}}, {"type": "Feature", "geometry": {"type": "Polygon", "coordinates": [[[86.938, 26.392], [86.938, 26.387999999999998], [86.94, 26.387999999999998], [86.94, 26.392], [86.938, 26.392]]]}, "properties": {"class": "flood"}}, {"type": "Feature", "geometry": {"type": "Polygon", "coordinates": [[[86.28, 26.39], [86.28, 26.387999999999998], [86.282, 26.387999999999998], [86.282, 26.39], [86.28, 26.39]]]}, "properties": {"class": "flood"}}, {"type": "Feature", "geometry": {"type": "Polygon", "coordinates": [[[86.782, 26.39], [86.782, 26.387999999999998], [86.784, 26.387999999999998], [86.784, 26.39], [86.782, 26.39]]]}, "properties": {"class": "flood"}}, {"type": "Feature", "geometry": {"type": "Polygon", "coordinates": [[[87.034, 26.39], [87.034, 26.387999999999998], [87.036, 26.387999999999998], [87.036, 26.39], [87.034, 26.39]]]}, "properties": {"class": "flood"}}, {"type": "Feature", "geometry": {"type": "Polygon", "coordinates": [[[86.584, 26.394], [86.584, 26.387999999999998], [86.59400000000001, 26.387999999999998], [86.592, 26.392], [86.584, 26.394]]]}, "properties": {"class": "flood"}}, {"type": "Feature", "geometry": {"type": "Polygon", "coordinates": [[[87.208, 26.392], [87.208, 26.386], [87.212, 26.386], [87.212, 26.39], [87.208, 26.392]]]}, "properties": {"class": "flood"}}, {"type": "Feature", "geometry": {"type": "Polygon", "coordinates": [[[86.092, 26.392], [86.08800000000001, 26.39], [86.08800000000001, 26.386], [86.09400000000001, 26.387999999999998], [86.092, 26.392]]]}, "properties": {"class": "flood"}}, {"type": "Feature", "geometry": {"type": "Polygon", "coordinates": [[[86.202, 26.39], [86.202, 26.386], [86.20400000000001, 26.386], [86.20400000000001, 26.39], [86.202, 26.39]]]}, "properties": {"class": "flood"}}, {"type": "Feature", "geometry": {"type": "Polygon", "coordinates": [[[87.01, 26.39], [87.01, 26.386], [87.012, 26.386], [87.012, 26.39], [87.01, 26.39]]]}, "properties": {"class": "flood"}}, {"type": "Feature", "geometry": {"type": "Polygon", "coordinates": [[[86.09400000000001, 26.387999999999998], [86.09400000000001, 26.386], [86.096, 26.386], [86.096, 26.387999999999998], [86.09400000000001, 26.387999999999998]]]}, "properties": {"class": "flood"}}, {"type": "Feature", "geometry": {"type": "Polygon", "coordinates": [[[86.784, 26.387999999999998], [86.784, 26.386], [86.786, 26.386], [86.786, 26.387999999999998], [86.784, 26.387999999999998]]]}, "properties": {"class": "flood"}}, {"type": "Feature", "geometry": {"type": "Polygon", "coordinates": [[[87.456, 26.387999999999998], [87.456, 26.386], [87.458, 26.386], [87.458, 26.387999999999998], [87.456, 26.387999999999998]]]}, "properties": {"class": "flood"}}, {"type": "Feature", "geometry": {"type": "Polygon", "coordinates": [[[87.102, 26.439999999999998], [87.104, 26.432], [87.096, 26.433999999999997], [87.096, 26.422], [87.09, 26.424], [87.09, 26.418], [87.09400000000001, 26.416], [87.092, 26.407999999999998], [87.096, 26.404], [87.09400000000001, 26.394], [87.102, 26.392], [87.108, 26.384], [87.12, 26.384], [87.12, 26.392], [87.10600000000001, 26.392], [87.10600000000001, 26.404], [87.11, 26.404], [87.108, 26.41], [87.11200000000001, 26.41], [87.11, 26.419999999999998], [87.11800000000001, 26.422], [87.11800000000001, 26.43], [87.11, 26.433999999999997], [87.114, 26.43], [87.114, 26.426], [87.11, 26.426], [87.10600000000001, 26.439999999999998], [87.102, 26.439999999999998]], [[87.102, 26.43], [87.10600000000001, 26.427999999999997], [87.104, 26.419999999999998], [87.098, 26.422], [87.102, 26.43]], [[87.096, 26.422], [87.098, 26.422], [87.098, 26.419999999999998], [87.096, 26.419999999999998], [87.096, 26.422]], [[87.10000000000001, 26.416], [87.102, 26.416], [87.102, 26.413999999999998], [87.10000000000001, 26.413999999999998], [87.10000000000001, 26.416]], [[87.096, 26.407999999999998], [87.098, 26.407999999999998], [87.098, 26.406], [87.096, 26.406], [87.096, 26.407999999999998]], [[87.11200000000001, 26.387999999999998], [87.114, 26.387999999999998], [87.114, 26.386], [87.11200000000001, 26.386], [87.11200000000001, 26.387999999999998]]]}, "properties": {"class": "flood"}}, {"type": "Feature", "geometry": {"type": "Polygon", "coordinates": [[[86.264, 26.392], [86.264, 26.386], [86.274, 26.386], [86.274, 26.39], [86.264, 26.392]]]}, "properties": {"class": "flood"}}, {"type": "Feature", "geometry": {"type": "Polygon", "coordinates": [[[86.906, 26.39], [86.906, 26.384], [86.908, 26.384], [86.908, 26.39], [86.906, 26.39]]]}, "properties": {"class": "flood"}}, {"type": "Feature", "geometry": {"type": "Polygon", "coordinates": [[[86.2, 26.41], [86.188, 26.404], [86.188, 26.384], [86.196, 26.387999999999998], [86.19200000000001, 26.398], [86.19800000000001, 26.404], [86.202, 26.404], [86.2, 26.41]]]}, "properties": {"class": "flood"}}, {"type": "Feature", "geometry": {"type": "Polygon", "coordinates": [[[86.636, 26.387999999999998], [86.636, 26.384], [86.642, 26.384], [86.64, 26.387999999999998], [86.636, 26.387999999999998]]]}, "properties": {"class": "flood"}}, {"type": "Feature", "geometry": {"type": "Polygon", "coordinates": [[[87.022, 26.387999999999998], [87.022, 26.384], [87.024, 26.384], [87.024, 26.387999999999998], [87.022, 26.387999999999998]]]}, "properties": {"class": "flood"}}, {"type": "Feature", "geometry": {"type": "Polygon", "coordinates": [[[86.266, 26.386], [86.266, 26.384], [86.268, 26.384], [86.268, 26.386], [86.266, 26.386]]]}, "properties": {"class": "flood"}}, {"type": "Feature", "geometry": {"type": "Polygon", "coordinates": [[[86.492, 26.386], [86.492, 26.384], [86.494, 26.384], [86.494, 26.386], [86.492, 26.386]]]}, "properties": {"class": "flood"}}, {"type": "Feature", "geometry": {"type": "Polygon", "coordinates": [[[86.59400000000001, 26.386], [86.59400000000001, 26.384], [86.596, 26.384], [86.596, 26.386], [86.59400000000001, 26.386]]]}, "properties": {"class": "flood"}}, {"type": "Feature", "geometry": {"type": "Polygon", "coordinates": [[[86.85000000000001, 26.386], [86.85000000000001, 26.384], [86.852, 26.384], [86.852, 26.386], [86.85000000000001, 26.386]]]}, "properties": {"class": "flood"}}, {"type": "Feature", "geometry": {"type": "Polygon", "coordinates": [[[87.036, 26.386], [87.036, 26.384], [87.038, 26.384], [87.038, 26.386], [87.036, 26.386]]]}, "properties": {"class": "flood"}}, {"type": "Feature", "geometry": {"type": "Polygon", "coordinates": [[[87.048, 26.386], [87.048, 26.384], [87.05, 26.384], [87.05, 26.386], [87.048, 26.386]]]}, "properties": {"class": "flood"}}, {"type": "Feature", "geometry": {"type": "Polygon", "coordinates": [[[87.26, 26.386], [87.26, 26.384], [87.262, 26.384], [87.262, 26.386], [87.26, 26.386]]]}, "properties": {"class": "flood"}}, {"type": "Feature", "geometry": {"type": "Polygon", "coordinates": [[[86.872, 26.398], [86.87, 26.39], [86.874, 26.381999999999998], [86.878, 26.394], [86.874, 26.394], [86.872, 26.398]]]}, "properties": {"class": "flood"}}, {"type": "Feature", "geometry": {"type": "Polygon", "coordinates": [[[86.248, 26.39], [86.248, 26.381999999999998], [86.25, 26.381999999999998], [86.25, 26.39], [86.248, 26.39]]]}, "properties": {"class": "flood"}}, {"type": "Feature", "geometry": {"type": "Polygon", "coordinates": [[[86.66, 26.401999999999997], [86.66, 26.398], [86.646, 26.394], [86.648, 26.387999999999998], [86.658, 26.386], [86.658, 26.381999999999998], [86.66, 26.386], [86.666, 26.386], [86.662, 26.39], [86.664, 26.4], [86.66, 26.401999999999997]], [[86.658, 26.395999999999997], [86.66, 26.395999999999997], [86.66, 26.394], [86.658, 26.394], [86.658, 26.395999999999997]], [[86.654, 26.39], [86.656, 26.39], [86.656, 26.387999999999998], [86.654, 26.387999999999998], [86.654, 26.39]]]}, "properties": {"class": "flood"}}, {"type": "Feature", "geometry": {"type": "Polygon", "coordinates": [[[87.184, 26.387999999999998], [87.184, 26.384], [87.188, 26.381999999999998], [87.188, 26.386], [87.184, 26.387999999999998]]]}, "properties": {"class": "flood"}}, {"type": "Feature", "geometry": {"type": "Polygon", "coordinates": [[[86.668, 26.386], [86.668, 26.381999999999998], [86.67, 26.381999999999998], [86.67, 26.386], [86.668, 26.386]]]}, "properties": {"class": "flood"}}, {"type": "Feature", "geometry": {"type": "Polygon", "coordinates": [[[86.776, 26.386], [86.776, 26.381999999999998], [86.778, 26.381999999999998], [86.778, 26.386], [86.776, 26.386]]]}, "properties": {"class": "flood"}}, {"type": "Feature", "geometry": {"type": "Polygon", "coordinates": [[[87.074, 26.387999999999998], [87.072, 26.386], [87.072, 26.381999999999998], [87.078, 26.384], [87.074, 26.387999999999998]]]}, "properties": {"class": "flood"}}, {"type": "Feature", "geometry": {"type": "Polygon", "coordinates": [[[87.458, 26.386], [87.458, 26.381999999999998], [87.46000000000001, 26.381999999999998], [87.46000000000001, 26.386], [87.458, 26.386]]]}, "properties": {"class": "flood"}}, {"type": "Feature", "geometry": {"type": "Polygon", "coordinates": [[[86.312, 26.39], [86.31, 26.381999999999998], [86.316, 26.381999999999998], [86.318, 26.39], [86.312, 26.39]]]}, "properties": {"class": "flood"}}, {"type": "Feature", "geometry": {"type": "Polygon", "coordinates": [[[86.34, 26.384], [86.34, 26.381999999999998], [86.342, 26.381999999999998], [86.342, 26.384], [86.34, 26.384]]]}, "properties": {"class": "flood"}}, {"type": "Feature", "geometry": {"type": "Polygon", "coordinates": [[[86.584, 26.384], [86.584, 26.381999999999998], [86.586, 26.381999999999998], [86.586, 26.384], [86.584, 26.384]]]}, "properties": {"class": "flood"}}, {"type": "Feature", "geometry": {"type": "Polygon", "coordinates": [[[86.846, 26.39], [86.846, 26.387999999999998], [86.84, 26.381999999999998], [86.848, 26.381999999999998], [86.85000000000001, 26.387999999999998], [86.846, 26.39]]]}, "properties": {"class": "flood"}}, {"type": "Feature", "geometry": {"type": "Polygon", "coordinates": [[[87.054, 26.384], [87.054, 26.381999999999998], [87.056, 26.381999999999998], [87.056, 26.384], [87.054, 26.384]]]}, "properties": {"class": "flood"}}, {"type": "Feature", "geometry": {"type": "Polygon", "coordinates": [[[87.182, 26.384], [87.182, 26.381999999999998], [87.184, 26.381999999999998], [87.184, 26.384], [87.182, 26.384]]]}, "properties": {"class": "flood"}}, {"type": "Feature", "geometry": {"type": "Polygon", "coordinates": [[[86.788, 26.386], [86.788, 26.38], [86.79, 26.38], [86.79, 26.386], [86.788, 26.386]]]}, "properties": {"class": "flood"}}, {"type": "Feature", "geometry": {"type": "Polygon", "coordinates": [[[87.062, 26.412], [87.058, 26.404], [87.066, 26.4], [87.068, 26.386], [87.062, 26.387999999999998], [87.06, 26.38], [87.06400000000001, 26.384], [87.07000000000001, 26.384], [87.074, 26.395999999999997], [87.072, 26.41], [87.062, 26.412]]]}, "properties": {"class": "flood"}}, {"type": "Feature", "geometry": {"type": "Polygon", "coordinates": [[[87.418, 26.394], [87.416, 26.392], [87.414, 26.38], [87.418, 26.381999999999998], [87.418, 26.394]]]}, "properties": {"class": "flood"}}, {"type": "Feature", "geometry": {"type": "Polygon", "coordinates": [[[86.342, 26.381999999999998], [86.342, 26.38], [86.34400000000001, 26.38], [86.34400000000001, 26.381999999999998], [86.342, 26.381999999999998]]]}, "properties": {"class": "flood"}}, {"type": "Feature", "geometry": {"type": "Polygon", "coordinates": [[[86.586, 26.381999999999998], [86.586, 26.38], [86.58800000000001, 26.38], [86.58800000000001, 26.381999999999998], [86.586, 26.381999999999998]]]}, "properties": {"class": "flood"}}, {"type": "Feature", "geometry": {"type": "Polygon", "coordinates": [[[86.71600000000001, 26.381999999999998], [86.71600000000001, 26.38], [86.718, 26.38], [86.718, 26.381999999999998], [86.71600000000001, 26.381999999999998]]]}, "properties": {"class": "flood"}}, {"type": "Feature", "geometry": {"type": "Polygon", "coordinates": [[[86.852, 26.381999999999998], [86.852, 26.38], [86.854, 26.38], [86.854, 26.381999999999998], [86.852, 26.381999999999998]]]}, "properties": {"class": "flood"}}, {"type": "Feature", "geometry": {"type": "Polygon", "coordinates": [[[86.932, 26.381999999999998], [86.932, 26.38], [86.934, 26.38], [86.934, 26.381999999999998], [86.932, 26.381999999999998]]]}, "properties": {"class": "flood"}}, {"type": "Feature", "geometry": {"type": "Polygon", "coordinates": [[[86.998, 26.381999999999998], [86.998, 26.38], [87.0, 26.38], [87.0, 26.381999999999998], [86.998, 26.381999999999998]]]}, "properties": {"class": "flood"}}, {"type": "Feature", "geometry": {"type": "Polygon", "coordinates": [[[87.05, 26.384], [87.048, 26.38], [87.052, 26.38], [87.052, 26.384], [87.05, 26.384]]]}, "properties": {"class": "flood"}}, {"type": "Feature", "geometry": {"type": "Polygon", "coordinates": [[[86.938, 26.386], [86.938, 26.378], [86.94, 26.378], [86.94, 26.386], [86.938, 26.386]]]}, "properties": {"class": "flood"}}, {"type": "Feature", "geometry": {"type": "Polygon", "coordinates": [[[87.21000000000001, 26.384], [87.21000000000001, 26.378], [87.21600000000001, 26.378], [87.21600000000001, 26.38], [87.21000000000001, 26.384]]]}, "properties": {"class": "flood"}}, {"type": "Feature", "geometry": {"type": "Polygon", "coordinates": [[[86.25, 26.381999999999998], [86.25, 26.378], [86.254, 26.378], [86.254, 26.38], [86.25, 26.381999999999998]]]}, "properties": {"class": "flood"}}, {"type": "Feature", "geometry": {"type": "Polygon", "coordinates": [[[87.074, 26.381999999999998], [87.074, 26.38], [87.078, 26.378], [87.078, 26.381999999999998], [87.074, 26.381999999999998]]]}, "properties": {"class": "flood"}}, {"type": "Feature", "geometry": {"type": "Polygon", "coordinates": [[[87.456, 26.381999999999998], [87.456, 26.378], [87.458, 26.378], [87.458, 26.381999999999998], [87.456, 26.381999999999998]]]}, "properties": {"class": "flood"}}, {"type": "Feature", "geometry": {"type": "Polygon", "coordinates": [[[86.20400000000001, 26.38], [86.20400000000001, 26.378], [86.206, 26.378], [86.206, 26.38], [86.20400000000001, 26.38]]]}, "properties": {"class": "flood"}}, {"type": "Feature", "geometry": {"type": "Polygon", "coordinates": [[[86.58800000000001, 26.38], [86.58800000000001, 26.378], [86.59, 26.378], [86.59, 26.38], [86.58800000000001, 26.38]]]}, "properties": {"class": "flood"}}, {"type": "Feature", "geometry": {"type": "Polygon", "coordinates": [[[86.634, 26.38], [86.634, 26.378], [86.636, 26.378], [86.636, 26.38], [86.634, 26.38]]]}, "properties": {"class": "flood"}}, {"type": "Feature", "geometry": {"type": "Polygon", "coordinates": [[[86.658, 26.38], [86.658, 26.378], [86.666, 26.378], [86.666, 26.38], [86.658, 26.38]]]}, "properties": {"class": "flood"}}, {"type": "Feature", "geometry": {"type": "Polygon", "coordinates": [[[86.714, 26.38], [86.714, 26.378], [86.71600000000001, 26.378], [86.71600000000001, 26.38], [86.714, 26.38]]]}, "properties": {"class": "flood"}}, {"type": "Feature", "geometry": {"type": "Polygon", "coordinates": [[[86.786, 26.38], [86.786, 26.378], [86.788, 26.378], [86.788, 26.38], [86.786, 26.38]]]}, "properties": {"class": "flood"}}, {"type": "Feature", "geometry": {"type": "Polygon", "coordinates": [[[86.86800000000001, 26.381999999999998], [86.86800000000001, 26.38], [86.866, 26.378], [86.872, 26.38], [86.86800000000001, 26.381999999999998]]]}, "properties": {"class": "flood"}}, {"type": "Feature", "geometry": {"type": "Polygon", "coordinates": [[[87.186, 26.38], [87.186, 26.378], [87.188, 26.378], [87.188, 26.38], [87.186, 26.38]]]}, "properties": {"class": "flood"}}, {"type": "Feature", "geometry": {"type": "Polygon", "coordinates": [[[87.43, 26.384], [87.43, 26.381999999999998], [87.426, 26.378], [87.434, 26.38], [87.43, 26.384]]]}, "properties": {"class": "flood"}}, {"type": "Feature", "geometry": {"type": "Polygon", "coordinates": [[[86.06, 26.398], [86.06, 26.378], [86.068, 26.38], [86.068, 26.375999999999998], [86.072, 26.375999999999998], [86.068, 26.386], [86.074, 26.387999999999998], [86.074, 26.394], [86.07000000000001, 26.395999999999997], [86.068, 26.39], [86.06400000000001, 26.39], [86.066, 26.398], [86.06, 26.398]]]}, "properties": {"class": "flood"}}, {"type": "Feature", "geometry": {"type": "Polygon", "coordinates": [[[86.94800000000001, 26.384], [86.94800000000001, 26.375999999999998], [86.95, 26.375999999999998], [86.952, 26.381999999999998], [86.94800000000001, 26.384]]]}, "properties": {"class": "flood"}}, {"type": "Feature", "geometry": {"type": "Polygon", "coordinates": [[[86.086, 26.386], [86.08200000000001, 26.381999999999998], [86.08200000000001, 26.375999999999998], [86.096, 26.38], [86.08800000000001, 26.381999999999998], [86.086, 26.386]]]}, "properties": {"class": "flood"}}, {"type": "Feature", "geometry": {"type": "Polygon", "coordinates": [[[86.24000000000001, 26.38], [86.24000000000001, 26.375999999999998], [86.242, 26.375999999999998], [86.242, 26.38], [86.24000000000001, 26.38]]]}, "properties": {"class": "flood"}}, {"type": "Feature", "geometry": {"type": "Polygon", "coordinates": [[[86.56400000000001, 26.381999999999998], [86.562, 26.38], [86.562, 26.375999999999998], [86.566, 26.378], [86.56400000000001, 26.381999999999998]]]}, "properties": {"class": "flood"}}, {"type": "Feature", "geometry": {"type": "Polygon", "coordinates": [[[87.058, 26.38], [87.058, 26.375999999999998], [87.06, 26.375999999999998], [87.06, 26.38], [87.058, 26.38]]]}, "properties": {"class": "flood"}}, {"type": "Feature", "geometry": {"type": "Polygon", "coordinates": [[[86.654, 26.378], [86.654, 26.375999999999998], [86.658, 26.375999999999998], [86.658, 26.378], [86.654, 26.378]]]}, "properties": {"class": "flood"}}, {"type": "Feature", "geometry": {"type": "Polygon", "coordinates": [[[86.784, 26.378], [86.784, 26.375999999999998], [86.786, 26.375999999999998], [86.786, 26.378], [86.784, 26.378]]]}, "properties": {"class": "flood"}}, {"type": "Feature", "geometry": {"type": "Polygon", "coordinates": [[[87.232, 26.378], [87.232, 26.375999999999998], [87.236, 26.375999999999998], [87.236, 26.378], [87.232, 26.378]]]}, "properties": {"class": "flood"}}, {"type": "Feature", "geometry": {"type": "Polygon", "coordinates": [[[87.35000000000001, 26.378], [87.35000000000001, 26.375999999999998], [87.354, 26.375999999999998], [87.354, 26.378], [87.35000000000001, 26.378]]]}, "properties": {"class": "flood"}}, {"type": "Feature", "geometry": {"type": "Polygon", "coordinates": [[[87.458, 26.378], [87.458, 26.375999999999998], [87.462, 26.375999999999998], [87.462, 26.378], [87.458, 26.378]]]}, "properties": {"class": "flood"}}, {"type": "Feature", "geometry": {"type": "Polygon", "coordinates": [[[86.82600000000001, 26.378], [86.82600000000001, 26.374], [86.828, 26.374], [86.828, 26.378], [86.82600000000001, 26.378]]]}, "properties": {"class": "flood"}}, {"type": "Feature", "geometry": {"type": "Polygon", "coordinates": [[[86.936, 26.378], [86.936, 26.374], [86.938, 26.374], [86.938, 26.378], [86.936, 26.378]]]}, "properties": {"class": "flood"}}, {"type": "Feature", "geometry": {"type": "Polygon", "coordinates": [[[87.046, 26.378], [87.046, 26.374], [87.048, 26.374], [87.048, 26.378], [87.046, 26.378]]]}, "properties": {"class": "flood"}}, {"type": "Feature", "geometry": {"type": "Polygon", "coordinates": [[[87.078, 26.378], [87.078, 26.374], [87.08, 26.374], [87.08, 26.378], [87.078, 26.378]]]}, "properties": {"class": "flood"}}, {"type": "Feature", "geometry": {"type": "Polygon", "coordinates": [[[86.256, 26.375999999999998], [86.256, 26.374], [86.258, 26.374], [86.258, 26.375999999999998], [86.256, 26.375999999999998]]]}, "properties": {"class": "flood"}}, {"type": "Feature", "geometry": {"type": "Polygon", "coordinates": [[[86.286, 26.375999999999998], [86.286, 26.374], [86.29, 26.374], [86.29, 26.375999999999998], [86.286, 26.375999999999998]]]}, "properties": {"class": "flood"}}, {"type": "Feature", "geometry": {"type": "Polygon", "coordinates": [[[87.052, 26.375999999999998], [87.052, 26.374], [87.054, 26.374], [87.054, 26.375999999999998], [87.052, 26.375999999999998]]]}, "properties": {"class": "flood"}}, {"type": "Feature", "geometry": {"type": "Polygon", "coordinates": [[[87.236, 26.375999999999998], [87.236, 26.374], [87.238, 26.374], [87.238, 26.375999999999998], [87.236, 26.375999999999998]]]}, "properties": {"class": "flood"}}, {"type": "Feature", "geometry": {"type": "Polygon", "coordinates": [[[87.462, 26.375999999999998], [87.462, 26.374], [87.464, 26.374], [87.464, 26.375999999999998], [87.462, 26.375999999999998]]]}, "properties": {"class": "flood"}}, {"type": "Feature", "geometry": {"type": "Polygon", "coordinates": [[[86.06, 26.375999999999998], [86.06, 26.372], [86.062, 26.372], [86.062, 26.375999999999998], [86.06, 26.375999999999998]]]}, "properties": {"class": "flood"}}, {"type": "Feature", "geometry": {"type": "Polygon", "coordinates": [[[86.086, 26.375999999999998], [86.086, 26.372], [86.08800000000001, 26.372], [86.08800000000001, 26.375999999999998], [86.086, 26.375999999999998]]]}, "properties": {"class": "flood"}}, {"type": "Feature", "geometry": {"type": "Polygon", "coordinates": [[[86.12, 26.374], [86.12, 26.372], [86.122, 26.372], [86.122, 26.374], [86.12, 26.374]]]}, "properties": {"class": "flood"}}, {"type": "Feature", "geometry": {"type": "Polygon", "coordinates": [[[86.258, 26.374], [86.258, 26.372], [86.26, 26.372], [86.26, 26.374], [86.258, 26.374]]]}, "properties": {"class": "flood"}}, {"type": "Feature", "geometry": {"type": "Polygon", "coordinates": [[[87.274, 26.38], [87.274, 26.372], [87.278, 26.369999999999997], [87.278, 26.378], [87.274, 26.38]]]}, "properties": {"class": "flood"}}, {"type": "Feature", "geometry": {"type": "Polygon", "coordinates": [[[86.828, 26.392], [86.81400000000001, 26.378], [86.81400000000001, 26.369999999999997], [86.822, 26.375999999999998], [86.822, 26.38], [86.82600000000001, 26.38], [86.83200000000001, 26.386], [86.83200000000001, 26.392], [86.828, 26.392]]]}, "properties": {"class": "flood"}}, {"type": "Feature", "geometry": {"type": "Polygon", "coordinates": [[[87.184, 26.378], [87.184, 26.374], [87.19200000000001, 26.369999999999997], [87.186, 26.378], [87.184, 26.378]]]}, "properties": {"class": "flood"}}, {"type": "Feature", "geometry": {"type": "Polygon", "coordinates": [[[87.058, 26.374], [87.058, 26.369999999999997], [87.062, 26.369999999999997], [87.062, 26.372], [87.058, 26.374]]]}, "properties": {"class": "flood"}}, {"type": "Feature", "geometry": {"type": "Polygon", "coordinates": [[[87.254, 26.381999999999998], [87.254, 26.375999999999998], [87.248, 26.372], [87.258, 26.369999999999997], [87.258, 26.374], [87.264, 26.378], [87.254, 26.381999999999998]], [[87.256, 26.375999999999998], [87.258, 26.375999999999998], [87.258, 26.374], [87.256, 26.374], [87.256, 26.375999999999998]], [[87.254, 26.374], [87.256, 26.374], [87.256, 26.372], [87.254, 26.372], [87.254, 26.374]]]}, "properties": {"class": "flood"}}, {"type": "Feature", "geometry": {"type": "Polygon", "coordinates": [[[86.56400000000001, 26.372], [86.56400000000001, 26.369999999999997], [86.566, 26.369999999999997], [86.566, 26.372], [86.56400000000001, 26.372]]]}, "properties": {"class": "flood"}}, {"type": "Feature", "geometry": {"type": "Polygon", "coordinates": [[[86.63, 26.372], [86.63, 26.369999999999997], [86.632, 26.369999999999997], [86.632, 26.372], [86.63, 26.372]]]}, "properties": {"class": "flood"}}, {"type": "Feature", "geometry": {"type": "Polygon", "coordinates": [[[87.11200000000001, 26.372], [87.11200000000001, 26.369999999999997], [87.114, 26.369999999999997], [87.114, 26.372], [87.11200000000001, 26.372]]]}, "properties": {"class": "flood"}}, {"type": "Feature", "geometry": {"type": "Polygon", "coordinates": [[[87.12, 26.375999999999998], [87.11800000000001, 26.369999999999997], [87.124, 26.368], [87.124, 26.372], [87.12, 26.375999999999998]]]}, "properties": {"class": "flood"}}, {"type": "Feature", "geometry": {"type": "Polygon", "coordinates": [[[86.772, 26.381999999999998], [86.772, 26.378], [86.768, 26.375999999999998], [86.762, 26.378], [86.764, 26.368], [86.768, 26.368], [86.776, 26.378], [86.776, 26.381999999999998], [86.772, 26.381999999999998]]]}, "properties": {"class": "flood"}}, {"type": "Feature", "geometry": {"type": "Polygon", "coordinates": [[[86.912, 26.386], [86.91, 26.381999999999998], [86.908, 26.368], [86.912, 26.368], [86.918, 26.378], [86.916, 26.386], [86.912, 26.386]]]}, "properties": {"class": "flood"}}, {"type": "Feature", "geometry": {"type": "Polygon", "coordinates": [[[86.936, 26.372], [86.936, 26.368], [86.938, 26.368], [86.938, 26.372], [86.936, 26.372]]]}, "properties": {"class": "flood"}}, {"type": "Feature", "geometry": {"type": "Polygon", "coordinates": [[[86.95, 26.372], [86.95, 26.368], [86.95400000000001, 26.368], [86.95400000000001, 26.369999999999997], [86.95, 26.372]]]}, "properties": {"class": "flood"}}, {"type": "Feature", "geometry": {"type": "Polygon", "coordinates": [[[86.562, 26.369999999999997], [86.562, 26.368], [86.56400000000001, 26.368], [86.56400000000001, 26.369999999999997], [86.562, 26.369999999999997]]]}, "properties": {"class": "flood"}}, {"type": "Feature", "geometry": {"type": "Polygon", "coordinates": [[[86.708, 26.369999999999997], [86.708, 26.368], [86.71000000000001, 26.368], [86.71000000000001, 26.369999999999997], [86.708, 26.369999999999997]]]}, "properties": {"class": "flood"}}, {"type": "Feature", "geometry": {"type": "Polygon", "coordinates": [[[87.046, 26.369999999999997], [87.046, 26.368], [87.048, 26.368], [87.048, 26.369999999999997], [87.046, 26.369999999999997]]]}, "properties": {"class": "flood"}}, {"type": "Feature", "geometry": {"type": "Polygon", "coordinates": [[[87.36, 26.369999999999997], [87.36, 26.368], [87.36200000000001, 26.368], [87.36200000000001, 26.369999999999997], [87.36, 26.369999999999997]]]}, "properties": {"class": "flood"}}, {"type": "Feature", "geometry": {"type": "Polygon", "coordinates": [[[87.42, 26.369999999999997], [87.42, 26.368], [87.422, 26.368], [87.422, 26.369999999999997], [87.42, 26.369999999999997]]]}, "properties": {"class": "flood"}}, {"type": "Feature", "geometry": {"type": "Polygon", "coordinates": [[[86.224, 26.369999999999997], [86.224, 26.366], [86.226, 26.366], [86.226, 26.369999999999997], [86.224, 26.369999999999997]]]}, "properties": {"class": "flood"}}, {"type": "Feature", "geometry": {"type": "Polygon", "coordinates": [[[86.75, 26.369999999999997], [86.75, 26.366], [86.756, 26.366], [86.754, 26.369999999999997], [86.75, 26.369999999999997]]]}, "properties": {"class": "flood"}}, {"type": "Feature", "geometry": {"type": "Polygon", "coordinates": [[[86.882, 26.369999999999997], [86.882, 26.366], [86.884, 26.366], [86.884, 26.369999999999997], [86.882, 26.369999999999997]]]}, "properties": {"class": "flood"}}, {"type": "Feature", "geometry": {"type": "Polygon", "coordinates": [[[87.27, 26.369999999999997], [87.27, 26.366], [87.274, 26.368], [87.274, 26.369999999999997], [87.27, 26.369999999999997]]]}, "properties": {"class": "flood"}}, {"type": "Feature", "geometry": {"type": "Polygon", "coordinates": [[[86.834, 26.368], [86.834, 26.366], [86.836, 26.366], [86.836, 26.368], [86.834, 26.368]]]}, "properties": {"class": "flood"}}, {"type": "Feature", "geometry": {"type": "Polygon", "coordinates": [[[86.896, 26.368], [86.896, 26.366], [86.898, 26.366], [86.898, 26.368], [86.896, 26.368]]]}, "properties": {"class": "flood"}}, {"type": "Feature", "geometry": {"type": "Polygon", "coordinates": [[[86.906, 26.368], [86.906, 26.366], [86.908, 26.366], [86.908, 26.368], [86.906, 26.368]]]}, "properties": {"class": "flood"}}, {"type": "Feature", "geometry": {"type": "Polygon", "coordinates": [[[87.044, 26.368], [87.044, 26.366], [87.046, 26.366], [87.046, 26.368], [87.044, 26.368]]]}, "properties": {"class": "flood"}}, {"type": "Feature", "geometry": {"type": "Polygon", "coordinates": [[[87.244, 26.368], [87.244, 26.366], [87.248, 26.366], [87.248, 26.368], [87.244, 26.368]]]}, "properties": {"class": "flood"}}, {"type": "Feature", "geometry": {"type": "Polygon", "coordinates": [[[87.256, 26.368], [87.256, 26.366], [87.258, 26.366], [87.258, 26.368], [87.256, 26.368]]]}, "properties": {"class": "flood"}}, {"type": "Feature", "geometry": {"type": "Polygon", "coordinates": [[[86.15, 26.39], [86.15, 26.381999999999998], [86.146, 26.38], [86.144, 26.386], [86.136, 26.384], [86.14, 26.375999999999998], [86.14, 26.363999999999997], [86.16, 26.368], [86.16, 26.372], [86.146, 26.374], [86.148, 26.38], [86.152, 26.375999999999998], [86.156, 26.38], [86.154, 26.39], [86.15, 26.39]]]}, "properties": {"class": "flood"}}, {"type": "Feature", "geometry": {"type": "Polygon", "coordinates": [[[86.182, 26.386], [86.182, 26.381999999999998], [86.176, 26.381999999999998], [86.174, 26.369999999999997], [86.17, 26.369999999999997], [86.176, 26.363999999999997], [86.2, 26.375999999999998], [86.2, 26.381999999999998], [86.194, 26.381999999999998], [86.19200000000001, 26.375999999999998], [86.186, 26.378], [86.188, 26.384], [86.182, 26.386]], [[86.182, 26.381999999999998], [86.184, 26.381999999999998], [86.184, 26.378], [86.182, 26.378], [86.182, 26.381999999999998]]]}, "properties": {"class": "flood"}}, {"type": "Feature", "geometry": {"type": "Polygon", "coordinates": [[[86.07600000000001, 26.368], [86.07600000000001, 26.363999999999997], [86.078, 26.363999999999997], [86.08, 26.368], [86.07600000000001, 26.368]]]}, "properties": {"class": "flood"}}, {"type": "Feature", "geometry": {"type": "Polygon", "coordinates": [[[86.26, 26.368], [86.26, 26.363999999999997], [86.262, 26.363999999999997], [86.262, 26.368], [86.26, 26.368]]]}, "properties": {"class": "flood"}}, {"type": "Feature", "geometry": {"type": "Polygon", "coordinates": [[[86.702, 26.368], [86.702, 26.363999999999997], [86.708, 26.366], [86.708, 26.368], [86.702, 26.368]]]}, "properties": {"class": "flood"}}, {"type": "Feature", "geometry": {"type": "Polygon", "coordinates": [[[86.212, 26.366], [86.212, 26.363999999999997], [86.214, 26.363999999999997], [86.214, 26.366], [86.212, 26.366]]]}, "properties": {"class": "flood"}}, {"type": "Feature", "geometry": {"type": "Polygon", "coordinates": [[[86.674, 26.366], [86.674, 26.363999999999997], [86.676, 26.363999999999997], [86.676, 26.366], [86.674, 26.366]]]}, "properties": {"class": "flood"}}, {"type": "Feature", "geometry": {"type": "Polygon", "coordinates": [[[86.83800000000001, 26.38], [86.83800000000001, 26.368], [86.846, 26.372], [86.848, 26.368], [86.842, 26.363999999999997], [86.848, 26.363999999999997], [86.852, 26.368], [86.848, 26.372], [86.85000000000001, 26.378], [86.84400000000001, 26.375999999999998], [86.83800000000001, 26.38]]]}, "properties": {"class": "flood"}}, {"type": "Feature", "geometry": {"type": "Polygon", "coordinates": [[[87.248, 26.366], [87.248, 26.363999999999997], [87.254, 26.363999999999997], [87.254, 26.366], [87.248, 26.366]]]}, "properties": {"class": "flood"}}, {"type": "Feature", "geometry": {"type": "Polygon", "coordinates": [[[87.258, 26.366], [87.258, 26.363999999999997], [87.26, 26.363999999999997], [87.26, 26.366], [87.258, 26.366]]]}, "properties": {"class": "flood"}}, {"type": "Feature", "geometry": {"type": "Polygon", "coordinates": [[[87.406, 26.366], [87.406, 26.363999999999997], [87.408, 26.363999999999997], [87.408, 26.366], [87.406, 26.366]]]}, "properties": {"class": "flood"}}, {"type": "Feature", "geometry": {"type": "Polygon", "coordinates": [[[86.782, 26.372], [86.776, 26.369999999999997], [86.778, 26.362], [86.782, 26.363999999999997], [86.78, 26.368], [86.786, 26.368], [86.782, 26.372]]]}, "properties": {"class": "flood"}}, {"type": "Feature", "geometry": {"type": "Polygon", "coordinates": [[[87.374, 26.366], [87.374, 26.362], [87.376, 26.362], [87.376, 26.366], [87.374, 26.366]]]}, "properties": {"class": "flood"}}, {"type": "Feature", "geometry": {"type": "Polygon", "coordinates": [[[86.09, 26.363999999999997], [86.09, 26.362], [86.092, 26.362], [86.092, 26.363999999999997], [86.09, 26.363999999999997]]]}, "properties": {"class": "flood"}}, {"type": "Feature", "geometry": {"type": "Polygon", "coordinates": [[[86.652, 26.363999999999997], [86.652, 26.362], [86.654, 26.362], [86.654, 26.363999999999997], [86.652, 26.363999999999997]]]}, "properties": {"class": "flood"}}, {"type": "Feature", "geometry": {"type": "Polygon", "coordinates": [[[86.69800000000001, 26.363999999999997], [86.69800000000001, 26.362], [86.7, 26.362], [86.7, 26.363999999999997], [86.69800000000001, 26.363999999999997]]]}, "properties": {"class": "flood"}}, {"type": "Feature", "geometry": {"type": "Polygon", "coordinates": [[[86.774, 26.363999999999997], [86.774, 26.362], [86.776, 26.362], [86.776, 26.363999999999997], [86.774, 26.363999999999997]]]}, "properties": {"class": "flood"}}, {"type": "Feature", "geometry": {"type": "Polygon", "coordinates": [[[86.84, 26.363999999999997], [86.84, 26.362], [86.842, 26.362], [86.842, 26.363999999999997], [86.84, 26.363999999999997]]]}, "properties": {"class": "flood"}}, {"type": "Feature", "geometry": {"type": "Polygon", "coordinates": [[[87.38, 26.363999999999997], [87.38, 26.362], [87.382, 26.362], [87.382, 26.363999999999997], [87.38, 26.363999999999997]]]}, "properties": {"class": "flood"}}, {"type": "Feature", "geometry": {"type": "Polygon", "coordinates": [[[87.408, 26.363999999999997], [87.408, 26.362], [87.41, 26.362], [87.41, 26.363999999999997], [87.408, 26.363999999999997]]]}, "properties": {"class": "flood"}}, {"type": "Feature", "geometry": {"type": "Polygon", "coordinates": [[[87.35000000000001, 26.374], [87.35000000000001, 26.363999999999997], [87.358, 26.36], [87.358, 26.369999999999997], [87.35000000000001, 26.374]]]}, "properties": {"class": "flood"}}, {"type": "Feature", "geometry": {"type": "Polygon", "coordinates": [[[87.116, 26.368], [87.11800000000001, 26.36], [87.124, 26.36], [87.12, 26.362], [87.12, 26.368], [87.116, 26.368]]]}, "properties": {"class": "flood"}}, {"type": "Feature", "geometry": {"type": "Polygon", "coordinates": [[[86.88, 26.366], [86.88, 26.36], [86.882, 26.36], [86.882, 26.366], [86.88, 26.366]]]}, "properties": {"class": "flood"}}, {"type": "Feature", "geometry": {"type": "Polygon", "coordinates": [[[87.19200000000001, 26.369999999999997], [87.19200000000001, 26.366], [87.188, 26.363999999999997], [87.19200000000001, 26.363999999999997], [87.19200000000001, 26.36], [87.202, 26.36], [87.19200000000001, 26.369999999999997]]]}, "properties": {"class": "flood"}}, {"type": "Feature", "geometry": {"type": "Polygon", "coordinates": [[[87.054, 26.363999999999997], [87.054, 26.36], [87.056, 26.36], [87.056, 26.363999999999997], [87.054, 26.363999999999997]]]}, "properties": {"class": "flood"}}, {"type": "Feature", "geometry": {"type": "Polygon", "coordinates": [[[87.062, 26.363999999999997], [87.062, 26.36], [87.068, 26.362], [87.068, 26.363999999999997], [87.062, 26.363999999999997]]]}, "properties": {"class": "flood"}}, {"type": "Feature", "geometry": {"type": "Polygon", "coordinates": [[[86.174, 26.362], [86.174, 26.36], [86.178, 26.36], [86.178, 26.362], [86.174, 26.362]]]}, "properties": {"class": "flood"}}, {"type": "Feature", "geometry": {"type": "Polygon", "coordinates": [[[86.69200000000001, 26.362], [86.69200000000001, 26.36], [86.696, 26.36], [86.696, 26.362], [86.69200000000001, 26.362]]]}, "properties": {"class": "flood"}}, {"type": "Feature", "geometry": {"type": "Polygon", "coordinates": [[[86.822, 26.362], [86.822, 26.36], [86.82600000000001, 26.36], [86.82600000000001, 26.362], [86.822, 26.362]]]}, "properties": {"class": "flood"}}, {"type": "Feature", "geometry": {"type": "Polygon", "coordinates": [[[87.438, 26.362], [87.438, 26.36], [87.44, 26.36], [87.44, 26.362], [87.438, 26.362]]]}, "properties": {"class": "flood"}}, {"type": "Feature", "geometry": {"type": "Polygon", "coordinates": [[[87.46600000000001, 26.375999999999998], [87.462, 26.363999999999997], [87.46600000000001, 26.363999999999997], [87.46600000000001, 26.358], [87.47, 26.358], [87.47, 26.374], [87.46600000000001, 26.375999999999998]], [[87.464, 26.368], [87.468, 26.368], [87.468, 26.366], [87.464, 26.366], [87.464, 26.368]]]}, "properties": {"class": "flood"}}, {"type": "Feature", "geometry": {"type": "Polygon", "coordinates": [[[86.226, 26.375999999999998], [86.23, 26.363999999999997], [86.224, 26.362], [86.22800000000001, 26.362], [86.22800000000001, 26.358], [86.232, 26.362], [86.244, 26.362], [86.24600000000001, 26.368], [86.238, 26.363999999999997], [86.226, 26.375999999999998]]]}, "properties": {"class": "flood"}}, {"type": "Feature", "geometry": {"type": "Polygon", "coordinates": [[[86.622, 26.363999999999997], [86.622, 26.358], [86.624, 26.358], [86.624, 26.363999999999997], [86.622, 26.363999999999997]]]}, "properties": {"class": "flood"}}, {"type": "Feature", "geometry": {"type": "Polygon", "coordinates": [[[86.262, 26.362], [86.262, 26.358], [86.264, 26.358], [86.264, 26.362], [86.262, 26.362]]]}, "properties": {"class": "flood"}}, {"type": "Feature", "geometry": {"type": "Polygon", "coordinates": [[[87.258, 26.362], [87.258, 26.358], [87.26, 26.358], [87.26, 26.362], [87.258, 26.362]]]}, "properties": {"class": "flood"}}, {"type": "Feature", "geometry": {"type": "Polygon", "coordinates": [[[86.172, 26.36], [86.172, 26.358], [86.174, 26.358], [86.174, 26.36], [86.172, 26.36]]]}, "properties": {"class": "flood"}}, {"type": "Feature", "geometry": {"type": "Polygon", "coordinates": [[[86.208, 26.363999999999997], [86.206, 26.358], [86.212, 26.358], [86.212, 26.363999999999997], [86.208, 26.363999999999997]]]}, "properties": {"class": "flood"}}, {"type": "Feature", "geometry": {"type": "Polygon", "coordinates": [[[86.524, 26.36], [86.524, 26.358], [86.526, 26.358], [86.526, 26.36], [86.524, 26.36]]]}, "properties": {"class": "flood"}}, {"type": "Feature", "geometry": {"type": "Polygon", "coordinates": [[[86.546, 26.362], [86.546, 26.36], [86.544, 26.358], [86.548, 26.358], [86.546, 26.362]]]}, "properties": {"class": "flood"}}, {"type": "Feature", "geometry": {"type": "Polygon", "coordinates": [[[86.648, 26.36], [86.648, 26.358], [86.65, 26.358], [86.65, 26.36], [86.648, 26.36]]]}, "properties": {"class": "flood"}}, {"type": "Feature", "geometry": {"type": "Polygon", "coordinates": [[[86.66, 26.362], [86.658, 26.358], [86.666, 26.36], [86.666, 26.362], [86.66, 26.362]]]}, "properties": {"class": "flood"}}, {"type": "Feature", "geometry": {"type": "Polygon", "coordinates": [[[86.744, 26.36], [86.744, 26.358], [86.74600000000001, 26.358], [86.74600000000001, 26.36], [86.744, 26.36]]]}, "properties": {"class": "flood"}}, {"type": "Feature", "geometry": {"type": "Polygon", "coordinates": [[[86.772, 26.362], [86.77, 26.358], [86.776, 26.358], [86.776, 26.36], [86.772, 26.362]]]}, "properties": {"class": "flood"}}, {"type": "Feature", "geometry": {"type": "Polygon", "coordinates": [[[86.86, 26.36], [86.86, 26.358], [86.86200000000001, 26.358], [86.86200000000001, 26.36], [86.86, 26.36]]]}, "properties": {"class": "flood"}}, {"type": "Feature", "geometry": {"type": "Polygon", "coordinates": [[[87.036, 26.36], [87.036, 26.358], [87.038, 26.358], [87.038, 26.36], [87.036, 26.36]]]}, "properties": {"class": "flood"}}, {"type": "Feature", "geometry": {"type": "Polygon", "coordinates": [[[87.202, 26.36], [87.202, 26.358], [87.20400000000001, 26.358], [87.20400000000001, 26.36], [87.202, 26.36]]]}, "properties": {"class": "flood"}}, {"type": "Feature", "geometry": {"type": "Polygon", "coordinates": [[[87.44, 26.36], [87.44, 26.358], [87.44200000000001, 26.358], [87.44200000000001, 26.36], [87.44, 26.36]]]}, "properties": {"class": "flood"}}, {"type": "Feature", "geometry": {"type": "Polygon", "coordinates": [[[86.278, 26.368], [86.276, 26.363999999999997], [86.282, 26.355999999999998], [86.282, 26.366], [86.278, 26.368]]]}, "properties": {"class": "flood"}}, {"type": "Feature", "geometry": {"type": "Polygon", "coordinates": [[[87.24000000000001, 26.363999999999997], [87.242, 26.358], [87.248, 26.355999999999998], [87.248, 26.362], [87.24000000000001, 26.363999999999997]]]}, "properties": {"class": "flood"}}, {"type": "Feature", "geometry": {"type": "Polygon", "coordinates": [[[86.096, 26.363999999999997], [86.09400000000001, 26.358], [86.098, 26.355999999999998], [86.10000000000001, 26.36], [86.096, 26.363999999999997]]]}, "properties": {"class": "flood"}}, {"type": "Feature", "geometry": {"type": "Polygon", "coordinates": [[[86.264, 26.358], [86.264, 26.355999999999998], [86.266, 26.355999999999998], [86.266, 26.358], [86.264, 26.358]]]}, "properties": {"class": "flood"}}, {"type": "Feature", "geometry": {"type": "Polygon", "coordinates": [[[86.62, 26.358], [86.62, 26.355999999999998], [86.622, 26.355999999999998], [86.622, 26.358], [86.62, 26.358]]]}, "properties": {"class": "flood"}}, {"type": "Feature", "geometry": {"type": "Polygon", "coordinates": [[[86.758, 26.358], [86.758, 26.355999999999998], [86.76, 26.355999999999998], [86.76, 26.358], [86.758, 26.358]]]}, "properties": {"class": "flood"}}, {"type": "Feature", "geometry": {"type": "Polygon", "coordinates": [[[86.768, 26.358], [86.768, 26.355999999999998], [86.77, 26.355999999999998], [86.77, 26.358], [86.768, 26.358]]]}, "properties": {"class": "flood"}}, {"type": "Feature", "geometry": {"type": "Polygon", "coordinates": [[[87.09, 26.358], [87.09, 26.355999999999998], [87.092, 26.355999999999998], [87.092, 26.358], [87.09, 26.358]]]}, "properties": {"class": "flood"}}, {"type": "Feature", "geometry": {"type": "Polygon", "coordinates": [[[87.15, 26.358], [87.15, 26.355999999999998], [87.152, 26.355999999999998], [87.152, 26.358], [87.15, 26.358]]]}, "properties": {"class": "flood"}}, {"type": "Feature", "geometry": {"type": "Polygon", "coordinates": [[[87.06400000000001, 26.358], [87.06400000000001, 26.354], [87.066, 26.354], [87.066, 26.358], [87.06400000000001, 26.358]]]}, "properties": {"class": "flood"}}, {"type": "Feature", "geometry": {"type": "Polygon", "coordinates": [[[87.376, 26.358], [87.376, 26.354], [87.38, 26.354], [87.378, 26.358], [87.376, 26.358]]]}, "properties": {"class": "flood"}}, {"type": "Feature", "geometry": {"type": "Polygon", "coordinates": [[[86.098, 26.355999999999998], [86.098, 26.354], [86.10000000000001, 26.354], [86.10000000000001, 26.355999999999998], [86.098, 26.355999999999998]]]}, "properties": {"class": "flood"}}, {"type": "Feature", "geometry": {"type": "Polygon", "coordinates": [[[86.61800000000001, 26.355999999999998], [86.61800000000001, 26.354], [86.62, 26.354], [86.62, 26.355999999999998], [86.61800000000001, 26.355999999999998]]]}, "properties": {"class": "flood"}}, {"type": "Feature", "geometry": {"type": "Polygon", "coordinates": [[[86.86800000000001, 26.355999999999998], [86.86800000000001, 26.354], [86.87, 26.354], [86.87, 26.355999999999998], [86.86800000000001, 26.355999999999998]]]}, "properties": {"class": "flood"}}, {"type": "Feature", "geometry": {"type": "Polygon", "coordinates": [[[86.932, 26.355999999999998], [86.932, 26.354], [86.934, 26.354], [86.934, 26.355999999999998], [86.932, 26.355999999999998]]]}, "properties": {"class": "flood"}}, {"type": "Feature", "geometry": {"type": "Polygon", "coordinates": [[[87.07000000000001, 26.355999999999998], [87.07000000000001, 26.354], [87.072, 26.354], [87.072, 26.355999999999998], [87.07000000000001, 26.355999999999998]]]}, "properties": {"class": "flood"}}, {"type": "Feature", "geometry": {"type": "Polygon", "coordinates": [[[87.172, 26.355999999999998], [87.172, 26.354], [87.174, 26.354], [87.174, 26.355999999999998], [87.172, 26.355999999999998]]]}, "properties": {"class": "flood"}}, {"type": "Feature", "geometry": {"type": "Polygon", "coordinates": [[[87.458, 26.355999999999998], [87.458, 26.354], [87.46000000000001, 26.354], [87.46000000000001, 26.355999999999998], [87.458, 26.355999999999998]]]}, "properties": {"class": "flood"}}, {"type": "Feature", "geometry": {"type": "Polygon", "coordinates": [[[86.974, 26.386], [86.97200000000001, 26.366], [86.976, 26.368], [86.976, 26.358], [86.98, 26.352], [86.97800000000001, 26.386], [86.974, 26.386]]]}, "properties": {"class": "flood"}}, {"type": "Feature", "geometry": {"type": "Polygon", "coordinates": [[[87.24000000000001, 26.358], [87.24000000000001, 26.352], [87.242, 26.352], [87.242, 26.358], [87.24000000000001, 26.358]]]}, "properties": {"class": "flood"}}, {"type": "Feature", "geometry": {"type": "Polygon", "coordinates": [[[86.152, 26.355999999999998], [86.152, 26.352], [86.156, 26.352], [86.156, 26.355999999999998], [86.152, 26.355999999999998]]]}, "properties": {"class": "flood"}}, {"type": "Feature", "geometry": {"type": "Polygon", "coordinates": [[[87.462, 26.355999999999998], [87.462, 26.352], [87.464, 26.352], [87.464, 26.355999999999998], [87.462, 26.355999999999998]]]}, "properties": {"class": "flood"}}, {"type": "Feature", "geometry": {"type": "Polygon", "coordinates": [[[86.27, 26.354], [86.27, 26.352], [86.274, 26.352], [86.274, 26.354], [86.27, 26.354]]]}, "properties": {"class": "flood"}}, {"type": "Feature", "geometry": {"type": "Polygon", "coordinates": [[[86.602, 26.354], [86.602, 26.352], [86.604, 26.352], [86.604, 26.354], [86.602, 26.354]]]}, "properties": {"class": "flood"}}, {"type": "Feature", "geometry": {"type": "Polygon", "coordinates": [[[86.73, 26.354], [86.73, 26.352], [86.732, 26.352], [86.732, 26.354], [86.73, 26.354]]]}, "properties": {"class": "flood"}}, {"type": "Feature", "geometry": {"type": "Polygon", "coordinates": [[[86.78, 26.354], [86.78, 26.352], [86.782, 26.352], [86.782, 26.354], [86.78, 26.354]]]}, "properties": {"class": "flood"}}, {"type": "Feature", "geometry": {"type": "Polygon", "coordinates": [[[86.82000000000001, 26.354], [86.82000000000001, 26.352], [86.822, 26.352], [86.822, 26.354], [86.82000000000001, 26.354]]]}, "properties": {"class": "flood"}}, {"type": "Feature", "geometry": {"type": "Polygon", "coordinates": [[[86.83800000000001, 26.354], [86.83800000000001, 26.352], [86.84, 26.352], [86.84, 26.354], [86.83800000000001, 26.354]]]}, "properties": {"class": "flood"}}, {"type": "Feature", "geometry": {"type": "Polygon", "coordinates": [[[86.858, 26.354], [86.858, 26.352], [86.86, 26.352], [86.86, 26.354], [86.858, 26.354]]]}, "properties": {"class": "flood"}}, {"type": "Feature", "geometry": {"type": "Polygon", "coordinates": [[[87.048, 26.354], [87.048, 26.352], [87.05, 26.352], [87.05, 26.354], [87.048, 26.354]]]}, "properties": {"class": "flood"}}, {"type": "Feature", "geometry": {"type": "Polygon", "coordinates": [[[87.16, 26.354], [87.16, 26.352], [87.162, 26.352], [87.162, 26.354], [87.16, 26.354]]]}, "properties": {"class": "flood"}}, {"type": "Feature", "geometry": {"type": "Polygon", "coordinates": [[[87.188, 26.354], [87.188, 26.352], [87.19, 26.352], [87.19, 26.354], [87.188, 26.354]]]}, "properties": {"class": "flood"}}, {"type": "Feature", "geometry": {"type": "Polygon", "coordinates": [[[87.42, 26.355999999999998], [87.42, 26.354], [87.418, 26.352], [87.422, 26.352], [87.42, 26.355999999999998]]]}, "properties": {"class": "flood"}}, {"type": "Feature", "geometry": {"type": "Polygon", "coordinates": [[[87.46600000000001, 26.354], [87.46600000000001, 26.352], [87.468, 26.352], [87.468, 26.354], [87.46600000000001, 26.354]]]}, "properties": {"class": "flood"}}, {"type": "Feature", "geometry": {"type": "Polygon", "coordinates": [[[87.428, 26.358], [87.43, 26.349999999999998], [87.436, 26.352], [87.432, 26.354], [87.432, 26.358], [87.428, 26.358]]]}, "properties": {"class": "flood"}}, {"type": "Feature", "geometry": {"type": "Polygon", "coordinates": [[[86.086, 26.36], [86.08200000000001, 26.354], [86.08800000000001, 26.349999999999998], [86.09, 26.358], [86.086, 26.36]]]}, "properties": {"class": "flood"}}, {"type": "Feature", "geometry": {"type": "Polygon", "coordinates": [[[86.136, 26.363999999999997], [86.132, 26.355999999999998], [86.132, 26.349999999999998], [86.136, 26.352], [86.136, 26.36], [86.14, 26.362], [86.136, 26.363999999999997]]]}, "properties": {"class": "flood"}}, {"type": "Feature", "geometry": {"type": "Polygon", "coordinates": [[[86.762, 26.358], [86.762, 26.349999999999998], [86.766, 26.349999999999998], [86.766, 26.355999999999998], [86.762, 26.358]]]}, "properties": {"class": "flood"}}, {"type": "Feature", "geometry": {"type": "Polygon", "coordinates": [[[87.248, 26.355999999999998], [87.248, 26.349999999999998], [87.254, 26.349999999999998], [87.254, 26.354], [87.25, 26.352], [87.248, 26.355999999999998]]]}, "properties": {"class": "flood"}}, {"type": "Feature", "geometry": {"type": "Polygon", "coordinates": [[[86.614, 26.354], [86.614, 26.349999999999998], [86.616, 26.349999999999998], [86.616, 26.354], [86.614, 26.354]]]}, "properties": {"class": "flood"}}, {"type": "Feature", "geometry": {"type": "Polygon", "coordinates": [[[86.934, 26.354], [86.934, 26.349999999999998], [86.938, 26.349999999999998], [86.936, 26.354], [86.934, 26.354]]]}, "properties": {"class": "flood"}}, {"type": "Feature", "geometry": {"type": "Polygon", "coordinates": [[[86.95400000000001, 26.362], [86.95400000000001, 26.358], [86.94800000000001, 26.354], [86.94800000000001, 26.349999999999998], [86.956, 26.349999999999998], [86.95400000000001, 26.362]]]}, "properties": {"class": "flood"}}, {"type": "Feature", "geometry": {"type": "Polygon", "coordinates": [[[87.068, 26.352], [87.068, 26.349999999999998], [87.07000000000001, 26.349999999999998], [87.07000000000001, 26.352], [87.068, 26.352]]]}, "properties": {"class": "flood"}}, {"type": "Feature", "geometry": {"type": "Polygon", "coordinates": [[[87.22, 26.352], [87.22, 26.349999999999998], [87.22200000000001, 26.349999999999998], [87.22200000000001, 26.352], [87.22, 26.352]]]}, "properties": {"class": "flood"}}, {"type": "Feature", "geometry": {"type": "Polygon", "coordinates": [[[87.33, 26.352], [87.33, 26.349999999999998], [87.33200000000001, 26.349999999999998], [87.33200000000001, 26.352], [87.33, 26.352]]]}, "properties": {"class": "flood"}}, {"type": "Feature", "geometry": {"type": "Polygon", "coordinates": [[[87.412, 26.352], [87.412, 26.349999999999998], [87.414, 26.349999999999998], [87.414, 26.352], [87.412, 26.352]]]}, "properties": {"class": "flood"}}, {"type": "Feature", "geometry": {"type": "Polygon", "coordinates": [[[87.468, 26.352], [87.468, 26.349999999999998], [87.47, 26.349999999999998], [87.47, 26.352], [87.468, 26.352]]]}, "properties": {"class": "flood"}}, {"type": "Feature", "geometry": {"type": "Polygon", "coordinates": [[[87.366, 26.366], [87.36200000000001, 26.362], [87.364, 26.354], [87.37, 26.348], [87.376, 26.348], [87.372, 26.349999999999998], [87.37, 26.36], [87.366, 26.358], [87.366, 26.362], [87.37, 26.362], [87.366, 26.366]]]}, "properties": {"class": "flood"}}, {"type": "Feature", "geometry": {"type": "Polygon", "coordinates": [[[87.004, 26.363999999999997], [87.004, 26.348], [87.006, 26.348], [87.01, 26.363999999999997], [87.004, 26.363999999999997]]]}, "properties": {"class": "flood"}}, {"type": "Feature", "geometry": {"type": "Polygon", "coordinates": [[[86.06, 26.354], [86.06, 26.348], [86.062, 26.348], [86.06400000000001, 26.354], [86.06, 26.354]]]}, "properties": {"class": "flood"}}, {"type": "Feature", "geometry": {"type": "Polygon", "coordinates": [[[86.558, 26.375999999999998], [86.554, 26.369999999999997], [86.556, 26.363999999999997], [86.552, 26.36], [86.56400000000001, 26.355999999999998], [86.562, 26.349999999999998], [86.566, 26.349999999999998], [86.568, 26.354], [86.57000000000001, 26.348], [86.578, 26.348], [86.572, 26.349999999999998], [86.568, 26.358], [86.57600000000001, 26.363999999999997], [86.57600000000001, 26.368], [86.562, 26.36], [86.558, 26.363999999999997], [86.562, 26.375999999999998], [86.558, 26.375999999999998]], [[86.56, 26.36], [86.562, 26.36], [86.562, 26.358], [86.56, 26.358], [86.56, 26.36]]]}, "properties": {"class": "flood"}}, {"type": "Feature", "geometry": {"type": "Polygon", "coordinates": [[[86.098, 26.352], [86.098, 26.348], [86.10000000000001, 26.348], [86.102, 26.352], [86.098, 26.352]]]}, "properties": {"class": "flood"}}, {"type": "Feature", "geometry": {"type": "Polygon", "coordinates": [[[86.274, 26.352], [86.274, 26.348], [86.276, 26.348], [86.276, 26.352], [86.274, 26.352]]]}, "properties": {"class": "flood"}}, {"type": "Feature", "geometry": {"type": "Polygon", "coordinates": [[[86.682, 26.355999999999998], [86.678, 26.349999999999998], [86.684, 26.348], [86.684, 26.355999999999998], [86.682, 26.355999999999998]]]}, "properties": {"class": "flood"}}, {"type": "Feature", "geometry": {"type": "Polygon", "coordinates": [[[87.114, 26.352], [87.114, 26.348], [87.116, 26.348], [87.116, 26.352], [87.114, 26.352]]]}, "properties": {"class": "flood"}}, {"type": "Feature", "geometry": {"type": "Polygon", "coordinates": [[[86.142, 26.352], [86.14, 26.348], [86.144, 26.348], [86.144, 26.352], [86.142, 26.352]]]}, "properties": {"class": "flood"}}, {"type": "Feature", "geometry": {"type": "Polygon", "coordinates": [[[86.776, 26.352], [86.774, 26.348], [86.78, 26.348], [86.78, 26.352], [86.776, 26.352]]]}, "properties": {"class": "flood"}}, {"type": "Feature", "geometry": {"type": "Polygon", "coordinates": [[[86.84400000000001, 26.349999999999998], [86.84400000000001, 26.348], [86.846, 26.348], [86.846, 26.349999999999998], [86.84400000000001, 26.349999999999998]]]}, "properties": {"class": "flood"}}, {"type": "Feature", "geometry": {"type": "Polygon", "coordinates": [[[86.98, 26.352], [86.98, 26.349999999999998], [86.97800000000001, 26.348], [86.982, 26.348], [86.98, 26.352]]]}, "properties": {"class": "flood"}}, {"type": "Feature", "geometry": {"type": "Polygon", "coordinates": [[[87.148, 26.349999999999998], [87.148, 26.348], [87.15, 26.348], [87.15, 26.349999999999998], [87.148, 26.349999999999998]]]}, "properties": {"class": "flood"}}, {"type": "Feature", "geometry": {"type": "Polygon", "coordinates": [[[87.46000000000001, 26.349999999999998], [87.46000000000001, 26.348], [87.462, 26.348], [87.462, 26.349999999999998], [87.46000000000001, 26.349999999999998]]]}, "properties": {"class": "flood"}}, {"type": "Feature", "geometry": {"type": "Polygon", "coordinates": [[[86.254, 26.352], [86.254, 26.346], [86.26, 26.348], [86.26, 26.352], [86.254, 26.352]]]}, "properties": {"class": "flood"}}, {"type": "Feature", "geometry": {"type": "Polygon", "coordinates": [[[86.72, 26.349999999999998], [86.72, 26.346], [86.724, 26.346], [86.72200000000001, 26.349999999999998], [86.72, 26.349999999999998]]]}, "properties": {"class": "flood"}}, {"type": "Feature", "geometry": {"type": "Polygon", "coordinates": [[[87.066, 26.349999999999998], [87.066, 26.346], [87.068, 26.346], [87.068, 26.349999999999998], [87.066, 26.349999999999998]]]}, "properties": {"class": "flood"}}, {"type": "Feature", "geometry": {"type": "Polygon", "coordinates": [[[86.772, 26.348], [86.772, 26.346], [86.774, 26.346], [86.774, 26.348], [86.772, 26.348]]]}, "properties": {"class": "flood"}}, {"type": "Feature", "geometry": {"type": "Polygon", "coordinates": [[[86.94800000000001, 26.348], [86.94800000000001, 26.346], [86.95, 26.346], [86.95, 26.348], [86.94800000000001, 26.348]]]}, "properties": {"class": "flood"}}, {"type": "Feature", "geometry": {"type": "Polygon", "coordinates": [[[87.196, 26.348], [87.196, 26.346], [87.19800000000001, 26.346], [87.19800000000001, 26.348], [87.196, 26.348]]]}, "properties": {"class": "flood"}}, {"type": "Feature", "geometry": {"type": "Polygon", "coordinates": [[[87.468, 26.348], [87.468, 26.346], [87.47, 26.346], [87.47, 26.348], [87.468, 26.348]]]}, "properties": {"class": "flood"}}, {"type": "Feature", "geometry": {"type": "Polygon", "coordinates": [[[87.126, 26.366], [87.124, 26.362], [87.128, 26.358], [87.122, 26.358], [87.122, 26.349999999999998], [87.13, 26.343999999999998], [87.138, 26.343999999999998], [87.138, 26.352], [87.134, 26.352], [87.136, 26.362], [87.126, 26.366]]]}, "properties": {"class": "flood"}}, {"type": "Feature", "geometry": {"type": "Polygon", "coordinates": [[[87.044, 26.349999999999998], [87.044, 26.343999999999998], [87.046, 26.343999999999998], [87.048, 26.348], [87.044, 26.349999999999998]]]}, "properties": {"class": "flood"}}, {"type": "Feature", "geometry": {"type": "Polygon", "coordinates": [[[86.156, 26.348], [86.156, 26.343999999999998], [86.162, 26.343999999999998], [86.162, 26.348], [86.156, 26.348]]]}, "properties": {"class": "flood"}}, {"type": "Feature", "geometry": {"type": "Polygon", "coordinates": [[[86.096, 26.346], [86.096, 26.343999999999998], [86.098, 26.343999999999998], [86.098, 26.346], [86.096, 26.346]]]}, "properties": {"class": "flood"}}, {"type": "Feature", "geometry": {"type": "Polygon", "coordinates": [[[86.396, 26.346], [86.396, 26.343999999999998], [86.398, 26.343999999999998], [86.398, 26.346], [86.396, 26.346]]]}, "properties": {"class": "flood"}}, {"type": "Feature", "geometry": {"type": "Polygon", "coordinates": [[[86.95, 26.346], [86.95, 26.343999999999998], [86.952, 26.343999999999998], [86.952, 26.346], [86.95, 26.346]]]}, "properties": {"class": "flood"}}, {"type": "Feature", "geometry": {"type": "Polygon", "coordinates": [[[86.406, 26.348], [86.408, 26.342], [86.418, 26.343999999999998], [86.418, 26.346], [86.406, 26.348]]]}, "properties": {"class": "flood"}}, {"type": "Feature", "geometry": {"type": "Polygon", "coordinates": [[[87.242, 26.348], [87.242, 26.342], [87.244, 26.342], [87.24600000000001, 26.348], [87.242, 26.348]]]}, "properties": {"class": "flood"}}, {"type": "Feature", "geometry": {"type": "Polygon", "coordinates": [[[86.174, 26.348], [86.172, 26.343999999999998], [86.178, 26.342], [86.178, 26.348], [86.174, 26.348]]]}, "properties": {"class": "flood"}}, {"type": "Feature", "geometry": {"type": "Polygon", "coordinates": [[[86.60000000000001, 26.404], [86.598, 26.395999999999997], [86.60600000000001, 26.394], [86.604, 26.392], [86.60600000000001, 26.38], [86.604, 26.374], [86.598, 26.38], [86.60000000000001, 26.384], [86.596, 26.384], [86.596, 26.378], [86.59, 26.378], [86.59400000000001, 26.369999999999997], [86.592, 26.342], [86.60000000000001, 26.342], [86.596, 26.343999999999998], [86.596, 26.355999999999998], [86.602, 26.355999999999998], [86.608, 26.362], [86.61200000000001, 26.36], [86.614, 26.368], [86.61800000000001, 26.366], [86.61800000000001, 26.369999999999997], [86.614, 26.372], [86.62, 26.378], [86.614, 26.38], [86.61200000000001, 26.374], [86.608, 26.374], [86.61200000000001, 26.401999999999997], [86.60000000000001, 26.404]], [[86.604, 26.374], [86.61, 26.368], [86.61, 26.363999999999997], [86.604, 26.363999999999997], [86.604, 26.368], [86.60000000000001, 26.368], [86.604, 26.374]]]}, "properties": {"class": "flood"}}, {"type": "Feature", "geometry": {"type": "Polygon", "coordinates": [[[87.058, 26.346], [87.058, 26.342], [87.06, 26.342], [87.06, 26.346], [87.058, 26.346]]]}, "properties": {"class": "flood"}}, {"type": "Feature", "geometry": {"type": "Polygon", "coordinates": [[[87.19, 26.352], [87.19, 26.346], [87.182, 26.346], [87.182, 26.342], [87.19200000000001, 26.343999999999998], [87.19, 26.352]]]}, "properties": {"class": "flood"}}, {"type": "Feature", "geometry": {"type": "Polygon", "coordinates": [[[86.276, 26.343999999999998], [86.276, 26.342], [86.278, 26.342], [86.278, 26.343999999999998], [86.276, 26.343999999999998]]]}, "properties": {"class": "flood"}}, {"type": "Feature", "geometry": {"type": "Polygon", "coordinates": [[[86.57600000000001, 26.343999999999998], [86.57600000000001, 26.342], [86.578, 26.342], [86.578, 26.343999999999998], [86.57600000000001, 26.343999999999998]]]}, "properties": {"class": "flood"}}, {"type": "Feature", "geometry": {"type": "Polygon", "coordinates": [[[86.666, 26.343999999999998], [86.666, 26.342], [86.67, 26.342], [86.67, 26.343999999999998], [86.666, 26.343999999999998]]]}, "properties": {"class": "flood"}}, {"type": "Feature", "geometry": {"type": "Polygon", "coordinates": [[[86.714, 26.346], [86.712, 26.342], [86.71600000000001, 26.342], [86.71600000000001, 26.346], [86.714, 26.346]]]}, "properties": {"class": "flood"}}, {"type": "Feature", "geometry": {"type": "Polygon", "coordinates": [[[86.794, 26.343999999999998], [86.794, 26.342], [86.796, 26.342], [86.796, 26.343999999999998], [86.794, 26.343999999999998]]]}, "properties": {"class": "flood"}}, {"type": "Feature", "geometry": {"type": "Polygon", "coordinates": [[[86.946, 26.343999999999998], [86.946, 26.342], [86.94800000000001, 26.342], [86.94800000000001, 26.343999999999998], [86.946, 26.343999999999998]]]}, "properties": {"class": "flood"}}, {"type": "Feature", "geometry": {"type": "Polygon", "coordinates": [[[86.676, 26.349999999999998], [86.674, 26.343999999999998], [86.678, 26.34], [86.68, 26.343999999999998], [86.676, 26.349999999999998]]]}, "properties": {"class": "flood"}}, {"type": "Feature", "geometry": {"type": "Polygon", "coordinates": [[[87.006, 26.348], [87.012, 26.34], [87.016, 26.34], [87.01, 26.348], [87.006, 26.348]]]}, "properties": {"class": "flood"}}, {"type": "Feature", "geometry": {"type": "Polygon", "coordinates": [[[87.096, 26.358], [87.098, 26.349999999999998], [87.09, 26.348], [87.09400000000001, 26.34], [87.098, 26.34], [87.102, 26.352], [87.10000000000001, 26.358], [87.096, 26.358]]]}, "properties": {"class": "flood"}}, {"type": "Feature", "geometry": {"type": "Polygon", "coordinates": [[[86.754, 26.343999999999998], [86.754, 26.34], [86.758, 26.34], [86.758, 26.343999999999998], [86.754, 26.343999999999998]]]}, "properties": {"class": "flood"}}, {"type": "Feature", "geometry": {"type": "Polygon", "coordinates": [[[86.836, 26.346], [86.83200000000001, 26.343999999999998], [86.83200000000001, 26.34], [86.842, 26.343999999999998], [86.836, 26.346]]]}, "properties": {"class": "flood"}}, {"type": "Feature", "geometry": {"type": "Polygon", "coordinates": [[[86.376, 26.342], [86.376, 26.34], [86.378, 26.34], [86.378, 26.342], [86.376, 26.342]]]}, "properties": {"class": "flood"}}, {"type": "Feature", "geometry": {"type": "Polygon", "coordinates": [[[86.604, 26.342], [86.604, 26.34], [86.60600000000001, 26.34], [86.60600000000001, 26.342], [86.604, 26.342]]]}, "properties": {"class": "flood"}}, {"type": "Feature", "geometry": {"type": "Polygon", "coordinates": [[[86.664, 26.342], [86.664, 26.34], [86.666, 26.34], [86.666, 26.342], [86.664, 26.342]]]}, "properties": {"class": "flood"}}, {"type": "Feature", "geometry": {"type": "Polygon", "coordinates": [[[86.70400000000001, 26.342], [86.70400000000001, 26.34], [86.706, 26.34], [86.706, 26.342], [86.70400000000001, 26.342]]]}, "properties": {"class": "flood"}}, {"type": "Feature", "geometry": {"type": "Polygon", "coordinates": [[[86.792, 26.342], [86.792, 26.34], [86.794, 26.34], [86.794, 26.342], [86.792, 26.342]]]}, "properties": {"class": "flood"}}, {"type": "Feature", "geometry": {"type": "Polygon", "coordinates": [[[86.934, 26.342], [86.934, 26.34], [86.936, 26.34], [86.936, 26.342], [86.934, 26.342]]]}, "properties": {"class": "flood"}}, {"type": "Feature", "geometry": {"type": "Polygon", "coordinates": [[[86.968, 26.342], [86.968, 26.34], [86.97200000000001, 26.34], [86.97200000000001, 26.342], [86.968, 26.342]]]}, "properties": {"class": "flood"}}, {"type": "Feature", "geometry": {"type": "Polygon", "coordinates": [[[87.262, 26.342], [87.262, 26.34], [87.266, 26.34], [87.266, 26.342], [87.262, 26.342]]]}, "properties": {"class": "flood"}}, {"type": "Feature", "geometry": {"type": "Polygon", "coordinates": [[[87.248, 26.346], [87.25, 26.337999999999997], [87.254, 26.337999999999997], [87.252, 26.346], [87.248, 26.346]]]}, "properties": {"class": "flood"}}, {"type": "Feature", "geometry": {"type": "Polygon", "coordinates": [[[86.994, 26.346], [86.99000000000001, 26.343999999999998], [86.992, 26.337999999999997], [86.99600000000001, 26.34], [86.994, 26.346]]]}, "properties": {"class": "flood"}}, {"type": "Feature", "geometry": {"type": "Polygon", "coordinates": [[[86.87, 26.342], [86.87, 26.337999999999997], [86.872, 26.337999999999997], [86.872, 26.342], [86.87, 26.342]]]}, "properties": {"class": "flood"}}, {"type": "Feature", "geometry": {"type": "Polygon", "coordinates": [[[86.066, 26.34], [86.066, 26.337999999999997], [86.068, 26.337999999999997], [86.068, 26.34], [86.066, 26.34]]]}, "properties": {"class": "flood"}}, {"type": "Feature", "geometry": {"type": "Polygon", "coordinates": [[[86.278, 26.34], [86.278, 26.337999999999997], [86.28, 26.337999999999997], [86.28, 26.34], [86.278, 26.34]]]}, "properties": {"class": "flood"}}, {"type": "Feature", "geometry": {"type": "Polygon", "coordinates": [[[86.614, 26.34], [86.614, 26.337999999999997], [86.616, 26.337999999999997], [86.616, 26.34], [86.614, 26.34]]]}, "properties": {"class": "flood"}}, {"type": "Feature", "geometry": {"type": "Polygon", "coordinates": [[[86.706, 26.34], [86.706, 26.337999999999997], [86.708, 26.337999999999997], [86.708, 26.34], [86.706, 26.34]]]}, "properties": {"class": "flood"}}, {"type": "Feature", "geometry": {"type": "Polygon", "coordinates": [[[87.29, 26.34], [87.29, 26.337999999999997], [87.292, 26.337999999999997], [87.292, 26.34], [87.29, 26.34]]]}, "properties": {"class": "flood"}}, {"type": "Feature", "geometry": {"type": "Polygon", "coordinates": [[[86.06, 26.342], [86.06, 26.336], [86.066, 26.336], [86.06400000000001, 26.342], [86.06, 26.342]]]}, "properties": {"class": "flood"}}, {"type": "Feature", "geometry": {"type": "Polygon", "coordinates": [[[86.158, 26.342], [86.158, 26.337999999999997], [86.162, 26.336], [86.164, 26.342], [86.158, 26.342]]]}, "properties": {"class": "flood"}}, {"type": "Feature", "geometry": {"type": "Polygon", "coordinates": [[[87.066, 26.342], [87.066, 26.336], [87.068, 26.336], [87.068, 26.342], [87.066, 26.342]]]}, "properties": {"class": "flood"}}, {"type": "Feature", "geometry": {"type": "Polygon", "coordinates": [[[86.72800000000001, 26.34], [86.72800000000001, 26.336], [86.73, 26.336], [86.73, 26.34], [86.72800000000001, 26.34]]]}, "properties": {"class": "flood"}}, {"type": "Feature", "geometry": {"type": "Polygon", "coordinates": [[[87.412, 26.342], [87.41, 26.337999999999997], [87.414, 26.336], [87.416, 26.34], [87.412, 26.342]]]}, "properties": {"class": "flood"}}, {"type": "Feature", "geometry": {"type": "Polygon", "coordinates": [[[86.642, 26.337999999999997], [86.642, 26.336], [86.644, 26.336], [86.644, 26.337999999999997], [86.642, 26.337999999999997]]]}, "properties": {"class": "flood"}}, {"type": "Feature", "geometry": {"type": "Polygon", "coordinates": [[[86.708, 26.337999999999997], [86.708, 26.336], [86.71000000000001, 26.336], [86.71000000000001, 26.337999999999997], [86.708, 26.337999999999997]]]}, "properties": {"class": "flood"}}, {"type": "Feature", "geometry": {"type": "Polygon", "coordinates": [[[86.99000000000001, 26.337999999999997], [86.99000000000001, 26.336], [86.992, 26.336], [86.992, 26.337999999999997], [86.99000000000001, 26.337999999999997]]]}, "properties": {"class": "flood"}}, {"type": "Feature", "geometry": {"type": "Polygon", "coordinates": [[[87.014, 26.337999999999997], [87.014, 26.336], [87.016, 26.336], [87.016, 26.337999999999997], [87.014, 26.337999999999997]]]}, "properties": {"class": "flood"}}, {"type": "Feature", "geometry": {"type": "Polygon", "coordinates": [[[86.22800000000001, 26.346], [86.23, 26.334], [86.242, 26.334], [86.244, 26.342], [86.23400000000001, 26.34], [86.23400000000001, 26.343999999999998], [86.22800000000001, 26.346]]]}, "properties": {"class": "flood"}}, {"type": "Feature", "geometry": {"type": "Polygon", "coordinates": [[[86.078, 26.352], [86.078, 26.348], [86.08200000000001, 26.346], [86.078, 26.34], [86.08, 26.334], [86.08800000000001, 26.334], [86.08800000000001, 26.337999999999997], [86.09400000000001, 26.342], [86.092, 26.349999999999998], [86.08200000000001, 26.348], [86.08200000000001, 26.352], [86.078, 26.352]]]}, "properties": {"class": "flood"}}, {"type": "Feature", "geometry": {"type": "Polygon", "coordinates": [[[86.20400000000001, 26.337999999999997], [86.20400000000001, 26.334], [86.206, 26.334], [86.206, 26.337999999999997], [86.20400000000001, 26.337999999999997]]]}, "properties": {"class": "flood"}}, {"type": "Feature", "geometry": {"type": "Polygon", "coordinates": [[[86.632, 26.337999999999997], [86.632, 26.334], [86.64, 26.336], [86.64, 26.337999999999997], [86.632, 26.337999999999997]]]}, "properties": {"class": "flood"}}, {"type": "Feature", "geometry": {"type": "Polygon", "coordinates": [[[86.696, 26.337999999999997], [86.696, 26.334], [86.7, 26.334], [86.69800000000001, 26.337999999999997], [86.696, 26.337999999999997]]]}, "properties": {"class": "flood"}}, {"type": "Feature", "geometry": {"type": "Polygon", "coordinates": [[[86.77, 26.337999999999997], [86.77, 26.334], [86.776, 26.336], [86.776, 26.337999999999997], [86.77, 26.337999999999997]]]}, "properties": {"class": "flood"}}, {"type": "Feature", "geometry": {"type": "Polygon", "coordinates": [[[86.842, 26.337999999999997], [86.842, 26.336], [86.848, 26.334], [86.848, 26.337999999999997], [86.842, 26.337999999999997]]]}, "properties": {"class": "flood"}}, {"type": "Feature", "geometry": {"type": "Polygon", "coordinates": [[[86.28, 26.336], [86.28, 26.334], [86.282, 26.334], [86.282, 26.336], [86.28, 26.336]]]}, "properties": {"class": "flood"}}, {"type": "Feature", "geometry": {"type": "Polygon", "coordinates": [[[87.154, 26.336], [87.154, 26.334], [87.156, 26.334], [87.156, 26.336], [87.154, 26.336]]]}, "properties": {"class": "flood"}}, {"type": "Feature", "geometry": {"type": "Polygon", "coordinates": [[[87.16, 26.336], [87.16, 26.334], [87.162, 26.334], [87.162, 26.336], [87.16, 26.336]]]}, "properties": {"class": "flood"}}, {"type": "Feature", "geometry": {"type": "Polygon", "coordinates": [[[86.818, 26.348], [86.81400000000001, 26.342], [86.81, 26.342], [86.81400000000001, 26.331999999999997], [86.816, 26.337999999999997], [86.82000000000001, 26.337999999999997], [86.82000000000001, 26.334], [86.824, 26.336], [86.824, 26.331999999999997], [86.82600000000001, 26.336], [86.83200000000001, 26.336], [86.83200000000001, 26.34], [86.83, 26.337999999999997], [86.824, 26.34], [86.824, 26.348], [86.818, 26.348]]]}, "properties": {"class": "flood"}}, {"type": "Feature", "geometry": {"type": "Polygon", "coordinates": [[[86.758, 26.337999999999997], [86.756, 26.336], [86.756, 26.331999999999997], [86.762, 26.334], [86.758, 26.337999999999997]]]}, "properties": {"class": "flood"}}, {"type": "Feature", "geometry": {"type": "Polygon", "coordinates": [[[87.28, 26.337999999999997], [87.28, 26.334], [87.278, 26.331999999999997], [87.282, 26.331999999999997], [87.28, 26.337999999999997]]]}, "properties": {"class": "flood"}}, {"type": "Feature", "geometry": {"type": "Polygon", "coordinates": [[[87.312, 26.334], [87.312, 26.331999999999997], [87.31400000000001, 26.331999999999997], [87.31400000000001, 26.334], [87.312, 26.334]]]}, "properties": {"class": "flood"}}, {"type": "Feature", "geometry": {"type": "Polygon", "coordinates": [[[86.802, 26.348], [86.802, 26.343999999999998], [86.796, 26.337999999999997], [86.796, 26.33], [86.802, 26.33], [86.8, 26.336], [86.804, 26.342], [86.802, 26.348]]]}, "properties": {"class": "flood"}}, {"type": "Feature", "geometry": {"type": "Polygon", "coordinates": [[[86.378, 26.336], [86.378, 26.33], [86.38, 26.33], [86.38, 26.336], [86.378, 26.336]]]}, "properties": {"class": "flood"}}, {"type": "Feature", "geometry": {"type": "Polygon", "coordinates": [[[86.97200000000001, 26.336], [86.97200000000001, 26.33], [86.976, 26.33], [86.976, 26.334], [86.97200000000001, 26.336]]]}, "properties": {"class": "flood"}}, {"type": "Feature", "geometry": {"type": "Polygon", "coordinates": [[[87.256, 26.336], [87.258, 26.33], [87.26, 26.33], [87.26, 26.336], [87.256, 26.336]]]}, "properties": {"class": "flood"}}, {"type": "Feature", "geometry": {"type": "Polygon", "coordinates": [[[86.818, 26.334], [86.818, 26.33], [86.82000000000001, 26.33], [86.82000000000001, 26.334], [86.818, 26.334]]]}, "properties": {"class": "flood"}}, {"type": "Feature", "geometry": {"type": "Polygon", "coordinates": [[[86.834, 26.336], [86.83, 26.331999999999997], [86.84, 26.33], [86.83800000000001, 26.336], [86.834, 26.336]]]}, "properties": {"class": "flood"}}, {"type": "Feature", "geometry": {"type": "Polygon", "coordinates": [[[87.302, 26.336], [87.3, 26.334], [87.302, 26.33], [87.31, 26.33], [87.31, 26.336], [87.302, 26.336]]]}, "properties": {"class": "flood"}}, {"type": "Feature", "geometry": {"type": "Polygon", "coordinates": [[[87.41, 26.334], [87.41, 26.33], [87.412, 26.33], [87.412, 26.334], [87.41, 26.334]]]}, "properties": {"class": "flood"}}, {"type": "Feature", "geometry": {"type": "Polygon", "coordinates": [[[86.614, 26.331999999999997], [86.614, 26.33], [86.626, 26.33], [86.626, 26.331999999999997], [86.614, 26.331999999999997]]]}, "properties": {"class": "flood"}}, {"type": "Feature", "geometry": {"type": "Polygon", "coordinates": [[[86.714, 26.331999999999997], [86.714, 26.33], [86.71600000000001, 26.33], [86.71600000000001, 26.331999999999997], [86.714, 26.331999999999997]]]}, "properties": {"class": "flood"}}, {"type": "Feature", "geometry": {"type": "Polygon", "coordinates": [[[86.72, 26.331999999999997], [86.72, 26.33], [86.724, 26.33], [86.724, 26.331999999999997], [86.72, 26.331999999999997]]]}, "properties": {"class": "flood"}}, {"type": "Feature", "geometry": {"type": "Polygon", "coordinates": [[[86.932, 26.348], [86.93, 26.34], [86.924, 26.336], [86.922, 26.33], [86.928, 26.33], [86.926, 26.334], [86.93, 26.334], [86.934, 26.342], [86.932, 26.348]]]}, "properties": {"class": "flood"}}, {"type": "Feature", "geometry": {"type": "Polygon", "coordinates": [[[87.052, 26.331999999999997], [87.052, 26.33], [87.054, 26.33], [87.054, 26.331999999999997], [87.052, 26.331999999999997]]]}, "properties": {"class": "flood"}}, {"type": "Feature", "geometry": {"type": "Polygon", "coordinates": [[[87.31400000000001, 26.331999999999997], [87.31400000000001, 26.33], [87.316, 26.33], [87.316, 26.331999999999997], [87.31400000000001, 26.331999999999997]]]}, "properties": {"class": "flood"}}, {"type": "Feature", "geometry": {"type": "Polygon", "coordinates": [[[86.352, 26.336], [86.352, 26.328], [86.354, 26.328], [86.354, 26.336], [86.352, 26.336]]]}, "properties": {"class": "flood"}}, {"type": "Feature", "geometry": {"type": "Polygon", "coordinates": [[[86.752, 26.334], [86.752, 26.328], [86.754, 26.328], [86.756, 26.331999999999997], [86.752, 26.334]]]}, "properties": {"class": "flood"}}, {"type": "Feature", "geometry": {"type": "Polygon", "coordinates": [[[86.06, 26.331999999999997], [86.06, 26.328], [86.06400000000001, 26.328], [86.06400000000001, 26.331999999999997], [86.06, 26.331999999999997]]]}, "properties": {"class": "flood"}}, {"type": "Feature", "geometry": {"type": "Polygon", "coordinates": [[[86.224, 26.331999999999997], [86.224, 26.328], [86.22800000000001, 26.328], [86.22800000000001, 26.331999999999997], [86.224, 26.331999999999997]]]}, "properties": {"class": "flood"}}, {"type": "Feature", "geometry": {"type": "Polygon", "coordinates": [[[86.158, 26.33], [86.158, 26.328], [86.16, 26.328], [86.16, 26.33], [86.158, 26.33]]]}, "properties": {"class": "flood"}}, {"type": "Feature", "geometry": {"type": "Polygon", "coordinates": [[[86.886, 26.33], [86.886, 26.328], [86.888, 26.328], [86.888, 26.33], [86.886, 26.33]]]}, "properties": {"class": "flood"}}, {"type": "Feature", "geometry": {"type": "Polygon", "coordinates": [[[86.94800000000001, 26.334], [86.94800000000001, 26.331999999999997], [86.944, 26.328], [86.95, 26.33], [86.94800000000001, 26.334]]]}, "properties": {"class": "flood"}}, {"type": "Feature", "geometry": {"type": "Polygon", "coordinates": [[[87.384, 26.33], [87.384, 26.328], [87.386, 26.328], [87.386, 26.33], [87.384, 26.33]]]}, "properties": {"class": "flood"}}, {"type": "Feature", "geometry": {"type": "Polygon", "coordinates": [[[86.676, 26.336], [86.676, 26.326], [86.678, 26.326], [86.678, 26.336], [86.676, 26.336]]]}, "properties": {"class": "flood"}}, {"type": "Feature", "geometry": {"type": "Polygon", "coordinates": [[[86.156, 26.328], [86.156, 26.326], [86.158, 26.326], [86.158, 26.328], [86.156, 26.328]]]}, "properties": {"class": "flood"}}, {"type": "Feature", "geometry": {"type": "Polygon", "coordinates": [[[86.69, 26.334], [86.688, 26.326], [86.69200000000001, 26.326], [86.694, 26.331999999999997], [86.69, 26.334]]]}, "properties": {"class": "flood"}}, {"type": "Feature", "geometry": {"type": "Polygon", "coordinates": [[[86.918, 26.328], [86.918, 26.326], [86.92, 26.326], [86.92, 26.328], [86.918, 26.328]]]}, "properties": {"class": "flood"}}, {"type": "Feature", "geometry": {"type": "Polygon", "coordinates": [[[87.184, 26.328], [87.184, 26.326], [87.186, 26.326], [87.186, 26.328], [87.184, 26.328]]]}, "properties": {"class": "flood"}}, {"type": "Feature", "geometry": {"type": "Polygon", "coordinates": [[[87.226, 26.328], [87.226, 26.326], [87.22800000000001, 26.326], [87.22800000000001, 26.328], [87.226, 26.328]]]}, "properties": {"class": "flood"}}, {"type": "Feature", "geometry": {"type": "Polygon", "coordinates": [[[87.268, 26.328], [87.268, 26.326], [87.27, 26.326], [87.27, 26.328], [87.268, 26.328]]]}, "properties": {"class": "flood"}}, {"type": "Feature", "geometry": {"type": "Polygon", "coordinates": [[[86.346, 26.348], [86.34400000000001, 26.342], [86.34, 26.343999999999998], [86.336, 26.34], [86.34, 26.334], [86.346, 26.334], [86.34400000000001, 26.326], [86.35000000000001, 26.323999999999998], [86.348, 26.328], [86.35000000000001, 26.346], [86.346, 26.348]]]}, "properties": {"class": "flood"}}, {"type": "Feature", "geometry": {"type": "Polygon", "coordinates": [[[86.848, 26.334], [86.846, 26.323999999999998], [86.848, 26.328], [86.86, 26.323999999999998], [86.87, 26.326], [86.87, 26.33], [86.866, 26.331999999999997], [86.86, 26.33], [86.86, 26.334], [86.858, 26.331999999999997], [86.848, 26.334]], [[86.858, 26.33], [86.86, 26.33], [86.86, 26.328], [86.858, 26.328], [86.858, 26.33]]]}, "properties": {"class": "flood"}}, {"type": "Feature", "geometry": {"type": "Polygon", "coordinates": [[[86.144, 26.326], [86.144, 26.323999999999998], [86.146, 26.323999999999998], [86.146, 26.326], [86.144, 26.326]]]}, "properties": {"class": "flood"}}, {"type": "Feature", "geometry": {"type": "Polygon", "coordinates": [[[86.27, 26.326], [86.27, 26.323999999999998], [86.274, 26.323999999999998], [86.274, 26.326], [86.27, 26.326]]]}, "properties": {"class": "flood"}}, {"type": "Feature", "geometry": {"type": "Polygon", "coordinates": [[[86.452, 26.326], [86.452, 26.323999999999998], [86.45400000000001, 26.323999999999998], [86.45400000000001, 26.326], [86.452, 26.326]]]}, "properties": {"class": "flood"}}, {"type": "Feature", "geometry": {"type": "Polygon", "coordinates": [[[86.686, 26.326], [86.686, 26.323999999999998], [86.688, 26.323999999999998], [86.688, 26.326], [86.686, 26.326]]]}, "properties": {"class": "flood"}}, {"type": "Feature", "geometry": {"type": "Polygon", "coordinates": [[[86.816, 26.326], [86.816, 26.323999999999998], [86.818, 26.323999999999998], [86.818, 26.326], [86.816, 26.326]]]}, "properties": {"class": "flood"}}, {"type": "Feature", "geometry": {"type": "Polygon", "coordinates": [[[86.94, 26.326], [86.94, 26.323999999999998], [86.94200000000001, 26.323999999999998], [86.94200000000001, 26.326], [86.94, 26.326]]]}, "properties": {"class": "flood"}}, {"type": "Feature", "geometry": {"type": "Polygon", "coordinates": [[[87.008, 26.326], [87.008, 26.323999999999998], [87.01, 26.323999999999998], [87.01, 26.326], [87.008, 26.326]]]}, "properties": {"class": "flood"}}, {"type": "Feature", "geometry": {"type": "Polygon", "coordinates": [[[87.302, 26.36], [87.298, 26.355999999999998], [87.3, 26.352], [87.296, 26.349999999999998], [87.296, 26.346], [87.31400000000001, 26.343999999999998], [87.31400000000001, 26.337999999999997], [87.324, 26.331999999999997], [87.324, 26.326], [87.33200000000001, 26.322], [87.334, 26.326], [87.33, 26.331999999999997], [87.33200000000001, 26.348], [87.324, 26.349999999999998], [87.32600000000001, 26.346], [87.32000000000001, 26.337999999999997], [87.322, 26.349999999999998], [87.312, 26.352], [87.31, 26.355999999999998], [87.306, 26.355999999999998], [87.306, 26.36], [87.302, 26.36]], [[87.304, 26.354], [87.308, 26.354], [87.308, 26.352], [87.304, 26.352], [87.304, 26.354]]]}, "properties": {"class": "flood"}}, {"type": "Feature", "geometry": {"type": "Polygon", "coordinates": [[[87.354, 26.331999999999997], [87.35600000000001, 26.323999999999998], [87.36, 26.322], [87.36, 26.331999999999997], [87.354, 26.331999999999997]]]}, "properties": {"class": "flood"}}, {"type": "Feature", "geometry": {"type": "Polygon", "coordinates": [[[86.2, 26.331999999999997], [86.19800000000001, 26.323999999999998], [86.202, 26.322], [86.20400000000001, 26.331999999999997], [86.2, 26.331999999999997]]]}, "properties": {"class": "flood"}}, {"type": "Feature", "geometry": {"type": "Polygon", "coordinates": [[[86.84, 26.33], [86.84, 26.322], [86.842, 26.322], [86.842, 26.33], [86.84, 26.33]]]}, "properties": {"class": "flood"}}, {"type": "Feature", "geometry": {"type": "Polygon", "coordinates": [[[87.176, 26.328], [87.176, 26.323999999999998], [87.18, 26.322], [87.18, 26.326], [87.176, 26.328]]]}, "properties": {"class": "flood"}}, {"type": "Feature", "geometry": {"type": "Polygon", "coordinates": [[[86.154, 26.326], [86.154, 26.322], [86.156, 26.322], [86.156, 26.326], [86.154, 26.326]]]}, "properties": {"class": "flood"}}, {"type": "Feature", "geometry": {"type": "Polygon", "coordinates": [[[86.352, 26.326], [86.354, 26.322], [86.35600000000001, 26.322], [86.35600000000001, 26.326], [86.352, 26.326]]]}, "properties": {"class": "flood"}}, {"type": "Feature", "geometry": {"type": "Polygon", "coordinates": [[[86.542, 26.326], [86.542, 26.322], [86.544, 26.322], [86.544, 26.326], [86.542, 26.326]]]}, "properties": {"class": "flood"}}, {"type": "Feature", "geometry": {"type": "Polygon", "coordinates": [[[86.61, 26.328], [86.608, 26.326], [86.608, 26.322], [86.61200000000001, 26.323999999999998], [86.61, 26.328]]]}, "properties": {"class": "flood"}}, {"type": "Feature", "geometry": {"type": "Polygon", "coordinates": [[[86.794, 26.326], [86.794, 26.322], [86.796, 26.322], [86.796, 26.326], [86.794, 26.326]]]}, "properties": {"class": "flood"}}, {"type": "Feature", "geometry": {"type": "Polygon", "coordinates": [[[87.258, 26.326], [87.258, 26.322], [87.262, 26.322], [87.262, 26.326], [87.258, 26.326]]]}, "properties": {"class": "flood"}}, {"type": "Feature", "geometry": {"type": "Polygon", "coordinates": [[[86.268, 26.323999999999998], [86.268, 26.322], [86.27, 26.322], [86.27, 26.323999999999998], [86.268, 26.323999999999998]]]}, "properties": {"class": "flood"}}, {"type": "Feature", "geometry": {"type": "Polygon", "coordinates": [[[86.458, 26.323999999999998], [86.458, 26.322], [86.46000000000001, 26.322], [86.46000000000001, 26.323999999999998], [86.458, 26.323999999999998]]]}, "properties": {"class": "flood"}}, {"type": "Feature", "geometry": {"type": "Polygon", "coordinates": [[[87.06400000000001, 26.323999999999998], [87.06400000000001, 26.322], [87.066, 26.322], [87.066, 26.323999999999998], [87.06400000000001, 26.323999999999998]]]}, "properties": {"class": "flood"}}, {"type": "Feature", "geometry": {"type": "Polygon", "coordinates": [[[87.282, 26.323999999999998], [87.282, 26.322], [87.284, 26.322], [87.284, 26.323999999999998], [87.282, 26.323999999999998]]]}, "properties": {"class": "flood"}}, {"type": "Feature", "geometry": {"type": "Polygon", "coordinates": [[[86.69800000000001, 26.323999999999998], [86.69800000000001, 26.32], [86.702, 26.32], [86.702, 26.322], [86.69800000000001, 26.323999999999998]]]}, "properties": {"class": "flood"}}, {"type": "Feature", "geometry": {"type": "Polygon", "coordinates": [[[87.306, 26.323999999999998], [87.306, 26.322], [87.312, 26.32], [87.312, 26.323999999999998], [87.306, 26.323999999999998]]]}, "properties": {"class": "flood"}}, {"type": "Feature", "geometry": {"type": "Polygon", "coordinates": [[[86.074, 26.322], [86.074, 26.32], [86.07600000000001, 26.32], [86.07600000000001, 26.322], [86.074, 26.322]]]}, "properties": {"class": "flood"}}, {"type": "Feature", "geometry": {"type": "Polygon", "coordinates": [[[86.27, 26.322], [86.27, 26.32], [86.272, 26.32], [86.272, 26.322], [86.27, 26.322]]]}, "properties": {"class": "flood"}}, {"type": "Feature", "geometry": {"type": "Polygon", "coordinates": [[[86.29, 26.322], [86.29, 26.32], [86.292, 26.32], [86.292, 26.322], [86.29, 26.322]]]}, "properties": {"class": "flood"}}, {"type": "Feature", "geometry": {"type": "Polygon", "coordinates": [[[86.36800000000001, 26.322], [86.36800000000001, 26.32], [86.37, 26.32], [86.37, 26.322], [86.36800000000001, 26.322]]]}, "properties": {"class": "flood"}}, {"type": "Feature", "geometry": {"type": "Polygon", "coordinates": [[[86.372, 26.322], [86.372, 26.32], [86.374, 26.32], [86.374, 26.322], [86.372, 26.322]]]}, "properties": {"class": "flood"}}, {"type": "Feature", "geometry": {"type": "Polygon", "coordinates": [[[86.678, 26.322], [86.678, 26.32], [86.682, 26.32], [86.682, 26.322], [86.678, 26.322]]]}, "properties": {"class": "flood"}}, {"type": "Feature", "geometry": {"type": "Polygon", "coordinates": [[[86.742, 26.322], [86.742, 26.32], [86.744, 26.32], [86.744, 26.322], [86.742, 26.322]]]}, "properties": {"class": "flood"}}, {"type": "Feature", "geometry": {"type": "Polygon", "coordinates": [[[87.062, 26.322], [87.062, 26.32], [87.06400000000001, 26.32], [87.06400000000001, 26.322], [87.062, 26.322]]]}, "properties": {"class": "flood"}}, {"type": "Feature", "geometry": {"type": "Polygon", "coordinates": [[[87.378, 26.322], [87.378, 26.32], [87.38, 26.32], [87.38, 26.322], [87.378, 26.322]]]}, "properties": {"class": "flood"}}, {"type": "Feature", "geometry": {"type": "Polygon", "coordinates": [[[86.148, 26.328], [86.148, 26.32], [86.152, 26.317999999999998], [86.152, 26.326], [86.148, 26.328]]]}, "properties": {"class": "flood"}}, {"type": "Feature", "geometry": {"type": "Polygon", "coordinates": [[[86.96600000000001, 26.328], [86.968, 26.32], [86.974, 26.317999999999998], [86.97200000000001, 26.322], [86.97800000000001, 26.328], [86.96600000000001, 26.328]]]}, "properties": {"class": "flood"}}, {"type": "Feature", "geometry": {"type": "Polygon", "coordinates": [[[87.10600000000001, 26.326], [87.10600000000001, 26.317999999999998], [87.11200000000001, 26.32], [87.108, 26.322], [87.11, 26.326], [87.10600000000001, 26.326]]]}, "properties": {"class": "flood"}}, {"type": "Feature", "geometry": {"type": "Polygon", "coordinates": [[[86.72, 26.326], [86.718, 26.323999999999998], [86.718, 26.317999999999998], [86.724, 26.322], [86.72, 26.326]]]}, "properties": {"class": "flood"}}, {"type": "Feature", "geometry": {"type": "Polygon", "coordinates": [[[86.202, 26.32], [86.202, 26.317999999999998], [86.20400000000001, 26.317999999999998], [86.20400000000001, 26.32], [86.202, 26.32]]]}, "properties": {"class": "flood"}}, {"type": "Feature", "geometry": {"type": "Polygon", "coordinates": [[[86.272, 26.32], [86.272, 26.317999999999998], [86.274, 26.317999999999998], [86.274, 26.32], [86.272, 26.32]]]}, "properties": {"class": "flood"}}, {"type": "Feature", "geometry": {"type": "Polygon", "coordinates": [[[86.366, 26.32], [86.366, 26.317999999999998], [86.36800000000001, 26.317999999999998], [86.36800000000001, 26.32], [86.366, 26.32]]]}, "properties": {"class": "flood"}}, {"type": "Feature", "geometry": {"type": "Polygon", "coordinates": [[[86.672, 26.32], [86.672, 26.317999999999998], [86.676, 26.317999999999998], [86.676, 26.32], [86.672, 26.32]]]}, "properties": {"class": "flood"}}, {"type": "Feature", "geometry": {"type": "Polygon", "coordinates": [[[86.816, 26.32], [86.816, 26.317999999999998], [86.818, 26.317999999999998], [86.818, 26.32], [86.816, 26.32]]]}, "properties": {"class": "flood"}}, {"type": "Feature", "geometry": {"type": "Polygon", "coordinates": [[[87.004, 26.32], [87.004, 26.317999999999998], [87.008, 26.317999999999998], [87.008, 26.32], [87.004, 26.32]]]}, "properties": {"class": "flood"}}, {"type": "Feature", "geometry": {"type": "Polygon", "coordinates": [[[87.168, 26.349999999999998], [87.166, 26.346], [87.17, 26.343999999999998], [87.172, 26.336], [87.182, 26.334], [87.182, 26.33], [87.19, 26.331999999999997], [87.19, 26.326], [87.184, 26.323999999999998], [87.188, 26.316], [87.19, 26.32], [87.194, 26.32], [87.194, 26.336], [87.19800000000001, 26.336], [87.19800000000001, 26.33], [87.20400000000001, 26.328], [87.20400000000001, 26.334], [87.2, 26.334], [87.2, 26.337999999999997], [87.19200000000001, 26.337999999999997], [87.19, 26.334], [87.186, 26.334], [87.182, 26.34], [87.18, 26.336], [87.178, 26.337999999999997], [87.18, 26.346], [87.17, 26.346], [87.168, 26.349999999999998]]]}, "properties": {"class": "flood"}}, {"type": "Feature", "geometry": {"type": "Polygon", "coordinates": [[[86.908, 26.322], [86.908, 26.316], [86.91, 26.316], [86.91, 26.322], [86.908, 26.322]]]}, "properties": {"class": "flood"}}, {"type": "Feature", "geometry": {"type": "Polygon", "coordinates": [[[87.33200000000001, 26.322], [87.33200000000001, 26.316], [87.334, 26.316], [87.336, 26.322], [87.33200000000001, 26.322]]]}, "properties": {"class": "flood"}}, {"type": "Feature", "geometry": {"type": "Polygon", "coordinates": [[[87.27, 26.326], [87.268, 26.317999999999998], [87.278, 26.316], [87.276, 26.326], [87.27, 26.326]]]}, "properties": {"class": "flood"}}, {"type": "Feature", "geometry": {"type": "Polygon", "coordinates": [[[86.274, 26.317999999999998], [86.274, 26.316], [86.276, 26.316], [86.276, 26.317999999999998], [86.274, 26.317999999999998]]]}, "properties": {"class": "flood"}}, {"type": "Feature", "geometry": {"type": "Polygon", "coordinates": [[[86.302, 26.317999999999998], [86.302, 26.316], [86.304, 26.316], [86.304, 26.317999999999998], [86.302, 26.317999999999998]]]}, "properties": {"class": "flood"}}, {"type": "Feature", "geometry": {"type": "Polygon", "coordinates": [[[86.71600000000001, 26.317999999999998], [86.71600000000001, 26.316], [86.718, 26.316], [86.718, 26.317999999999998], [86.71600000000001, 26.317999999999998]]]}, "properties": {"class": "flood"}}, {"type": "Feature", "geometry": {"type": "Polygon", "coordinates": [[[86.812, 26.317999999999998], [86.812, 26.316], [86.81400000000001, 26.316], [86.81400000000001, 26.317999999999998], [86.812, 26.317999999999998]]]}, "properties": {"class": "flood"}}, {"type": "Feature", "geometry": {"type": "Polygon", "coordinates": [[[86.884, 26.317999999999998], [86.884, 26.316], [86.886, 26.316], [86.886, 26.317999999999998], [86.884, 26.317999999999998]]]}, "properties": {"class": "flood"}}, {"type": "Feature", "geometry": {"type": "Polygon", "coordinates": [[[86.958, 26.317999999999998], [86.958, 26.316], [86.96000000000001, 26.316], [86.96000000000001, 26.317999999999998], [86.958, 26.317999999999998]]]}, "properties": {"class": "flood"}}, {"type": "Feature", "geometry": {"type": "Polygon", "coordinates": [[[87.146, 26.317999999999998], [87.146, 26.316], [87.148, 26.316], [87.148, 26.317999999999998], [87.146, 26.317999999999998]]]}, "properties": {"class": "flood"}}, {"type": "Feature", "geometry": {"type": "Polygon", "coordinates": [[[87.2, 26.317999999999998], [87.2, 26.316], [87.202, 26.316], [87.202, 26.317999999999998], [87.2, 26.317999999999998]]]}, "properties": {"class": "flood"}}, {"type": "Feature", "geometry": {"type": "Polygon", "coordinates": [[[87.218, 26.317999999999998], [87.218, 26.316], [87.22, 26.316], [87.22, 26.317999999999998], [87.218, 26.317999999999998]]]}, "properties": {"class": "flood"}}, {"type": "Feature", "geometry": {"type": "Polygon", "coordinates": [[[87.292, 26.317999999999998], [87.292, 26.316], [87.294, 26.316], [87.294, 26.317999999999998], [87.292, 26.317999999999998]]]}, "properties": {"class": "flood"}}, {"type": "Feature", "geometry": {"type": "Polygon", "coordinates": [[[86.57600000000001, 26.33], [86.572, 26.322], [86.574, 26.316], [86.58, 26.314], [86.58, 26.32], [86.57600000000001, 26.32], [86.57600000000001, 26.33]]]}, "properties": {"class": "flood"}}, {"type": "Feature", "geometry": {"type": "Polygon", "coordinates": [[[86.06400000000001, 26.323999999999998], [86.06, 26.322], [86.062, 26.314], [86.066, 26.32], [86.06400000000001, 26.323999999999998]]]}, "properties": {"class": "flood"}}, {"type": "Feature", "geometry": {"type": "Polygon", "coordinates": [[[87.372, 26.322], [87.372, 26.314], [87.374, 26.314], [87.374, 26.322], [87.372, 26.322]]]}, "properties": {"class": "flood"}}, {"type": "Feature", "geometry": {"type": "Polygon", "coordinates": [[[86.066, 26.316], [86.066, 26.314], [86.07000000000001, 26.314], [86.07000000000001, 26.316], [86.066, 26.316]]]}, "properties": {"class": "flood"}}, {"type": "Feature", "geometry": {"type": "Polygon", "coordinates": [[[86.16, 26.316], [86.16, 26.314], [86.162, 26.314], [86.162, 26.316], [86.16, 26.316]]]}, "properties": {"class": "flood"}}, {"type": "Feature", "geometry": {"type": "Polygon", "coordinates": [[[86.21000000000001, 26.316], [86.21000000000001, 26.314], [86.212, 26.314], [86.212, 26.316], [86.21000000000001, 26.316]]]}, "properties": {"class": "flood"}}, {"type": "Feature", "geometry": {"type": "Polygon", "coordinates": [[[86.276, 26.316], [86.276, 26.314], [86.278, 26.314], [86.278, 26.316], [86.276, 26.316]]]}, "properties": {"class": "flood"}}, {"type": "Feature", "geometry": {"type": "Polygon", "coordinates": [[[86.714, 26.316], [86.714, 26.314], [86.71600000000001, 26.314], [86.71600000000001, 26.316], [86.714, 26.316]]]}, "properties": {"class": "flood"}}, {"type": "Feature", "geometry": {"type": "Polygon", "coordinates": [[[86.81, 26.316], [86.81, 26.314], [86.812, 26.314], [86.812, 26.316], [86.81, 26.316]]]}, "properties": {"class": "flood"}}, {"type": "Feature", "geometry": {"type": "Polygon", "coordinates": [[[87.10600000000001, 26.316], [87.10600000000001, 26.314], [87.108, 26.314], [87.108, 26.316], [87.10600000000001, 26.316]]]}, "properties": {"class": "flood"}}, {"type": "Feature", "geometry": {"type": "Polygon", "coordinates": [[[87.34400000000001, 26.316], [87.34400000000001, 26.314], [87.346, 26.314], [87.346, 26.316], [87.34400000000001, 26.316]]]}, "properties": {"class": "flood"}}, {"type": "Feature", "geometry": {"type": "Polygon", "coordinates": [[[87.402, 26.316], [87.402, 26.314], [87.404, 26.314], [87.404, 26.316], [87.402, 26.316]]]}, "properties": {"class": "flood"}}, {"type": "Feature", "geometry": {"type": "Polygon", "coordinates": [[[87.43, 26.316], [87.43, 26.314], [87.432, 26.314], [87.432, 26.316], [87.43, 26.316]]]}, "properties": {"class": "flood"}}, {"type": "Feature", "geometry": {"type": "Polygon", "coordinates": [[[87.23400000000001, 26.328], [87.22800000000001, 26.326], [87.232, 26.32], [87.242, 26.317999999999998], [87.242, 26.314], [87.254, 26.311999999999998], [87.252, 26.317999999999998], [87.24600000000001, 26.32], [87.248, 26.323999999999998], [87.242, 26.326], [87.242, 26.32], [87.238, 26.32], [87.24000000000001, 26.328], [87.23400000000001, 26.328]]]}, "properties": {"class": "flood"}}, {"type": "Feature", "geometry": {"type": "Polygon", "coordinates": [[[86.84400000000001, 26.323999999999998], [86.842, 26.322], [86.842, 26.311999999999998], [86.846, 26.317999999999998], [86.84400000000001, 26.323999999999998]]]}, "properties": {"class": "flood"}}, {"type": "Feature", "geometry": {"type": "Polygon", "coordinates": [[[86.60600000000001, 26.32], [86.60600000000001, 26.311999999999998], [86.608, 26.311999999999998], [86.608, 26.32], [86.60600000000001, 26.32]]]}, "properties": {"class": "flood"}}, {"type": "Feature", "geometry": {"type": "Polygon", "coordinates": [[[86.372, 26.317999999999998], [86.372, 26.311999999999998], [86.374, 26.311999999999998], [86.374, 26.317999999999998], [86.372, 26.317999999999998]]]}, "properties": {"class": "flood"}}, {"type": "Feature", "geometry": {"type": "Polygon", "coordinates": [[[86.418, 26.32], [86.414, 26.316], [86.416, 26.311999999999998], [86.422, 26.314], [86.422, 26.32], [86.418, 26.32]]]}, "properties": {"class": "flood"}}, {"type": "Feature", "geometry": {"type": "Polygon", "coordinates": [[[86.162, 26.314], [86.162, 26.311999999999998], [86.164, 26.311999999999998], [86.164, 26.314], [86.162, 26.314]]]}, "properties": {"class": "flood"}}, {"type": "Feature", "geometry": {"type": "Polygon", "coordinates": [[[86.254, 26.314], [86.254, 26.311999999999998], [86.256, 26.311999999999998], [86.256, 26.314], [86.254, 26.314]]]}, "properties": {"class": "flood"}}, {"type": "Feature", "geometry": {"type": "Polygon", "coordinates": [[[87.138, 26.314], [87.138, 26.311999999999998], [87.14, 26.311999999999998], [87.14, 26.314], [87.138, 26.314]]]}, "properties": {"class": "flood"}}, {"type": "Feature", "geometry": {"type": "Polygon", "coordinates": [[[87.346, 26.314], [87.346, 26.311999999999998], [87.348, 26.311999999999998], [87.348, 26.314], [87.346, 26.314]]]}, "properties": {"class": "flood"}}, {"type": "Feature", "geometry": {"type": "Polygon", "coordinates": [[[86.768, 26.314], [86.772, 26.31], [86.776, 26.311999999999998], [86.776, 26.314], [86.768, 26.314]]]}, "properties": {"class": "flood"}}, {"type": "Feature", "geometry": {"type": "Polygon", "coordinates": [[[87.268, 26.314], [87.27, 26.31], [87.274, 26.31], [87.272, 26.314], [87.268, 26.314]]]}, "properties": {"class": "flood"}}, {"type": "Feature", "geometry": {"type": "Polygon", "coordinates": [[[86.102, 26.311999999999998], [86.102, 26.31], [86.104, 26.31], [86.104, 26.311999999999998], [86.102, 26.311999999999998]]]}, "properties": {"class": "flood"}}, {"type": "Feature", "geometry": {"type": "Polygon", "coordinates": [[[86.286, 26.322], [86.284, 26.314], [86.29, 26.314], [86.288, 26.31], [86.3, 26.31], [86.298, 26.314], [86.294, 26.311999999999998], [86.286, 26.322]]]}, "properties": {"class": "flood"}}, {"type": "Feature", "geometry": {"type": "Polygon", "coordinates": [[[86.41, 26.311999999999998], [86.41, 26.31], [86.412, 26.31], [86.412, 26.311999999999998], [86.41, 26.311999999999998]]]}, "properties": {"class": "flood"}}, {"type": "Feature", "geometry": {"type": "Polygon", "coordinates": [[[86.414, 26.311999999999998], [86.414, 26.31], [86.416, 26.31], [86.416, 26.311999999999998], [86.414, 26.311999999999998]]]}, "properties": {"class": "flood"}}, {"type": "Feature", "geometry": {"type": "Polygon", "coordinates": [[[86.84, 26.311999999999998], [86.84, 26.31], [86.842, 26.31], [86.842, 26.311999999999998], [86.84, 26.311999999999998]]]}, "properties": {"class": "flood"}}, {"type": "Feature", "geometry": {"type": "Polygon", "coordinates": [[[87.124, 26.311999999999998], [87.124, 26.31], [87.128, 26.31], [87.128, 26.311999999999998], [87.124, 26.311999999999998]]]}, "properties": {"class": "flood"}}, {"type": "Feature", "geometry": {"type": "Polygon", "coordinates": [[[87.348, 26.311999999999998], [87.348, 26.308], [87.35000000000001, 26.308], [87.35000000000001, 26.311999999999998], [87.348, 26.311999999999998]]]}, "properties": {"class": "flood"}}, {"type": "Feature", "geometry": {"type": "Polygon", "coordinates": [[[86.17, 26.31], [86.17, 26.308], [86.172, 26.308], [86.172, 26.31], [86.17, 26.31]]]}, "properties": {"class": "flood"}}, {"type": "Feature", "geometry": {"type": "Polygon", "coordinates": [[[86.176, 26.31], [86.176, 26.308], [86.178, 26.308], [86.178, 26.31], [86.176, 26.31]]]}, "properties": {"class": "flood"}}, {"type": "Feature", "geometry": {"type": "Polygon", "coordinates": [[[86.584, 26.31], [86.584, 26.308], [86.586, 26.308], [86.586, 26.31], [86.584, 26.31]]]}, "properties": {"class": "flood"}}, {"type": "Feature", "geometry": {"type": "Polygon", "coordinates": [[[86.702, 26.31], [86.702, 26.308], [86.706, 26.308], [86.706, 26.31], [86.702, 26.31]]]}, "properties": {"class": "flood"}}, {"type": "Feature", "geometry": {"type": "Polygon", "coordinates": [[[86.44200000000001, 26.314], [86.44200000000001, 26.305999999999997], [86.444, 26.305999999999997], [86.446, 26.314], [86.44200000000001, 26.314]]]}, "properties": {"class": "flood"}}, {"type": "Feature", "geometry": {"type": "Polygon", "coordinates": [[[86.71000000000001, 26.311999999999998], [86.71000000000001, 26.305999999999997], [86.712, 26.305999999999997], [86.714, 26.311999999999998], [86.71000000000001, 26.311999999999998]]]}, "properties": {"class": "flood"}}, {"type": "Feature", "geometry": {"type": "Polygon", "coordinates": [[[86.96000000000001, 26.314], [86.958, 26.308], [86.962, 26.305999999999997], [86.962, 26.314], [86.96000000000001, 26.314]]]}, "properties": {"class": "flood"}}, {"type": "Feature", "geometry": {"type": "Polygon", "coordinates": [[[86.274, 26.31], [86.274, 26.305999999999997], [86.276, 26.305999999999997], [86.276, 26.31], [86.274, 26.31]]]}, "properties": {"class": "flood"}}, {"type": "Feature", "geometry": {"type": "Polygon", "coordinates": [[[86.672, 26.31], [86.672, 26.305999999999997], [86.674, 26.305999999999997], [86.676, 26.31], [86.672, 26.31]]]}, "properties": {"class": "flood"}}, {"type": "Feature", "geometry": {"type": "Polygon", "coordinates": [[[87.072, 26.31], [87.072, 26.305999999999997], [87.074, 26.305999999999997], [87.074, 26.31], [87.072, 26.31]]]}, "properties": {"class": "flood"}}, {"type": "Feature", "geometry": {"type": "Polygon", "coordinates": [[[87.22800000000001, 26.31], [87.22800000000001, 26.305999999999997], [87.23, 26.305999999999997], [87.23, 26.31], [87.22800000000001, 26.31]]]}, "properties": {"class": "flood"}}, {"type": "Feature", "geometry": {"type": "Polygon", "coordinates": [[[86.47, 26.308], [86.47, 26.305999999999997], [86.47200000000001, 26.305999999999997], [86.47200000000001, 26.308], [86.47, 26.308]]]}, "properties": {"class": "flood"}}, {"type": "Feature", "geometry": {"type": "Polygon", "coordinates": [[[86.474, 26.308], [86.474, 26.305999999999997], [86.476, 26.305999999999997], [86.476, 26.308], [86.474, 26.308]]]}, "properties": {"class": "flood"}}, {"type": "Feature", "geometry": {"type": "Polygon", "coordinates": [[[86.616, 26.308], [86.616, 26.305999999999997], [86.61800000000001, 26.305999999999997], [86.61800000000001, 26.308], [86.616, 26.308]]]}, "properties": {"class": "flood"}}, {"type": "Feature", "geometry": {"type": "Polygon", "coordinates": [[[86.776, 26.308], [86.776, 26.305999999999997], [86.778, 26.305999999999997], [86.778, 26.308], [86.776, 26.308]]]}, "properties": {"class": "flood"}}, {"type": "Feature", "geometry": {"type": "Polygon", "coordinates": [[[87.24600000000001, 26.308], [87.24600000000001, 26.305999999999997], [87.248, 26.305999999999997], [87.248, 26.308], [87.24600000000001, 26.308]]]}, "properties": {"class": "flood"}}, {"type": "Feature", "geometry": {"type": "Polygon", "coordinates": [[[87.23400000000001, 26.314], [87.232, 26.31], [87.232, 26.304], [87.236, 26.305999999999997], [87.23400000000001, 26.314]]]}, "properties": {"class": "flood"}}, {"type": "Feature", "geometry": {"type": "Polygon", "coordinates": [[[86.694, 26.32], [86.69200000000001, 26.31], [86.676, 26.305999999999997], [86.682, 26.304], [86.69800000000001, 26.31], [86.69800000000001, 26.314], [86.694, 26.311999999999998], [86.694, 26.32]]]}, "properties": {"class": "flood"}}, {"type": "Feature", "geometry": {"type": "Polygon", "coordinates": [[[86.162, 26.305999999999997], [86.162, 26.304], [86.164, 26.304], [86.164, 26.305999999999997], [86.162, 26.305999999999997]]]}, "properties": {"class": "flood"}}, {"type": "Feature", "geometry": {"type": "Polygon", "coordinates": [[[86.172, 26.305999999999997], [86.172, 26.304], [86.178, 26.304], [86.178, 26.305999999999997], [86.172, 26.305999999999997]]]}, "properties": {"class": "flood"}}, {"type": "Feature", "geometry": {"type": "Polygon", "coordinates": [[[86.272, 26.305999999999997], [86.272, 26.304], [86.274, 26.304], [86.274, 26.305999999999997], [86.272, 26.305999999999997]]]}, "properties": {"class": "flood"}}, {"type": "Feature", "geometry": {"type": "Polygon", "coordinates": [[[86.276, 26.305999999999997], [86.276, 26.304], [86.278, 26.304], [86.278, 26.305999999999997], [86.276, 26.305999999999997]]]}, "properties": {"class": "flood"}}, {"type": "Feature", "geometry": {"type": "Polygon", "coordinates": [[[86.476, 26.305999999999997], [86.476, 26.304], [86.47800000000001, 26.304], [86.47800000000001, 26.305999999999997], [86.476, 26.305999999999997]]]}, "properties": {"class": "flood"}}, {"type": "Feature", "geometry": {"type": "Polygon", "coordinates": [[[86.95, 26.305999999999997], [86.95, 26.304], [86.952, 26.304], [86.952, 26.305999999999997], [86.95, 26.305999999999997]]]}, "properties": {"class": "flood"}}, {"type": "Feature", "geometry": {"type": "Polygon", "coordinates": [[[86.796, 26.32], [86.794, 26.317999999999998], [86.796, 26.311999999999998], [86.788, 26.308], [86.79, 26.302], [86.798, 26.308], [86.796, 26.32]], [[86.792, 26.308], [86.794, 26.308], [86.794, 26.305999999999997], [86.792, 26.305999999999997], [86.792, 26.308]]]}, "properties": {"class": "flood"}}, {"type": "Feature", "geometry": {"type": "Polygon", "coordinates": [[[87.008, 26.308], [87.008, 26.302], [87.012, 26.302], [87.012, 26.308], [87.008, 26.308]]]}, "properties": {"class": "flood"}}, {"type": "Feature", "geometry": {"type": "Polygon", "coordinates": [[[86.628, 26.305999999999997], [86.628, 26.302], [86.63, 26.302], [86.63, 26.305999999999997], [86.628, 26.305999999999997]]]}, "properties": {"class": "flood"}}, {"type": "Feature", "geometry": {"type": "Polygon", "coordinates": [[[86.70400000000001, 26.305999999999997], [86.70400000000001, 26.302], [86.706, 26.302], [86.706, 26.305999999999997], [86.70400000000001, 26.305999999999997]]]}, "properties": {"class": "flood"}}, {"type": "Feature", "geometry": {"type": "Polygon", "coordinates": [[[87.24000000000001, 26.305999999999997], [87.24000000000001, 26.302], [87.242, 26.302], [87.244, 26.305999999999997], [87.24000000000001, 26.305999999999997]]]}, "properties": {"class": "flood"}}, {"type": "Feature", "geometry": {"type": "Polygon", "coordinates": [[[86.136, 26.304], [86.136, 26.302], [86.14, 26.302], [86.14, 26.304], [86.136, 26.304]]]}, "properties": {"class": "flood"}}, {"type": "Feature", "geometry": {"type": "Polygon", "coordinates": [[[86.27, 26.304], [86.27, 26.302], [86.272, 26.302], [86.272, 26.304], [86.27, 26.304]]]}, "properties": {"class": "flood"}}, {"type": "Feature", "geometry": {"type": "Polygon", "coordinates": [[[86.61800000000001, 26.305999999999997], [86.616, 26.302], [86.622, 26.302], [86.622, 26.304], [86.61800000000001, 26.305999999999997]]]}, "properties": {"class": "flood"}}, {"type": "Feature", "geometry": {"type": "Polygon", "coordinates": [[[87.002, 26.304], [87.002, 26.302], [87.004, 26.302], [87.004, 26.304], [87.002, 26.304]]]}, "properties": {"class": "flood"}}, {"type": "Feature", "geometry": {"type": "Polygon", "coordinates": [[[87.44, 26.304], [87.44, 26.302], [87.44200000000001, 26.302], [87.44200000000001, 26.304], [87.44, 26.304]]]}, "properties": {"class": "flood"}}, {"type": "Feature", "geometry": {"type": "Polygon", "coordinates": [[[86.308, 26.326], [86.304, 26.314], [86.312, 26.31], [86.31400000000001, 26.304], [86.322, 26.299999999999997], [86.34400000000001, 26.302], [86.342, 26.308], [86.34400000000001, 26.314], [86.34, 26.314], [86.33800000000001, 26.32], [86.328, 26.317999999999998], [86.328, 26.311999999999998], [86.334, 26.305999999999997], [86.324, 26.302], [86.324, 26.311999999999998], [86.32000000000001, 26.311999999999998], [86.316, 26.32], [86.31400000000001, 26.311999999999998], [86.31, 26.311999999999998], [86.312, 26.322], [86.308, 26.326]]]}, "properties": {"class": "flood"}}, {"type": "Feature", "geometry": {"type": "Polygon", "coordinates": [[[86.982, 26.348], [86.98, 26.334], [86.986, 26.305999999999997], [86.982, 26.311999999999998], [86.97800000000001, 26.311999999999998], [86.97800000000001, 26.317999999999998], [86.974, 26.317999999999998], [86.97200000000001, 26.314], [86.968, 26.317999999999998], [86.968, 26.299999999999997], [86.97200000000001, 26.304], [86.974, 26.299999999999997], [86.982, 26.302], [86.992, 26.299999999999997], [86.992, 26.304], [86.994, 26.299999999999997], [87.0, 26.299999999999997], [87.0, 26.304], [86.992, 26.308], [86.994, 26.314], [86.988, 26.33], [86.99000000000001, 26.336], [86.986, 26.337999999999997], [86.986, 26.343999999999998], [86.982, 26.348]], [[86.98400000000001, 26.331999999999997], [86.986, 26.331999999999997], [86.986, 26.328], [86.98400000000001, 26.328], [86.98400000000001, 26.331999999999997]], [[86.986, 26.323999999999998], [86.988, 26.323999999999998], [86.988, 26.322], [86.986, 26.322], [86.986, 26.323999999999998]]]}, "properties": {"class": "flood"}}, {"type": "Feature", "geometry": {"type": "Polygon", "coordinates": [[[87.294, 26.336], [87.294, 26.326], [87.29, 26.322], [87.28, 26.32], [87.278, 26.31], [87.292, 26.31], [87.296, 26.308], [87.296, 26.304], [87.308, 26.304], [87.31, 26.299999999999997], [87.328, 26.302], [87.336, 26.299999999999997], [87.33200000000001, 26.308], [87.328, 26.305999999999997], [87.328, 26.31], [87.32000000000001, 26.311999999999998], [87.32000000000001, 26.32], [87.31400000000001, 26.317999999999998], [87.31400000000001, 26.31], [87.308, 26.311999999999998], [87.31, 26.317999999999998], [87.304, 26.317999999999998], [87.304, 26.308], [87.302, 26.314], [87.286, 26.314], [87.288, 26.32], [87.294, 26.32], [87.296, 26.316], [87.302, 26.317999999999998], [87.302, 26.322], [87.296, 26.32], [87.298, 26.328], [87.294, 26.336]]]}, "properties": {"class": "flood"}}, {"type": "Feature", "geometry": {"type": "Polygon", "coordinates": [[[86.24600000000001, 26.32], [86.24000000000001, 26.311999999999998], [86.23400000000001, 26.314], [86.236, 26.299999999999997], [86.242, 26.302], [86.24600000000001, 26.299999999999997], [86.254, 26.308], [86.254, 26.311999999999998], [86.25, 26.31], [86.252, 26.317999999999998], [86.24600000000001, 26.32]]]}, "properties": {"class": "flood"}}, {"type": "Feature", "geometry": {"type": "Polygon", "coordinates": [[[87.422, 26.336], [87.42, 26.331999999999997], [87.414, 26.331999999999997], [87.42, 26.328], [87.414, 26.326], [87.416, 26.322], [87.412, 26.322], [87.412, 26.31], [87.416, 26.31], [87.416, 26.304], [87.412, 26.304], [87.408, 26.311999999999998], [87.406, 26.305999999999997], [87.41, 26.305999999999997], [87.41, 26.302], [87.414, 26.299999999999997], [87.418, 26.302], [87.436, 26.299999999999997], [87.438, 26.304], [87.434, 26.305999999999997], [87.434, 26.311999999999998], [87.428, 26.311999999999998], [87.43, 26.323999999999998], [87.428, 26.328], [87.422, 26.328], [87.428, 26.331999999999997], [87.426, 26.336], [87.422, 26.336]], [[87.418, 26.326], [87.42, 26.326], [87.42, 26.323999999999998], [87.418, 26.323999999999998], [87.418, 26.326]], [[87.42, 26.32], [87.422, 26.32], [87.422, 26.317999999999998], [87.42, 26.317999999999998], [87.42, 26.32]], [[87.424, 26.316], [87.426, 26.31], [87.422, 26.31], [87.424, 26.311999999999998], [87.424, 26.316]]]}, "properties": {"class": "flood"}}, {"type": "Feature", "geometry": {"type": "Polygon", "coordinates": [[[86.46000000000001, 26.322], [86.46000000000001, 26.316], [86.45400000000001, 26.316], [86.452, 26.308], [86.45, 26.311999999999998], [86.446, 26.31], [86.446, 26.304], [86.452, 26.302], [86.45400000000001, 26.305999999999997], [86.46000000000001, 26.299999999999997], [86.464, 26.302], [86.468, 26.311999999999998], [86.464, 26.314], [86.464, 26.322], [86.46000000000001, 26.322]]]}, "properties": {"class": "flood"}}, {"type": "Feature", "geometry": {"type": "Polygon", "coordinates": [[[86.902, 26.348], [86.896, 26.343999999999998], [86.896, 26.34], [86.89, 26.34], [86.888, 26.343999999999998], [86.892, 26.326], [86.888, 26.328], [86.89, 26.314], [86.886, 26.314], [86.888, 26.31], [86.882, 26.31], [86.882, 26.299999999999997], [86.9, 26.302], [86.9, 26.305999999999997], [86.896, 26.305999999999997], [86.892, 26.311999999999998], [86.896, 26.311999999999998], [86.898, 26.316], [86.902, 26.314], [86.902, 26.317999999999998], [86.898, 26.32], [86.9, 26.328], [86.906, 26.33], [86.906, 26.342], [86.902, 26.348]], [[86.892, 26.317999999999998], [86.894, 26.317999999999998], [86.894, 26.316], [86.892, 26.316], [86.892, 26.317999999999998]], [[86.888, 26.31], [86.89, 26.305999999999997], [86.886, 26.305999999999997], [86.886, 26.308], [86.888, 26.31]], [[86.89, 26.305999999999997], [86.892, 26.305999999999997], [86.892, 26.302], [86.89, 26.302], [86.89, 26.305999999999997]]]}, "properties": {"class": "flood"}}, {"type": "Feature", "geometry": {"type": "Polygon", "coordinates": [[[86.924, 26.31], [86.924, 26.304], [86.93, 26.299999999999997], [86.93, 26.308], [86.924, 26.31]]]}, "properties": {"class": "flood"}}, {"type": "Feature", "geometry": {"type": "Polygon", "coordinates": [[[87.208, 26.323999999999998], [87.202, 26.322], [87.202, 26.317999999999998], [87.21000000000001, 26.316], [87.206, 26.314], [87.208, 26.308], [87.20400000000001, 26.31], [87.20400000000001, 26.305999999999997], [87.208, 26.305999999999997], [87.212, 26.299999999999997], [87.22, 26.302], [87.22800000000001, 26.299999999999997], [87.22, 26.314], [87.21600000000001, 26.311999999999998], [87.212, 26.314], [87.212, 26.323999999999998], [87.208, 26.323999999999998]]]}, "properties": {"class": "flood"}}, {"type": "Feature", "geometry": {"type": "Polygon", "coordinates": [[[86.152, 26.317999999999998], [86.146, 26.308], [86.146, 26.302], [86.16, 26.299999999999997], [86.162, 26.304], [86.158, 26.304], [86.158, 26.31], [86.152, 26.308], [86.152, 26.314], [86.156, 26.316], [86.152, 26.317999999999998]], [[86.15, 26.308], [86.152, 26.308], [86.152, 26.305999999999997], [86.15, 26.305999999999997], [86.15, 26.308]]]}, "properties": {"class": "flood"}}, {"type": "Feature", "geometry": {"type": "Polygon", "coordinates": [[[86.19200000000001, 26.323999999999998], [86.188, 26.32], [86.188, 26.302], [86.196, 26.299999999999997], [86.194, 26.305999999999997], [86.2, 26.305999999999997], [86.202, 26.317999999999998], [86.2, 26.322], [86.19200000000001, 26.323999999999998]]]}, "properties": {"class": "flood"}}, {"type": "Feature", "geometry": {"type": "Polygon", "coordinates": [[[87.096, 26.328], [87.096, 26.322], [87.08800000000001, 26.317999999999998], [87.08800000000001, 26.314], [87.09, 26.308], [87.096, 26.308], [87.098, 26.304], [87.08800000000001, 26.302], [87.08800000000001, 26.305999999999997], [87.084, 26.308], [87.084, 26.299999999999997], [87.10000000000001, 26.302], [87.11200000000001, 26.299999999999997], [87.11, 26.311999999999998], [87.102, 26.304], [87.102, 26.316], [87.098, 26.317999999999998], [87.096, 26.328]]]}, "properties": {"class": "flood"}}, {"type": "Feature", "geometry": {"type": "Polygon", "coordinates": [[[87.342, 26.34], [87.336, 26.334], [87.33800000000001, 26.328], [87.342, 26.328], [87.34, 26.322], [87.346, 26.322], [87.35000000000001, 26.314], [87.354, 26.314], [87.35600000000001, 26.31], [87.352, 26.31], [87.354, 26.302], [87.348, 26.302], [87.348, 26.308], [87.34400000000001, 26.31], [87.33800000000001, 26.308], [87.34, 26.299999999999997], [87.364, 26.299999999999997], [87.36200000000001, 26.304], [87.366, 26.304], [87.366, 26.299999999999997], [87.39, 26.302], [87.398, 26.299999999999997], [87.396, 26.308], [87.404, 26.305999999999997], [87.404, 26.31], [87.392, 26.311999999999998], [87.392, 26.316], [87.398, 26.316], [87.396, 26.322], [87.39, 26.32], [87.39, 26.311999999999998], [87.384, 26.31], [87.386, 26.305999999999997], [87.382, 26.305999999999997], [87.38, 26.31], [87.384, 26.311999999999998], [87.382, 26.316], [87.374, 26.311999999999998], [87.376, 26.304], [87.372, 26.304], [87.372, 26.31], [87.37, 26.305999999999997], [87.36200000000001, 26.308], [87.36200000000001, 26.317999999999998], [87.35600000000001, 26.32], [87.35600000000001, 26.316], [87.352, 26.316], [87.354, 26.322], [87.35000000000001, 26.326], [87.35000000000001, 26.334], [87.346, 26.334], [87.342, 26.34]]]}, "properties": {"class": "flood"}}, {"type": "Feature", "geometry": {"type": "Polygon", "coordinates": [[[86.818, 26.323999999999998], [86.82000000000001, 26.317999999999998], [86.818, 26.317999999999998], [86.816, 26.31], [86.812, 26.311999999999998], [86.812, 26.305999999999997], [86.802, 26.305999999999997], [86.806, 26.299999999999997], [86.818, 26.299999999999997], [86.818, 26.304], [86.824, 26.305999999999997], [86.824, 26.317999999999998], [86.828, 26.317999999999998], [86.828, 26.322], [86.818, 26.323999999999998]], [[86.818, 26.314], [86.822, 26.314], [86.822, 26.311999999999998], [86.818, 26.311999999999998], [86.818, 26.314]]]}, "properties": {"class": "flood"}}, {"type": "Feature", "geometry": {"type": "Polygon", "coordinates": [[[86.834, 26.314], [86.834, 26.308], [86.824, 26.305999999999997], [86.824, 26.302], [86.83, 26.304], [86.83, 26.299999999999997], [86.83800000000001, 26.302], [86.84, 26.31], [86.836, 26.308], [86.834, 26.314]]]}, "properties": {"class": "flood"}}, {"type": "Feature", "geometry": {"type": "Polygon", "coordinates": [[[86.87, 26.308], [86.87, 26.299999999999997], [86.88, 26.302], [86.876, 26.304], [86.878, 26.308], [86.87, 26.308]]]}, "properties": {"class": "flood"}}, {"type": "Feature", "geometry": {"type": "Polygon", "coordinates": [[[87.158, 26.328], [87.156, 26.32], [87.152, 26.326], [87.148, 26.326], [87.152, 26.322], [87.154, 26.305999999999997], [87.148, 26.308], [87.15, 26.311999999999998], [87.146, 26.314], [87.142, 26.314], [87.146, 26.308], [87.136, 26.31], [87.13, 26.322], [87.128, 26.316], [87.13, 26.311999999999998], [87.134, 26.311999999999998], [87.134, 26.305999999999997], [87.13, 26.305999999999997], [87.128, 26.31], [87.126, 26.304], [87.13, 26.299999999999997], [87.146, 26.299999999999997], [87.148, 26.305999999999997], [87.152, 26.299999999999997], [87.174, 26.299999999999997], [87.174, 26.308], [87.17, 26.311999999999998], [87.164, 26.311999999999998], [87.164, 26.32], [87.158, 26.32], [87.158, 26.328]], [[87.154, 26.317999999999998], [87.158, 26.317999999999998], [87.158, 26.311999999999998], [87.154, 26.311999999999998], [87.154, 26.317999999999998]], [[87.16, 26.31], [87.17, 26.31], [87.17, 26.308], [87.164, 26.302], [87.16, 26.304], [87.16, 26.31]], [[87.134, 26.305999999999997], [87.138, 26.305999999999997], [87.138, 26.304], [87.134, 26.304], [87.134, 26.305999999999997]]]}, "properties": {"class": "flood"}}, {"type": "Feature", "geometry": {"type": "Polygon", "coordinates": [[[87.45400000000001, 26.323999999999998], [87.45400000000001, 26.32], [87.45, 26.32], [87.45, 26.314], [87.456, 26.305999999999997], [87.452, 26.304], [87.456, 26.299999999999997], [87.464, 26.299999999999997], [87.46600000000001, 26.304], [87.47, 26.304], [87.47, 26.31], [87.462, 26.31], [87.468, 26.322], [87.45400000000001, 26.323999999999998]]]}, "properties": {"class": "flood"}}, {"type": "Feature", "geometry": {"type": "Polygon", "coordinates": [[[86.092, 26.317999999999998], [86.08800000000001, 26.316], [86.08800000000001, 26.31], [86.07600000000001, 26.311999999999998], [86.074, 26.304], [86.078, 26.302], [86.084, 26.304], [86.084, 26.299999999999997], [86.096, 26.299999999999997], [86.10000000000001, 26.311999999999998], [86.096, 26.311999999999998], [86.096, 26.317999999999998], [86.092, 26.317999999999998]], [[86.08800000000001, 26.31], [86.09, 26.31], [86.09, 26.308], [86.08800000000001, 26.308], [86.08800000000001, 26.31]], [[86.078, 26.305999999999997], [86.08, 26.305999999999997], [86.08, 26.304], [86.078, 26.304], [86.078, 26.305999999999997]], [[86.09400000000001, 26.305999999999997], [86.096, 26.305999999999997], [86.096, 26.304], [86.09400000000001, 26.304], [86.09400000000001, 26.305999999999997]]]}, "properties": {"class": "flood"}}, {"type": "Feature", "geometry": {"type": "Polygon", "coordinates": [[[86.508, 26.316], [86.508, 26.31], [86.504, 26.314], [86.502, 26.299999999999997], [86.516, 26.299999999999997], [86.514, 26.308], [86.518, 26.314], [86.51, 26.311999999999998], [86.508, 26.316]], [[86.512, 26.311999999999998], [86.514, 26.311999999999998], [86.514, 26.31], [86.512, 26.31], [86.512, 26.311999999999998]], [[86.506, 26.308], [86.512, 26.305999999999997], [86.514, 26.302], [86.506, 26.302], [86.506, 26.308]]]}, "properties": {"class": "flood"}}, {"type": "Feature", "geometry": {"type": "Polygon", "coordinates": [[[86.53, 26.31], [86.528, 26.304], [86.524, 26.304], [86.524, 26.299999999999997], [86.54, 26.299999999999997], [86.538, 26.308], [86.534, 26.305999999999997], [86.53, 26.31]]]}, "properties": {"class": "flood"}}, {"type": "Feature", "geometry": {"type": "Polygon", "coordinates": [[[86.646, 26.304], [86.646, 26.299999999999997], [86.648, 26.299999999999997], [86.648, 26.304], [86.646, 26.304]]]}, "properties": {"class": "flood"}}, {"type": "Feature", "geometry": {"type": "Polygon", "coordinates": [[[86.654, 26.304], [86.654, 26.299999999999997], [86.656, 26.299999999999997], [86.656, 26.304], [86.654, 26.304]]]}, "properties": {"class": "flood"}}, {"type": "Feature", "geometry": {"type": "Polygon", "coordinates": [[[86.71600000000001, 26.304], [86.71600000000001, 26.299999999999997], [86.72200000000001, 26.299999999999997], [86.72, 26.304], [86.71600000000001, 26.304]]]}, "properties": {"class": "flood"}}, {"type": "Feature", "geometry": {"type": "Polygon", "coordinates": [[[86.76, 26.31], [86.758, 26.305999999999997], [86.75, 26.305999999999997], [86.748, 26.299999999999997], [86.76, 26.299999999999997], [86.764, 26.305999999999997], [86.76, 26.31]]]}, "properties": {"class": "flood"}}, {"type": "Feature", "geometry": {"type": "Polygon", "coordinates": [[[86.768, 26.31], [86.768, 26.304], [86.766, 26.299999999999997], [86.77, 26.299999999999997], [86.772, 26.308], [86.768, 26.31]]]}, "properties": {"class": "flood"}}, {"type": "Feature", "geometry": {"type": "Polygon", "coordinates": [[[86.934, 26.32], [86.938, 26.308], [86.932, 26.304], [86.932, 26.299999999999997], [86.94800000000001, 26.299999999999997], [86.94800000000001, 26.308], [86.94200000000001, 26.31], [86.94200000000001, 26.314], [86.946, 26.314], [86.946, 26.32], [86.934, 26.32]]]}, "properties": {"class": "flood"}}, {"type": "Feature", "geometry": {"type": "Polygon", "coordinates": [[[87.25, 26.305999999999997], [87.24600000000001, 26.304], [87.248, 26.299999999999997], [87.258, 26.299999999999997], [87.258, 26.304], [87.252, 26.302], [87.25, 26.305999999999997]]]}, "properties": {"class": "flood"}}, {"type": "Feature", "geometry": {"type": "Polygon", "coordinates": [[[86.122, 26.33], [86.124, 26.32], [86.12, 26.32], [86.12, 26.314], [86.116, 26.316], [86.11200000000001, 26.311999999999998], [86.114, 26.32], [86.108, 26.32], [86.104, 26.299999999999997], [86.122, 26.302], [86.11800000000001, 26.311999999999998], [86.126, 26.314], [86.128, 26.326], [86.126, 26.33], [86.122, 26.33]], [[86.114, 26.31], [86.116, 26.31], [86.116, 26.305999999999997], [86.11200000000001, 26.305999999999997], [86.114, 26.31]]]}, "properties": {"class": "flood"}}, {"type": "Feature", "geometry": {"type": "Polygon", "coordinates": [[[86.14, 26.302], [86.14, 26.299999999999997], [86.142, 26.299999999999997], [86.142, 26.302], [86.14, 26.302]]]}, "properties": {"class": "flood"}}, {"type": "Feature", "geometry": {"type": "Polygon", "coordinates": [[[86.168, 26.304], [86.164, 26.302], [86.164, 26.299999999999997], [86.172, 26.299999999999997], [86.172, 26.304], [86.168, 26.304]]]}, "properties": {"class": "flood"}}, {"type": "Feature", "geometry": {"type": "Polygon", "coordinates": [[[86.176, 26.302], [86.176, 26.299999999999997], [86.178, 26.299999999999997], [86.178, 26.302], [86.176, 26.302]]]}, "properties": {"class": "flood"}}, {"type": "Feature", "geometry": {"type": "Polygon", "coordinates": [[[86.182, 26.302], [86.182, 26.299999999999997], [86.184, 26.299999999999997], [86.184, 26.302], [86.182, 26.302]]]}, "properties": {"class": "flood"}}, {"type": "Feature", "geometry": {"type": "Polygon", "coordinates": [[[86.186, 26.302], [86.186, 26.299999999999997], [86.188, 26.299999999999997], [86.188, 26.302], [86.186, 26.302]]]}, "properties": {"class": "flood"}}, {"type": "Feature", "geometry": {"type": "Polygon", "coordinates": [[[86.21600000000001, 26.31], [86.21600000000001, 26.305999999999997], [86.21000000000001, 26.305999999999997], [86.202, 26.299999999999997], [86.218, 26.299999999999997], [86.21600000000001, 26.31]]]}, "properties": {"class": "flood"}}, {"type": "Feature", "geometry": {"type": "Polygon", "coordinates": [[[86.288, 26.302], [86.288, 26.299999999999997], [86.294, 26.299999999999997], [86.294, 26.302], [86.288, 26.302]]]}, "properties": {"class": "flood"}}, {"type": "Feature", "geometry": {"type": "Polygon", "coordinates": [[[86.296, 26.302], [86.296, 26.299999999999997], [86.298, 26.299999999999997], [86.298, 26.302], [86.296, 26.302]]]}, "properties": {"class": "flood"}}, {"type": "Feature", "geometry": {"type": "Polygon", "coordinates": [[[86.3, 26.302], [86.3, 26.299999999999997], [86.308, 26.299999999999997], [86.308, 26.302], [86.3, 26.302]]]}, "properties": {"class": "flood"}}, {"type": "Feature", "geometry": {"type": "Polygon", "coordinates": [[[86.382, 26.331999999999997], [86.378, 26.328], [86.378, 26.316], [86.386, 26.311999999999998], [86.384, 26.304], [86.376, 26.308], [86.378, 26.311999999999998], [86.374, 26.311999999999998], [86.376, 26.304], [86.372, 26.304], [86.36800000000001, 26.305999999999997], [86.36800000000001, 26.311999999999998], [86.364, 26.31], [86.364, 26.314], [86.35600000000001, 26.314], [86.35600000000001, 26.299999999999997], [86.36200000000001, 26.302], [86.392, 26.299999999999997], [86.394, 26.31], [86.388, 26.311999999999998], [86.39, 26.317999999999998], [86.38, 26.32], [86.38, 26.323999999999998], [86.384, 26.323999999999998], [86.386, 26.33], [86.382, 26.331999999999997]]]}, "properties": {"class": "flood"}}, {"type": "Feature", "geometry": {"type": "Polygon", "coordinates": [[[86.406, 26.311999999999998], [86.402, 26.302], [86.398, 26.299999999999997], [86.408, 26.299999999999997], [86.41, 26.31], [86.406, 26.311999999999998]]]}, "properties": {"class": "flood"}}, {"type": "Feature", "geometry": {"type": "Polygon", "coordinates": [[[86.47800000000001, 26.316], [86.48, 26.31], [86.476, 26.308], [86.48, 26.304], [86.474, 26.299999999999997], [86.482, 26.299999999999997], [86.48400000000001, 26.305999999999997], [86.482, 26.316], [86.47800000000001, 26.316]]]}, "properties": {"class": "flood"}}, {"type": "Feature", "geometry": {"type": "Polygon", "coordinates": [[[86.544, 26.337999999999997], [86.542, 26.331999999999997], [86.546, 26.33], [86.548, 26.322], [86.544, 26.322], [86.542, 26.317999999999998], [86.54, 26.304], [86.548, 26.305999999999997], [86.548, 26.302], [86.542, 26.299999999999997], [86.554, 26.299999999999997], [86.552, 26.304], [86.556, 26.314], [86.548, 26.316], [86.554, 26.32], [86.55, 26.322], [86.552, 26.33], [86.546, 26.331999999999997], [86.544, 26.337999999999997]]]}, "properties": {"class": "flood"}}, {"type": "Feature", "geometry": {"type": "Polygon", "coordinates": [[[86.578, 26.302], [86.578, 26.299999999999997], [86.58, 26.299999999999997], [86.58, 26.302], [86.578, 26.302]]]}, "properties": {"class": "flood"}}, {"type": "Feature", "geometry": {"type": "Polygon", "coordinates": [[[86.71000000000001, 26.304], [86.706, 26.302], [86.706, 26.299999999999997], [86.714, 26.302], [86.71000000000001, 26.304]]]}, "properties": {"class": "flood"}}, {"type": "Feature", "geometry": {"type": "Polygon", "coordinates": [[[86.742, 26.302], [86.742, 26.299999999999997], [86.744, 26.299999999999997], [86.744, 26.302], [86.742, 26.302]]]}, "properties": {"class": "flood"}}, {"type": "Feature", "geometry": {"type": "Polygon", "coordinates": [[[86.78, 26.302], [86.78, 26.299999999999997], [86.782, 26.299999999999997], [86.782, 26.302], [86.78, 26.302]]]}, "properties": {"class": "flood"}}, {"type": "Feature", "geometry": {"type": "Polygon", "coordinates": [[[86.786, 26.302], [86.786, 26.299999999999997], [86.788, 26.299999999999997], [86.788, 26.302], [86.786, 26.302]]]}, "properties": {"class": "flood"}}, {"type": "Feature", "geometry": {"type": "Polygon", "coordinates": [[[86.794, 26.302], [86.794, 26.299999999999997], [86.798, 26.299999999999997], [86.798, 26.302], [86.794, 26.302]]]}, "properties": {"class": "flood"}}, {"type": "Feature", "geometry": {"type": "Polygon", "coordinates": [[[86.86, 26.32], [86.85600000000001, 26.31], [86.852, 26.31], [86.85000000000001, 26.299999999999997], [86.854, 26.302], [86.86, 26.299999999999997], [86.86200000000001, 26.305999999999997], [86.86, 26.311999999999998], [86.86800000000001, 26.314], [86.86800000000001, 26.317999999999998], [86.86, 26.32]], [[86.85600000000001, 26.305999999999997], [86.858, 26.305999999999997], [86.858, 26.302], [86.85600000000001, 26.302], [86.85600000000001, 26.305999999999997]]]}, "properties": {"class": "flood"}}, {"type": "Feature", "geometry": {"type": "Polygon", "coordinates": [[[86.906, 26.311999999999998], [86.9, 26.299999999999997], [86.914, 26.299999999999997], [86.912, 26.308], [86.906, 26.311999999999998]], [[86.906, 26.308], [86.908, 26.308], [86.91, 26.302], [86.906, 26.302], [86.906, 26.308]]]}, "properties": {"class": "flood"}}, {"type": "Feature", "geometry": {"type": "Polygon", "coordinates": [[[87.016, 26.336], [87.02, 26.32], [87.016, 26.322], [87.016, 26.316], [87.008, 26.316], [87.012, 26.308], [87.014, 26.311999999999998], [87.018, 26.308], [87.012, 26.299999999999997], [87.03, 26.299999999999997], [87.036, 26.305999999999997], [87.036, 26.317999999999998], [87.032, 26.322], [87.026, 26.314], [87.024, 26.33], [87.016, 26.336]]]}, "properties": {"class": "flood"}}, {"type": "Feature", "geometry": {"type": "Polygon", "coordinates": [[[87.056, 26.34], [87.056, 26.334], [87.06, 26.334], [87.062, 26.33], [87.054, 26.328], [87.056, 26.32], [87.05, 26.32], [87.05, 26.311999999999998], [87.038, 26.299999999999997], [87.066, 26.299999999999997], [87.066, 26.31], [87.06400000000001, 26.314], [87.06, 26.314], [87.06400000000001, 26.317999999999998], [87.058, 26.323999999999998], [87.058, 26.326], [87.06400000000001, 26.323999999999998], [87.066, 26.33], [87.06400000000001, 26.336], [87.056, 26.34]]]}, "properties": {"class": "flood"}}, {"type": "Feature", "geometry": {"type": "Polygon", "coordinates": [[[87.074, 26.304], [87.072, 26.299999999999997], [87.078, 26.299999999999997], [87.078, 26.304], [87.074, 26.304]]]}, "properties": {"class": "flood"}}, {"type": "Feature", "geometry": {"type": "Polygon", "coordinates": [[[87.11800000000001, 26.323999999999998], [87.116, 26.316], [87.11, 26.317999999999998], [87.11200000000001, 26.31], [87.116, 26.31], [87.114, 26.299999999999997], [87.12, 26.299999999999997], [87.122, 26.308], [87.122, 26.323999999999998], [87.11800000000001, 26.323999999999998]]]}, "properties": {"class": "flood"}}, {"type": "Feature", "geometry": {"type": "Polygon", "coordinates": [[[87.176, 26.316], [87.176, 26.305999999999997], [87.18, 26.299999999999997], [87.196, 26.299999999999997], [87.194, 26.304], [87.19800000000001, 26.308], [87.196, 26.316], [87.19, 26.316], [87.19200000000001, 26.311999999999998], [87.19, 26.308], [87.184, 26.308], [87.182, 26.314], [87.178, 26.311999999999998], [87.176, 26.316]], [[87.18, 26.305999999999997], [87.184, 26.305999999999997], [87.184, 26.302], [87.18, 26.302], [87.18, 26.305999999999997]]]}, "properties": {"class": "flood"}}, {"type": "Feature", "geometry": {"type": "Polygon", "coordinates": [[[87.20400000000001, 26.302], [87.20400000000001, 26.299999999999997], [87.208, 26.299999999999997], [87.208, 26.302], [87.20400000000001, 26.302]]]}, "properties": {"class": "flood"}}, {"type": "Feature", "geometry": {"type": "Polygon", "coordinates": [[[87.244, 26.302], [87.244, 26.299999999999997], [87.24600000000001, 26.299999999999997], [87.24600000000001, 26.302], [87.244, 26.302]]]}, "properties": {"class": "flood"}}]}