{"type": "FeatureCollection", "features": [{"type": "Feature", "geometry": {"type": "Polygon", "coordinates": [[[85.4566, 27.92269], [85.4566, 27.92069], [85.4586, 27.92069], [85.4586, 27.92269], [85.4566, 27.92269]]]}, "properties": {"class": "flood"}}, {"type": "Feature", "geometry": {"type": "Polygon", "coordinates": [[[85.0846, 27.92269], [85.0846, 27.91869], [85.0866, 27.91869], [85.0866, 27.92269], [85.0846, 27.92269]]]}, "properties": {"class": "flood"}}, {"type": "Feature", "geometry": {"type": "Polygon", "coordinates": [[[85.0966, 27.92269], [85.0966, 27.91869], [85.0986, 27.91869], [85.0986, 27.92269], [85.0966, 27.92269]]]}, "properties": {"class": "flood"}}, {"type": "Feature", "geometry": {"type": "Polygon", "coordinates": [[[85.1046, 27.92269], [85.1046, 27.91869], [85.1106, 27.91869], [85.1106, 27.92069], [85.1046, 27.92269]]]}, "properties": {"class": "flood"}}, {"type": "Feature", "geometry": {"type": "Polygon", "coordinates": [[[85.4546, 27.92069], [85.4546, 27.91869], [85.4566, 27.91869], [85.4566, 27.92069], [85.4546, 27.92069]]]}, "properties": {"class": "flood"}}, {"type": "Feature", "geometry": {"type": "Polygon", "coordinates": [[[85.0886, 27.92069], [85.0886, 27.91669], [85.0926, 27.91669], [85.0926, 27.92069], [85.0886, 27.92069]]]}, "properties": {"class": "flood"}}, {"type": "Feature", "geometry": {"type": "Polygon", "coordinates": [[[85.4846, 27.91869], [85.4866, 27.91269], [85.4886, 27.91269], [85.4906, 27.91669], [85.4846, 27.91869]]]}, "properties": {"class": "flood"}}, {"type": "Feature", "geometry": {"type": "Polygon", "coordinates": [[[85.4766, 27.91669], [85.4766, 27.91469], [85.4746, 27.91269], [85.4786, 27.91269], [85.4766, 27.91669]]]}, "properties": {"class": "flood"}}, {"type": "Feature", "geometry": {"type": "Polygon", "coordinates": [[[85.4886, 27.91269], [85.4886, 27.910690000000002], [85.4906, 27.910690000000002], [85.4906, 27.91269], [85.4886, 27.91269]]]}, "properties": {"class": "flood"}}, {"type": "Feature", "geometry": {"type": "Polygon", "coordinates": [[[85.4926, 27.91269], [85.4926, 27.910690000000002], [85.4946, 27.910690000000002], [85.4946, 27.91269], [85.4926, 27.91269]]]}, "properties": {"class": "flood"}}, {"type": "Feature", "geometry": {"type": "Polygon", "coordinates": [[[85.3326, 27.91269], [85.3326, 27.90669], [85.3366, 27.90669], [85.3366, 27.910690000000002], [85.3326, 27.91269]]]}, "properties": {"class": "flood"}}, {"type": "Feature", "geometry": {"type": "Polygon", "coordinates": [[[85.3746, 27.90669], [85.3746, 27.904690000000002], [85.3766, 27.904690000000002], [85.3766, 27.90669], [85.3746, 27.90669]]]}, "properties": {"class": "flood"}}, {"type": "Feature", "geometry": {"type": "Polygon", "coordinates": [[[85.4046, 27.90669], [85.4046, 27.904690000000002], [85.40859999999999, 27.904690000000002], [85.40859999999999, 27.90669], [85.4046, 27.90669]]]}, "properties": {"class": "flood"}}, {"type": "Feature", "geometry": {"type": "Polygon", "coordinates": [[[85.4326, 27.90669], [85.4326, 27.90269], [85.4346, 27.90269], [85.4346, 27.90669], [85.4326, 27.90669]]]}, "properties": {"class": "flood"}}, {"type": "Feature", "geometry": {"type": "Polygon", "coordinates": [[[85.0926, 27.904690000000002], [85.0926, 27.90269], [85.0966, 27.90269], [85.0966, 27.904690000000002], [85.0926, 27.904690000000002]]]}, "properties": {"class": "flood"}}, {"type": "Feature", "geometry": {"type": "Polygon", "coordinates": [[[85.3506, 27.904690000000002], [85.3506, 27.90069], [85.3526, 27.90069], [85.3526, 27.904690000000002], [85.3506, 27.904690000000002]]]}, "properties": {"class": "flood"}}, {"type": "Feature", "geometry": {"type": "Polygon", "coordinates": [[[85.5086, 27.90669], [85.5066, 27.90069], [85.5146, 27.90269], [85.5146, 27.90669], [85.5086, 27.90669]]]}, "properties": {"class": "flood"}}, {"type": "Feature", "geometry": {"type": "Polygon", "coordinates": [[[85.4046, 27.90269], [85.4046, 27.90069], [85.40859999999999, 27.90069], [85.40859999999999, 27.90269], [85.4046, 27.90269]]]}, "properties": {"class": "flood"}}, {"type": "Feature", "geometry": {"type": "Polygon", "coordinates": [[[85.4306, 27.90269], [85.4306, 27.90069], [85.4326, 27.90069], [85.4326, 27.90269], [85.4306, 27.90269]]]}, "properties": {"class": "flood"}}, {"type": "Feature", "geometry": {"type": "Polygon", "coordinates": [[[85.2946, 27.90069], [85.2946, 27.898690000000002], [85.2966, 27.898690000000002], [85.2966, 27.90069], [85.2946, 27.90069]]]}, "properties": {"class": "flood"}}, {"type": "Feature", "geometry": {"type": "Polygon", "coordinates": [[[85.3406, 27.898690000000002], [85.3406, 27.89669], [85.3426, 27.89669], [85.3426, 27.898690000000002], [85.3406, 27.898690000000002]]]}, "properties": {"class": "flood"}}, {"type": "Feature", "geometry": {"type": "Polygon", "coordinates": [[[85.3766, 27.904690000000002], [85.3806, 27.90069], [85.3786, 27.89669], [85.38459999999999, 27.89669], [85.3826, 27.904690000000002], [85.3766, 27.904690000000002]]]}, "properties": {"class": "flood"}}, {"type": "Feature", "geometry": {"type": "Polygon", "coordinates": [[[85.3486, 27.90069], [85.3486, 27.89469], [85.3506, 27.89469], [85.3506, 27.90069], [85.3486, 27.90069]]]}, "properties": {"class": "flood"}}, {"type": "Feature", "geometry": {"type": "Polygon", "coordinates": [[[85.4746, 27.89669], [85.4746, 27.89469], [85.4786, 27.89269], [85.4786, 27.89669], [85.4746, 27.89669]]]}, "properties": {"class": "flood"}}, {"type": "Feature", "geometry": {"type": "Polygon", "coordinates": [[[85.5286, 27.89469], [85.5286, 27.89069], [85.53059999999999, 27.89069], [85.53059999999999, 27.89469], [85.5286, 27.89469]]]}, "properties": {"class": "flood"}}, {"type": "Feature", "geometry": {"type": "Polygon", "coordinates": [[[85.3446, 27.898690000000002], [85.3446, 27.88869], [85.3486, 27.88869], [85.3506, 27.89269], [85.3446, 27.898690000000002]]]}, "properties": {"class": "flood"}}, {"type": "Feature", "geometry": {"type": "Polygon", "coordinates": [[[85.2966, 27.89469], [85.2986, 27.88869], [85.3026, 27.88869], [85.3006, 27.89469], [85.2966, 27.89469]]]}, "properties": {"class": "flood"}}, {"type": "Feature", "geometry": {"type": "Polygon", "coordinates": [[[85.3806, 27.89269], [85.3806, 27.88869], [85.38459999999999, 27.88869], [85.38459999999999, 27.89269], [85.3806, 27.89269]]]}, "properties": {"class": "flood"}}, {"type": "Feature", "geometry": {"type": "Polygon", "coordinates": [[[85.2766, 27.89069], [85.2766, 27.88869], [85.2786, 27.88869], [85.2786, 27.89069], [85.2766, 27.89069]]]}, "properties": {"class": "flood"}}, {"type": "Feature", "geometry": {"type": "Polygon", "coordinates": [[[85.3106, 27.89669], [85.3106, 27.88669], [85.3126, 27.88669], [85.3146, 27.89469], [85.3106, 27.89669]]]}, "properties": {"class": "flood"}}, {"type": "Feature", "geometry": {"type": "Polygon", "coordinates": [[[85.3746, 27.89069], [85.3746, 27.88669], [85.3786, 27.88869], [85.3786, 27.89069], [85.3746, 27.89069]]]}, "properties": {"class": "flood"}}, {"type": "Feature", "geometry": {"type": "Polygon", "coordinates": [[[85.3626, 27.88869], [85.3626, 27.88669], [85.3646, 27.88669], [85.3646, 27.88869], [85.3626, 27.88869]]]}, "properties": {"class": "flood"}}, {"type": "Feature", "geometry": {"type": "Polygon", "coordinates": [[[85.3786, 27.88869], [85.3786, 27.88669], [85.3806, 27.88669], [85.3806, 27.88869], [85.3786, 27.88869]]]}, "properties": {"class": "flood"}}, {"type": "Feature", "geometry": {"type": "Polygon", "coordinates": [[[85.3186, 27.88869], [85.3186, 27.88469], [85.3206, 27.88469], [85.3206, 27.88869], [85.3186, 27.88869]]]}, "properties": {"class": "flood"}}, {"type": "Feature", "geometry": {"type": "Polygon", "coordinates": [[[85.3226, 27.88869], [85.3226, 27.88469], [85.3246, 27.88469], [85.3246, 27.88869], [85.3226, 27.88869]]]}, "properties": {"class": "flood"}}, {"type": "Feature", "geometry": {"type": "Polygon", "coordinates": [[[85.3386, 27.88669], [85.3386, 27.88469], [85.3406, 27.88469], [85.3406, 27.88669], [85.3386, 27.88669]]]}, "properties": {"class": "flood"}}, {"type": "Feature", "geometry": {"type": "Polygon", "coordinates": [[[85.39659999999999, 27.88669], [85.39659999999999, 27.88469], [85.3986, 27.88469], [85.3986, 27.88669], [85.39659999999999, 27.88669]]]}, "properties": {"class": "flood"}}, {"type": "Feature", "geometry": {"type": "Polygon", "coordinates": [[[85.5586, 27.88669], [85.5586, 27.88469], [85.5606, 27.88469], [85.5606, 27.88669], [85.5586, 27.88669]]]}, "properties": {"class": "flood"}}, {"type": "Feature", "geometry": {"type": "Polygon", "coordinates": [[[85.5626, 27.88669], [85.5626, 27.88469], [85.5666, 27.88469], [85.5666, 27.88669], [85.5626, 27.88669]]]}, "properties": {"class": "flood"}}, {"type": "Feature", "geometry": {"type": "Polygon", "coordinates": [[[85.3306, 27.88669], [85.3306, 27.88269], [85.3326, 27.88269], [85.3326, 27.88669], [85.3306, 27.88669]]]}, "properties": {"class": "flood"}}, {"type": "Feature", "geometry": {"type": "Polygon", "coordinates": [[[85.3366, 27.88469], [85.3366, 27.88269], [85.3386, 27.88269], [85.3386, 27.88469], [85.3366, 27.88469]]]}, "properties": {"class": "flood"}}, {"type": "Feature", "geometry": {"type": "Polygon", "coordinates": [[[85.3406, 27.88469], [85.3406, 27.88269], [85.3426, 27.88269], [85.3426, 27.88469], [85.3406, 27.88469]]]}, "properties": {"class": "flood"}}, {"type": "Feature", "geometry": {"type": "Polygon", "coordinates": [[[85.3946, 27.88469], [85.3946, 27.88269], [85.39659999999999, 27.88269], [85.39659999999999, 27.88469], [85.3946, 27.88469]]]}, "properties": {"class": "flood"}}, {"type": "Feature", "geometry": {"type": "Polygon", "coordinates": [[[85.4466, 27.88469], [85.4466, 27.88269], [85.4486, 27.88269], [85.4486, 27.88469], [85.4466, 27.88469]]]}, "properties": {"class": "flood"}}, {"type": "Feature", "geometry": {"type": "Polygon", "coordinates": [[[85.4626, 27.88469], [85.4626, 27.88269], [85.4646, 27.88269], [85.4646, 27.88469], [85.4626, 27.88469]]]}, "properties": {"class": "flood"}}, {"type": "Feature", "geometry": {"type": "Polygon", "coordinates": [[[85.5666, 27.88469], [85.5666, 27.88269], [85.5686, 27.88269], [85.5686, 27.88469], [85.5666, 27.88469]]]}, "properties": {"class": "flood"}}, {"type": "Feature", "geometry": {"type": "Polygon", "coordinates": [[[85.4706, 27.88669], [85.4706, 27.88269], [85.4746, 27.88069], [85.4746, 27.88469], [85.4706, 27.88669]]]}, "properties": {"class": "flood"}}, {"type": "Feature", "geometry": {"type": "Polygon", "coordinates": [[[85.4046, 27.88469], [85.4066, 27.88069], [85.4106, 27.88069], [85.4106, 27.88469], [85.4046, 27.88469]]]}, "properties": {"class": "flood"}}, {"type": "Feature", "geometry": {"type": "Polygon", "coordinates": [[[85.3126, 27.88269], [85.3126, 27.88069], [85.3146, 27.88069], [85.3146, 27.88269], [85.3126, 27.88269]]]}, "properties": {"class": "flood"}}, {"type": "Feature", "geometry": {"type": "Polygon", "coordinates": [[[85.3386, 27.88269], [85.3386, 27.88069], [85.3406, 27.88069], [85.3406, 27.88269], [85.3386, 27.88269]]]}, "properties": {"class": "flood"}}, {"type": "Feature", "geometry": {"type": "Polygon", "coordinates": [[[85.40259999999999, 27.88269], [85.40259999999999, 27.88069], [85.4046, 27.88069], [85.4046, 27.88269], [85.40259999999999, 27.88269]]]}, "properties": {"class": "flood"}}, {"type": "Feature", "geometry": {"type": "Polygon", "coordinates": [[[85.4446, 27.88269], [85.4446, 27.88069], [85.4466, 27.88069], [85.4466, 27.88269], [85.4446, 27.88269]]]}, "properties": {"class": "flood"}}, {"type": "Feature", "geometry": {"type": "Polygon", "coordinates": [[[85.4646, 27.88269], [85.4646, 27.88069], [85.4666, 27.88069], [85.4666, 27.88269], [85.4646, 27.88269]]]}, "properties": {"class": "flood"}}, {"type": "Feature", "geometry": {"type": "Polygon", "coordinates": [[[85.2966, 27.88469], [85.2966, 27.878690000000002], [85.2986, 27.878690000000002], [85.3006, 27.88469], [85.2966, 27.88469]]]}, "properties": {"class": "flood"}}, {"type": "Feature", "geometry": {"type": "Polygon", "coordinates": [[[85.3606, 27.88269], [85.3606, 27.878690000000002], [85.3626, 27.878690000000002], [85.3646, 27.88269], [85.3606, 27.88269]]]}, "properties": {"class": "flood"}}, {"type": "Feature", "geometry": {"type": "Polygon", "coordinates": [[[85.4406, 27.88669], [85.4346, 27.88469], [85.4326, 27.88069], [85.4426, 27.88069], [85.4406, 27.88669]]]}, "properties": {"class": "flood"}}, {"type": "Feature", "geometry": {"type": "Polygon", "coordinates": [[[85.3146, 27.88069], [85.3146, 27.878690000000002], [85.3166, 27.878690000000002], [85.3166, 27.88069], [85.3146, 27.88069]]]}, "properties": {"class": "flood"}}, {"type": "Feature", "geometry": {"type": "Polygon", "coordinates": [[[85.3366, 27.88069], [85.3366, 27.878690000000002], [85.3386, 27.878690000000002], [85.3386, 27.88069], [85.3366, 27.88069]]]}, "properties": {"class": "flood"}}, {"type": "Feature", "geometry": {"type": "Polygon", "coordinates": [[[85.4306, 27.88069], [85.4306, 27.878690000000002], [85.4326, 27.878690000000002], [85.4326, 27.88069], [85.4306, 27.88069]]]}, "properties": {"class": "flood"}}, {"type": "Feature", "geometry": {"type": "Polygon", "coordinates": [[[85.4546, 27.88069], [85.4546, 27.878690000000002], [85.4566, 27.878690000000002], [85.4566, 27.88069], [85.4546, 27.88069]]]}, "properties": {"class": "flood"}}, {"type": "Feature", "geometry": {"type": "Polygon", "coordinates": [[[85.4826, 27.88069], [85.4826, 27.878690000000002], [85.4846, 27.878690000000002], [85.4846, 27.88069], [85.4826, 27.88069]]]}, "properties": {"class": "flood"}}, {"type": "Feature", "geometry": {"type": "Polygon", "coordinates": [[[85.4946, 27.88069], [85.4946, 27.878690000000002], [85.4966, 27.878690000000002], [85.4966, 27.88069], [85.4946, 27.88069]]]}, "properties": {"class": "flood"}}, {"type": "Feature", "geometry": {"type": "Polygon", "coordinates": [[[85.4586, 27.88069], [85.4586, 27.87669], [85.4626, 27.87669], [85.4626, 27.88069], [85.4586, 27.88069]]]}, "properties": {"class": "flood"}}, {"type": "Feature", "geometry": {"type": "Polygon", "coordinates": [[[85.3386, 27.878690000000002], [85.3386, 27.87669], [85.3406, 27.87669], [85.3406, 27.878690000000002], [85.3386, 27.878690000000002]]]}, "properties": {"class": "flood"}}, {"type": "Feature", "geometry": {"type": "Polygon", "coordinates": [[[85.4326, 27.878690000000002], [85.4326, 27.87669], [85.4346, 27.87669], [85.4346, 27.878690000000002], [85.4326, 27.878690000000002]]]}, "properties": {"class": "flood"}}, {"type": "Feature", "geometry": {"type": "Polygon", "coordinates": [[[85.4526, 27.878690000000002], [85.4526, 27.87669], [85.4546, 27.87669], [85.4546, 27.878690000000002], [85.4526, 27.878690000000002]]]}, "properties": {"class": "flood"}}, {"type": "Feature", "geometry": {"type": "Polygon", "coordinates": [[[85.4806, 27.878690000000002], [85.4806, 27.87669], [85.4826, 27.87669], [85.4826, 27.878690000000002], [85.4806, 27.878690000000002]]]}, "properties": {"class": "flood"}}, {"type": "Feature", "geometry": {"type": "Polygon", "coordinates": [[[85.4206, 27.878690000000002], [85.4206, 27.87669], [85.4246, 27.87469], [85.4246, 27.878690000000002], [85.4206, 27.878690000000002]]]}, "properties": {"class": "flood"}}, {"type": "Feature", "geometry": {"type": "Polygon", "coordinates": [[[85.4926, 27.878690000000002], [85.4926, 27.87469], [85.4946, 27.87469], [85.4946, 27.878690000000002], [85.4926, 27.878690000000002]]]}, "properties": {"class": "flood"}}, {"type": "Feature", "geometry": {"type": "Polygon", "coordinates": [[[85.5206, 27.878690000000002], [85.5206, 27.87469], [85.5226, 27.87469], [85.5226, 27.878690000000002], [85.5206, 27.878690000000002]]]}, "properties": {"class": "flood"}}, {"type": "Feature", "geometry": {"type": "Polygon", "coordinates": [[[85.53059999999999, 27.878690000000002], [85.53059999999999, 27.87469], [85.5326, 27.87469], [85.5326, 27.878690000000002], [85.53059999999999, 27.878690000000002]]]}, "properties": {"class": "flood"}}, {"type": "Feature", "geometry": {"type": "Polygon", "coordinates": [[[85.4866, 27.87669], [85.4866, 27.872690000000002], [85.4906, 27.872690000000002], [85.4906, 27.87669], [85.4866, 27.87669]]]}, "properties": {"class": "flood"}}, {"type": "Feature", "geometry": {"type": "Polygon", "coordinates": [[[85.5146, 27.87669], [85.5146, 27.872690000000002], [85.5166, 27.872690000000002], [85.5166, 27.87669], [85.5146, 27.87669]]]}, "properties": {"class": "flood"}}, {"type": "Feature", "geometry": {"type": "Polygon", "coordinates": [[[85.40259999999999, 27.87469], [85.40259999999999, 27.872690000000002], [85.4046, 27.872690000000002], [85.4046, 27.87469], [85.40259999999999, 27.87469]]]}, "properties": {"class": "flood"}}, {"type": "Feature", "geometry": {"type": "Polygon", "coordinates": [[[85.5086, 27.87469], [85.5086, 27.87069], [85.5106, 27.87069], [85.5106, 27.87469], [85.5086, 27.87469]]]}, "properties": {"class": "flood"}}, {"type": "Feature", "geometry": {"type": "Polygon", "coordinates": [[[85.4526, 27.86869], [85.4546, 27.86469], [85.4586, 27.866690000000002], [85.4586, 27.86869], [85.4526, 27.86869]]]}, "properties": {"class": "flood"}}, {"type": "Feature", "geometry": {"type": "Polygon", "coordinates": [[[85.4666, 27.866690000000002], [85.4666, 27.86269], [85.4686, 27.86269], [85.4686, 27.866690000000002], [85.4666, 27.866690000000002]]]}, "properties": {"class": "flood"}}, {"type": "Feature", "geometry": {"type": "Polygon", "coordinates": [[[85.5646, 27.866690000000002], [85.5666, 27.86269], [85.5686, 27.86269], [85.5686, 27.866690000000002], [85.5646, 27.866690000000002]]]}, "properties": {"class": "flood"}}, {"type": "Feature", "geometry": {"type": "Polygon", "coordinates": [[[85.4246, 27.86469], [85.4246, 27.86269], [85.4266, 27.86269], [85.4266, 27.86469], [85.4246, 27.86469]]]}, "properties": {"class": "flood"}}, {"type": "Feature", "geometry": {"type": "Polygon", "coordinates": [[[85.4446, 27.86469], [85.4446, 27.86269], [85.4466, 27.86269], [85.4466, 27.86469], [85.4446, 27.86469]]]}, "properties": {"class": "flood"}}, {"type": "Feature", "geometry": {"type": "Polygon", "coordinates": [[[85.4786, 27.86469], [85.4786, 27.86269], [85.4826, 27.86269], [85.4826, 27.86469], [85.4786, 27.86469]]]}, "properties": {"class": "flood"}}, {"type": "Feature", "geometry": {"type": "Polygon", "coordinates": [[[85.4266, 27.86269], [85.4266, 27.86069], [85.4286, 27.86069], [85.4286, 27.86269], [85.4266, 27.86269]]]}, "properties": {"class": "flood"}}, {"type": "Feature", "geometry": {"type": "Polygon", "coordinates": [[[85.4466, 27.86269], [85.4466, 27.86069], [85.4486, 27.86069], [85.4486, 27.86269], [85.4466, 27.86269]]]}, "properties": {"class": "flood"}}, {"type": "Feature", "geometry": {"type": "Polygon", "coordinates": [[[85.5646, 27.85869], [85.5646, 27.85669], [85.5666, 27.85669], [85.5666, 27.85869], [85.5646, 27.85869]]]}, "properties": {"class": "flood"}}, {"type": "Feature", "geometry": {"type": "Polygon", "coordinates": [[[85.52459999999999, 27.85869], [85.52459999999999, 27.85669], [85.5286, 27.85469], [85.5286, 27.85869], [85.52459999999999, 27.85869]]]}, "properties": {"class": "flood"}}, {"type": "Feature", "geometry": {"type": "Polygon", "coordinates": [[[85.5326, 27.85869], [85.5326, 27.85469], [85.5346, 27.85469], [85.5346, 27.85869], [85.5326, 27.85869]]]}, "properties": {"class": "flood"}}, {"type": "Feature", "geometry": {"type": "Polygon", "coordinates": [[[85.1886, 27.85469], [85.1886, 27.84869], [85.1926, 27.84869], [85.1946, 27.85269], [85.1886, 27.85469]]]}, "properties": {"class": "flood"}}, {"type": "Feature", "geometry": {"type": "Polygon", "coordinates": [[[85.3526, 27.85069], [85.3526, 27.84869], [85.3546, 27.84869], [85.3546, 27.85069], [85.3526, 27.85069]]]}, "properties": {"class": "flood"}}, {"type": "Feature", "geometry": {"type": "Polygon", "coordinates": [[[85.2266, 27.85069], [85.2286, 27.846690000000002], [85.2326, 27.84869], [85.2326, 27.85069], [85.2266, 27.85069]]]}, "properties": {"class": "flood"}}, {"type": "Feature", "geometry": {"type": "Polygon", "coordinates": [[[85.3546, 27.84869], [85.3546, 27.846690000000002], [85.3566, 27.846690000000002], [85.3566, 27.84869], [85.3546, 27.84869]]]}, "properties": {"class": "flood"}}, {"type": "Feature", "geometry": {"type": "Polygon", "coordinates": [[[85.3726, 27.84869], [85.3726, 27.846690000000002], [85.3746, 27.846690000000002], [85.3746, 27.84869], [85.3726, 27.84869]]]}, "properties": {"class": "flood"}}, {"type": "Feature", "geometry": {"type": "Polygon", "coordinates": [[[85.4626, 27.85069], [85.4606, 27.846690000000002], [85.4666, 27.84469], [85.4666, 27.84869], [85.4626, 27.85069]]]}, "properties": {"class": "flood"}}, {"type": "Feature", "geometry": {"type": "Polygon", "coordinates": [[[85.5086, 27.846690000000002], [85.5086, 27.84469], [85.5106, 27.84469], [85.5106, 27.846690000000002], [85.5086, 27.846690000000002]]]}, "properties": {"class": "flood"}}, {"type": "Feature", "geometry": {"type": "Polygon", "coordinates": [[[85.4706, 27.846690000000002], [85.4706, 27.84269], [85.4726, 27.84269], [85.4726, 27.846690000000002], [85.4706, 27.846690000000002]]]}, "properties": {"class": "flood"}}, {"type": "Feature", "geometry": {"type": "Polygon", "coordinates": [[[85.4906, 27.846690000000002], [85.4906, 27.84269], [85.4926, 27.84269], [85.4926, 27.846690000000002], [85.4906, 27.846690000000002]]]}, "properties": {"class": "flood"}}, {"type": "Feature", "geometry": {"type": "Polygon", "coordinates": [[[85.4946, 27.846690000000002], [85.4946, 27.84269], [85.4966, 27.84269], [85.4966, 27.846690000000002], [85.4946, 27.846690000000002]]]}, "properties": {"class": "flood"}}, {"type": "Feature", "geometry": {"type": "Polygon", "coordinates": [[[85.2886, 27.84469], [85.2886, 27.84269], [85.2906, 27.84269], [85.2906, 27.84469], [85.2886, 27.84469]]]}, "properties": {"class": "flood"}}, {"type": "Feature", "geometry": {"type": "Polygon", "coordinates": [[[85.4746, 27.84469], [85.4746, 27.84269], [85.4766, 27.84269], [85.4766, 27.84469], [85.4746, 27.84469]]]}, "properties": {"class": "flood"}}, {"type": "Feature", "geometry": {"type": "Polygon", "coordinates": [[[85.5226, 27.84469], [85.5226, 27.84269], [85.5266, 27.84269], [85.5266, 27.84469], [85.5226, 27.84469]]]}, "properties": {"class": "flood"}}, {"type": "Feature", "geometry": {"type": "Polygon", "coordinates": [[[85.3926, 27.846690000000002], [85.39059999999999, 27.84269], [85.3946, 27.840690000000002], [85.3946, 27.846690000000002], [85.3926, 27.846690000000002]]]}, "properties": {"class": "flood"}}, {"type": "Feature", "geometry": {"type": "Polygon", "coordinates": [[[85.1306, 27.84269], [85.1306, 27.840690000000002], [85.1326, 27.840690000000002], [85.1326, 27.84269], [85.1306, 27.84269]]]}, "properties": {"class": "flood"}}, {"type": "Feature", "geometry": {"type": "Polygon", "coordinates": [[[85.4726, 27.84269], [85.4726, 27.840690000000002], [85.4746, 27.840690000000002], [85.4746, 27.84269], [85.4726, 27.84269]]]}, "properties": {"class": "flood"}}, {"type": "Feature", "geometry": {"type": "Polygon", "coordinates": [[[85.4766, 27.84269], [85.4766, 27.840690000000002], [85.4786, 27.840690000000002], [85.4786, 27.84269], [85.4766, 27.84269]]]}, "properties": {"class": "flood"}}, {"type": "Feature", "geometry": {"type": "Polygon", "coordinates": [[[85.4886, 27.84269], [85.4886, 27.840690000000002], [85.4906, 27.840690000000002], [85.4906, 27.84269], [85.4886, 27.84269]]]}, "properties": {"class": "flood"}}, {"type": "Feature", "geometry": {"type": "Polygon", "coordinates": [[[85.3506, 27.84269], [85.3506, 27.83869], [85.3546, 27.840690000000002], [85.3546, 27.84269], [85.3506, 27.84269]]]}, "properties": {"class": "flood"}}, {"type": "Feature", "geometry": {"type": "Polygon", "coordinates": [[[85.2366, 27.84269], [85.2346, 27.83869], [85.2406, 27.83869], [85.2386, 27.84269], [85.2366, 27.84269]]]}, "properties": {"class": "flood"}}, {"type": "Feature", "geometry": {"type": "Polygon", "coordinates": [[[85.26259999999999, 27.840690000000002], [85.26259999999999, 27.83869], [85.2666, 27.83669], [85.2666, 27.840690000000002], [85.26259999999999, 27.840690000000002]]]}, "properties": {"class": "flood"}}, {"type": "Feature", "geometry": {"type": "Polygon", "coordinates": [[[85.2906, 27.84269], [85.2886, 27.840690000000002], [85.2886, 27.83669], [85.2926, 27.83869], [85.2906, 27.84269]]]}, "properties": {"class": "flood"}}, {"type": "Feature", "geometry": {"type": "Polygon", "coordinates": [[[85.5106, 27.83869], [85.5106, 27.83669], [85.51259999999999, 27.83669], [85.51259999999999, 27.83869], [85.5106, 27.83869]]]}, "properties": {"class": "flood"}}, {"type": "Feature", "geometry": {"type": "Polygon", "coordinates": [[[85.5046, 27.840690000000002], [85.5046, 27.834690000000002], [85.5106, 27.834690000000002], [85.5066, 27.840690000000002], [85.5046, 27.840690000000002]]]}, "properties": {"class": "flood"}}, {"type": "Feature", "geometry": {"type": "Polygon", "coordinates": [[[85.1646, 27.83669], [85.1646, 27.834690000000002], [85.1666, 27.834690000000002], [85.1666, 27.83669], [85.1646, 27.83669]]]}, "properties": {"class": "flood"}}, {"type": "Feature", "geometry": {"type": "Polygon", "coordinates": [[[85.1966, 27.83669], [85.1966, 27.834690000000002], [85.2006, 27.834690000000002], [85.2006, 27.83669], [85.1966, 27.83669]]]}, "properties": {"class": "flood"}}, {"type": "Feature", "geometry": {"type": "Polygon", "coordinates": [[[85.3946, 27.83869], [85.3946, 27.83669], [85.3926, 27.834690000000002], [85.39659999999999, 27.834690000000002], [85.3946, 27.83869]]]}, "properties": {"class": "flood"}}, {"type": "Feature", "geometry": {"type": "Polygon", "coordinates": [[[85.1026, 27.83669], [85.1026, 27.83269], [85.1066, 27.83269], [85.1046, 27.83669], [85.1026, 27.83669]]]}, "properties": {"class": "flood"}}, {"type": "Feature", "geometry": {"type": "Polygon", "coordinates": [[[85.1666, 27.834690000000002], [85.1666, 27.83269], [85.1686, 27.83269], [85.1686, 27.834690000000002], [85.1666, 27.834690000000002]]]}, "properties": {"class": "flood"}}, {"type": "Feature", "geometry": {"type": "Polygon", "coordinates": [[[85.5006, 27.834690000000002], [85.5006, 27.83269], [85.5026, 27.83269], [85.5026, 27.834690000000002], [85.5006, 27.834690000000002]]]}, "properties": {"class": "flood"}}, {"type": "Feature", "geometry": {"type": "Polygon", "coordinates": [[[85.51859999999999, 27.83669], [85.5166, 27.834690000000002], [85.5166, 27.83069], [85.5226, 27.83269], [85.51859999999999, 27.83669]]]}, "properties": {"class": "flood"}}, {"type": "Feature", "geometry": {"type": "Polygon", "coordinates": [[[85.1106, 27.83269], [85.1106, 27.82869], [85.1126, 27.82869], [85.1126, 27.83269], [85.1106, 27.83269]]]}, "properties": {"class": "flood"}}, {"type": "Feature", "geometry": {"type": "Polygon", "coordinates": [[[85.0726, 27.83069], [85.0726, 27.82869], [85.0746, 27.82869], [85.0746, 27.83069], [85.0726, 27.83069]]]}, "properties": {"class": "flood"}}, {"type": "Feature", "geometry": {"type": "Polygon", "coordinates": [[[85.1066, 27.83269], [85.1066, 27.83069], [85.1046, 27.82869], [85.1086, 27.82869], [85.1066, 27.83269]]]}, "properties": {"class": "flood"}}, {"type": "Feature", "geometry": {"type": "Polygon", "coordinates": [[[85.1626, 27.83069], [85.1626, 27.82869], [85.1666, 27.82869], [85.1666, 27.83069], [85.1626, 27.83069]]]}, "properties": {"class": "flood"}}, {"type": "Feature", "geometry": {"type": "Polygon", "coordinates": [[[85.2366, 27.83069], [85.2366, 27.82869], [85.2386, 27.82869], [85.2386, 27.83069], [85.2366, 27.83069]]]}, "properties": {"class": "flood"}}, {"type": "Feature", "geometry": {"type": "Polygon", "coordinates": [[[85.4486, 27.83669], [85.4466, 27.83069], [85.4506, 27.82669], [85.4526, 27.83269], [85.4486, 27.83669]]]}, "properties": {"class": "flood"}}, {"type": "Feature", "geometry": {"type": "Polygon", "coordinates": [[[85.2386, 27.82869], [85.2386, 27.82669], [85.2406, 27.82669], [85.2406, 27.82869], [85.2386, 27.82869]]]}, "properties": {"class": "flood"}}, {"type": "Feature", "geometry": {"type": "Polygon", "coordinates": [[[85.3586, 27.82869], [85.3586, 27.82669], [85.3606, 27.82669], [85.3606, 27.82869], [85.3586, 27.82869]]]}, "properties": {"class": "flood"}}, {"type": "Feature", "geometry": {"type": "Polygon", "coordinates": [[[85.3626, 27.82869], [85.3626, 27.82669], [85.3646, 27.82669], [85.3646, 27.82869], [85.3626, 27.82869]]]}, "properties": {"class": "flood"}}, {"type": "Feature", "geometry": {"type": "Polygon", "coordinates": [[[85.1206, 27.924690000000002], [85.1206, 27.92069], [85.1166, 27.92069], [85.1166, 27.91469], [85.1126, 27.910690000000002], [85.1046, 27.910690000000002], [85.0966, 27.89669], [85.0926, 27.89669], [85.0906, 27.90669], [85.0746, 27.90669], [85.0786, 27.89669], [85.0726, 27.89469], [85.0726, 27.83869], [85.0806, 27.83269], [85.0946, 27.834690000000002], [85.0946, 27.84269], [85.1266, 27.840690000000002], [85.1306, 27.84469], [85.1446, 27.84469], [85.14659999999999, 27.83269], [85.15259999999999, 27.83269], [85.15259999999999, 27.82869], [85.15859999999999, 27.82469], [85.15859999999999, 27.83269], [85.1646, 27.83669], [85.1646, 27.840690000000002], [85.1726, 27.83669], [85.1726, 27.83269], [85.1786, 27.834690000000002], [85.1806, 27.840690000000002], [85.1826, 27.83869], [85.1866, 27.840690000000002], [85.1866, 27.85869], [85.2026, 27.85469], [85.2026, 27.846690000000002], [85.2086, 27.846690000000002], [85.2106, 27.83869], [85.2146, 27.83869], [85.2166, 27.83269], [85.2206, 27.83269], [85.2206, 27.83669], [85.2246, 27.83869], [85.2206, 27.84469], [85.2206, 27.85469], [85.2246, 27.85469], [85.2246, 27.85869], [85.2606, 27.85469], [85.2646, 27.84869], [85.26859999999999, 27.85069], [85.26859999999999, 27.846690000000002], [85.2726, 27.84469], [85.2726, 27.83669], [85.2826, 27.83669], [85.2886, 27.84869], [85.2946, 27.84869], [85.2966, 27.840690000000002], [85.3026, 27.84469], [85.3046, 27.83869], [85.3126, 27.84269], [85.3126, 27.84869], [85.3166, 27.84869], [85.3146, 27.84469], [85.3186, 27.84469], [85.3186, 27.840690000000002], [85.3226, 27.840690000000002], [85.3226, 27.846690000000002], [85.3286, 27.846690000000002], [85.3326, 27.84269], [85.3326, 27.834690000000002], [85.3386, 27.83669], [85.3406, 27.83269], [85.3446, 27.84469], [85.3406, 27.85069], [85.3506, 27.85069], [85.3546, 27.85669], [85.3606, 27.85669], [85.3606, 27.85069], [85.3666, 27.85069], [85.3666, 27.85469], [85.3726, 27.85469], [85.3746, 27.85869], [85.38459999999999, 27.85869], [85.3866, 27.85469], [85.40259999999999, 27.85469], [85.40259999999999, 27.85869], [85.3926, 27.85869], [85.39059999999999, 27.86469], [85.3766, 27.86469], [85.3746, 27.87069], [85.3686, 27.86469], [85.3626, 27.87069], [85.3526, 27.86869], [85.3506, 27.87469], [85.3466, 27.87469], [85.3466, 27.87069], [85.3406, 27.86869], [85.3346, 27.86869], [85.3326, 27.87469], [85.3206, 27.87069], [85.3206, 27.87669], [85.3166, 27.872690000000002], [85.3106, 27.87469], [85.3086, 27.88269], [85.2946, 27.87669], [85.2946, 27.88669], [85.2766, 27.88669], [85.2726, 27.88869], [85.27459999999999, 27.89469], [85.26859999999999, 27.89469], [85.2766, 27.898690000000002], [85.28059999999999, 27.89069], [85.2906, 27.898690000000002], [85.2926, 27.904690000000002], [85.3046, 27.90269], [85.3166, 27.90669], [85.3206, 27.904690000000002], [85.3206, 27.90069], [85.3286, 27.898690000000002], [85.3286, 27.91469], [85.3366, 27.91469], [85.3386, 27.910690000000002], [85.3426, 27.910690000000002], [85.3486, 27.91269], [85.3506, 27.91669], [85.3586, 27.91669], [85.3626, 27.910690000000002], [85.3666, 27.910690000000002], [85.3666, 27.91669], [85.3786, 27.91869], [85.40859999999999, 27.91469], [85.3886, 27.924690000000002], [85.1766, 27.924690000000002], [85.1766, 27.92069], [85.1746, 27.924690000000002], [85.1686, 27.92269], [85.1206, 27.924690000000002]], [[85.1686, 27.92269], [85.1706, 27.92269], [85.1706, 27.92069], [85.1686, 27.92069], [85.1686, 27.92269]], [[85.2666, 27.89469], [85.2706, 27.89269], [85.2706, 27.89069], [85.2666, 27.89069], [85.2666, 27.89469]], [[85.2166, 27.88869], [85.2186, 27.88869], [85.2186, 27.88669], [85.2166, 27.88669], [85.2166, 27.88869]], [[85.2206, 27.88669], [85.2226, 27.88669], [85.2226, 27.88469], [85.2206, 27.88469], [85.2206, 27.88669]], [[85.2206, 27.86069], [85.2246, 27.86069], [85.2246, 27.85869], [85.2206, 27.85869], [85.2206, 27.86069]]]}, "properties": {"class": "flood"}}, {"type": "Feature", "geometry": {"type": "Polygon", "coordinates": [[[85.3126, 27.82869], [85.3126, 27.82669], [85.3166, 27.82469], [85.3166, 27.82869], [85.3126, 27.82869]]]}, "properties": {"class": "flood"}}, {"type": "Feature", "geometry": {"type": "Polygon", "coordinates": [[[85.0966, 27.82669], [85.0966, 27.82469], [85.0986, 27.82469], [85.0986, 27.82669], [85.0966, 27.82669]]]}, "properties": {"class": "flood"}}, {"type": "Feature", "geometry": {"type": "Polygon", "coordinates": [[[85.3606, 27.82669], [85.3606, 27.82469], [85.3626, 27.82469], [85.3626, 27.82669], [85.3606, 27.82669]]]}, "properties": {"class": "flood"}}, {"type": "Feature", "geometry": {"type": "Polygon", "coordinates": [[[85.5346, 27.82669], [85.5346, 27.82469], [85.53659999999999, 27.82469], [85.53659999999999, 27.82669], [85.5346, 27.82669]]]}, "properties": {"class": "flood"}}, {"type": "Feature", "geometry": {"type": "Polygon", "coordinates": [[[85.1326, 27.82669], [85.1326, 27.82269], [85.1366, 27.82269], [85.1366, 27.82669], [85.1326, 27.82669]]]}, "properties": {"class": "flood"}}, {"type": "Feature", "geometry": {"type": "Polygon", "coordinates": [[[85.0986, 27.82469], [85.0986, 27.82269], [85.1006, 27.82269], [85.1006, 27.82469], [85.0986, 27.82469]]]}, "properties": {"class": "flood"}}, {"type": "Feature", "geometry": {"type": "Polygon", "coordinates": [[[85.3626, 27.82469], [85.3626, 27.82269], [85.3646, 27.82269], [85.3646, 27.82469], [85.3626, 27.82469]]]}, "properties": {"class": "flood"}}, {"type": "Feature", "geometry": {"type": "Polygon", "coordinates": [[[85.52459999999999, 27.82469], [85.52459999999999, 27.82269], [85.5266, 27.82269], [85.5266, 27.82469], [85.52459999999999, 27.82469]]]}, "properties": {"class": "flood"}}, {"type": "Feature", "geometry": {"type": "Polygon", "coordinates": [[[85.39059999999999, 27.82469], [85.39059999999999, 27.82069], [85.3946, 27.82069], [85.3946, 27.82469], [85.39059999999999, 27.82469]]]}, "properties": {"class": "flood"}}, {"type": "Feature", "geometry": {"type": "Polygon", "coordinates": [[[85.4686, 27.82469], [85.4686, 27.82069], [85.4706, 27.82069], [85.4706, 27.82469], [85.4686, 27.82469]]]}, "properties": {"class": "flood"}}, {"type": "Feature", "geometry": {"type": "Polygon", "coordinates": [[[85.5386, 27.82469], [85.5386, 27.82069], [85.5466, 27.82069], [85.5446, 27.82469], [85.5386, 27.82469]]]}, "properties": {"class": "flood"}}, {"type": "Feature", "geometry": {"type": "Polygon", "coordinates": [[[85.5486, 27.82669], [85.5466, 27.82269], [85.5526, 27.82069], [85.5506, 27.82669], [85.5486, 27.82669]]]}, "properties": {"class": "flood"}}, {"type": "Feature", "geometry": {"type": "Polygon", "coordinates": [[[85.2946, 27.82269], [85.2946, 27.82069], [85.2966, 27.82069], [85.2966, 27.82269], [85.2946, 27.82269]]]}, "properties": {"class": "flood"}}, {"type": "Feature", "geometry": {"type": "Polygon", "coordinates": [[[85.3646, 27.82269], [85.3646, 27.82069], [85.3666, 27.82069], [85.3666, 27.82269], [85.3646, 27.82269]]]}, "properties": {"class": "flood"}}, {"type": "Feature", "geometry": {"type": "Polygon", "coordinates": [[[85.5266, 27.82269], [85.5266, 27.82069], [85.5286, 27.82069], [85.5286, 27.82269], [85.5266, 27.82269]]]}, "properties": {"class": "flood"}}, {"type": "Feature", "geometry": {"type": "Polygon", "coordinates": [[[85.0886, 27.82269], [85.0906, 27.81869], [85.0926, 27.81869], [85.0926, 27.82269], [85.0886, 27.82269]]]}, "properties": {"class": "flood"}}, {"type": "Feature", "geometry": {"type": "Polygon", "coordinates": [[[85.1826, 27.82069], [85.1826, 27.81869], [85.1846, 27.81869], [85.1846, 27.82069], [85.1826, 27.82069]]]}, "properties": {"class": "flood"}}, {"type": "Feature", "geometry": {"type": "Polygon", "coordinates": [[[85.2366, 27.82669], [85.2386, 27.82269], [85.2366, 27.81869], [85.2406, 27.81869], [85.2406, 27.82469], [85.2366, 27.82669]]]}, "properties": {"class": "flood"}}, {"type": "Feature", "geometry": {"type": "Polygon", "coordinates": [[[85.4266, 27.82069], [85.4266, 27.81869], [85.4286, 27.81869], [85.4286, 27.82069], [85.4266, 27.82069]]]}, "properties": {"class": "flood"}}, {"type": "Feature", "geometry": {"type": "Polygon", "coordinates": [[[85.52459999999999, 27.82069], [85.52459999999999, 27.81869], [85.5266, 27.81869], [85.5266, 27.82069], [85.52459999999999, 27.82069]]]}, "properties": {"class": "flood"}}, {"type": "Feature", "geometry": {"type": "Polygon", "coordinates": [[[85.0726, 27.82469], [85.0726, 27.81669], [85.0766, 27.81669], [85.0766, 27.82469], [85.0726, 27.82469]]]}, "properties": {"class": "flood"}}, {"type": "Feature", "geometry": {"type": "Polygon", "coordinates": [[[85.1766, 27.82069], [85.1766, 27.81669], [85.1786, 27.81669], [85.1786, 27.82069], [85.1766, 27.82069]]]}, "properties": {"class": "flood"}}, {"type": "Feature", "geometry": {"type": "Polygon", "coordinates": [[[85.1926, 27.82069], [85.1926, 27.81669], [85.1946, 27.81669], [85.1946, 27.82069], [85.1926, 27.82069]]]}, "properties": {"class": "flood"}}, {"type": "Feature", "geometry": {"type": "Polygon", "coordinates": [[[85.2966, 27.82069], [85.2966, 27.81669], [85.2986, 27.81669], [85.2986, 27.82069], [85.2966, 27.82069]]]}, "properties": {"class": "flood"}}, {"type": "Feature", "geometry": {"type": "Polygon", "coordinates": [[[85.5386, 27.81869], [85.5386, 27.81669], [85.5406, 27.81669], [85.5406, 27.81869], [85.5386, 27.81869]]]}, "properties": {"class": "flood"}}, {"type": "Feature", "geometry": {"type": "Polygon", "coordinates": [[[85.1686, 27.81869], [85.1706, 27.814690000000002], [85.1726, 27.814690000000002], [85.1726, 27.81869], [85.1686, 27.81869]]]}, "properties": {"class": "flood"}}, {"type": "Feature", "geometry": {"type": "Polygon", "coordinates": [[[85.1206, 27.81669], [85.1206, 27.814690000000002], [85.1226, 27.814690000000002], [85.1226, 27.81669], [85.1206, 27.81669]]]}, "properties": {"class": "flood"}}, {"type": "Feature", "geometry": {"type": "Polygon", "coordinates": [[[85.3006, 27.81669], [85.3006, 27.814690000000002], [85.3026, 27.814690000000002], [85.3026, 27.81669], [85.3006, 27.81669]]]}, "properties": {"class": "flood"}}, {"type": "Feature", "geometry": {"type": "Polygon", "coordinates": [[[85.3346, 27.81669], [85.3346, 27.814690000000002], [85.3366, 27.814690000000002], [85.3366, 27.81669], [85.3346, 27.81669]]]}, "properties": {"class": "flood"}}, {"type": "Feature", "geometry": {"type": "Polygon", "coordinates": [[[85.3886, 27.81669], [85.3886, 27.814690000000002], [85.39059999999999, 27.814690000000002], [85.39059999999999, 27.81669], [85.3886, 27.81669]]]}, "properties": {"class": "flood"}}, {"type": "Feature", "geometry": {"type": "Polygon", "coordinates": [[[85.5406, 27.81669], [85.5406, 27.814690000000002], [85.5426, 27.814690000000002], [85.5426, 27.81669], [85.5406, 27.81669]]]}, "properties": {"class": "flood"}}, {"type": "Feature", "geometry": {"type": "Polygon", "coordinates": [[[85.0866, 27.81869], [85.0886, 27.81269], [85.0926, 27.814690000000002], [85.0906, 27.81869], [85.0866, 27.81869]]]}, "properties": {"class": "flood"}}, {"type": "Feature", "geometry": {"type": "Polygon", "coordinates": [[[85.2346, 27.81869], [85.2346, 27.814690000000002], [85.2386, 27.81269], [85.2386, 27.81669], [85.2346, 27.81869]]]}, "properties": {"class": "flood"}}, {"type": "Feature", "geometry": {"type": "Polygon", "coordinates": [[[85.4466, 27.81869], [85.4466, 27.814690000000002], [85.4506, 27.81269], [85.4506, 27.81669], [85.4466, 27.81869]]]}, "properties": {"class": "flood"}}, {"type": "Feature", "geometry": {"type": "Polygon", "coordinates": [[[85.1266, 27.81669], [85.1286, 27.81269], [85.1326, 27.81269], [85.1326, 27.81669], [85.1266, 27.81669]]]}, "properties": {"class": "flood"}}, {"type": "Feature", "geometry": {"type": "Polygon", "coordinates": [[[85.2566, 27.81669], [85.2566, 27.81269], [85.2586, 27.81269], [85.2586, 27.81669], [85.2566, 27.81669]]]}, "properties": {"class": "flood"}}, {"type": "Feature", "geometry": {"type": "Polygon", "coordinates": [[[85.3226, 27.81669], [85.3226, 27.81269], [85.3246, 27.81269], [85.3246, 27.81669], [85.3226, 27.81669]]]}, "properties": {"class": "flood"}}, {"type": "Feature", "geometry": {"type": "Polygon", "coordinates": [[[85.3286, 27.81669], [85.3286, 27.81269], [85.3306, 27.81269], [85.3306, 27.81669], [85.3286, 27.81669]]]}, "properties": {"class": "flood"}}, {"type": "Feature", "geometry": {"type": "Polygon", "coordinates": [[[85.1226, 27.814690000000002], [85.1226, 27.81269], [85.1266, 27.81269], [85.1266, 27.814690000000002], [85.1226, 27.814690000000002]]]}, "properties": {"class": "flood"}}, {"type": "Feature", "geometry": {"type": "Polygon", "coordinates": [[[85.1686, 27.814690000000002], [85.1686, 27.81269], [85.1706, 27.81269], [85.1706, 27.814690000000002], [85.1686, 27.814690000000002]]]}, "properties": {"class": "flood"}}, {"type": "Feature", "geometry": {"type": "Polygon", "coordinates": [[[85.2726, 27.814690000000002], [85.2726, 27.81269], [85.27459999999999, 27.81269], [85.27459999999999, 27.814690000000002], [85.2726, 27.814690000000002]]]}, "properties": {"class": "flood"}}, {"type": "Feature", "geometry": {"type": "Polygon", "coordinates": [[[85.3326, 27.814690000000002], [85.3326, 27.81269], [85.3346, 27.81269], [85.3346, 27.814690000000002], [85.3326, 27.814690000000002]]]}, "properties": {"class": "flood"}}, {"type": "Feature", "geometry": {"type": "Polygon", "coordinates": [[[85.39059999999999, 27.814690000000002], [85.39059999999999, 27.81269], [85.3926, 27.81269], [85.3926, 27.814690000000002], [85.39059999999999, 27.814690000000002]]]}, "properties": {"class": "flood"}}, {"type": "Feature", "geometry": {"type": "Polygon", "coordinates": [[[85.2646, 27.81669], [85.2646, 27.81069], [85.2666, 27.81069], [85.2666, 27.81669], [85.2646, 27.81669]]]}, "properties": {"class": "flood"}}, {"type": "Feature", "geometry": {"type": "Polygon", "coordinates": [[[85.3626, 27.82069], [85.3626, 27.81669], [85.3586, 27.81669], [85.3606, 27.81069], [85.3646, 27.81269], [85.3626, 27.82069]]]}, "properties": {"class": "flood"}}, {"type": "Feature", "geometry": {"type": "Polygon", "coordinates": [[[85.2006, 27.81869], [85.1986, 27.81269], [85.2046, 27.81069], [85.2026, 27.81869], [85.2006, 27.81869]]]}, "properties": {"class": "flood"}}, {"type": "Feature", "geometry": {"type": "Polygon", "coordinates": [[[85.2966, 27.814690000000002], [85.2966, 27.81069], [85.2986, 27.81069], [85.2986, 27.814690000000002], [85.2966, 27.814690000000002]]]}, "properties": {"class": "flood"}}, {"type": "Feature", "geometry": {"type": "Polygon", "coordinates": [[[85.4006, 27.814690000000002], [85.4006, 27.81069], [85.40259999999999, 27.81069], [85.40259999999999, 27.814690000000002], [85.4006, 27.814690000000002]]]}, "properties": {"class": "flood"}}, {"type": "Feature", "geometry": {"type": "Polygon", "coordinates": [[[85.0866, 27.81269], [85.0866, 27.81069], [85.0886, 27.81069], [85.0886, 27.81269], [85.0866, 27.81269]]]}, "properties": {"class": "flood"}}, {"type": "Feature", "geometry": {"type": "Polygon", "coordinates": [[[85.1426, 27.81269], [85.1426, 27.81069], [85.1446, 27.81069], [85.1446, 27.81269], [85.1426, 27.81269]]]}, "properties": {"class": "flood"}}, {"type": "Feature", "geometry": {"type": "Polygon", "coordinates": [[[85.1646, 27.81269], [85.1646, 27.81069], [85.1666, 27.81069], [85.1666, 27.81269], [85.1646, 27.81269]]]}, "properties": {"class": "flood"}}, {"type": "Feature", "geometry": {"type": "Polygon", "coordinates": [[[85.1706, 27.81269], [85.1706, 27.81069], [85.1726, 27.81069], [85.1726, 27.81269], [85.1706, 27.81269]]]}, "properties": {"class": "flood"}}, {"type": "Feature", "geometry": {"type": "Polygon", "coordinates": [[[85.4286, 27.814690000000002], [85.4286, 27.808690000000002], [85.4326, 27.808690000000002], [85.4326, 27.814690000000002], [85.4286, 27.814690000000002]]]}, "properties": {"class": "flood"}}, {"type": "Feature", "geometry": {"type": "Polygon", "coordinates": [[[85.3046, 27.814690000000002], [85.3026, 27.808690000000002], [85.3066, 27.808690000000002], [85.3066, 27.814690000000002], [85.3046, 27.814690000000002]]]}, "properties": {"class": "flood"}}, {"type": "Feature", "geometry": {"type": "Polygon", "coordinates": [[[85.14059999999999, 27.81069], [85.14059999999999, 27.808690000000002], [85.1426, 27.808690000000002], [85.1426, 27.81069], [85.14059999999999, 27.81069]]]}, "properties": {"class": "flood"}}, {"type": "Feature", "geometry": {"type": "Polygon", "coordinates": [[[85.1446, 27.81069], [85.1446, 27.808690000000002], [85.14659999999999, 27.808690000000002], [85.14659999999999, 27.81069], [85.1446, 27.81069]]]}, "properties": {"class": "flood"}}, {"type": "Feature", "geometry": {"type": "Polygon", "coordinates": [[[85.1926, 27.81069], [85.1926, 27.808690000000002], [85.1946, 27.808690000000002], [85.1946, 27.81069], [85.1926, 27.81069]]]}, "properties": {"class": "flood"}}, {"type": "Feature", "geometry": {"type": "Polygon", "coordinates": [[[85.2006, 27.81069], [85.2006, 27.808690000000002], [85.2026, 27.808690000000002], [85.2026, 27.81069], [85.2006, 27.81069]]]}, "properties": {"class": "flood"}}, {"type": "Feature", "geometry": {"type": "Polygon", "coordinates": [[[85.2126, 27.81069], [85.2126, 27.808690000000002], [85.2146, 27.808690000000002], [85.2146, 27.81069], [85.2126, 27.81069]]]}, "properties": {"class": "flood"}}, {"type": "Feature", "geometry": {"type": "Polygon", "coordinates": [[[85.3666, 27.81269], [85.3666, 27.81069], [85.3646, 27.808690000000002], [85.3706, 27.81069], [85.3666, 27.81269]]]}, "properties": {"class": "flood"}}, {"type": "Feature", "geometry": {"type": "Polygon", "coordinates": [[[85.4386, 27.81269], [85.4366, 27.808690000000002], [85.4426, 27.808690000000002], [85.4406, 27.81269], [85.4386, 27.81269]]]}, "properties": {"class": "flood"}}, {"type": "Feature", "geometry": {"type": "Polygon", "coordinates": [[[85.2266, 27.81269], [85.2286, 27.80669], [85.2326, 27.808690000000002], [85.2326, 27.81269], [85.2266, 27.81269]]]}, "properties": {"class": "flood"}}, {"type": "Feature", "geometry": {"type": "Polygon", "coordinates": [[[85.3866, 27.814690000000002], [85.38459999999999, 27.81069], [85.39059999999999, 27.80669], [85.39059999999999, 27.81269], [85.3866, 27.814690000000002]]]}, "properties": {"class": "flood"}}, {"type": "Feature", "geometry": {"type": "Polygon", "coordinates": [[[85.1366, 27.81269], [85.13459999999999, 27.808690000000002], [85.1386, 27.80669], [85.14059999999999, 27.81269], [85.1366, 27.81269]]]}, "properties": {"class": "flood"}}, {"type": "Feature", "geometry": {"type": "Polygon", "coordinates": [[[85.2846, 27.81069], [85.28659999999999, 27.80669], [85.2926, 27.808690000000002], [85.2926, 27.81069], [85.2846, 27.81069]]]}, "properties": {"class": "flood"}}, {"type": "Feature", "geometry": {"type": "Polygon", "coordinates": [[[85.3446, 27.81069], [85.3446, 27.80669], [85.3486, 27.808690000000002], [85.3486, 27.81069], [85.3446, 27.81069]]]}, "properties": {"class": "flood"}}, {"type": "Feature", "geometry": {"type": "Polygon", "coordinates": [[[85.3506, 27.81069], [85.3526, 27.80669], [85.3566, 27.808690000000002], [85.3566, 27.81069], [85.3506, 27.81069]]]}, "properties": {"class": "flood"}}, {"type": "Feature", "geometry": {"type": "Polygon", "coordinates": [[[85.3726, 27.81069], [85.3726, 27.80669], [85.3746, 27.80669], [85.3746, 27.81069], [85.3726, 27.81069]]]}, "properties": {"class": "flood"}}, {"type": "Feature", "geometry": {"type": "Polygon", "coordinates": [[[85.4106, 27.81069], [85.4106, 27.80669], [85.4126, 27.80669], [85.4126, 27.81069], [85.4106, 27.81069]]]}, "properties": {"class": "flood"}}, {"type": "Feature", "geometry": {"type": "Polygon", "coordinates": [[[85.4146, 27.81069], [85.4146, 27.80669], [85.4166, 27.80669], [85.4166, 27.81069], [85.4146, 27.81069]]]}, "properties": {"class": "flood"}}, {"type": "Feature", "geometry": {"type": "Polygon", "coordinates": [[[85.1666, 27.81069], [85.1646, 27.808690000000002], [85.1646, 27.80669], [85.1686, 27.80669], [85.1666, 27.81069]]]}, "properties": {"class": "flood"}}, {"type": "Feature", "geometry": {"type": "Polygon", "coordinates": [[[85.1946, 27.808690000000002], [85.1946, 27.80669], [85.1966, 27.80669], [85.1966, 27.808690000000002], [85.1946, 27.808690000000002]]]}, "properties": {"class": "flood"}}, {"type": "Feature", "geometry": {"type": "Polygon", "coordinates": [[[85.2826, 27.808690000000002], [85.2826, 27.80669], [85.2846, 27.80669], [85.2846, 27.808690000000002], [85.2826, 27.808690000000002]]]}, "properties": {"class": "flood"}}, {"type": "Feature", "geometry": {"type": "Polygon", "coordinates": [[[85.2926, 27.808690000000002], [85.2926, 27.80669], [85.2946, 27.80669], [85.2946, 27.808690000000002], [85.2926, 27.808690000000002]]]}, "properties": {"class": "flood"}}, {"type": "Feature", "geometry": {"type": "Polygon", "coordinates": [[[85.3486, 27.808690000000002], [85.3486, 27.80669], [85.3506, 27.80669], [85.3506, 27.808690000000002], [85.3486, 27.808690000000002]]]}, "properties": {"class": "flood"}}, {"type": "Feature", "geometry": {"type": "Polygon", "coordinates": [[[85.5466, 27.808690000000002], [85.5466, 27.80669], [85.5486, 27.80669], [85.5486, 27.808690000000002], [85.5466, 27.808690000000002]]]}, "properties": {"class": "flood"}}, {"type": "Feature", "geometry": {"type": "Polygon", "coordinates": [[[85.1306, 27.80669], [85.1306, 27.80469], [85.1326, 27.80469], [85.1326, 27.80669], [85.1306, 27.80669]]]}, "properties": {"class": "flood"}}, {"type": "Feature", "geometry": {"type": "Polygon", "coordinates": [[[85.2306, 27.80669], [85.2306, 27.80469], [85.2326, 27.80469], [85.2326, 27.80669], [85.2306, 27.80669]]]}, "properties": {"class": "flood"}}, {"type": "Feature", "geometry": {"type": "Polygon", "coordinates": [[[85.5446, 27.80669], [85.5446, 27.80469], [85.5466, 27.80469], [85.5466, 27.80669], [85.5446, 27.80669]]]}, "properties": {"class": "flood"}}, {"type": "Feature", "geometry": {"type": "Polygon", "coordinates": [[[85.5526, 27.80669], [85.5526, 27.802690000000002], [85.5546, 27.802690000000002], [85.5546, 27.80669], [85.5526, 27.80669]]]}, "properties": {"class": "flood"}}, {"type": "Feature", "geometry": {"type": "Polygon", "coordinates": [[[85.1286, 27.80469], [85.1286, 27.802690000000002], [85.1306, 27.802690000000002], [85.1306, 27.80469], [85.1286, 27.80469]]]}, "properties": {"class": "flood"}}, {"type": "Feature", "geometry": {"type": "Polygon", "coordinates": [[[85.1326, 27.80469], [85.1326, 27.802690000000002], [85.13459999999999, 27.802690000000002], [85.13459999999999, 27.80469], [85.1326, 27.80469]]]}, "properties": {"class": "flood"}}, {"type": "Feature", "geometry": {"type": "Polygon", "coordinates": [[[85.2326, 27.80469], [85.2326, 27.802690000000002], [85.2346, 27.802690000000002], [85.2346, 27.80469], [85.2326, 27.80469]]]}, "properties": {"class": "flood"}}, {"type": "Feature", "geometry": {"type": "Polygon", "coordinates": [[[85.2886, 27.80469], [85.2886, 27.802690000000002], [85.2946, 27.802690000000002], [85.2946, 27.80469], [85.2886, 27.80469]]]}, "properties": {"class": "flood"}}, {"type": "Feature", "geometry": {"type": "Polygon", "coordinates": [[[85.4606, 27.80669], [85.4586, 27.802690000000002], [85.4646, 27.80469], [85.4646, 27.80669], [85.4606, 27.80669]]]}, "properties": {"class": "flood"}}, {"type": "Feature", "geometry": {"type": "Polygon", "coordinates": [[[85.4326, 27.80669], [85.4326, 27.802690000000002], [85.4366, 27.80069], [85.4366, 27.80469], [85.4326, 27.80669]]]}, "properties": {"class": "flood"}}, {"type": "Feature", "geometry": {"type": "Polygon", "coordinates": [[[85.1126, 27.802690000000002], [85.1126, 27.80069], [85.1146, 27.80069], [85.1146, 27.802690000000002], [85.1126, 27.802690000000002]]]}, "properties": {"class": "flood"}}, {"type": "Feature", "geometry": {"type": "Polygon", "coordinates": [[[85.1306, 27.802690000000002], [85.1306, 27.80069], [85.1326, 27.80069], [85.1326, 27.802690000000002], [85.1306, 27.802690000000002]]]}, "properties": {"class": "flood"}}, {"type": "Feature", "geometry": {"type": "Polygon", "coordinates": [[[85.2006, 27.802690000000002], [85.2006, 27.80069], [85.2046, 27.80069], [85.2046, 27.802690000000002], [85.2006, 27.802690000000002]]]}, "properties": {"class": "flood"}}, {"type": "Feature", "geometry": {"type": "Polygon", "coordinates": [[[85.2346, 27.802690000000002], [85.2346, 27.80069], [85.2406, 27.80069], [85.2406, 27.802690000000002], [85.2346, 27.802690000000002]]]}, "properties": {"class": "flood"}}, {"type": "Feature", "geometry": {"type": "Polygon", "coordinates": [[[85.1206, 27.80469], [85.1186, 27.80069], [85.1226, 27.79869], [85.1226, 27.80469], [85.1206, 27.80469]]]}, "properties": {"class": "flood"}}, {"type": "Feature", "geometry": {"type": "Polygon", "coordinates": [[[85.4326, 27.80069], [85.4326, 27.79869], [85.4346, 27.79869], [85.4346, 27.80069], [85.4326, 27.80069]]]}, "properties": {"class": "flood"}}, {"type": "Feature", "geometry": {"type": "Polygon", "coordinates": [[[85.3466, 27.80069], [85.3466, 27.79869], [85.3506, 27.79669], [85.3506, 27.80069], [85.3466, 27.80069]]]}, "properties": {"class": "flood"}}, {"type": "Feature", "geometry": {"type": "Polygon", "coordinates": [[[85.1006, 27.79869], [85.1006, 27.79669], [85.1026, 27.79669], [85.1026, 27.79869], [85.1006, 27.79869]]]}, "properties": {"class": "flood"}}, {"type": "Feature", "geometry": {"type": "Polygon", "coordinates": [[[85.1986, 27.79869], [85.1986, 27.79669], [85.2006, 27.79669], [85.2006, 27.79869], [85.1986, 27.79869]]]}, "properties": {"class": "flood"}}, {"type": "Feature", "geometry": {"type": "Polygon", "coordinates": [[[85.2706, 27.79869], [85.2706, 27.79669], [85.2726, 27.79669], [85.2726, 27.79869], [85.2706, 27.79869]]]}, "properties": {"class": "flood"}}, {"type": "Feature", "geometry": {"type": "Polygon", "coordinates": [[[85.4346, 27.79869], [85.4346, 27.79669], [85.4366, 27.79669], [85.4366, 27.79869], [85.4346, 27.79869]]]}, "properties": {"class": "flood"}}, {"type": "Feature", "geometry": {"type": "Polygon", "coordinates": [[[85.2166, 27.79869], [85.2186, 27.79469], [85.2226, 27.79669], [85.2226, 27.79869], [85.2166, 27.79869]]]}, "properties": {"class": "flood"}}, {"type": "Feature", "geometry": {"type": "Polygon", "coordinates": [[[85.0986, 27.79669], [85.0986, 27.79469], [85.1006, 27.79469], [85.1006, 27.79669], [85.0986, 27.79669]]]}, "properties": {"class": "flood"}}, {"type": "Feature", "geometry": {"type": "Polygon", "coordinates": [[[85.1026, 27.79669], [85.1026, 27.79469], [85.1046, 27.79469], [85.1046, 27.79669], [85.1026, 27.79669]]]}, "properties": {"class": "flood"}}, {"type": "Feature", "geometry": {"type": "Polygon", "coordinates": [[[85.2006, 27.79669], [85.2006, 27.79469], [85.2026, 27.79469], [85.2026, 27.79669], [85.2006, 27.79669]]]}, "properties": {"class": "flood"}}, {"type": "Feature", "geometry": {"type": "Polygon", "coordinates": [[[85.2726, 27.79669], [85.2726, 27.79469], [85.27459999999999, 27.79469], [85.27459999999999, 27.79669], [85.2726, 27.79669]]]}, "properties": {"class": "flood"}}, {"type": "Feature", "geometry": {"type": "Polygon", "coordinates": [[[85.4826, 27.79669], [85.4826, 27.79469], [85.4846, 27.79469], [85.4846, 27.79669], [85.4826, 27.79669]]]}, "properties": {"class": "flood"}}, {"type": "Feature", "geometry": {"type": "Polygon", "coordinates": [[[85.38459999999999, 27.80069], [85.3866, 27.79469], [85.39059999999999, 27.79269], [85.39059999999999, 27.79869], [85.38459999999999, 27.80069]]]}, "properties": {"class": "flood"}}, {"type": "Feature", "geometry": {"type": "Polygon", "coordinates": [[[85.1006, 27.79469], [85.1006, 27.79269], [85.1026, 27.79269], [85.1026, 27.79469], [85.1006, 27.79469]]]}, "properties": {"class": "flood"}}, {"type": "Feature", "geometry": {"type": "Polygon", "coordinates": [[[85.1286, 27.79469], [85.1286, 27.79269], [85.1306, 27.79269], [85.1306, 27.79469], [85.1286, 27.79469]]]}, "properties": {"class": "flood"}}, {"type": "Feature", "geometry": {"type": "Polygon", "coordinates": [[[85.4846, 27.79469], [85.4846, 27.79269], [85.4866, 27.79269], [85.4866, 27.79469], [85.4846, 27.79469]]]}, "properties": {"class": "flood"}}, {"type": "Feature", "geometry": {"type": "Polygon", "coordinates": [[[85.5066, 27.79669], [85.5066, 27.79069], [85.5086, 27.79069], [85.5106, 27.79469], [85.5066, 27.79669]]]}, "properties": {"class": "flood"}}, {"type": "Feature", "geometry": {"type": "Polygon", "coordinates": [[[85.1666, 27.79469], [85.1666, 27.79069], [85.1706, 27.79069], [85.1706, 27.79469], [85.1666, 27.79469]]]}, "properties": {"class": "flood"}}, {"type": "Feature", "geometry": {"type": "Polygon", "coordinates": [[[85.1906, 27.79469], [85.1906, 27.79069], [85.1966, 27.79069], [85.1946, 27.79469], [85.1906, 27.79469]]]}, "properties": {"class": "flood"}}, {"type": "Feature", "geometry": {"type": "Polygon", "coordinates": [[[85.2146, 27.79469], [85.2146, 27.79269], [85.2186, 27.79069], [85.2186, 27.79469], [85.2146, 27.79469]]]}, "properties": {"class": "flood"}}, {"type": "Feature", "geometry": {"type": "Polygon", "coordinates": [[[85.4346, 27.79469], [85.4346, 27.79069], [85.4366, 27.79069], [85.4386, 27.79469], [85.4346, 27.79469]]]}, "properties": {"class": "flood"}}, {"type": "Feature", "geometry": {"type": "Polygon", "coordinates": [[[85.1306, 27.79269], [85.1306, 27.79069], [85.1326, 27.79069], [85.1326, 27.79269], [85.1306, 27.79269]]]}, "properties": {"class": "flood"}}, {"type": "Feature", "geometry": {"type": "Polygon", "coordinates": [[[85.1506, 27.79269], [85.1506, 27.79069], [85.15259999999999, 27.79069], [85.15259999999999, 27.79269], [85.1506, 27.79269]]]}, "properties": {"class": "flood"}}, {"type": "Feature", "geometry": {"type": "Polygon", "coordinates": [[[85.2646, 27.79269], [85.2646, 27.79069], [85.2666, 27.79069], [85.2666, 27.79269], [85.2646, 27.79269]]]}, "properties": {"class": "flood"}}, {"type": "Feature", "geometry": {"type": "Polygon", "coordinates": [[[85.3426, 27.79269], [85.3426, 27.79069], [85.3446, 27.79069], [85.3446, 27.79269], [85.3426, 27.79269]]]}, "properties": {"class": "flood"}}, {"type": "Feature", "geometry": {"type": "Polygon", "coordinates": [[[85.5006, 27.79269], [85.5006, 27.79069], [85.5026, 27.79069], [85.5026, 27.79269], [85.5006, 27.79269]]]}, "properties": {"class": "flood"}}, {"type": "Feature", "geometry": {"type": "Polygon", "coordinates": [[[85.2326, 27.79269], [85.2326, 27.78869], [85.2346, 27.78869], [85.2366, 27.79269], [85.2326, 27.79269]]]}, "properties": {"class": "flood"}}, {"type": "Feature", "geometry": {"type": "Polygon", "coordinates": [[[85.1486, 27.79069], [85.1486, 27.78869], [85.1506, 27.78869], [85.1506, 27.79069], [85.1486, 27.79069]]]}, "properties": {"class": "flood"}}, {"type": "Feature", "geometry": {"type": "Polygon", "coordinates": [[[85.2666, 27.79069], [85.2666, 27.78869], [85.26859999999999, 27.78869], [85.26859999999999, 27.79069], [85.2666, 27.79069]]]}, "properties": {"class": "flood"}}, {"type": "Feature", "geometry": {"type": "Polygon", "coordinates": [[[85.3446, 27.79069], [85.3446, 27.78869], [85.3466, 27.78869], [85.3466, 27.79069], [85.3446, 27.79069]]]}, "properties": {"class": "flood"}}, {"type": "Feature", "geometry": {"type": "Polygon", "coordinates": [[[85.3866, 27.79269], [85.3866, 27.78869], [85.39059999999999, 27.78669], [85.39059999999999, 27.79069], [85.3866, 27.79269]]]}, "properties": {"class": "flood"}}, {"type": "Feature", "geometry": {"type": "Polygon", "coordinates": [[[85.39659999999999, 27.79069], [85.39659999999999, 27.78869], [85.4006, 27.78669], [85.4006, 27.79069], [85.39659999999999, 27.79069]]]}, "properties": {"class": "flood"}}, {"type": "Feature", "geometry": {"type": "Polygon", "coordinates": [[[85.3466, 27.78869], [85.3466, 27.78669], [85.3486, 27.78669], [85.3486, 27.78869], [85.3466, 27.78869]]]}, "properties": {"class": "flood"}}, {"type": "Feature", "geometry": {"type": "Polygon", "coordinates": [[[85.5546, 27.78869], [85.5546, 27.78669], [85.5566, 27.78669], [85.5566, 27.78869], [85.5546, 27.78869]]]}, "properties": {"class": "flood"}}, {"type": "Feature", "geometry": {"type": "Polygon", "coordinates": [[[85.3446, 27.78669], [85.3446, 27.78469], [85.3466, 27.78469], [85.3466, 27.78669], [85.3446, 27.78669]]]}, "properties": {"class": "flood"}}, {"type": "Feature", "geometry": {"type": "Polygon", "coordinates": [[[85.3866, 27.78669], [85.3866, 27.78469], [85.3886, 27.78469], [85.3886, 27.78669], [85.3866, 27.78669]]]}, "properties": {"class": "flood"}}, {"type": "Feature", "geometry": {"type": "Polygon", "coordinates": [[[85.2766, 27.78469], [85.2766, 27.782690000000002], [85.2786, 27.782690000000002], [85.2786, 27.78469], [85.2766, 27.78469]]]}, "properties": {"class": "flood"}}, {"type": "Feature", "geometry": {"type": "Polygon", "coordinates": [[[85.2786, 27.782690000000002], [85.2786, 27.78069], [85.28059999999999, 27.78069], [85.28059999999999, 27.782690000000002], [85.2786, 27.782690000000002]]]}, "properties": {"class": "flood"}}, {"type": "Feature", "geometry": {"type": "Polygon", "coordinates": [[[85.1246, 27.78069], [85.1246, 27.77869], [85.1286, 27.77869], [85.1286, 27.78069], [85.1246, 27.78069]]]}, "properties": {"class": "flood"}}, {"type": "Feature", "geometry": {"type": "Polygon", "coordinates": [[[85.3626, 27.78069], [85.3626, 27.77869], [85.3646, 27.77869], [85.3646, 27.78069], [85.3626, 27.78069]]]}, "properties": {"class": "flood"}}, {"type": "Feature", "geometry": {"type": "Polygon", "coordinates": [[[85.4886, 27.78069], [85.4886, 27.77869], [85.4906, 27.77869], [85.4906, 27.78069], [85.4886, 27.78069]]]}, "properties": {"class": "flood"}}, {"type": "Feature", "geometry": {"type": "Polygon", "coordinates": [[[85.0806, 27.77869], [85.0806, 27.776690000000002], [85.0826, 27.776690000000002], [85.0826, 27.77869], [85.0806, 27.77869]]]}, "properties": {"class": "flood"}}, {"type": "Feature", "geometry": {"type": "Polygon", "coordinates": [[[85.4686, 27.78069], [85.4666, 27.776690000000002], [85.4746, 27.77869], [85.4746, 27.78069], [85.4686, 27.78069]]]}, "properties": {"class": "flood"}}, {"type": "Feature", "geometry": {"type": "Polygon", "coordinates": [[[85.4866, 27.77869], [85.4866, 27.776690000000002], [85.4886, 27.776690000000002], [85.4886, 27.77869], [85.4866, 27.77869]]]}, "properties": {"class": "flood"}}, {"type": "Feature", "geometry": {"type": "Polygon", "coordinates": [[[85.5006, 27.77869], [85.5006, 27.776690000000002], [85.5026, 27.776690000000002], [85.5026, 27.77869], [85.5006, 27.77869]]]}, "properties": {"class": "flood"}}, {"type": "Feature", "geometry": {"type": "Polygon", "coordinates": [[[85.4566, 27.77869], [85.4566, 27.776690000000002], [85.4606, 27.77469], [85.4606, 27.77869], [85.4566, 27.77869]]]}, "properties": {"class": "flood"}}, {"type": "Feature", "geometry": {"type": "Polygon", "coordinates": [[[85.4506, 27.776690000000002], [85.4506, 27.77469], [85.4566, 27.77469], [85.4566, 27.776690000000002], [85.4506, 27.776690000000002]]]}, "properties": {"class": "flood"}}, {"type": "Feature", "geometry": {"type": "Polygon", "coordinates": [[[85.5026, 27.776690000000002], [85.5026, 27.77469], [85.5066, 27.77469], [85.5066, 27.776690000000002], [85.5026, 27.776690000000002]]]}, "properties": {"class": "flood"}}, {"type": "Feature", "geometry": {"type": "Polygon", "coordinates": [[[85.0766, 27.77869], [85.0766, 27.77269], [85.0786, 27.77269], [85.0806, 27.776690000000002], [85.0766, 27.77869]]]}, "properties": {"class": "flood"}}, {"type": "Feature", "geometry": {"type": "Polygon", "coordinates": [[[85.4906, 27.77869], [85.4906, 27.77269], [85.4946, 27.77269], [85.4946, 27.776690000000002], [85.4906, 27.77869]]]}, "properties": {"class": "flood"}}, {"type": "Feature", "geometry": {"type": "Polygon", "coordinates": [[[85.4486, 27.77469], [85.4486, 27.77269], [85.4506, 27.77269], [85.4506, 27.77469], [85.4486, 27.77469]]]}, "properties": {"class": "flood"}}, {"type": "Feature", "geometry": {"type": "Polygon", "coordinates": [[[85.40859999999999, 27.77469], [85.4066, 27.770690000000002], [85.4146, 27.770690000000002], [85.4146, 27.77269], [85.40859999999999, 27.77469]]]}, "properties": {"class": "flood"}}, {"type": "Feature", "geometry": {"type": "Polygon", "coordinates": [[[85.5326, 27.77269], [85.5326, 27.770690000000002], [85.5346, 27.770690000000002], [85.5346, 27.77269], [85.5326, 27.77269]]]}, "properties": {"class": "flood"}}, {"type": "Feature", "geometry": {"type": "Polygon", "coordinates": [[[85.5426, 27.90069], [85.5386, 27.88869], [85.5346, 27.88869], [85.5386, 27.88669], [85.5386, 27.86869], [85.5326, 27.87069], [85.52459999999999, 27.86869], [85.5406, 27.86469], [85.5406, 27.85669], [85.5466, 27.85069], [85.5446, 27.846690000000002], [85.5466, 27.84469], [85.5526, 27.846690000000002], [85.5526, 27.840690000000002], [85.5666, 27.83069], [85.5666, 27.81869], [85.5626, 27.81669], [85.5646, 27.808690000000002], [85.5606, 27.808690000000002], [85.5626, 27.79869], [85.5406, 27.79869], [85.5326, 27.80069], [85.5286, 27.80669], [85.51859999999999, 27.808690000000002], [85.5146, 27.80669], [85.52459999999999, 27.802690000000002], [85.5266, 27.79669], [85.5346, 27.79669], [85.53659999999999, 27.79269], [85.5326, 27.79269], [85.5326, 27.782690000000002], [85.5406, 27.782690000000002], [85.5426, 27.77869], [85.5466, 27.77869], [85.5466, 27.77269], [85.5546, 27.76869], [85.5686, 27.776690000000002], [85.5686, 27.840690000000002], [85.5646, 27.840690000000002], [85.5586, 27.846690000000002], [85.5586, 27.85069], [85.5506, 27.85469], [85.5466, 27.86069], [85.5486, 27.872690000000002], [85.5446, 27.872690000000002], [85.5466, 27.87669], [85.5426, 27.88469], [85.5446, 27.89469], [85.5426, 27.90069]], [[85.5626, 27.79869], [85.5646, 27.79869], [85.5646, 27.79669], [85.5626, 27.79669], [85.5626, 27.79869]], [[85.53659999999999, 27.79269], [85.5386, 27.79269], [85.5386, 27.79069], [85.53659999999999, 27.79069], [85.53659999999999, 27.79269]], [[85.5466, 27.79269], [85.5486, 27.78869], [85.5506, 27.79269], [85.5566, 27.79269], [85.5606, 27.78469], [85.5546, 27.782690000000002], [85.5546, 27.78669], [85.5466, 27.78669], [85.5466, 27.79269]]]}, "properties": {"class": "flood"}}, {"type": "Feature", "geometry": {"type": "Polygon", "coordinates": [[[85.2726, 27.77269], [85.2726, 27.76869], [85.2766, 27.76869], [85.2766, 27.770690000000002], [85.2726, 27.77269]]]}, "properties": {"class": "flood"}}, {"type": "Feature", "geometry": {"type": "Polygon", "coordinates": [[[85.3786, 27.77269], [85.3806, 27.76869], [85.38459999999999, 27.770690000000002], [85.38459999999999, 27.77269], [85.3786, 27.77269]]]}, "properties": {"class": "flood"}}, {"type": "Feature", "geometry": {"type": "Polygon", "coordinates": [[[85.0826, 27.770690000000002], [85.0826, 27.76869], [85.0846, 27.76869], [85.0846, 27.770690000000002], [85.0826, 27.770690000000002]]]}, "properties": {"class": "flood"}}, {"type": "Feature", "geometry": {"type": "Polygon", "coordinates": [[[85.4146, 27.770690000000002], [85.4146, 27.76869], [85.4166, 27.76869], [85.4166, 27.770690000000002], [85.4146, 27.770690000000002]]]}, "properties": {"class": "flood"}}, {"type": "Feature", "geometry": {"type": "Polygon", "coordinates": [[[85.2826, 27.770690000000002], [85.2826, 27.76669], [85.2846, 27.76669], [85.2846, 27.770690000000002], [85.2826, 27.770690000000002]]]}, "properties": {"class": "flood"}}, {"type": "Feature", "geometry": {"type": "Polygon", "coordinates": [[[85.0806, 27.76869], [85.0806, 27.76669], [85.0826, 27.76669], [85.0826, 27.76869], [85.0806, 27.76869]]]}, "properties": {"class": "flood"}}, {"type": "Feature", "geometry": {"type": "Polygon", "coordinates": [[[85.0946, 27.76869], [85.0946, 27.76669], [85.0966, 27.76669], [85.0966, 27.76869], [85.0946, 27.76869]]]}, "properties": {"class": "flood"}}, {"type": "Feature", "geometry": {"type": "Polygon", "coordinates": [[[85.3286, 27.76869], [85.3286, 27.76469], [85.3326, 27.76469], [85.3326, 27.76869], [85.3286, 27.76869]]]}, "properties": {"class": "flood"}}, {"type": "Feature", "geometry": {"type": "Polygon", "coordinates": [[[85.3706, 27.76869], [85.3706, 27.76469], [85.3726, 27.76469], [85.3726, 27.76869], [85.3706, 27.76869]]]}, "properties": {"class": "flood"}}, {"type": "Feature", "geometry": {"type": "Polygon", "coordinates": [[[85.4126, 27.76869], [85.4126, 27.76469], [85.4146, 27.76469], [85.4146, 27.76869], [85.4126, 27.76869]]]}, "properties": {"class": "flood"}}, {"type": "Feature", "geometry": {"type": "Polygon", "coordinates": [[[85.5286, 27.770690000000002], [85.52459999999999, 27.76869], [85.5266, 27.76469], [85.5326, 27.76669], [85.5326, 27.770690000000002], [85.5286, 27.770690000000002]]]}, "properties": {"class": "flood"}}, {"type": "Feature", "geometry": {"type": "Polygon", "coordinates": [[[85.5626, 27.76869], [85.5626, 27.76469], [85.5646, 27.76469], [85.5646, 27.76869], [85.5626, 27.76869]]]}, "properties": {"class": "flood"}}, {"type": "Feature", "geometry": {"type": "Polygon", "coordinates": [[[85.0926, 27.76669], [85.0926, 27.76469], [85.0946, 27.76469], [85.0946, 27.76669], [85.0926, 27.76669]]]}, "properties": {"class": "flood"}}, {"type": "Feature", "geometry": {"type": "Polygon", "coordinates": [[[85.0986, 27.76669], [85.0986, 27.76469], [85.1006, 27.76469], [85.1006, 27.76669], [85.0986, 27.76669]]]}, "properties": {"class": "flood"}}, {"type": "Feature", "geometry": {"type": "Polygon", "coordinates": [[[85.2726, 27.76669], [85.2726, 27.76469], [85.2766, 27.76469], [85.2766, 27.76669], [85.2726, 27.76669]]]}, "properties": {"class": "flood"}}, {"type": "Feature", "geometry": {"type": "Polygon", "coordinates": [[[85.5386, 27.76669], [85.5386, 27.76269], [85.5406, 27.76269], [85.5406, 27.76669], [85.5386, 27.76669]]]}, "properties": {"class": "flood"}}, {"type": "Feature", "geometry": {"type": "Polygon", "coordinates": [[[85.0966, 27.76469], [85.0966, 27.76269], [85.0986, 27.76269], [85.0986, 27.76469], [85.0966, 27.76469]]]}, "properties": {"class": "flood"}}, {"type": "Feature", "geometry": {"type": "Polygon", "coordinates": [[[85.1006, 27.76469], [85.1006, 27.76269], [85.1026, 27.76269], [85.1026, 27.76469], [85.1006, 27.76469]]]}, "properties": {"class": "flood"}}, {"type": "Feature", "geometry": {"type": "Polygon", "coordinates": [[[85.2346, 27.76469], [85.2346, 27.76269], [85.2386, 27.76269], [85.2386, 27.76469], [85.2346, 27.76469]]]}, "properties": {"class": "flood"}}, {"type": "Feature", "geometry": {"type": "Polygon", "coordinates": [[[85.2926, 27.76469], [85.2926, 27.76269], [85.2966, 27.76269], [85.2966, 27.76469], [85.2926, 27.76469]]]}, "properties": {"class": "flood"}}, {"type": "Feature", "geometry": {"type": "Polygon", "coordinates": [[[85.51859999999999, 27.76469], [85.51859999999999, 27.76269], [85.5206, 27.76269], [85.5206, 27.76469], [85.51859999999999, 27.76469]]]}, "properties": {"class": "flood"}}, {"type": "Feature", "geometry": {"type": "Polygon", "coordinates": [[[85.0986, 27.76269], [85.0986, 27.76069], [85.1006, 27.76069], [85.1006, 27.76269], [85.0986, 27.76269]]]}, "properties": {"class": "flood"}}, {"type": "Feature", "geometry": {"type": "Polygon", "coordinates": [[[85.1866, 27.76269], [85.1866, 27.76069], [85.1886, 27.76069], [85.1886, 27.76269], [85.1866, 27.76269]]]}, "properties": {"class": "flood"}}, {"type": "Feature", "geometry": {"type": "Polygon", "coordinates": [[[85.5206, 27.76269], [85.5206, 27.76069], [85.5226, 27.76069], [85.5226, 27.76269], [85.5206, 27.76269]]]}, "properties": {"class": "flood"}}, {"type": "Feature", "geometry": {"type": "Polygon", "coordinates": [[[85.4686, 27.76469], [85.4686, 27.75869], [85.4706, 27.75869], [85.4726, 27.76469], [85.4686, 27.76469]]]}, "properties": {"class": "flood"}}, {"type": "Feature", "geometry": {"type": "Polygon", "coordinates": [[[85.2166, 27.76269], [85.2166, 27.75869], [85.2186, 27.75869], [85.2186, 27.76269], [85.2166, 27.76269]]]}, "properties": {"class": "flood"}}, {"type": "Feature", "geometry": {"type": "Polygon", "coordinates": [[[85.5086, 27.76269], [85.5086, 27.75869], [85.5106, 27.75869], [85.5106, 27.76269], [85.5086, 27.76269]]]}, "properties": {"class": "flood"}}, {"type": "Feature", "geometry": {"type": "Polygon", "coordinates": [[[85.1046, 27.76069], [85.1046, 27.75869], [85.1066, 27.75869], [85.1066, 27.76069], [85.1046, 27.76069]]]}, "properties": {"class": "flood"}}, {"type": "Feature", "geometry": {"type": "Polygon", "coordinates": [[[85.3806, 27.76069], [85.3806, 27.75869], [85.38459999999999, 27.75869], [85.38459999999999, 27.76069], [85.3806, 27.76069]]]}, "properties": {"class": "flood"}}, {"type": "Feature", "geometry": {"type": "Polygon", "coordinates": [[[85.3466, 27.76069], [85.3466, 27.75669], [85.3486, 27.75669], [85.3486, 27.76069], [85.3466, 27.76069]]]}, "properties": {"class": "flood"}}, {"type": "Feature", "geometry": {"type": "Polygon", "coordinates": [[[85.1026, 27.75869], [85.1026, 27.75669], [85.1046, 27.75669], [85.1046, 27.75869], [85.1026, 27.75869]]]}, "properties": {"class": "flood"}}, {"type": "Feature", "geometry": {"type": "Polygon", "coordinates": [[[85.1146, 27.75869], [85.1146, 27.75669], [85.1166, 27.75669], [85.1166, 27.75869], [85.1146, 27.75869]]]}, "properties": {"class": "flood"}}, {"type": "Feature", "geometry": {"type": "Polygon", "coordinates": [[[85.2526, 27.76069], [85.2506, 27.75869], [85.2506, 27.75669], [85.2546, 27.75669], [85.2526, 27.76069]]]}, "properties": {"class": "flood"}}, {"type": "Feature", "geometry": {"type": "Polygon", "coordinates": [[[85.4666, 27.75869], [85.4666, 27.75669], [85.4686, 27.75669], [85.4686, 27.75869], [85.4666, 27.75869]]]}, "properties": {"class": "flood"}}, {"type": "Feature", "geometry": {"type": "Polygon", "coordinates": [[[85.4706, 27.75869], [85.4706, 27.75669], [85.4726, 27.75669], [85.4726, 27.75869], [85.4706, 27.75869]]]}, "properties": {"class": "flood"}}, {"type": "Feature", "geometry": {"type": "Polygon", "coordinates": [[[85.4966, 27.75869], [85.4966, 27.75669], [85.4986, 27.75669], [85.4986, 27.75869], [85.4966, 27.75869]]]}, "properties": {"class": "flood"}}, {"type": "Feature", "geometry": {"type": "Polygon", "coordinates": [[[85.2066, 27.75869], [85.2066, 27.75469], [85.2146, 27.75469], [85.2126, 27.75869], [85.2066, 27.75869]]]}, "properties": {"class": "flood"}}, {"type": "Feature", "geometry": {"type": "Polygon", "coordinates": [[[85.3086, 27.75869], [85.3086, 27.75469], [85.3126, 27.75469], [85.3126, 27.75669], [85.3086, 27.75869]]]}, "properties": {"class": "flood"}}, {"type": "Feature", "geometry": {"type": "Polygon", "coordinates": [[[85.1126, 27.75669], [85.1126, 27.75469], [85.1146, 27.75469], [85.1146, 27.75669], [85.1126, 27.75669]]]}, "properties": {"class": "flood"}}, {"type": "Feature", "geometry": {"type": "Polygon", "coordinates": [[[85.1666, 27.75669], [85.1666, 27.75469], [85.1686, 27.75469], [85.1686, 27.75669], [85.1666, 27.75669]]]}, "properties": {"class": "flood"}}, {"type": "Feature", "geometry": {"type": "Polygon", "coordinates": [[[85.1766, 27.75669], [85.1766, 27.75469], [85.1786, 27.75469], [85.1786, 27.75669], [85.1766, 27.75669]]]}, "properties": {"class": "flood"}}, {"type": "Feature", "geometry": {"type": "Polygon", "coordinates": [[[85.2366, 27.75669], [85.2366, 27.75469], [85.2386, 27.75469], [85.2386, 27.75669], [85.2366, 27.75669]]]}, "properties": {"class": "flood"}}, {"type": "Feature", "geometry": {"type": "Polygon", "coordinates": [[[85.4986, 27.75669], [85.4986, 27.75469], [85.5006, 27.75469], [85.5006, 27.75669], [85.4986, 27.75669]]]}, "properties": {"class": "flood"}}, {"type": "Feature", "geometry": {"type": "Polygon", "coordinates": [[[85.1426, 27.75669], [85.1426, 27.75269], [85.1506, 27.75269], [85.1506, 27.75669], [85.1426, 27.75669]]]}, "properties": {"class": "flood"}}, {"type": "Feature", "geometry": {"type": "Polygon", "coordinates": [[[85.15259999999999, 27.75669], [85.15259999999999, 27.75269], [85.1546, 27.75269], [85.1546, 27.75669], [85.15259999999999, 27.75669]]]}, "properties": {"class": "flood"}}, {"type": "Feature", "geometry": {"type": "Polygon", "coordinates": [[[85.1686, 27.75469], [85.1686, 27.75269], [85.1706, 27.75269], [85.1706, 27.75469], [85.1686, 27.75469]]]}, "properties": {"class": "flood"}}, {"type": "Feature", "geometry": {"type": "Polygon", "coordinates": [[[85.1786, 27.75469], [85.1786, 27.75269], [85.1806, 27.75269], [85.1806, 27.75469], [85.1786, 27.75469]]]}, "properties": {"class": "flood"}}, {"type": "Feature", "geometry": {"type": "Polygon", "coordinates": [[[85.2346, 27.75469], [85.2346, 27.75269], [85.2366, 27.75269], [85.2366, 27.75469], [85.2346, 27.75469]]]}, "properties": {"class": "flood"}}, {"type": "Feature", "geometry": {"type": "Polygon", "coordinates": [[[85.3666, 27.75469], [85.3666, 27.75269], [85.3706, 27.75269], [85.3706, 27.75469], [85.3666, 27.75469]]]}, "properties": {"class": "flood"}}, {"type": "Feature", "geometry": {"type": "Polygon", "coordinates": [[[85.3786, 27.75469], [85.3786, 27.75269], [85.3826, 27.75269], [85.3826, 27.75469], [85.3786, 27.75469]]]}, "properties": {"class": "flood"}}, {"type": "Feature", "geometry": {"type": "Polygon", "coordinates": [[[85.0826, 27.802690000000002], [85.0786, 27.79869], [85.0726, 27.79869], [85.0726, 27.78469], [85.0866, 27.782690000000002], [85.0866, 27.77869], [85.0906, 27.77869], [85.0866, 27.770690000000002], [85.1006, 27.77269], [85.1126, 27.76069], [85.1206, 27.75869], [85.1306, 27.750690000000002], [85.1366, 27.75469], [85.1386, 27.76069], [85.1506, 27.75869], [85.1686, 27.76469], [85.1866, 27.76269], [85.1886, 27.76669], [85.1966, 27.76469], [85.2166, 27.77469], [85.2226, 27.77469], [85.2166, 27.77869], [85.2106, 27.77469], [85.2106, 27.78069], [85.2006, 27.78069], [85.1986, 27.776690000000002], [85.1866, 27.77869], [85.1806, 27.79069], [85.1766, 27.78069], [85.1746, 27.782690000000002], [85.1626, 27.78069], [85.1606, 27.78669], [85.1566, 27.77869], [85.1426, 27.78069], [85.1366, 27.776690000000002], [85.1326, 27.78069], [85.1306, 27.77469], [85.1246, 27.77469], [85.1226, 27.78069], [85.1186, 27.78069], [85.1206, 27.78669], [85.0966, 27.78669], [85.0946, 27.79069], [85.0906, 27.79069], [85.0946, 27.802690000000002], [85.0926, 27.80069], [85.0826, 27.802690000000002]]]}, "properties": {"class": "flood"}}, {"type": "Feature", "geometry": {"type": "Polygon", "coordinates": [[[85.1986, 27.75669], [85.1986, 27.750690000000002], [85.2026, 27.750690000000002], [85.2026, 27.75669], [85.1986, 27.75669]]]}, "properties": {"class": "flood"}}, {"type": "Feature", "geometry": {"type": "Polygon", "coordinates": [[[85.40259999999999, 27.75269], [85.40259999999999, 27.750690000000002], [85.4066, 27.750690000000002], [85.4066, 27.75269], [85.40259999999999, 27.75269]]]}, "properties": {"class": "flood"}}, {"type": "Feature", "geometry": {"type": "Polygon", "coordinates": [[[85.4966, 27.75269], [85.4966, 27.750690000000002], [85.4986, 27.750690000000002], [85.4986, 27.75269], [85.4966, 27.75269]]]}, "properties": {"class": "flood"}}, {"type": "Feature", "geometry": {"type": "Polygon", "coordinates": [[[85.2486, 27.750690000000002], [85.2486, 27.74869], [85.2526, 27.74869], [85.2526, 27.750690000000002], [85.2486, 27.750690000000002]]]}, "properties": {"class": "flood"}}, {"type": "Feature", "geometry": {"type": "Polygon", "coordinates": [[[85.26859999999999, 27.750690000000002], [85.26859999999999, 27.74869], [85.2706, 27.74869], [85.2706, 27.750690000000002], [85.26859999999999, 27.750690000000002]]]}, "properties": {"class": "flood"}}, {"type": "Feature", "geometry": {"type": "Polygon", "coordinates": [[[85.3066, 27.750690000000002], [85.3066, 27.74869], [85.3086, 27.74869], [85.3086, 27.750690000000002], [85.3066, 27.750690000000002]]]}, "properties": {"class": "flood"}}, {"type": "Feature", "geometry": {"type": "Polygon", "coordinates": [[[85.3326, 27.75269], [85.3306, 27.750690000000002], [85.3306, 27.74869], [85.3346, 27.74869], [85.3326, 27.75269]]]}, "properties": {"class": "flood"}}, {"type": "Feature", "geometry": {"type": "Polygon", "coordinates": [[[85.4646, 27.75269], [85.4626, 27.750690000000002], [85.4626, 27.74869], [85.4666, 27.74869], [85.4646, 27.75269]]]}, "properties": {"class": "flood"}}, {"type": "Feature", "geometry": {"type": "Polygon", "coordinates": [[[85.2726, 27.750690000000002], [85.2726, 27.74669], [85.27459999999999, 27.74669], [85.27459999999999, 27.750690000000002], [85.2726, 27.750690000000002]]]}, "properties": {"class": "flood"}}, {"type": "Feature", "geometry": {"type": "Polygon", "coordinates": [[[85.2766, 27.750690000000002], [85.2766, 27.74669], [85.2786, 27.74669], [85.2786, 27.750690000000002], [85.2766, 27.750690000000002]]]}, "properties": {"class": "flood"}}, {"type": "Feature", "geometry": {"type": "Polygon", "coordinates": [[[85.3086, 27.74869], [85.3086, 27.74669], [85.3106, 27.74669], [85.3106, 27.74869], [85.3086, 27.74869]]]}, "properties": {"class": "flood"}}, {"type": "Feature", "geometry": {"type": "Polygon", "coordinates": [[[85.4266, 27.74869], [85.4266, 27.74669], [85.4286, 27.74669], [85.4286, 27.74869], [85.4266, 27.74869]]]}, "properties": {"class": "flood"}}, {"type": "Feature", "geometry": {"type": "Polygon", "coordinates": [[[85.4966, 27.74869], [85.4966, 27.74669], [85.4986, 27.74669], [85.4986, 27.74869], [85.4966, 27.74869]]]}, "properties": {"class": "flood"}}, {"type": "Feature", "geometry": {"type": "Polygon", "coordinates": [[[85.2286, 27.74869], [85.2286, 27.744690000000002], [85.2306, 27.744690000000002], [85.2306, 27.74869], [85.2286, 27.74869]]]}, "properties": {"class": "flood"}}, {"type": "Feature", "geometry": {"type": "Polygon", "coordinates": [[[85.2826, 27.74869], [85.2826, 27.744690000000002], [85.2846, 27.744690000000002], [85.2846, 27.74869], [85.2826, 27.74869]]]}, "properties": {"class": "flood"}}, {"type": "Feature", "geometry": {"type": "Polygon", "coordinates": [[[85.4566, 27.74669], [85.4566, 27.744690000000002], [85.4586, 27.744690000000002], [85.4586, 27.74669], [85.4566, 27.74669]]]}, "properties": {"class": "flood"}}, {"type": "Feature", "geometry": {"type": "Polygon", "coordinates": [[[85.4946, 27.74669], [85.4946, 27.744690000000002], [85.4966, 27.744690000000002], [85.4966, 27.74669], [85.4946, 27.74669]]]}, "properties": {"class": "flood"}}, {"type": "Feature", "geometry": {"type": "Polygon", "coordinates": [[[85.3406, 27.74869], [85.3406, 27.74269], [85.3446, 27.74269], [85.3446, 27.74669], [85.3406, 27.74869]]]}, "properties": {"class": "flood"}}, {"type": "Feature", "geometry": {"type": "Polygon", "coordinates": [[[85.2366, 27.74669], [85.2386, 27.74269], [85.2426, 27.74269], [85.2426, 27.74669], [85.2366, 27.74669]]]}, "properties": {"class": "flood"}}, {"type": "Feature", "geometry": {"type": "Polygon", "coordinates": [[[85.2606, 27.74669], [85.2606, 27.74269], [85.26259999999999, 27.74269], [85.26259999999999, 27.74669], [85.2606, 27.74669]]]}, "properties": {"class": "flood"}}, {"type": "Feature", "geometry": {"type": "Polygon", "coordinates": [[[85.2646, 27.74669], [85.2646, 27.74269], [85.2706, 27.744690000000002], [85.2706, 27.74669], [85.2646, 27.74669]]]}, "properties": {"class": "flood"}}, {"type": "Feature", "geometry": {"type": "Polygon", "coordinates": [[[85.2886, 27.74669], [85.2886, 27.74269], [85.2906, 27.74269], [85.2906, 27.74669], [85.2886, 27.74669]]]}, "properties": {"class": "flood"}}, {"type": "Feature", "geometry": {"type": "Polygon", "coordinates": [[[85.3746, 27.74669], [85.3766, 27.74269], [85.3786, 27.74269], [85.3786, 27.74669], [85.3746, 27.74669]]]}, "properties": {"class": "flood"}}, {"type": "Feature", "geometry": {"type": "Polygon", "coordinates": [[[85.5146, 27.74669], [85.5146, 27.74269], [85.5166, 27.74269], [85.5166, 27.74669], [85.5146, 27.74669]]]}, "properties": {"class": "flood"}}, {"type": "Feature", "geometry": {"type": "Polygon", "coordinates": [[[85.2346, 27.744690000000002], [85.2346, 27.74269], [85.2366, 27.74269], [85.2366, 27.744690000000002], [85.2346, 27.744690000000002]]]}, "properties": {"class": "flood"}}, {"type": "Feature", "geometry": {"type": "Polygon", "coordinates": [[[85.4586, 27.744690000000002], [85.4586, 27.74269], [85.4606, 27.74269], [85.4606, 27.744690000000002], [85.4586, 27.744690000000002]]]}, "properties": {"class": "flood"}}, {"type": "Feature", "geometry": {"type": "Polygon", "coordinates": [[[85.3646, 27.744690000000002], [85.3646, 27.74069], [85.3666, 27.74069], [85.3666, 27.744690000000002], [85.3646, 27.744690000000002]]]}, "properties": {"class": "flood"}}, {"type": "Feature", "geometry": {"type": "Polygon", "coordinates": [[[85.3166, 27.74269], [85.3166, 27.74069], [85.3206, 27.74069], [85.3206, 27.74269], [85.3166, 27.74269]]]}, "properties": {"class": "flood"}}, {"type": "Feature", "geometry": {"type": "Polygon", "coordinates": [[[85.3826, 27.74269], [85.3826, 27.74069], [85.38459999999999, 27.74069], [85.38459999999999, 27.74269], [85.3826, 27.74269]]]}, "properties": {"class": "flood"}}, {"type": "Feature", "geometry": {"type": "Polygon", "coordinates": [[[85.5326, 27.74269], [85.5326, 27.74069], [85.53659999999999, 27.738690000000002], [85.53659999999999, 27.74269], [85.5326, 27.74269]]]}, "properties": {"class": "flood"}}, {"type": "Feature", "geometry": {"type": "Polygon", "coordinates": [[[85.2546, 27.74069], [85.2546, 27.738690000000002], [85.2586, 27.738690000000002], [85.2586, 27.74069], [85.2546, 27.74069]]]}, "properties": {"class": "flood"}}, {"type": "Feature", "geometry": {"type": "Polygon", "coordinates": [[[85.53059999999999, 27.74069], [85.53059999999999, 27.738690000000002], [85.5326, 27.738690000000002], [85.5326, 27.74069], [85.53059999999999, 27.74069]]]}, "properties": {"class": "flood"}}, {"type": "Feature", "geometry": {"type": "Polygon", "coordinates": [[[85.4206, 27.74069], [85.4206, 27.73669], [85.4246, 27.73669], [85.4226, 27.74069], [85.4206, 27.74069]]]}, "properties": {"class": "flood"}}, {"type": "Feature", "geometry": {"type": "Polygon", "coordinates": [[[85.2966, 27.74069], [85.2946, 27.738690000000002], [85.2946, 27.73669], [85.2986, 27.73669], [85.2966, 27.74069]]]}, "properties": {"class": "flood"}}, {"type": "Feature", "geometry": {"type": "Polygon", "coordinates": [[[85.5326, 27.738690000000002], [85.5326, 27.73669], [85.5346, 27.73669], [85.5346, 27.738690000000002], [85.5326, 27.738690000000002]]]}, "properties": {"class": "flood"}}, {"type": "Feature", "geometry": {"type": "Polygon", "coordinates": [[[85.5546, 27.76469], [85.5546, 27.76069], [85.5446, 27.75869], [85.5426, 27.75469], [85.5566, 27.75469], [85.5506, 27.75269], [85.5526, 27.74069], [85.5566, 27.74069], [85.5586, 27.73469], [85.5626, 27.73469], [85.5686, 27.738690000000002], [85.5686, 27.75869], [85.5586, 27.76069], [85.5546, 27.76469]]]}, "properties": {"class": "flood"}}, {"type": "Feature", "geometry": {"type": "Polygon", "coordinates": [[[85.4866, 27.738690000000002], [85.4866, 27.73669], [85.4906, 27.73469], [85.4906, 27.738690000000002], [85.4866, 27.738690000000002]]]}, "properties": {"class": "flood"}}, {"type": "Feature", "geometry": {"type": "Polygon", "coordinates": [[[85.3746, 27.73669], [85.3746, 27.73469], [85.3786, 27.73469], [85.3786, 27.73669], [85.3746, 27.73669]]]}, "properties": {"class": "flood"}}, {"type": "Feature", "geometry": {"type": "Polygon", "coordinates": [[[85.4126, 27.73669], [85.4126, 27.73469], [85.4146, 27.73469], [85.4146, 27.73669], [85.4126, 27.73669]]]}, "properties": {"class": "flood"}}, {"type": "Feature", "geometry": {"type": "Polygon", "coordinates": [[[85.4406, 27.73669], [85.4406, 27.73469], [85.4466, 27.73469], [85.4466, 27.73669], [85.4406, 27.73669]]]}, "properties": {"class": "flood"}}, {"type": "Feature", "geometry": {"type": "Polygon", "coordinates": [[[85.4826, 27.73669], [85.4826, 27.73469], [85.4866, 27.73469], [85.4866, 27.73669], [85.4826, 27.73669]]]}, "properties": {"class": "flood"}}, {"type": "Feature", "geometry": {"type": "Polygon", "coordinates": [[[85.4986, 27.738690000000002], [85.4986, 27.73269], [85.5006, 27.73269], [85.5026, 27.73669], [85.4986, 27.738690000000002]]]}, "properties": {"class": "flood"}}, {"type": "Feature", "geometry": {"type": "Polygon", "coordinates": [[[85.2706, 27.73469], [85.2706, 27.73269], [85.27459999999999, 27.73269], [85.27459999999999, 27.73469], [85.2706, 27.73469]]]}, "properties": {"class": "flood"}}, {"type": "Feature", "geometry": {"type": "Polygon", "coordinates": [[[85.3286, 27.73469], [85.3286, 27.73269], [85.3306, 27.73269], [85.3306, 27.73469], [85.3286, 27.73469]]]}, "properties": {"class": "flood"}}, {"type": "Feature", "geometry": {"type": "Polygon", "coordinates": [[[85.3726, 27.73469], [85.3726, 27.73269], [85.3746, 27.73269], [85.3746, 27.73469], [85.3726, 27.73469]]]}, "properties": {"class": "flood"}}, {"type": "Feature", "geometry": {"type": "Polygon", "coordinates": [[[85.39059999999999, 27.73469], [85.39059999999999, 27.73269], [85.3946, 27.73269], [85.3946, 27.73469], [85.39059999999999, 27.73469]]]}, "properties": {"class": "flood"}}, {"type": "Feature", "geometry": {"type": "Polygon", "coordinates": [[[85.4146, 27.73469], [85.4146, 27.73269], [85.4166, 27.73269], [85.4166, 27.73469], [85.4146, 27.73469]]]}, "properties": {"class": "flood"}}, {"type": "Feature", "geometry": {"type": "Polygon", "coordinates": [[[85.4806, 27.73469], [85.4806, 27.73269], [85.4826, 27.73269], [85.4826, 27.73469], [85.4806, 27.73469]]]}, "properties": {"class": "flood"}}, {"type": "Feature", "geometry": {"type": "Polygon", "coordinates": [[[85.5266, 27.73469], [85.5266, 27.73269], [85.5286, 27.73269], [85.5286, 27.73469], [85.5266, 27.73469]]]}, "properties": {"class": "flood"}}, {"type": "Feature", "geometry": {"type": "Polygon", "coordinates": [[[85.5646, 27.73469], [85.5646, 27.73269], [85.5666, 27.73269], [85.5666, 27.73469], [85.5646, 27.73469]]]}, "properties": {"class": "flood"}}, {"type": "Feature", "geometry": {"type": "Polygon", "coordinates": [[[85.5086, 27.73469], [85.5086, 27.73069], [85.5106, 27.73069], [85.5106, 27.73469], [85.5086, 27.73469]]]}, "properties": {"class": "flood"}}, {"type": "Feature", "geometry": {"type": "Polygon", "coordinates": [[[85.3226, 27.73269], [85.3226, 27.73069], [85.3246, 27.73069], [85.3246, 27.73269], [85.3226, 27.73269]]]}, "properties": {"class": "flood"}}, {"type": "Feature", "geometry": {"type": "Polygon", "coordinates": [[[85.3306, 27.73269], [85.3306, 27.73069], [85.3326, 27.73069], [85.3326, 27.73269], [85.3306, 27.73269]]]}, "properties": {"class": "flood"}}, {"type": "Feature", "geometry": {"type": "Polygon", "coordinates": [[[85.3746, 27.73269], [85.3746, 27.73069], [85.3766, 27.73069], [85.3766, 27.73269], [85.3746, 27.73269]]]}, "properties": {"class": "flood"}}, {"type": "Feature", "geometry": {"type": "Polygon", "coordinates": [[[85.5286, 27.73269], [85.5286, 27.73069], [85.53059999999999, 27.73069], [85.53059999999999, 27.73269], [85.5286, 27.73269]]]}, "properties": {"class": "flood"}}, {"type": "Feature", "geometry": {"type": "Polygon", "coordinates": [[[85.5666, 27.73269], [85.5666, 27.73069], [85.5686, 27.73069], [85.5686, 27.73269], [85.5666, 27.73269]]]}, "properties": {"class": "flood"}}, {"type": "Feature", "geometry": {"type": "Polygon", "coordinates": [[[85.2946, 27.73069], [85.2946, 27.72869], [85.2986, 27.72869], [85.2986, 27.73069], [85.2946, 27.73069]]]}, "properties": {"class": "flood"}}, {"type": "Feature", "geometry": {"type": "Polygon", "coordinates": [[[85.3246, 27.73069], [85.3246, 27.72869], [85.3266, 27.72869], [85.3266, 27.73069], [85.3246, 27.73069]]]}, "properties": {"class": "flood"}}, {"type": "Feature", "geometry": {"type": "Polygon", "coordinates": [[[85.3706, 27.73069], [85.3706, 27.72869], [85.3726, 27.72869], [85.3726, 27.73069], [85.3706, 27.73069]]]}, "properties": {"class": "flood"}}, {"type": "Feature", "geometry": {"type": "Polygon", "coordinates": [[[85.3886, 27.73069], [85.3886, 27.72869], [85.39059999999999, 27.72869], [85.39059999999999, 27.73069], [85.3886, 27.73069]]]}, "properties": {"class": "flood"}}, {"type": "Feature", "geometry": {"type": "Polygon", "coordinates": [[[85.4046, 27.73069], [85.4046, 27.72869], [85.4066, 27.72869], [85.4066, 27.73069], [85.4046, 27.73069]]]}, "properties": {"class": "flood"}}, {"type": "Feature", "geometry": {"type": "Polygon", "coordinates": [[[85.3686, 27.72869], [85.3686, 27.72669], [85.3706, 27.72669], [85.3706, 27.72869], [85.3686, 27.72869]]]}, "properties": {"class": "flood"}}, {"type": "Feature", "geometry": {"type": "Polygon", "coordinates": [[[85.3726, 27.72869], [85.3726, 27.72669], [85.3746, 27.72669], [85.3746, 27.72869], [85.3726, 27.72869]]]}, "properties": {"class": "flood"}}, {"type": "Feature", "geometry": {"type": "Polygon", "coordinates": [[[85.39059999999999, 27.72869], [85.39059999999999, 27.72669], [85.3926, 27.72669], [85.3926, 27.72869], [85.39059999999999, 27.72869]]]}, "properties": {"class": "flood"}}, {"type": "Feature", "geometry": {"type": "Polygon", "coordinates": [[[85.4006, 27.72869], [85.4006, 27.72669], [85.40259999999999, 27.72669], [85.40259999999999, 27.72869], [85.4006, 27.72869]]]}, "properties": {"class": "flood"}}, {"type": "Feature", "geometry": {"type": "Polygon", "coordinates": [[[85.4066, 27.72869], [85.4066, 27.72669], [85.40859999999999, 27.72669], [85.40859999999999, 27.72869], [85.4066, 27.72869]]]}, "properties": {"class": "flood"}}, {"type": "Feature", "geometry": {"type": "Polygon", "coordinates": [[[85.4606, 27.72869], [85.4606, 27.72669], [85.4626, 27.72669], [85.4626, 27.72869], [85.4606, 27.72869]]]}, "properties": {"class": "flood"}}, {"type": "Feature", "geometry": {"type": "Polygon", "coordinates": [[[85.5606, 27.72869], [85.5606, 27.72469], [85.5626, 27.72469], [85.5626, 27.72869], [85.5606, 27.72869]]]}, "properties": {"class": "flood"}}, {"type": "Feature", "geometry": {"type": "Polygon", "coordinates": [[[85.3706, 27.72669], [85.3706, 27.72469], [85.3726, 27.72469], [85.3726, 27.72669], [85.3706, 27.72669]]]}, "properties": {"class": "flood"}}, {"type": "Feature", "geometry": {"type": "Polygon", "coordinates": [[[85.40259999999999, 27.72669], [85.40259999999999, 27.72469], [85.4046, 27.72469], [85.4046, 27.72669], [85.40259999999999, 27.72669]]]}, "properties": {"class": "flood"}}, {"type": "Feature", "geometry": {"type": "Polygon", "coordinates": [[[85.4626, 27.72669], [85.4626, 27.72469], [85.4646, 27.72469], [85.4646, 27.72669], [85.4626, 27.72669]]]}, "properties": {"class": "flood"}}, {"type": "Feature", "geometry": {"type": "Polygon", "coordinates": [[[85.5466, 27.72669], [85.5466, 27.72269], [85.5486, 27.72269], [85.5486, 27.72669], [85.5466, 27.72669]]]}, "properties": {"class": "flood"}}, {"type": "Feature", "geometry": {"type": "Polygon", "coordinates": [[[85.0726, 27.72469], [85.0726, 27.72269], [85.0746, 27.72269], [85.0746, 27.72469], [85.0726, 27.72469]]]}, "properties": {"class": "flood"}}, {"type": "Feature", "geometry": {"type": "Polygon", "coordinates": [[[85.2186, 27.72469], [85.2186, 27.72269], [85.2206, 27.72269], [85.2206, 27.72469], [85.2186, 27.72469]]]}, "properties": {"class": "flood"}}, {"type": "Feature", "geometry": {"type": "Polygon", "coordinates": [[[85.2646, 27.72469], [85.2646, 27.72269], [85.2666, 27.72269], [85.2666, 27.72469], [85.2646, 27.72469]]]}, "properties": {"class": "flood"}}, {"type": "Feature", "geometry": {"type": "Polygon", "coordinates": [[[85.5206, 27.72469], [85.5226, 27.72069], [85.5286, 27.72069], [85.5286, 27.72469], [85.5206, 27.72469]]]}, "properties": {"class": "flood"}}, {"type": "Feature", "geometry": {"type": "Polygon", "coordinates": [[[85.0966, 27.72269], [85.0966, 27.72069], [85.0986, 27.72069], [85.0986, 27.72269], [85.0966, 27.72269]]]}, "properties": {"class": "flood"}}, {"type": "Feature", "geometry": {"type": "Polygon", "coordinates": [[[85.2166, 27.72269], [85.2166, 27.72069], [85.2186, 27.72069], [85.2186, 27.72269], [85.2166, 27.72269]]]}, "properties": {"class": "flood"}}, {"type": "Feature", "geometry": {"type": "Polygon", "coordinates": [[[85.26259999999999, 27.72269], [85.26259999999999, 27.72069], [85.2646, 27.72069], [85.2646, 27.72269], [85.26259999999999, 27.72269]]]}, "properties": {"class": "flood"}}, {"type": "Feature", "geometry": {"type": "Polygon", "coordinates": [[[85.1206, 27.72269], [85.1206, 27.718690000000002], [85.1226, 27.718690000000002], [85.1226, 27.72269], [85.1206, 27.72269]]]}, "properties": {"class": "flood"}}, {"type": "Feature", "geometry": {"type": "Polygon", "coordinates": [[[85.0786, 27.72069], [85.0786, 27.718690000000002], [85.0826, 27.718690000000002], [85.0826, 27.72069], [85.0786, 27.72069]]]}, "properties": {"class": "flood"}}, {"type": "Feature", "geometry": {"type": "Polygon", "coordinates": [[[85.1006, 27.72069], [85.1006, 27.718690000000002], [85.1046, 27.718690000000002], [85.1046, 27.72069], [85.1006, 27.72069]]]}, "properties": {"class": "flood"}}, {"type": "Feature", "geometry": {"type": "Polygon", "coordinates": [[[85.3326, 27.72069], [85.3326, 27.718690000000002], [85.3346, 27.718690000000002], [85.3346, 27.72069], [85.3326, 27.72069]]]}, "properties": {"class": "flood"}}, {"type": "Feature", "geometry": {"type": "Polygon", "coordinates": [[[85.3506, 27.72069], [85.3506, 27.718690000000002], [85.3526, 27.718690000000002], [85.3526, 27.72069], [85.3506, 27.72069]]]}, "properties": {"class": "flood"}}, {"type": "Feature", "geometry": {"type": "Polygon", "coordinates": [[[85.2246, 27.72069], [85.2246, 27.71669], [85.2286, 27.71669], [85.2266, 27.72069], [85.2246, 27.72069]]]}, "properties": {"class": "flood"}}, {"type": "Feature", "geometry": {"type": "Polygon", "coordinates": [[[85.5166, 27.72069], [85.5166, 27.71669], [85.51859999999999, 27.71669], [85.51859999999999, 27.72069], [85.5166, 27.72069]]]}, "properties": {"class": "flood"}}, {"type": "Feature", "geometry": {"type": "Polygon", "coordinates": [[[85.3146, 27.718690000000002], [85.3146, 27.71669], [85.3166, 27.71669], [85.3166, 27.718690000000002], [85.3146, 27.718690000000002]]]}, "properties": {"class": "flood"}}, {"type": "Feature", "geometry": {"type": "Polygon", "coordinates": [[[85.3346, 27.718690000000002], [85.3346, 27.71669], [85.3366, 27.71669], [85.3366, 27.718690000000002], [85.3346, 27.718690000000002]]]}, "properties": {"class": "flood"}}, {"type": "Feature", "geometry": {"type": "Polygon", "coordinates": [[[85.3526, 27.718690000000002], [85.3526, 27.71669], [85.3546, 27.71669], [85.3546, 27.718690000000002], [85.3526, 27.718690000000002]]]}, "properties": {"class": "flood"}}, {"type": "Feature", "geometry": {"type": "Polygon", "coordinates": [[[85.2726, 27.72069], [85.2726, 27.71669], [85.2766, 27.71469], [85.2786, 27.718690000000002], [85.2726, 27.72069]]]}, "properties": {"class": "flood"}}, {"type": "Feature", "geometry": {"type": "Polygon", "coordinates": [[[85.3926, 27.718690000000002], [85.3926, 27.71469], [85.3946, 27.71469], [85.3946, 27.718690000000002], [85.3926, 27.718690000000002]]]}, "properties": {"class": "flood"}}, {"type": "Feature", "geometry": {"type": "Polygon", "coordinates": [[[85.4266, 27.718690000000002], [85.4266, 27.71469], [85.4286, 27.71469], [85.4286, 27.718690000000002], [85.4266, 27.718690000000002]]]}, "properties": {"class": "flood"}}, {"type": "Feature", "geometry": {"type": "Polygon", "coordinates": [[[85.1206, 27.71669], [85.1206, 27.71469], [85.1246, 27.71469], [85.1246, 27.71669], [85.1206, 27.71669]]]}, "properties": {"class": "flood"}}, {"type": "Feature", "geometry": {"type": "Polygon", "coordinates": [[[85.2026, 27.71669], [85.2026, 27.71469], [85.2046, 27.71469], [85.2046, 27.71669], [85.2026, 27.71669]]]}, "properties": {"class": "flood"}}, {"type": "Feature", "geometry": {"type": "Polygon", "coordinates": [[[85.2186, 27.71669], [85.2186, 27.71469], [85.2206, 27.71469], [85.2206, 27.71669], [85.2186, 27.71669]]]}, "properties": {"class": "flood"}}, {"type": "Feature", "geometry": {"type": "Polygon", "coordinates": [[[85.3086, 27.71669], [85.3086, 27.71469], [85.3106, 27.71469], [85.3106, 27.71669], [85.3086, 27.71669]]]}, "properties": {"class": "flood"}}, {"type": "Feature", "geometry": {"type": "Polygon", "coordinates": [[[85.3166, 27.71669], [85.3166, 27.71469], [85.3186, 27.71469], [85.3186, 27.71669], [85.3166, 27.71669]]]}, "properties": {"class": "flood"}}, {"type": "Feature", "geometry": {"type": "Polygon", "coordinates": [[[85.51859999999999, 27.71669], [85.51859999999999, 27.71469], [85.5226, 27.71469], [85.5226, 27.71669], [85.51859999999999, 27.71669]]]}, "properties": {"class": "flood"}}, {"type": "Feature", "geometry": {"type": "Polygon", "coordinates": [[[85.5666, 27.72269], [85.5606, 27.71669], [85.5566, 27.71669], [85.5586, 27.712690000000002], [85.5686, 27.712690000000002], [85.5666, 27.72269]]]}, "properties": {"class": "flood"}}, {"type": "Feature", "geometry": {"type": "Polygon", "coordinates": [[[85.2006, 27.71469], [85.2006, 27.712690000000002], [85.2026, 27.712690000000002], [85.2026, 27.71469], [85.2006, 27.71469]]]}, "properties": {"class": "flood"}}, {"type": "Feature", "geometry": {"type": "Polygon", "coordinates": [[[85.2086, 27.71469], [85.2086, 27.712690000000002], [85.2106, 27.712690000000002], [85.2106, 27.71469], [85.2086, 27.71469]]]}, "properties": {"class": "flood"}}, {"type": "Feature", "geometry": {"type": "Polygon", "coordinates": [[[85.2206, 27.71469], [85.2206, 27.712690000000002], [85.2226, 27.712690000000002], [85.2226, 27.71469], [85.2206, 27.71469]]]}, "properties": {"class": "flood"}}, {"type": "Feature", "geometry": {"type": "Polygon", "coordinates": [[[85.3106, 27.71469], [85.3106, 27.712690000000002], [85.3126, 27.712690000000002], [85.3126, 27.71469], [85.3106, 27.71469]]]}, "properties": {"class": "flood"}}, {"type": "Feature", "geometry": {"type": "Polygon", "coordinates": [[[85.3286, 27.71469], [85.3286, 27.71069], [85.3326, 27.71069], [85.3306, 27.71469], [85.3286, 27.71469]]]}, "properties": {"class": "flood"}}, {"type": "Feature", "geometry": {"type": "Polygon", "coordinates": [[[85.4426, 27.71469], [85.4426, 27.71069], [85.4446, 27.71069], [85.4446, 27.71469], [85.4426, 27.71469]]]}, "properties": {"class": "flood"}}, {"type": "Feature", "geometry": {"type": "Polygon", "coordinates": [[[85.2106, 27.712690000000002], [85.2106, 27.71069], [85.2126, 27.71069], [85.2126, 27.712690000000002], [85.2106, 27.712690000000002]]]}, "properties": {"class": "flood"}}, {"type": "Feature", "geometry": {"type": "Polygon", "coordinates": [[[85.28659999999999, 27.712690000000002], [85.28659999999999, 27.71069], [85.2906, 27.71069], [85.2906, 27.712690000000002], [85.28659999999999, 27.712690000000002]]]}, "properties": {"class": "flood"}}, {"type": "Feature", "geometry": {"type": "Polygon", "coordinates": [[[85.38459999999999, 27.712690000000002], [85.38459999999999, 27.71069], [85.3866, 27.71069], [85.3866, 27.712690000000002], [85.38459999999999, 27.712690000000002]]]}, "properties": {"class": "flood"}}, {"type": "Feature", "geometry": {"type": "Polygon", "coordinates": [[[85.2366, 27.71469], [85.2366, 27.70869], [85.2386, 27.70869], [85.2406, 27.71469], [85.2366, 27.71469]]]}, "properties": {"class": "flood"}}, {"type": "Feature", "geometry": {"type": "Polygon", "coordinates": [[[85.4566, 27.712690000000002], [85.4566, 27.70869], [85.4586, 27.70869], [85.4586, 27.712690000000002], [85.4566, 27.712690000000002]]]}, "properties": {"class": "flood"}}, {"type": "Feature", "geometry": {"type": "Polygon", "coordinates": [[[85.4646, 27.712690000000002], [85.4646, 27.70869], [85.4666, 27.70869], [85.4666, 27.712690000000002], [85.4646, 27.712690000000002]]]}, "properties": {"class": "flood"}}, {"type": "Feature", "geometry": {"type": "Polygon", "coordinates": [[[85.4786, 27.712690000000002], [85.4786, 27.70869], [85.4806, 27.70869], [85.4806, 27.712690000000002], [85.4786, 27.712690000000002]]]}, "properties": {"class": "flood"}}, {"type": "Feature", "geometry": {"type": "Polygon", "coordinates": [[[85.4846, 27.712690000000002], [85.4846, 27.70869], [85.4866, 27.70869], [85.4866, 27.712690000000002], [85.4846, 27.712690000000002]]]}, "properties": {"class": "flood"}}, {"type": "Feature", "geometry": {"type": "Polygon", "coordinates": [[[85.4986, 27.712690000000002], [85.4986, 27.70869], [85.5006, 27.70869], [85.5006, 27.712690000000002], [85.4986, 27.712690000000002]]]}, "properties": {"class": "flood"}}, {"type": "Feature", "geometry": {"type": "Polygon", "coordinates": [[[85.5026, 27.712690000000002], [85.5026, 27.70869], [85.5046, 27.70869], [85.5046, 27.712690000000002], [85.5026, 27.712690000000002]]]}, "properties": {"class": "flood"}}, {"type": "Feature", "geometry": {"type": "Polygon", "coordinates": [[[85.5086, 27.712690000000002], [85.5086, 27.70869], [85.5106, 27.70869], [85.5106, 27.712690000000002], [85.5086, 27.712690000000002]]]}, "properties": {"class": "flood"}}, {"type": "Feature", "geometry": {"type": "Polygon", "coordinates": [[[85.3866, 27.71069], [85.3866, 27.70869], [85.3886, 27.70869], [85.3886, 27.71069], [85.3866, 27.71069]]]}, "properties": {"class": "flood"}}, {"type": "Feature", "geometry": {"type": "Polygon", "coordinates": [[[85.4526, 27.712690000000002], [85.4526, 27.71069], [85.4506, 27.70869], [85.4546, 27.70869], [85.4526, 27.712690000000002]]]}, "properties": {"class": "flood"}}, {"type": "Feature", "geometry": {"type": "Polygon", "coordinates": [[[85.0726, 27.76669], [85.0726, 27.73069], [85.0826, 27.72869], [85.0886, 27.73469], [85.1006, 27.73469], [85.1046, 27.72869], [85.1106, 27.73069], [85.1126, 27.72269], [85.1146, 27.72669], [85.1206, 27.72869], [85.1306, 27.718690000000002], [85.1426, 27.718690000000002], [85.1506, 27.71069], [85.1506, 27.706690000000002], [85.1546, 27.70869], [85.1566, 27.71469], [85.1646, 27.71469], [85.1646, 27.718690000000002], [85.1686, 27.718690000000002], [85.1706, 27.71469], [85.1746, 27.718690000000002], [85.1786, 27.71669], [85.1866, 27.718690000000002], [85.1846, 27.72469], [85.1966, 27.72469], [85.1946, 27.72869], [85.2006, 27.73069], [85.1966, 27.73469], [85.2086, 27.73669], [85.2086, 27.74069], [85.2006, 27.74069], [85.1886, 27.74869], [85.1846, 27.74869], [85.1846, 27.744690000000002], [85.1666, 27.74869], [85.1646, 27.744690000000002], [85.1606, 27.75269], [85.1446, 27.74669], [85.1426, 27.750690000000002], [85.14059999999999, 27.74869], [85.13459999999999, 27.750690000000002], [85.13459999999999, 27.74669], [85.1286, 27.74669], [85.1266, 27.750690000000002], [85.1246, 27.74669], [85.1166, 27.75269], [85.1026, 27.75469], [85.0866, 27.76469], [85.0726, 27.76669]], [[85.1606, 27.74669], [85.1626, 27.74669], [85.1626, 27.74269], [85.1606, 27.74269], [85.1606, 27.74669]], [[85.1926, 27.73269], [85.1946, 27.73269], [85.1946, 27.73069], [85.1926, 27.73069], [85.1926, 27.73269]]]}, "properties": {"class": "flood"}}, {"type": "Feature", "geometry": {"type": "Polygon", "coordinates": [[[85.13459999999999, 27.70869], [85.13459999999999, 27.706690000000002], [85.1366, 27.706690000000002], [85.1366, 27.70869], [85.13459999999999, 27.70869]]]}, "properties": {"class": "flood"}}, {"type": "Feature", "geometry": {"type": "Polygon", "coordinates": [[[85.3806, 27.71069], [85.3786, 27.706690000000002], [85.38459999999999, 27.706690000000002], [85.38459999999999, 27.70869], [85.3806, 27.71069]]]}, "properties": {"class": "flood"}}, {"type": "Feature", "geometry": {"type": "Polygon", "coordinates": [[[85.0746, 27.71069], [85.0726, 27.70469], [85.0806, 27.706690000000002], [85.0786, 27.71069], [85.0746, 27.71069]]]}, "properties": {"class": "flood"}}, {"type": "Feature", "geometry": {"type": "Polygon", "coordinates": [[[85.1726, 27.70869], [85.1726, 27.70469], [85.1786, 27.70469], [85.1766, 27.70869], [85.1726, 27.70869]]]}, "properties": {"class": "flood"}}, {"type": "Feature", "geometry": {"type": "Polygon", "coordinates": [[[85.2466, 27.71069], [85.2446, 27.70869], [85.2446, 27.70469], [85.2506, 27.706690000000002], [85.2466, 27.71069]]]}, "properties": {"class": "flood"}}, {"type": "Feature", "geometry": {"type": "Polygon", "coordinates": [[[85.1366, 27.706690000000002], [85.1366, 27.70469], [85.1386, 27.70469], [85.1386, 27.706690000000002], [85.1366, 27.706690000000002]]]}, "properties": {"class": "flood"}}, {"type": "Feature", "geometry": {"type": "Polygon", "coordinates": [[[85.2506, 27.706690000000002], [85.2506, 27.70469], [85.2526, 27.70469], [85.2526, 27.706690000000002], [85.2506, 27.706690000000002]]]}, "properties": {"class": "flood"}}, {"type": "Feature", "geometry": {"type": "Polygon", "coordinates": [[[85.0986, 27.70869], [85.0986, 27.70269], [85.1046, 27.70469], [85.1046, 27.706690000000002], [85.0986, 27.70869]]]}, "properties": {"class": "flood"}}, {"type": "Feature", "geometry": {"type": "Polygon", "coordinates": [[[85.3706, 27.70869], [85.3686, 27.70469], [85.3726, 27.70269], [85.3726, 27.70869], [85.3706, 27.70869]]]}, "properties": {"class": "flood"}}, {"type": "Feature", "geometry": {"type": "Polygon", "coordinates": [[[85.51859999999999, 27.706690000000002], [85.51859999999999, 27.70269], [85.5226, 27.70269], [85.5226, 27.706690000000002], [85.51859999999999, 27.706690000000002]]]}, "properties": {"class": "flood"}}, {"type": "Feature", "geometry": {"type": "Polygon", "coordinates": [[[85.3086, 27.70469], [85.3086, 27.70269], [85.3126, 27.70269], [85.3126, 27.70469], [85.3086, 27.70469]]]}, "properties": {"class": "flood"}}, {"type": "Feature", "geometry": {"type": "Polygon", "coordinates": [[[85.1266, 27.70469], [85.1266, 27.70069], [85.1286, 27.70069], [85.1286, 27.70469], [85.1266, 27.70469]]]}, "properties": {"class": "flood"}}, {"type": "Feature", "geometry": {"type": "Polygon", "coordinates": [[[85.3406, 27.70469], [85.3406, 27.70069], [85.3446, 27.70069], [85.3426, 27.70469], [85.3406, 27.70469]]]}, "properties": {"class": "flood"}}, {"type": "Feature", "geometry": {"type": "Polygon", "coordinates": [[[85.1106, 27.70269], [85.1106, 27.70069], [85.1126, 27.70069], [85.1126, 27.70269], [85.1106, 27.70269]]]}, "properties": {"class": "flood"}}, {"type": "Feature", "geometry": {"type": "Polygon", "coordinates": [[[85.1186, 27.70269], [85.1186, 27.70069], [85.1206, 27.70069], [85.1206, 27.70269], [85.1186, 27.70269]]]}, "properties": {"class": "flood"}}, {"type": "Feature", "geometry": {"type": "Polygon", "coordinates": [[[85.27459999999999, 27.70269], [85.27459999999999, 27.70069], [85.2766, 27.70069], [85.2766, 27.70269], [85.27459999999999, 27.70269]]]}, "properties": {"class": "flood"}}, {"type": "Feature", "geometry": {"type": "Polygon", "coordinates": [[[85.3586, 27.70269], [85.3586, 27.70069], [85.3626, 27.70069], [85.3626, 27.70269], [85.3586, 27.70269]]]}, "properties": {"class": "flood"}}, {"type": "Feature", "geometry": {"type": "Polygon", "coordinates": [[[85.0766, 27.70069], [85.0766, 27.69869], [85.0806, 27.69869], [85.0806, 27.70069], [85.0766, 27.70069]]]}, "properties": {"class": "flood"}}, {"type": "Feature", "geometry": {"type": "Polygon", "coordinates": [[[85.1086, 27.70069], [85.1086, 27.69869], [85.1106, 27.69869], [85.1106, 27.70069], [85.1086, 27.70069]]]}, "properties": {"class": "flood"}}, {"type": "Feature", "geometry": {"type": "Polygon", "coordinates": [[[85.1206, 27.70069], [85.1206, 27.69869], [85.1226, 27.69869], [85.1226, 27.70069], [85.1206, 27.70069]]]}, "properties": {"class": "flood"}}, {"type": "Feature", "geometry": {"type": "Polygon", "coordinates": [[[85.2726, 27.70069], [85.2726, 27.69869], [85.27459999999999, 27.69869], [85.27459999999999, 27.70069], [85.2726, 27.70069]]]}, "properties": {"class": "flood"}}, {"type": "Feature", "geometry": {"type": "Polygon", "coordinates": [[[85.4146, 27.70069], [85.4146, 27.69869], [85.4186, 27.69869], [85.4186, 27.70069], [85.4146, 27.70069]]]}, "properties": {"class": "flood"}}, {"type": "Feature", "geometry": {"type": "Polygon", "coordinates": [[[85.4926, 27.70069], [85.4926, 27.69869], [85.4946, 27.69869], [85.4946, 27.70069], [85.4926, 27.70069]]]}, "properties": {"class": "flood"}}, {"type": "Feature", "geometry": {"type": "Polygon", "coordinates": [[[85.14059999999999, 27.70069], [85.14059999999999, 27.69669], [85.1426, 27.69669], [85.1426, 27.70069], [85.14059999999999, 27.70069]]]}, "properties": {"class": "flood"}}, {"type": "Feature", "geometry": {"type": "Polygon", "coordinates": [[[85.4906, 27.69869], [85.4906, 27.69669], [85.4926, 27.69669], [85.4926, 27.69869], [85.4906, 27.69869]]]}, "properties": {"class": "flood"}}, {"type": "Feature", "geometry": {"type": "Polygon", "coordinates": [[[85.0886, 27.69869], [85.0886, 27.69469], [85.0906, 27.69469], [85.0906, 27.69869], [85.0886, 27.69869]]]}, "properties": {"class": "flood"}}, {"type": "Feature", "geometry": {"type": "Polygon", "coordinates": [[[85.4186, 27.69869], [85.4186, 27.69469], [85.4206, 27.69469], [85.4206, 27.69869], [85.4186, 27.69869]]]}, "properties": {"class": "flood"}}, {"type": "Feature", "geometry": {"type": "Polygon", "coordinates": [[[85.3406, 27.69669], [85.3406, 27.69469], [85.3446, 27.69469], [85.3446, 27.69669], [85.3406, 27.69669]]]}, "properties": {"class": "flood"}}, {"type": "Feature", "geometry": {"type": "Polygon", "coordinates": [[[85.1946, 27.69669], [85.1946, 27.69269], [85.1966, 27.69269], [85.1966, 27.69669], [85.1946, 27.69669]]]}, "properties": {"class": "flood"}}, {"type": "Feature", "geometry": {"type": "Polygon", "coordinates": [[[85.4266, 27.69669], [85.4266, 27.69269], [85.4326, 27.69269], [85.4326, 27.69669], [85.4266, 27.69669]]]}, "properties": {"class": "flood"}}, {"type": "Feature", "geometry": {"type": "Polygon", "coordinates": [[[85.1146, 27.69469], [85.1146, 27.69269], [85.1186, 27.69269], [85.1186, 27.69469], [85.1146, 27.69469]]]}, "properties": {"class": "flood"}}, {"type": "Feature", "geometry": {"type": "Polygon", "coordinates": [[[85.3366, 27.69469], [85.3366, 27.69269], [85.3386, 27.69269], [85.3386, 27.69469], [85.3366, 27.69469]]]}, "properties": {"class": "flood"}}, {"type": "Feature", "geometry": {"type": "Polygon", "coordinates": [[[85.2926, 27.69469], [85.2926, 27.69069], [85.2946, 27.69069], [85.2946, 27.69469], [85.2926, 27.69469]]]}, "properties": {"class": "flood"}}, {"type": "Feature", "geometry": {"type": "Polygon", "coordinates": [[[85.3946, 27.69469], [85.3946, 27.69069], [85.3986, 27.69069], [85.3986, 27.69269], [85.3946, 27.69469]]]}, "properties": {"class": "flood"}}, {"type": "Feature", "geometry": {"type": "Polygon", "coordinates": [[[85.5026, 27.69469], [85.5046, 27.69069], [85.51259999999999, 27.69069], [85.51259999999999, 27.69469], [85.5086, 27.69269], [85.5026, 27.69469]]]}, "properties": {"class": "flood"}}, {"type": "Feature", "geometry": {"type": "Polygon", "coordinates": [[[85.5486, 27.69669], [85.5446, 27.69269], [85.5506, 27.69069], [85.5526, 27.69469], [85.5486, 27.69669]]]}, "properties": {"class": "flood"}}, {"type": "Feature", "geometry": {"type": "Polygon", "coordinates": [[[85.1786, 27.69269], [85.1786, 27.69069], [85.1806, 27.69069], [85.1806, 27.69269], [85.1786, 27.69269]]]}, "properties": {"class": "flood"}}, {"type": "Feature", "geometry": {"type": "Polygon", "coordinates": [[[85.1926, 27.69269], [85.1926, 27.69069], [85.1946, 27.69069], [85.1946, 27.69269], [85.1926, 27.69269]]]}, "properties": {"class": "flood"}}, {"type": "Feature", "geometry": {"type": "Polygon", "coordinates": [[[85.2606, 27.69269], [85.2606, 27.69069], [85.26259999999999, 27.69069], [85.26259999999999, 27.69269], [85.2606, 27.69269]]]}, "properties": {"class": "flood"}}, {"type": "Feature", "geometry": {"type": "Polygon", "coordinates": [[[85.3386, 27.69269], [85.3386, 27.69069], [85.3406, 27.69069], [85.3406, 27.69269], [85.3386, 27.69269]]]}, "properties": {"class": "flood"}}, {"type": "Feature", "geometry": {"type": "Polygon", "coordinates": [[[85.5206, 27.69469], [85.5206, 27.69269], [85.51859999999999, 27.69069], [85.5226, 27.69069], [85.5206, 27.69469]]]}, "properties": {"class": "flood"}}, {"type": "Feature", "geometry": {"type": "Polygon", "coordinates": [[[85.1166, 27.69069], [85.1166, 27.68869], [85.1206, 27.68869], [85.1206, 27.69069], [85.1166, 27.69069]]]}, "properties": {"class": "flood"}}, {"type": "Feature", "geometry": {"type": "Polygon", "coordinates": [[[85.1626, 27.69069], [85.1626, 27.68869], [85.1646, 27.68869], [85.1646, 27.69069], [85.1626, 27.69069]]]}, "properties": {"class": "flood"}}, {"type": "Feature", "geometry": {"type": "Polygon", "coordinates": [[[85.1766, 27.69069], [85.1766, 27.68869], [85.1786, 27.68869], [85.1786, 27.69069], [85.1766, 27.69069]]]}, "properties": {"class": "flood"}}, {"type": "Feature", "geometry": {"type": "Polygon", "coordinates": [[[85.1806, 27.69069], [85.1806, 27.68869], [85.1826, 27.68869], [85.1826, 27.69069], [85.1806, 27.69069]]]}, "properties": {"class": "flood"}}, {"type": "Feature", "geometry": {"type": "Polygon", "coordinates": [[[85.3866, 27.69069], [85.3866, 27.68869], [85.3886, 27.68869], [85.3886, 27.69069], [85.3866, 27.69069]]]}, "properties": {"class": "flood"}}, {"type": "Feature", "geometry": {"type": "Polygon", "coordinates": [[[85.1606, 27.68869], [85.1606, 27.686690000000002], [85.1626, 27.686690000000002], [85.1626, 27.68869], [85.1606, 27.68869]]]}, "properties": {"class": "flood"}}, {"type": "Feature", "geometry": {"type": "Polygon", "coordinates": [[[85.1786, 27.68869], [85.1786, 27.686690000000002], [85.1806, 27.686690000000002], [85.1806, 27.68869], [85.1786, 27.68869]]]}, "properties": {"class": "flood"}}, {"type": "Feature", "geometry": {"type": "Polygon", "coordinates": [[[85.3886, 27.68869], [85.3886, 27.686690000000002], [85.39059999999999, 27.686690000000002], [85.39059999999999, 27.68869], [85.3886, 27.68869]]]}, "properties": {"class": "flood"}}, {"type": "Feature", "geometry": {"type": "Polygon", "coordinates": [[[85.4746, 27.68869], [85.4746, 27.68469], [85.4766, 27.68469], [85.4766, 27.68869], [85.4746, 27.68869]]]}, "properties": {"class": "flood"}}, {"type": "Feature", "geometry": {"type": "Polygon", "coordinates": [[[85.1906, 27.686690000000002], [85.1906, 27.68469], [85.1926, 27.68469], [85.1926, 27.686690000000002], [85.1906, 27.686690000000002]]]}, "properties": {"class": "flood"}}, {"type": "Feature", "geometry": {"type": "Polygon", "coordinates": [[[85.4446, 27.686690000000002], [85.4446, 27.68469], [85.4466, 27.68469], [85.4466, 27.686690000000002], [85.4446, 27.686690000000002]]]}, "properties": {"class": "flood"}}, {"type": "Feature", "geometry": {"type": "Polygon", "coordinates": [[[85.5406, 27.686690000000002], [85.5406, 27.68469], [85.5426, 27.68469], [85.5426, 27.686690000000002], [85.5406, 27.686690000000002]]]}, "properties": {"class": "flood"}}, {"type": "Feature", "geometry": {"type": "Polygon", "coordinates": [[[85.5326, 27.686690000000002], [85.5326, 27.68269], [85.5346, 27.68269], [85.53659999999999, 27.686690000000002], [85.5326, 27.686690000000002]]]}, "properties": {"class": "flood"}}, {"type": "Feature", "geometry": {"type": "Polygon", "coordinates": [[[85.1646, 27.68469], [85.1646, 27.68269], [85.1666, 27.68269], [85.1666, 27.68469], [85.1646, 27.68469]]]}, "properties": {"class": "flood"}}, {"type": "Feature", "geometry": {"type": "Polygon", "coordinates": [[[85.1926, 27.68469], [85.1926, 27.68269], [85.1946, 27.68269], [85.1946, 27.68469], [85.1926, 27.68469]]]}, "properties": {"class": "flood"}}, {"type": "Feature", "geometry": {"type": "Polygon", "coordinates": [[[85.4466, 27.68469], [85.4466, 27.68269], [85.4486, 27.68269], [85.4486, 27.68469], [85.4466, 27.68469]]]}, "properties": {"class": "flood"}}, {"type": "Feature", "geometry": {"type": "Polygon", "coordinates": [[[85.5426, 27.68469], [85.5426, 27.68269], [85.5446, 27.68269], [85.5446, 27.68469], [85.5426, 27.68469]]]}, "properties": {"class": "flood"}}, {"type": "Feature", "geometry": {"type": "Polygon", "coordinates": [[[85.5626, 27.68469], [85.5626, 27.68269], [85.5646, 27.68269], [85.5646, 27.68469], [85.5626, 27.68469]]]}, "properties": {"class": "flood"}}, {"type": "Feature", "geometry": {"type": "Polygon", "coordinates": [[[85.3726, 27.686690000000002], [85.3746, 27.680690000000002], [85.3786, 27.68269], [85.3766, 27.686690000000002], [85.3726, 27.686690000000002]]]}, "properties": {"class": "flood"}}, {"type": "Feature", "geometry": {"type": "Polygon", "coordinates": [[[85.1186, 27.68469], [85.1206, 27.680690000000002], [85.1226, 27.680690000000002], [85.1226, 27.68469], [85.1186, 27.68469]]]}, "properties": {"class": "flood"}}, {"type": "Feature", "geometry": {"type": "Polygon", "coordinates": [[[85.0846, 27.68269], [85.0846, 27.680690000000002], [85.0866, 27.680690000000002], [85.0866, 27.68269], [85.0846, 27.68269]]]}, "properties": {"class": "flood"}}, {"type": "Feature", "geometry": {"type": "Polygon", "coordinates": [[[85.1626, 27.68269], [85.1626, 27.680690000000002], [85.1646, 27.680690000000002], [85.1646, 27.68269], [85.1626, 27.68269]]]}, "properties": {"class": "flood"}}, {"type": "Feature", "geometry": {"type": "Polygon", "coordinates": [[[85.1786, 27.68269], [85.1786, 27.680690000000002], [85.1806, 27.680690000000002], [85.1806, 27.68269], [85.1786, 27.68269]]]}, "properties": {"class": "flood"}}, {"type": "Feature", "geometry": {"type": "Polygon", "coordinates": [[[85.53059999999999, 27.68269], [85.53059999999999, 27.680690000000002], [85.5326, 27.680690000000002], [85.5326, 27.68269], [85.53059999999999, 27.68269]]]}, "properties": {"class": "flood"}}, {"type": "Feature", "geometry": {"type": "Polygon", "coordinates": [[[85.1286, 27.68269], [85.1286, 27.67869], [85.1306, 27.67869], [85.1306, 27.68269], [85.1286, 27.68269]]]}, "properties": {"class": "flood"}}, {"type": "Feature", "geometry": {"type": "Polygon", "coordinates": [[[85.1826, 27.68269], [85.1826, 27.67869], [85.1846, 27.67869], [85.1846, 27.68269], [85.1826, 27.68269]]]}, "properties": {"class": "flood"}}, {"type": "Feature", "geometry": {"type": "Polygon", "coordinates": [[[85.0826, 27.680690000000002], [85.0826, 27.67869], [85.0846, 27.67869], [85.0846, 27.680690000000002], [85.0826, 27.680690000000002]]]}, "properties": {"class": "flood"}}, {"type": "Feature", "geometry": {"type": "Polygon", "coordinates": [[[85.3466, 27.680690000000002], [85.3466, 27.67869], [85.3486, 27.67869], [85.3486, 27.680690000000002], [85.3466, 27.680690000000002]]]}, "properties": {"class": "flood"}}, {"type": "Feature", "geometry": {"type": "Polygon", "coordinates": [[[85.4406, 27.680690000000002], [85.4406, 27.67869], [85.4426, 27.67869], [85.4426, 27.680690000000002], [85.4406, 27.680690000000002]]]}, "properties": {"class": "flood"}}, {"type": "Feature", "geometry": {"type": "Polygon", "coordinates": [[[85.1146, 27.68269], [85.1146, 27.67869], [85.1186, 27.67669], [85.1186, 27.680690000000002], [85.1146, 27.68269]]]}, "properties": {"class": "flood"}}, {"type": "Feature", "geometry": {"type": "Polygon", "coordinates": [[[85.0886, 27.680690000000002], [85.0886, 27.67669], [85.0906, 27.67669], [85.0906, 27.680690000000002], [85.0886, 27.680690000000002]]]}, "properties": {"class": "flood"}}, {"type": "Feature", "geometry": {"type": "Polygon", "coordinates": [[[85.1766, 27.680690000000002], [85.1766, 27.67669], [85.1786, 27.67669], [85.1786, 27.680690000000002], [85.1766, 27.680690000000002]]]}, "properties": {"class": "flood"}}, {"type": "Feature", "geometry": {"type": "Polygon", "coordinates": [[[85.0966, 27.67869], [85.0966, 27.67669], [85.0986, 27.67669], [85.0986, 27.67869], [85.0966, 27.67869]]]}, "properties": {"class": "flood"}}, {"type": "Feature", "geometry": {"type": "Polygon", "coordinates": [[[85.3486, 27.67869], [85.3486, 27.67669], [85.3506, 27.67669], [85.3506, 27.67869], [85.3486, 27.67869]]]}, "properties": {"class": "flood"}}, {"type": "Feature", "geometry": {"type": "Polygon", "coordinates": [[[85.4426, 27.67869], [85.4426, 27.67669], [85.4446, 27.67669], [85.4446, 27.67869], [85.4426, 27.67869]]]}, "properties": {"class": "flood"}}, {"type": "Feature", "geometry": {"type": "Polygon", "coordinates": [[[85.5286, 27.67869], [85.5286, 27.67669], [85.5326, 27.67669], [85.5326, 27.67869], [85.5286, 27.67869]]]}, "properties": {"class": "flood"}}, {"type": "Feature", "geometry": {"type": "Polygon", "coordinates": [[[85.5506, 27.67869], [85.5506, 27.67669], [85.5526, 27.67669], [85.5526, 27.67869], [85.5506, 27.67869]]]}, "properties": {"class": "flood"}}, {"type": "Feature", "geometry": {"type": "Polygon", "coordinates": [[[85.27459999999999, 27.680690000000002], [85.27459999999999, 27.674690000000002], [85.2826, 27.67869], [85.2826, 27.680690000000002], [85.27459999999999, 27.680690000000002]]]}, "properties": {"class": "flood"}}, {"type": "Feature", "geometry": {"type": "Polygon", "coordinates": [[[85.1686, 27.67869], [85.1686, 27.674690000000002], [85.1706, 27.674690000000002], [85.1706, 27.67869], [85.1686, 27.67869]]]}, "properties": {"class": "flood"}}, {"type": "Feature", "geometry": {"type": "Polygon", "coordinates": [[[85.3086, 27.67869], [85.3086, 27.674690000000002], [85.3106, 27.674690000000002], [85.3106, 27.67869], [85.3086, 27.67869]]]}, "properties": {"class": "flood"}}, {"type": "Feature", "geometry": {"type": "Polygon", "coordinates": [[[85.0946, 27.67669], [85.0946, 27.674690000000002], [85.0966, 27.674690000000002], [85.0966, 27.67669], [85.0946, 27.67669]]]}, "properties": {"class": "flood"}}, {"type": "Feature", "geometry": {"type": "Polygon", "coordinates": [[[85.1086, 27.67669], [85.1086, 27.674690000000002], [85.1106, 27.674690000000002], [85.1106, 27.67669], [85.1086, 27.67669]]]}, "properties": {"class": "flood"}}, {"type": "Feature", "geometry": {"type": "Polygon", "coordinates": [[[85.1326, 27.67669], [85.1326, 27.674690000000002], [85.13459999999999, 27.674690000000002], [85.13459999999999, 27.67669], [85.1326, 27.67669]]]}, "properties": {"class": "flood"}}, {"type": "Feature", "geometry": {"type": "Polygon", "coordinates": [[[85.14059999999999, 27.67669], [85.14059999999999, 27.674690000000002], [85.1426, 27.674690000000002], [85.1426, 27.67669], [85.14059999999999, 27.67669]]]}, "properties": {"class": "flood"}}, {"type": "Feature", "geometry": {"type": "Polygon", "coordinates": [[[85.1886, 27.67869], [85.1866, 27.674690000000002], [85.1906, 27.674690000000002], [85.1906, 27.67869], [85.1886, 27.67869]]]}, "properties": {"class": "flood"}}, {"type": "Feature", "geometry": {"type": "Polygon", "coordinates": [[[85.1966, 27.67669], [85.1966, 27.674690000000002], [85.1986, 27.674690000000002], [85.1986, 27.67669], [85.1966, 27.67669]]]}, "properties": {"class": "flood"}}, {"type": "Feature", "geometry": {"type": "Polygon", "coordinates": [[[85.4346, 27.67669], [85.4366, 27.67269], [85.4386, 27.67269], [85.4386, 27.67669], [85.4346, 27.67669]]]}, "properties": {"class": "flood"}}, {"type": "Feature", "geometry": {"type": "Polygon", "coordinates": [[[85.1106, 27.674690000000002], [85.1106, 27.67269], [85.1126, 27.67269], [85.1126, 27.674690000000002], [85.1106, 27.674690000000002]]]}, "properties": {"class": "flood"}}, {"type": "Feature", "geometry": {"type": "Polygon", "coordinates": [[[85.1306, 27.674690000000002], [85.1306, 27.67269], [85.1326, 27.67269], [85.1326, 27.674690000000002], [85.1306, 27.674690000000002]]]}, "properties": {"class": "flood"}}, {"type": "Feature", "geometry": {"type": "Polygon", "coordinates": [[[85.1386, 27.674690000000002], [85.1386, 27.67269], [85.14059999999999, 27.67269], [85.14059999999999, 27.674690000000002], [85.1386, 27.674690000000002]]]}, "properties": {"class": "flood"}}, {"type": "Feature", "geometry": {"type": "Polygon", "coordinates": [[[85.1946, 27.674690000000002], [85.1946, 27.67269], [85.1966, 27.67269], [85.1966, 27.674690000000002], [85.1946, 27.674690000000002]]]}, "properties": {"class": "flood"}}, {"type": "Feature", "geometry": {"type": "Polygon", "coordinates": [[[85.2086, 27.674690000000002], [85.2086, 27.67269], [85.2126, 27.67269], [85.2126, 27.674690000000002], [85.2086, 27.674690000000002]]]}, "properties": {"class": "flood"}}, {"type": "Feature", "geometry": {"type": "Polygon", "coordinates": [[[85.3106, 27.674690000000002], [85.3106, 27.67269], [85.3126, 27.67269], [85.3126, 27.674690000000002], [85.3106, 27.674690000000002]]]}, "properties": {"class": "flood"}}, {"type": "Feature", "geometry": {"type": "Polygon", "coordinates": [[[85.0986, 27.674690000000002], [85.0986, 27.67069], [85.1026, 27.67069], [85.1026, 27.674690000000002], [85.0986, 27.674690000000002]]]}, "properties": {"class": "flood"}}, {"type": "Feature", "geometry": {"type": "Polygon", "coordinates": [[[85.1626, 27.67269], [85.1626, 27.67069], [85.1646, 27.67069], [85.1646, 27.67269], [85.1626, 27.67269]]]}, "properties": {"class": "flood"}}, {"type": "Feature", "geometry": {"type": "Polygon", "coordinates": [[[85.2026, 27.67269], [85.2026, 27.67069], [85.2046, 27.67069], [85.2046, 27.67269], [85.2026, 27.67269]]]}, "properties": {"class": "flood"}}, {"type": "Feature", "geometry": {"type": "Polygon", "coordinates": [[[85.4966, 27.67269], [85.4966, 27.67069], [85.5006, 27.67069], [85.5006, 27.67269], [85.4966, 27.67269]]]}, "properties": {"class": "flood"}}, {"type": "Feature", "geometry": {"type": "Polygon", "coordinates": [[[85.1426, 27.67269], [85.1426, 27.66869], [85.14659999999999, 27.66869], [85.14659999999999, 27.67269], [85.1426, 27.67269]]]}, "properties": {"class": "flood"}}, {"type": "Feature", "geometry": {"type": "Polygon", "coordinates": [[[85.1646, 27.67069], [85.1646, 27.66869], [85.1666, 27.66869], [85.1666, 27.67069], [85.1646, 27.67069]]]}, "properties": {"class": "flood"}}, {"type": "Feature", "geometry": {"type": "Polygon", "coordinates": [[[85.2006, 27.67069], [85.2006, 27.66869], [85.2026, 27.66869], [85.2026, 27.67069], [85.2006, 27.67069]]]}, "properties": {"class": "flood"}}, {"type": "Feature", "geometry": {"type": "Polygon", "coordinates": [[[85.26859999999999, 27.67069], [85.26859999999999, 27.66869], [85.2706, 27.66869], [85.2706, 27.67069], [85.26859999999999, 27.67069]]]}, "properties": {"class": "flood"}}, {"type": "Feature", "geometry": {"type": "Polygon", "coordinates": [[[85.4606, 27.67069], [85.4606, 27.66869], [85.4626, 27.66869], [85.4626, 27.67069], [85.4606, 27.67069]]]}, "properties": {"class": "flood"}}, {"type": "Feature", "geometry": {"type": "Polygon", "coordinates": [[[85.4646, 27.67069], [85.4646, 27.66869], [85.4666, 27.66869], [85.4666, 27.67069], [85.4646, 27.67069]]]}, "properties": {"class": "flood"}}, {"type": "Feature", "geometry": {"type": "Polygon", "coordinates": [[[85.4946, 27.67069], [85.4946, 27.66869], [85.4966, 27.66869], [85.4966, 27.67069], [85.4946, 27.67069]]]}, "properties": {"class": "flood"}}, {"type": "Feature", "geometry": {"type": "Polygon", "coordinates": [[[85.3126, 27.67269], [85.3126, 27.66669], [85.3146, 27.66669], [85.3166, 27.67269], [85.3126, 27.67269]]]}, "properties": {"class": "flood"}}, {"type": "Feature", "geometry": {"type": "Polygon", "coordinates": [[[85.2606, 27.66869], [85.2606, 27.66669], [85.26259999999999, 27.66669], [85.26259999999999, 27.66869], [85.2606, 27.66869]]]}, "properties": {"class": "flood"}}, {"type": "Feature", "geometry": {"type": "Polygon", "coordinates": [[[85.2706, 27.66869], [85.2706, 27.66669], [85.2726, 27.66669], [85.2726, 27.66869], [85.2706, 27.66869]]]}, "properties": {"class": "flood"}}, {"type": "Feature", "geometry": {"type": "Polygon", "coordinates": [[[85.4626, 27.66869], [85.4626, 27.66669], [85.4646, 27.66669], [85.4646, 27.66869], [85.4626, 27.66869]]]}, "properties": {"class": "flood"}}, {"type": "Feature", "geometry": {"type": "Polygon", "coordinates": [[[85.4966, 27.66869], [85.4966, 27.66669], [85.4986, 27.66669], [85.4986, 27.66869], [85.4966, 27.66869]]]}, "properties": {"class": "flood"}}, {"type": "Feature", "geometry": {"type": "Polygon", "coordinates": [[[85.2026, 27.66869], [85.2026, 27.66669], [85.2066, 27.66469], [85.2066, 27.66869], [85.2026, 27.66869]]]}, "properties": {"class": "flood"}}, {"type": "Feature", "geometry": {"type": "Polygon", "coordinates": [[[85.2666, 27.66869], [85.2666, 27.66469], [85.26859999999999, 27.66469], [85.26859999999999, 27.66869], [85.2666, 27.66869]]]}, "properties": {"class": "flood"}}, {"type": "Feature", "geometry": {"type": "Polygon", "coordinates": [[[85.1186, 27.66669], [85.1186, 27.66469], [85.1226, 27.66469], [85.1226, 27.66669], [85.1186, 27.66669]]]}, "properties": {"class": "flood"}}, {"type": "Feature", "geometry": {"type": "Polygon", "coordinates": [[[85.1606, 27.66669], [85.1606, 27.66469], [85.1646, 27.66469], [85.1646, 27.66669], [85.1606, 27.66669]]]}, "properties": {"class": "flood"}}, {"type": "Feature", "geometry": {"type": "Polygon", "coordinates": [[[85.2906, 27.66669], [85.2906, 27.66469], [85.2926, 27.66469], [85.2926, 27.66669], [85.2906, 27.66669]]]}, "properties": {"class": "flood"}}, {"type": "Feature", "geometry": {"type": "Polygon", "coordinates": [[[85.4046, 27.66669], [85.4046, 27.66469], [85.4066, 27.66469], [85.4066, 27.66669], [85.4046, 27.66669]]]}, "properties": {"class": "flood"}}, {"type": "Feature", "geometry": {"type": "Polygon", "coordinates": [[[85.2086, 27.66669], [85.2086, 27.66269], [85.2106, 27.66269], [85.2106, 27.66669], [85.2086, 27.66669]]]}, "properties": {"class": "flood"}}, {"type": "Feature", "geometry": {"type": "Polygon", "coordinates": [[[85.4006, 27.66669], [85.4006, 27.66269], [85.4046, 27.66269], [85.4046, 27.66469], [85.4006, 27.66669]]]}, "properties": {"class": "flood"}}, {"type": "Feature", "geometry": {"type": "Polygon", "coordinates": [[[85.2126, 27.66469], [85.2126, 27.66269], [85.2146, 27.66269], [85.2146, 27.66469], [85.2126, 27.66469]]]}, "properties": {"class": "flood"}}, {"type": "Feature", "geometry": {"type": "Polygon", "coordinates": [[[85.2886, 27.66469], [85.2886, 27.66269], [85.2906, 27.66269], [85.2906, 27.66469], [85.2886, 27.66469]]]}, "properties": {"class": "flood"}}, {"type": "Feature", "geometry": {"type": "Polygon", "coordinates": [[[85.3186, 27.66469], [85.3186, 27.66269], [85.3206, 27.66269], [85.3206, 27.66469], [85.3186, 27.66469]]]}, "properties": {"class": "flood"}}, {"type": "Feature", "geometry": {"type": "Polygon", "coordinates": [[[85.3826, 27.66469], [85.3826, 27.66269], [85.38459999999999, 27.66269], [85.38459999999999, 27.66469], [85.3826, 27.66469]]]}, "properties": {"class": "flood"}}, {"type": "Feature", "geometry": {"type": "Polygon", "coordinates": [[[85.4746, 27.66469], [85.4746, 27.66269], [85.4786, 27.66269], [85.4786, 27.66469], [85.4746, 27.66469]]]}, "properties": {"class": "flood"}}, {"type": "Feature", "geometry": {"type": "Polygon", "coordinates": [[[85.5046, 27.66469], [85.5066, 27.660690000000002], [85.5106, 27.66269], [85.5106, 27.66469], [85.5046, 27.66469]]]}, "properties": {"class": "flood"}}, {"type": "Feature", "geometry": {"type": "Polygon", "coordinates": [[[85.1726, 27.66269], [85.1726, 27.660690000000002], [85.1746, 27.660690000000002], [85.1746, 27.66269], [85.1726, 27.66269]]]}, "properties": {"class": "flood"}}, {"type": "Feature", "geometry": {"type": "Polygon", "coordinates": [[[85.2106, 27.66269], [85.2106, 27.660690000000002], [85.2126, 27.660690000000002], [85.2126, 27.66269], [85.2106, 27.66269]]]}, "properties": {"class": "flood"}}, {"type": "Feature", "geometry": {"type": "Polygon", "coordinates": [[[85.3166, 27.66269], [85.3166, 27.660690000000002], [85.3186, 27.660690000000002], [85.3186, 27.66269], [85.3166, 27.66269]]]}, "properties": {"class": "flood"}}, {"type": "Feature", "geometry": {"type": "Polygon", "coordinates": [[[85.3426, 27.66269], [85.3426, 27.660690000000002], [85.3446, 27.660690000000002], [85.3446, 27.66269], [85.3426, 27.66269]]]}, "properties": {"class": "flood"}}, {"type": "Feature", "geometry": {"type": "Polygon", "coordinates": [[[85.3806, 27.66269], [85.3806, 27.660690000000002], [85.3826, 27.660690000000002], [85.3826, 27.66269], [85.3806, 27.66269]]]}, "properties": {"class": "flood"}}, {"type": "Feature", "geometry": {"type": "Polygon", "coordinates": [[[85.5386, 27.66269], [85.5386, 27.660690000000002], [85.5426, 27.660690000000002], [85.5426, 27.66269], [85.5386, 27.66269]]]}, "properties": {"class": "flood"}}, {"type": "Feature", "geometry": {"type": "Polygon", "coordinates": [[[85.2006, 27.66269], [85.2006, 27.65869], [85.2046, 27.65869], [85.2046, 27.66269], [85.2006, 27.66269]]]}, "properties": {"class": "flood"}}, {"type": "Feature", "geometry": {"type": "Polygon", "coordinates": [[[85.15859999999999, 27.660690000000002], [85.15859999999999, 27.65869], [85.1626, 27.65869], [85.1626, 27.660690000000002], [85.15859999999999, 27.660690000000002]]]}, "properties": {"class": "flood"}}, {"type": "Feature", "geometry": {"type": "Polygon", "coordinates": [[[85.3406, 27.660690000000002], [85.3406, 27.65869], [85.3426, 27.65869], [85.3426, 27.660690000000002], [85.3406, 27.660690000000002]]]}, "properties": {"class": "flood"}}, {"type": "Feature", "geometry": {"type": "Polygon", "coordinates": [[[85.3546, 27.660690000000002], [85.3546, 27.65869], [85.3586, 27.65869], [85.3586, 27.660690000000002], [85.3546, 27.660690000000002]]]}, "properties": {"class": "flood"}}, {"type": "Feature", "geometry": {"type": "Polygon", "coordinates": [[[85.0766, 27.660690000000002], [85.0786, 27.65669], [85.0826, 27.65669], [85.0826, 27.660690000000002], [85.0766, 27.660690000000002]]]}, "properties": {"class": "flood"}}, {"type": "Feature", "geometry": {"type": "Polygon", "coordinates": [[[85.4506, 27.660690000000002], [85.4506, 27.65669], [85.4526, 27.65669], [85.4526, 27.660690000000002], [85.4506, 27.660690000000002]]]}, "properties": {"class": "flood"}}, {"type": "Feature", "geometry": {"type": "Polygon", "coordinates": [[[85.0866, 27.660690000000002], [85.0866, 27.65869], [85.0846, 27.65669], [85.0906, 27.65869], [85.0866, 27.660690000000002]]]}, "properties": {"class": "flood"}}, {"type": "Feature", "geometry": {"type": "Polygon", "coordinates": [[[85.0906, 27.65869], [85.0906, 27.65669], [85.0926, 27.65669], [85.0926, 27.65869], [85.0906, 27.65869]]]}, "properties": {"class": "flood"}}, {"type": "Feature", "geometry": {"type": "Polygon", "coordinates": [[[85.3466, 27.65869], [85.3466, 27.65669], [85.3506, 27.65669], [85.3506, 27.65869], [85.3466, 27.65869]]]}, "properties": {"class": "flood"}}, {"type": "Feature", "geometry": {"type": "Polygon", "coordinates": [[[85.39059999999999, 27.65869], [85.39059999999999, 27.65669], [85.3926, 27.65669], [85.3926, 27.65869], [85.39059999999999, 27.65869]]]}, "properties": {"class": "flood"}}, {"type": "Feature", "geometry": {"type": "Polygon", "coordinates": [[[85.4286, 27.65869], [85.4286, 27.65669], [85.4306, 27.65669], [85.4306, 27.65869], [85.4286, 27.65869]]]}, "properties": {"class": "flood"}}, {"type": "Feature", "geometry": {"type": "Polygon", "coordinates": [[[85.5386, 27.65869], [85.5386, 27.65669], [85.5426, 27.65669], [85.5426, 27.65869], [85.5386, 27.65869]]]}, "properties": {"class": "flood"}}, {"type": "Feature", "geometry": {"type": "Polygon", "coordinates": [[[85.2286, 27.65669], [85.2286, 27.654690000000002], [85.2306, 27.654690000000002], [85.2306, 27.65669], [85.2286, 27.65669]]]}, "properties": {"class": "flood"}}, {"type": "Feature", "geometry": {"type": "Polygon", "coordinates": [[[85.3886, 27.65669], [85.3886, 27.654690000000002], [85.39059999999999, 27.654690000000002], [85.39059999999999, 27.65669], [85.3886, 27.65669]]]}, "properties": {"class": "flood"}}, {"type": "Feature", "geometry": {"type": "Polygon", "coordinates": [[[85.4306, 27.65669], [85.4306, 27.654690000000002], [85.4326, 27.654690000000002], [85.4326, 27.65669], [85.4306, 27.65669]]]}, "properties": {"class": "flood"}}, {"type": "Feature", "geometry": {"type": "Polygon", "coordinates": [[[85.13459999999999, 27.65669], [85.13459999999999, 27.654690000000002], [85.1386, 27.65269], [85.1386, 27.65669], [85.13459999999999, 27.65669]]]}, "properties": {"class": "flood"}}, {"type": "Feature", "geometry": {"type": "Polygon", "coordinates": [[[85.2226, 27.65669], [85.2226, 27.65269], [85.2246, 27.65269], [85.2246, 27.65669], [85.2226, 27.65669]]]}, "properties": {"class": "flood"}}, {"type": "Feature", "geometry": {"type": "Polygon", "coordinates": [[[85.4166, 27.65669], [85.4166, 27.65269], [85.4186, 27.65269], [85.4206, 27.65669], [85.4166, 27.65669]]]}, "properties": {"class": "flood"}}, {"type": "Feature", "geometry": {"type": "Polygon", "coordinates": [[[85.2266, 27.654690000000002], [85.2266, 27.65269], [85.2286, 27.65269], [85.2286, 27.654690000000002], [85.2266, 27.654690000000002]]]}, "properties": {"class": "flood"}}, {"type": "Feature", "geometry": {"type": "Polygon", "coordinates": [[[85.4206, 27.654690000000002], [85.4206, 27.65269], [85.4226, 27.65269], [85.4226, 27.654690000000002], [85.4206, 27.654690000000002]]]}, "properties": {"class": "flood"}}, {"type": "Feature", "geometry": {"type": "Polygon", "coordinates": [[[85.13459999999999, 27.65269], [85.13459999999999, 27.65069], [85.1366, 27.65069], [85.1366, 27.65269], [85.13459999999999, 27.65269]]]}, "properties": {"class": "flood"}}, {"type": "Feature", "geometry": {"type": "Polygon", "coordinates": [[[85.2246, 27.65269], [85.2246, 27.65069], [85.2266, 27.65069], [85.2266, 27.65269], [85.2246, 27.65269]]]}, "properties": {"class": "flood"}}, {"type": "Feature", "geometry": {"type": "Polygon", "coordinates": [[[85.4186, 27.65269], [85.4186, 27.65069], [85.4206, 27.65069], [85.4206, 27.65269], [85.4186, 27.65269]]]}, "properties": {"class": "flood"}}, {"type": "Feature", "geometry": {"type": "Polygon", "coordinates": [[[85.5406, 27.654690000000002], [85.5406, 27.65269], [85.5386, 27.65069], [85.5426, 27.65069], [85.5406, 27.654690000000002]]]}, "properties": {"class": "flood"}}, {"type": "Feature", "geometry": {"type": "Polygon", "coordinates": [[[85.3166, 27.654690000000002], [85.3166, 27.65069], [85.3206, 27.648690000000002], [85.3226, 27.654690000000002], [85.3166, 27.654690000000002]]]}, "properties": {"class": "flood"}}, {"type": "Feature", "geometry": {"type": "Polygon", "coordinates": [[[85.1926, 27.65269], [85.1926, 27.648690000000002], [85.1946, 27.648690000000002], [85.1946, 27.65269], [85.1926, 27.65269]]]}, "properties": {"class": "flood"}}, {"type": "Feature", "geometry": {"type": "Polygon", "coordinates": [[[85.0766, 27.65069], [85.0766, 27.648690000000002], [85.0806, 27.648690000000002], [85.0806, 27.65069], [85.0766, 27.65069]]]}, "properties": {"class": "flood"}}, {"type": "Feature", "geometry": {"type": "Polygon", "coordinates": [[[85.2566, 27.65069], [85.2566, 27.648690000000002], [85.2586, 27.648690000000002], [85.2586, 27.65069], [85.2566, 27.65069]]]}, "properties": {"class": "flood"}}, {"type": "Feature", "geometry": {"type": "Polygon", "coordinates": [[[85.3026, 27.65069], [85.3026, 27.648690000000002], [85.3046, 27.648690000000002], [85.3046, 27.65069], [85.3026, 27.65069]]]}, "properties": {"class": "flood"}}, {"type": "Feature", "geometry": {"type": "Polygon", "coordinates": [[[85.1786, 27.65069], [85.1786, 27.64669], [85.1806, 27.64669], [85.1806, 27.65069], [85.1786, 27.65069]]]}, "properties": {"class": "flood"}}, {"type": "Feature", "geometry": {"type": "Polygon", "coordinates": [[[85.2306, 27.65069], [85.2306, 27.648690000000002], [85.2346, 27.64669], [85.2346, 27.65069], [85.2306, 27.65069]]]}, "properties": {"class": "flood"}}, {"type": "Feature", "geometry": {"type": "Polygon", "coordinates": [[[85.4926, 27.65069], [85.4926, 27.64669], [85.4946, 27.64669], [85.4966, 27.65069], [85.4926, 27.65069]]]}, "properties": {"class": "flood"}}, {"type": "Feature", "geometry": {"type": "Polygon", "coordinates": [[[85.2146, 27.648690000000002], [85.2146, 27.64669], [85.2166, 27.64669], [85.2166, 27.648690000000002], [85.2146, 27.648690000000002]]]}, "properties": {"class": "flood"}}, {"type": "Feature", "geometry": {"type": "Polygon", "coordinates": [[[85.2266, 27.648690000000002], [85.2266, 27.64669], [85.2286, 27.64669], [85.2286, 27.648690000000002], [85.2266, 27.648690000000002]]]}, "properties": {"class": "flood"}}, {"type": "Feature", "geometry": {"type": "Polygon", "coordinates": [[[85.3006, 27.648690000000002], [85.3006, 27.64669], [85.3026, 27.64669], [85.3026, 27.648690000000002], [85.3006, 27.648690000000002]]]}, "properties": {"class": "flood"}}, {"type": "Feature", "geometry": {"type": "Polygon", "coordinates": [[[85.3166, 27.648690000000002], [85.3166, 27.64669], [85.3186, 27.64669], [85.3186, 27.648690000000002], [85.3166, 27.648690000000002]]]}, "properties": {"class": "flood"}}, {"type": "Feature", "geometry": {"type": "Polygon", "coordinates": [[[85.4826, 27.648690000000002], [85.4826, 27.64469], [85.4866, 27.64469], [85.4846, 27.648690000000002], [85.4826, 27.648690000000002]]]}, "properties": {"class": "flood"}}, {"type": "Feature", "geometry": {"type": "Polygon", "coordinates": [[[85.52459999999999, 27.65069], [85.5226, 27.64669], [85.5286, 27.64469], [85.53059999999999, 27.65069], [85.52459999999999, 27.65069]]]}, "properties": {"class": "flood"}}, {"type": "Feature", "geometry": {"type": "Polygon", "coordinates": [[[85.53059999999999, 27.648690000000002], [85.53059999999999, 27.64469], [85.5326, 27.64469], [85.5326, 27.648690000000002], [85.53059999999999, 27.648690000000002]]]}, "properties": {"class": "flood"}}, {"type": "Feature", "geometry": {"type": "Polygon", "coordinates": [[[85.15859999999999, 27.64669], [85.15859999999999, 27.64469], [85.1626, 27.64469], [85.1626, 27.64669], [85.15859999999999, 27.64669]]]}, "properties": {"class": "flood"}}, {"type": "Feature", "geometry": {"type": "Polygon", "coordinates": [[[85.1886, 27.64669], [85.1886, 27.64469], [85.1906, 27.64469], [85.1906, 27.64669], [85.1886, 27.64669]]]}, "properties": {"class": "flood"}}, {"type": "Feature", "geometry": {"type": "Polygon", "coordinates": [[[85.2286, 27.64669], [85.2286, 27.64469], [85.2306, 27.64469], [85.2306, 27.64669], [85.2286, 27.64669]]]}, "properties": {"class": "flood"}}, {"type": "Feature", "geometry": {"type": "Polygon", "coordinates": [[[85.3546, 27.64669], [85.3546, 27.64469], [85.3566, 27.64469], [85.3566, 27.64669], [85.3546, 27.64669]]]}, "properties": {"class": "flood"}}, {"type": "Feature", "geometry": {"type": "Polygon", "coordinates": [[[85.2466, 27.64669], [85.2466, 27.64269], [85.2486, 27.64269], [85.2486, 27.64669], [85.2466, 27.64669]]]}, "properties": {"class": "flood"}}, {"type": "Feature", "geometry": {"type": "Polygon", "coordinates": [[[85.2526, 27.648690000000002], [85.2506, 27.64669], [85.2506, 27.64269], [85.2546, 27.64469], [85.2526, 27.648690000000002]]]}, "properties": {"class": "flood"}}, {"type": "Feature", "geometry": {"type": "Polygon", "coordinates": [[[85.4986, 27.648690000000002], [85.4966, 27.64669], [85.4966, 27.64269], [85.5026, 27.64469], [85.4986, 27.648690000000002]]]}, "properties": {"class": "flood"}}, {"type": "Feature", "geometry": {"type": "Polygon", "coordinates": [[[85.5586, 27.64669], [85.5586, 27.64269], [85.5606, 27.64269], [85.5606, 27.64669], [85.5586, 27.64669]]]}, "properties": {"class": "flood"}}, {"type": "Feature", "geometry": {"type": "Polygon", "coordinates": [[[85.0846, 27.64469], [85.0846, 27.64269], [85.0866, 27.64269], [85.0866, 27.64469], [85.0846, 27.64469]]]}, "properties": {"class": "flood"}}, {"type": "Feature", "geometry": {"type": "Polygon", "coordinates": [[[85.0906, 27.64469], [85.0906, 27.64269], [85.0926, 27.64269], [85.0926, 27.64469], [85.0906, 27.64469]]]}, "properties": {"class": "flood"}}, {"type": "Feature", "geometry": {"type": "Polygon", "coordinates": [[[85.1906, 27.64469], [85.1906, 27.64269], [85.1926, 27.64269], [85.1926, 27.64469], [85.1906, 27.64469]]]}, "properties": {"class": "flood"}}, {"type": "Feature", "geometry": {"type": "Polygon", "coordinates": [[[85.3426, 27.64469], [85.3426, 27.64269], [85.3446, 27.64269], [85.3446, 27.64469], [85.3426, 27.64469]]]}, "properties": {"class": "flood"}}, {"type": "Feature", "geometry": {"type": "Polygon", "coordinates": [[[85.3526, 27.64469], [85.3526, 27.64269], [85.3546, 27.64269], [85.3546, 27.64469], [85.3526, 27.64469]]]}, "properties": {"class": "flood"}}, {"type": "Feature", "geometry": {"type": "Polygon", "coordinates": [[[85.3566, 27.64469], [85.3566, 27.64269], [85.3586, 27.64269], [85.3586, 27.64469], [85.3566, 27.64469]]]}, "properties": {"class": "flood"}}, {"type": "Feature", "geometry": {"type": "Polygon", "coordinates": [[[85.3786, 27.64469], [85.3786, 27.64269], [85.3806, 27.64269], [85.3806, 27.64469], [85.3786, 27.64469]]]}, "properties": {"class": "flood"}}, {"type": "Feature", "geometry": {"type": "Polygon", "coordinates": [[[85.3006, 27.64469], [85.3026, 27.64069], [85.3066, 27.64269], [85.3066, 27.64469], [85.3006, 27.64469]]]}, "properties": {"class": "flood"}}, {"type": "Feature", "geometry": {"type": "Polygon", "coordinates": [[[85.0826, 27.64269], [85.0826, 27.64069], [85.0846, 27.64069], [85.0846, 27.64269], [85.0826, 27.64269]]]}, "properties": {"class": "flood"}}, {"type": "Feature", "geometry": {"type": "Polygon", "coordinates": [[[85.0886, 27.64269], [85.0886, 27.64069], [85.0906, 27.64069], [85.0906, 27.64269], [85.0886, 27.64269]]]}, "properties": {"class": "flood"}}, {"type": "Feature", "geometry": {"type": "Polygon", "coordinates": [[[85.1606, 27.64269], [85.1606, 27.64069], [85.1626, 27.64069], [85.1626, 27.64269], [85.1606, 27.64269]]]}, "properties": {"class": "flood"}}, {"type": "Feature", "geometry": {"type": "Polygon", "coordinates": [[[85.1926, 27.64269], [85.1926, 27.64069], [85.1946, 27.64069], [85.1946, 27.64269], [85.1926, 27.64269]]]}, "properties": {"class": "flood"}}, {"type": "Feature", "geometry": {"type": "Polygon", "coordinates": [[[85.2266, 27.64269], [85.2266, 27.64069], [85.2286, 27.64069], [85.2286, 27.64269], [85.2266, 27.64269]]]}, "properties": {"class": "flood"}}, {"type": "Feature", "geometry": {"type": "Polygon", "coordinates": [[[85.2566, 27.64269], [85.2566, 27.64069], [85.2586, 27.64069], [85.2586, 27.64269], [85.2566, 27.64269]]]}, "properties": {"class": "flood"}}, {"type": "Feature", "geometry": {"type": "Polygon", "coordinates": [[[85.3546, 27.64269], [85.3546, 27.64069], [85.3566, 27.64069], [85.3566, 27.64269], [85.3546, 27.64269]]]}, "properties": {"class": "flood"}}, {"type": "Feature", "geometry": {"type": "Polygon", "coordinates": [[[85.3766, 27.64269], [85.3766, 27.64069], [85.3786, 27.64069], [85.3786, 27.64269], [85.3766, 27.64269]]]}, "properties": {"class": "flood"}}, {"type": "Feature", "geometry": {"type": "Polygon", "coordinates": [[[85.1246, 27.64269], [85.1246, 27.63869], [85.1266, 27.63869], [85.1266, 27.64269], [85.1246, 27.64269]]]}, "properties": {"class": "flood"}}, {"type": "Feature", "geometry": {"type": "Polygon", "coordinates": [[[85.15859999999999, 27.64069], [85.15859999999999, 27.63869], [85.1606, 27.63869], [85.1606, 27.64069], [85.15859999999999, 27.64069]]]}, "properties": {"class": "flood"}}, {"type": "Feature", "geometry": {"type": "Polygon", "coordinates": [[[85.1906, 27.64069], [85.1906, 27.63869], [85.1926, 27.63869], [85.1926, 27.64069], [85.1906, 27.64069]]]}, "properties": {"class": "flood"}}, {"type": "Feature", "geometry": {"type": "Polygon", "coordinates": [[[85.2546, 27.64069], [85.2546, 27.63869], [85.2566, 27.63869], [85.2566, 27.64069], [85.2546, 27.64069]]]}, "properties": {"class": "flood"}}, {"type": "Feature", "geometry": {"type": "Polygon", "coordinates": [[[85.3446, 27.64269], [85.3446, 27.64069], [85.3426, 27.63869], [85.3466, 27.63869], [85.3446, 27.64269]]]}, "properties": {"class": "flood"}}, {"type": "Feature", "geometry": {"type": "Polygon", "coordinates": [[[85.4246, 27.64269], [85.4246, 27.64069], [85.4226, 27.63869], [85.4266, 27.63869], [85.4246, 27.64269]]]}, "properties": {"class": "flood"}}, {"type": "Feature", "geometry": {"type": "Polygon", "coordinates": [[[85.1386, 27.63869], [85.1386, 27.63669], [85.1426, 27.63669], [85.1426, 27.63869], [85.1386, 27.63869]]]}, "properties": {"class": "flood"}}, {"type": "Feature", "geometry": {"type": "Polygon", "coordinates": [[[85.1946, 27.64069], [85.1926, 27.63669], [85.1966, 27.63669], [85.1966, 27.64069], [85.1946, 27.64069]]]}, "properties": {"class": "flood"}}, {"type": "Feature", "geometry": {"type": "Polygon", "coordinates": [[[85.2646, 27.64069], [85.2646, 27.63869], [85.26259999999999, 27.63669], [85.2666, 27.63669], [85.2646, 27.64069]]]}, "properties": {"class": "flood"}}, {"type": "Feature", "geometry": {"type": "Polygon", "coordinates": [[[85.4066, 27.63869], [85.4066, 27.63669], [85.4106, 27.63669], [85.4106, 27.63869], [85.4066, 27.63869]]]}, "properties": {"class": "flood"}}, {"type": "Feature", "geometry": {"type": "Polygon", "coordinates": [[[85.2246, 27.64069], [85.2246, 27.63669], [85.2286, 27.63469], [85.2286, 27.63869], [85.2246, 27.64069]]]}, "properties": {"class": "flood"}}, {"type": "Feature", "geometry": {"type": "Polygon", "coordinates": [[[85.39059999999999, 27.63669], [85.39059999999999, 27.63269], [85.3926, 27.63269], [85.3926, 27.63669], [85.39059999999999, 27.63669]]]}, "properties": {"class": "flood"}}, {"type": "Feature", "geometry": {"type": "Polygon", "coordinates": [[[85.3026, 27.63469], [85.3026, 27.63269], [85.3046, 27.63269], [85.3046, 27.63469], [85.3026, 27.63469]]]}, "properties": {"class": "flood"}}, {"type": "Feature", "geometry": {"type": "Polygon", "coordinates": [[[85.3166, 27.63469], [85.3166, 27.63269], [85.3206, 27.63269], [85.3206, 27.63469], [85.3166, 27.63469]]]}, "properties": {"class": "flood"}}, {"type": "Feature", "geometry": {"type": "Polygon", "coordinates": [[[85.4266, 27.63469], [85.4266, 27.63269], [85.4306, 27.63269], [85.4306, 27.63469], [85.4266, 27.63469]]]}, "properties": {"class": "flood"}}, {"type": "Feature", "geometry": {"type": "Polygon", "coordinates": [[[85.5406, 27.63669], [85.5406, 27.63469], [85.5386, 27.63269], [85.5426, 27.63269], [85.5406, 27.63669]]]}, "properties": {"class": "flood"}}, {"type": "Feature", "geometry": {"type": "Polygon", "coordinates": [[[85.15259999999999, 27.63269], [85.15259999999999, 27.63069], [85.1566, 27.63069], [85.1566, 27.63269], [85.15259999999999, 27.63269]]]}, "properties": {"class": "flood"}}, {"type": "Feature", "geometry": {"type": "Polygon", "coordinates": [[[85.1866, 27.63269], [85.1866, 27.63069], [85.1886, 27.63069], [85.1886, 27.63269], [85.1866, 27.63269]]]}, "properties": {"class": "flood"}}, {"type": "Feature", "geometry": {"type": "Polygon", "coordinates": [[[85.2706, 27.63269], [85.2706, 27.63069], [85.2726, 27.63069], [85.2726, 27.63269], [85.2706, 27.63269]]]}, "properties": {"class": "flood"}}, {"type": "Feature", "geometry": {"type": "Polygon", "coordinates": [[[85.4066, 27.63269], [85.4066, 27.63069], [85.40859999999999, 27.63069], [85.40859999999999, 27.63269], [85.4066, 27.63269]]]}, "properties": {"class": "flood"}}, {"type": "Feature", "geometry": {"type": "Polygon", "coordinates": [[[85.5426, 27.63269], [85.5426, 27.63069], [85.5446, 27.63069], [85.5446, 27.63269], [85.5426, 27.63269]]]}, "properties": {"class": "flood"}}, {"type": "Feature", "geometry": {"type": "Polygon", "coordinates": [[[85.3446, 27.63269], [85.3446, 27.628690000000002], [85.3466, 27.628690000000002], [85.3466, 27.63269], [85.3446, 27.63269]]]}, "properties": {"class": "flood"}}, {"type": "Feature", "geometry": {"type": "Polygon", "coordinates": [[[85.4646, 27.63269], [85.4646, 27.628690000000002], [85.4666, 27.628690000000002], [85.4666, 27.63269], [85.4646, 27.63269]]]}, "properties": {"class": "flood"}}, {"type": "Feature", "geometry": {"type": "Polygon", "coordinates": [[[85.1886, 27.63069], [85.1886, 27.628690000000002], [85.1906, 27.628690000000002], [85.1906, 27.63069], [85.1886, 27.63069]]]}, "properties": {"class": "flood"}}, {"type": "Feature", "geometry": {"type": "Polygon", "coordinates": [[[85.26859999999999, 27.63069], [85.26859999999999, 27.628690000000002], [85.2706, 27.628690000000002], [85.2706, 27.63069], [85.26859999999999, 27.63069]]]}, "properties": {"class": "flood"}}, {"type": "Feature", "geometry": {"type": "Polygon", "coordinates": [[[85.4046, 27.63069], [85.4046, 27.628690000000002], [85.4066, 27.628690000000002], [85.4066, 27.63069], [85.4046, 27.63069]]]}, "properties": {"class": "flood"}}, {"type": "Feature", "geometry": {"type": "Polygon", "coordinates": [[[85.4746, 27.63069], [85.4746, 27.628690000000002], [85.4766, 27.628690000000002], [85.4766, 27.63069], [85.4746, 27.63069]]]}, "properties": {"class": "flood"}}, {"type": "Feature", "geometry": {"type": "Polygon", "coordinates": [[[85.5406, 27.63069], [85.5406, 27.628690000000002], [85.5426, 27.628690000000002], [85.5426, 27.63069], [85.5406, 27.63069]]]}, "properties": {"class": "flood"}}, {"type": "Feature", "geometry": {"type": "Polygon", "coordinates": [[[85.4406, 27.63069], [85.4406, 27.62669], [85.4426, 27.62669], [85.4426, 27.63069], [85.4406, 27.63069]]]}, "properties": {"class": "flood"}}, {"type": "Feature", "geometry": {"type": "Polygon", "coordinates": [[[85.4466, 27.63469], [85.4446, 27.63069], [85.4446, 27.62669], [85.4486, 27.62669], [85.4506, 27.63269], [85.4466, 27.63469]]]}, "properties": {"class": "flood"}}, {"type": "Feature", "geometry": {"type": "Polygon", "coordinates": [[[85.15259999999999, 27.628690000000002], [85.15259999999999, 27.62669], [85.1546, 27.62669], [85.1546, 27.628690000000002], [85.15259999999999, 27.628690000000002]]]}, "properties": {"class": "flood"}}, {"type": "Feature", "geometry": {"type": "Polygon", "coordinates": [[[85.1986, 27.628690000000002], [85.1986, 27.62669], [85.2006, 27.62669], [85.2006, 27.628690000000002], [85.1986, 27.628690000000002]]]}, "properties": {"class": "flood"}}, {"type": "Feature", "geometry": {"type": "Polygon", "coordinates": [[[85.27459999999999, 27.628690000000002], [85.27459999999999, 27.62669], [85.2766, 27.62669], [85.2766, 27.628690000000002], [85.27459999999999, 27.628690000000002]]]}, "properties": {"class": "flood"}}, {"type": "Feature", "geometry": {"type": "Polygon", "coordinates": [[[85.4506, 27.628690000000002], [85.4506, 27.62669], [85.4526, 27.62669], [85.4526, 27.628690000000002], [85.4506, 27.628690000000002]]]}, "properties": {"class": "flood"}}, {"type": "Feature", "geometry": {"type": "Polygon", "coordinates": [[[85.4726, 27.628690000000002], [85.4726, 27.62669], [85.4746, 27.62669], [85.4746, 27.628690000000002], [85.4726, 27.628690000000002]]]}, "properties": {"class": "flood"}}, {"type": "Feature", "geometry": {"type": "Polygon", "coordinates": [[[85.2206, 27.63069], [85.2226, 27.62469], [85.2266, 27.62669], [85.2246, 27.63069], [85.2206, 27.63069]]]}, "properties": {"class": "flood"}}, {"type": "Feature", "geometry": {"type": "Polygon", "coordinates": [[[85.2786, 27.628690000000002], [85.2786, 27.62469], [85.2826, 27.62469], [85.2826, 27.62669], [85.2786, 27.628690000000002]]]}, "properties": {"class": "flood"}}, {"type": "Feature", "geometry": {"type": "Polygon", "coordinates": [[[85.1546, 27.62669], [85.1546, 27.62469], [85.1566, 27.62469], [85.1566, 27.62669], [85.1546, 27.62669]]]}, "properties": {"class": "flood"}}, {"type": "Feature", "geometry": {"type": "Polygon", "coordinates": [[[85.1806, 27.62669], [85.1806, 27.62469], [85.1826, 27.62469], [85.1826, 27.62669], [85.1806, 27.62669]]]}, "properties": {"class": "flood"}}, {"type": "Feature", "geometry": {"type": "Polygon", "coordinates": [[[85.2726, 27.62669], [85.2726, 27.62469], [85.27459999999999, 27.62469], [85.27459999999999, 27.62669], [85.2726, 27.62669]]]}, "properties": {"class": "flood"}}, {"type": "Feature", "geometry": {"type": "Polygon", "coordinates": [[[85.3046, 27.62669], [85.3046, 27.62469], [85.3066, 27.62469], [85.3066, 27.62669], [85.3046, 27.62669]]]}, "properties": {"class": "flood"}}, {"type": "Feature", "geometry": {"type": "Polygon", "coordinates": [[[85.3466, 27.628690000000002], [85.3446, 27.62469], [85.3486, 27.62469], [85.3486, 27.628690000000002], [85.3466, 27.628690000000002]]]}, "properties": {"class": "flood"}}, {"type": "Feature", "geometry": {"type": "Polygon", "coordinates": [[[85.4486, 27.62669], [85.4486, 27.62469], [85.4506, 27.62469], [85.4506, 27.62669], [85.4486, 27.62669]]]}, "properties": {"class": "flood"}}, {"type": "Feature", "geometry": {"type": "Polygon", "coordinates": [[[85.1826, 27.62469], [85.1826, 27.622690000000002], [85.1846, 27.622690000000002], [85.1846, 27.62469], [85.1826, 27.62469]]]}, "properties": {"class": "flood"}}, {"type": "Feature", "geometry": {"type": "Polygon", "coordinates": [[[85.2246, 27.62469], [85.2246, 27.622690000000002], [85.2266, 27.622690000000002], [85.2266, 27.62469], [85.2246, 27.62469]]]}, "properties": {"class": "flood"}}, {"type": "Feature", "geometry": {"type": "Polygon", "coordinates": [[[85.2566, 27.62469], [85.2566, 27.622690000000002], [85.2586, 27.622690000000002], [85.2586, 27.62469], [85.2566, 27.62469]]]}, "properties": {"class": "flood"}}, {"type": "Feature", "geometry": {"type": "Polygon", "coordinates": [[[85.3266, 27.62469], [85.3266, 27.622690000000002], [85.3286, 27.622690000000002], [85.3286, 27.62469], [85.3266, 27.62469]]]}, "properties": {"class": "flood"}}, {"type": "Feature", "geometry": {"type": "Polygon", "coordinates": [[[85.3566, 27.62469], [85.3566, 27.622690000000002], [85.3586, 27.622690000000002], [85.3586, 27.62469], [85.3566, 27.62469]]]}, "properties": {"class": "flood"}}, {"type": "Feature", "geometry": {"type": "Polygon", "coordinates": [[[85.4246, 27.62469], [85.4246, 27.622690000000002], [85.4266, 27.622690000000002], [85.4266, 27.62469], [85.4246, 27.62469]]]}, "properties": {"class": "flood"}}, {"type": "Feature", "geometry": {"type": "Polygon", "coordinates": [[[85.5046, 27.62469], [85.5046, 27.622690000000002], [85.5066, 27.622690000000002], [85.5066, 27.62469], [85.5046, 27.62469]]]}, "properties": {"class": "flood"}}, {"type": "Feature", "geometry": {"type": "Polygon", "coordinates": [[[85.3246, 27.622690000000002], [85.3246, 27.62069], [85.3266, 27.62069], [85.3266, 27.622690000000002], [85.3246, 27.622690000000002]]]}, "properties": {"class": "flood"}}, {"type": "Feature", "geometry": {"type": "Polygon", "coordinates": [[[85.3766, 27.62469], [85.3746, 27.62069], [85.3806, 27.62069], [85.3806, 27.62469], [85.3766, 27.62469]]]}, "properties": {"class": "flood"}}, {"type": "Feature", "geometry": {"type": "Polygon", "coordinates": [[[85.4266, 27.622690000000002], [85.4266, 27.62069], [85.4286, 27.62069], [85.4286, 27.622690000000002], [85.4266, 27.622690000000002]]]}, "properties": {"class": "flood"}}, {"type": "Feature", "geometry": {"type": "Polygon", "coordinates": [[[85.4366, 27.622690000000002], [85.4366, 27.62069], [85.4386, 27.62069], [85.4386, 27.622690000000002], [85.4366, 27.622690000000002]]]}, "properties": {"class": "flood"}}, {"type": "Feature", "geometry": {"type": "Polygon", "coordinates": [[[85.5026, 27.622690000000002], [85.5026, 27.62069], [85.5046, 27.62069], [85.5046, 27.622690000000002], [85.5026, 27.622690000000002]]]}, "properties": {"class": "flood"}}, {"type": "Feature", "geometry": {"type": "Polygon", "coordinates": [[[85.1726, 27.622690000000002], [85.1726, 27.61869], [85.1746, 27.61869], [85.1746, 27.622690000000002], [85.1726, 27.622690000000002]]]}, "properties": {"class": "flood"}}, {"type": "Feature", "geometry": {"type": "Polygon", "coordinates": [[[85.1786, 27.622690000000002], [85.1786, 27.61869], [85.1826, 27.61869], [85.1806, 27.622690000000002], [85.1786, 27.622690000000002]]]}, "properties": {"class": "flood"}}, {"type": "Feature", "geometry": {"type": "Polygon", "coordinates": [[[85.4146, 27.622690000000002], [85.4146, 27.61869], [85.4186, 27.61869], [85.4166, 27.622690000000002], [85.4146, 27.622690000000002]]]}, "properties": {"class": "flood"}}, {"type": "Feature", "geometry": {"type": "Polygon", "coordinates": [[[85.2066, 27.62069], [85.2066, 27.61869], [85.2106, 27.61869], [85.2106, 27.62069], [85.2066, 27.62069]]]}, "properties": {"class": "flood"}}, {"type": "Feature", "geometry": {"type": "Polygon", "coordinates": [[[85.4346, 27.62069], [85.4346, 27.61869], [85.4366, 27.61869], [85.4366, 27.62069], [85.4346, 27.62069]]]}, "properties": {"class": "flood"}}, {"type": "Feature", "geometry": {"type": "Polygon", "coordinates": [[[85.1326, 27.62069], [85.1326, 27.616690000000002], [85.13459999999999, 27.616690000000002], [85.13459999999999, 27.62069], [85.1326, 27.62069]]]}, "properties": {"class": "flood"}}, {"type": "Feature", "geometry": {"type": "Polygon", "coordinates": [[[85.2366, 27.622690000000002], [85.2346, 27.61869], [85.2386, 27.616690000000002], [85.2386, 27.622690000000002], [85.2366, 27.622690000000002]]]}, "properties": {"class": "flood"}}, {"type": "Feature", "geometry": {"type": "Polygon", "coordinates": [[[85.2426, 27.62069], [85.2426, 27.616690000000002], [85.2446, 27.616690000000002], [85.2446, 27.62069], [85.2426, 27.62069]]]}, "properties": {"class": "flood"}}, {"type": "Feature", "geometry": {"type": "Polygon", "coordinates": [[[85.4386, 27.62069], [85.4386, 27.616690000000002], [85.4426, 27.61869], [85.4426, 27.62069], [85.4386, 27.62069]]]}, "properties": {"class": "flood"}}, {"type": "Feature", "geometry": {"type": "Polygon", "coordinates": [[[85.4706, 27.62069], [85.4706, 27.616690000000002], [85.4726, 27.616690000000002], [85.4726, 27.62069], [85.4706, 27.62069]]]}, "properties": {"class": "flood"}}, {"type": "Feature", "geometry": {"type": "Polygon", "coordinates": [[[85.1686, 27.61869], [85.1686, 27.616690000000002], [85.1706, 27.616690000000002], [85.1706, 27.61869], [85.1686, 27.61869]]]}, "properties": {"class": "flood"}}, {"type": "Feature", "geometry": {"type": "Polygon", "coordinates": [[[85.2566, 27.61869], [85.2566, 27.616690000000002], [85.2606, 27.616690000000002], [85.2606, 27.61869], [85.2566, 27.61869]]]}, "properties": {"class": "flood"}}, {"type": "Feature", "geometry": {"type": "Polygon", "coordinates": [[[85.2966, 27.61869], [85.2966, 27.616690000000002], [85.2986, 27.616690000000002], [85.2986, 27.61869], [85.2966, 27.61869]]]}, "properties": {"class": "flood"}}, {"type": "Feature", "geometry": {"type": "Polygon", "coordinates": [[[85.3046, 27.61869], [85.3046, 27.616690000000002], [85.3086, 27.616690000000002], [85.3086, 27.61869], [85.3046, 27.61869]]]}, "properties": {"class": "flood"}}, {"type": "Feature", "geometry": {"type": "Polygon", "coordinates": [[[85.4106, 27.61869], [85.4106, 27.616690000000002], [85.4126, 27.616690000000002], [85.4126, 27.61869], [85.4106, 27.61869]]]}, "properties": {"class": "flood"}}, {"type": "Feature", "geometry": {"type": "Polygon", "coordinates": [[[85.4426, 27.61869], [85.4426, 27.616690000000002], [85.4446, 27.616690000000002], [85.4446, 27.61869], [85.4426, 27.61869]]]}, "properties": {"class": "flood"}}, {"type": "Feature", "geometry": {"type": "Polygon", "coordinates": [[[85.5026, 27.61869], [85.5026, 27.616690000000002], [85.5086, 27.616690000000002], [85.5086, 27.61869], [85.5026, 27.61869]]]}, "properties": {"class": "flood"}}, {"type": "Feature", "geometry": {"type": "Polygon", "coordinates": [[[85.5506, 27.61869], [85.5506, 27.61469], [85.5546, 27.61469], [85.5546, 27.61869], [85.5506, 27.61869]]]}, "properties": {"class": "flood"}}, {"type": "Feature", "geometry": {"type": "Polygon", "coordinates": [[[85.4126, 27.616690000000002], [85.4126, 27.61469], [85.4146, 27.61469], [85.4146, 27.616690000000002], [85.4126, 27.616690000000002]]]}, "properties": {"class": "flood"}}, {"type": "Feature", "geometry": {"type": "Polygon", "coordinates": [[[85.4406, 27.616690000000002], [85.4406, 27.61469], [85.4426, 27.61469], [85.4426, 27.616690000000002], [85.4406, 27.616690000000002]]]}, "properties": {"class": "flood"}}, {"type": "Feature", "geometry": {"type": "Polygon", "coordinates": [[[85.3226, 27.62069], [85.3186, 27.61869], [85.3186, 27.61269], [85.3246, 27.616690000000002], [85.3226, 27.62069]]]}, "properties": {"class": "flood"}}, {"type": "Feature", "geometry": {"type": "Polygon", "coordinates": [[[85.1146, 27.616690000000002], [85.1146, 27.61269], [85.1166, 27.61269], [85.1166, 27.616690000000002], [85.1146, 27.616690000000002]]]}, "properties": {"class": "flood"}}, {"type": "Feature", "geometry": {"type": "Polygon", "coordinates": [[[85.4746, 27.616690000000002], [85.4746, 27.61269], [85.4806, 27.61469], [85.4806, 27.616690000000002], [85.4746, 27.616690000000002]]]}, "properties": {"class": "flood"}}, {"type": "Feature", "geometry": {"type": "Polygon", "coordinates": [[[85.1806, 27.61469], [85.1806, 27.61269], [85.1846, 27.61269], [85.1846, 27.61469], [85.1806, 27.61469]]]}, "properties": {"class": "flood"}}, {"type": "Feature", "geometry": {"type": "Polygon", "coordinates": [[[85.4106, 27.61469], [85.4106, 27.61269], [85.4126, 27.61269], [85.4126, 27.61469], [85.4106, 27.61469]]]}, "properties": {"class": "flood"}}, {"type": "Feature", "geometry": {"type": "Polygon", "coordinates": [[[85.4446, 27.61469], [85.4446, 27.61269], [85.4466, 27.61269], [85.4466, 27.61469], [85.4446, 27.61469]]]}, "properties": {"class": "flood"}}, {"type": "Feature", "geometry": {"type": "Polygon", "coordinates": [[[85.14059999999999, 27.61469], [85.14059999999999, 27.61069], [85.1426, 27.61069], [85.1426, 27.61469], [85.14059999999999, 27.61469]]]}, "properties": {"class": "flood"}}, {"type": "Feature", "geometry": {"type": "Polygon", "coordinates": [[[85.3406, 27.61469], [85.3406, 27.61069], [85.3426, 27.61069], [85.3426, 27.61469], [85.3406, 27.61469]]]}, "properties": {"class": "flood"}}, {"type": "Feature", "geometry": {"type": "Polygon", "coordinates": [[[85.3686, 27.61469], [85.3686, 27.61069], [85.3726, 27.61069], [85.3726, 27.61469], [85.3686, 27.61469]]]}, "properties": {"class": "flood"}}, {"type": "Feature", "geometry": {"type": "Polygon", "coordinates": [[[85.3946, 27.61469], [85.3946, 27.61069], [85.39659999999999, 27.61069], [85.39659999999999, 27.61469], [85.3946, 27.61469]]]}, "properties": {"class": "flood"}}, {"type": "Feature", "geometry": {"type": "Polygon", "coordinates": [[[85.4506, 27.61469], [85.4506, 27.61069], [85.4526, 27.61069], [85.4526, 27.61469], [85.4506, 27.61469]]]}, "properties": {"class": "flood"}}, {"type": "Feature", "geometry": {"type": "Polygon", "coordinates": [[[85.2346, 27.61269], [85.2346, 27.61069], [85.2386, 27.61069], [85.2386, 27.61269], [85.2346, 27.61269]]]}, "properties": {"class": "flood"}}, {"type": "Feature", "geometry": {"type": "Polygon", "coordinates": [[[85.2646, 27.61269], [85.2646, 27.61069], [85.2666, 27.61069], [85.2666, 27.61269], [85.2646, 27.61269]]]}, "properties": {"class": "flood"}}, {"type": "Feature", "geometry": {"type": "Polygon", "coordinates": [[[85.3066, 27.61269], [85.3066, 27.61069], [85.3106, 27.61069], [85.3106, 27.61269], [85.3066, 27.61269]]]}, "properties": {"class": "flood"}}, {"type": "Feature", "geometry": {"type": "Polygon", "coordinates": [[[85.3226, 27.61469], [85.3206, 27.61069], [85.3246, 27.61069], [85.3246, 27.61469], [85.3226, 27.61469]]]}, "properties": {"class": "flood"}}, {"type": "Feature", "geometry": {"type": "Polygon", "coordinates": [[[85.4126, 27.61269], [85.4126, 27.61069], [85.4146, 27.61069], [85.4146, 27.61269], [85.4126, 27.61269]]]}, "properties": {"class": "flood"}}, {"type": "Feature", "geometry": {"type": "Polygon", "coordinates": [[[85.4426, 27.61269], [85.4426, 27.61069], [85.4446, 27.61069], [85.4446, 27.61269], [85.4426, 27.61269]]]}, "properties": {"class": "flood"}}, {"type": "Feature", "geometry": {"type": "Polygon", "coordinates": [[[85.1006, 27.61269], [85.1006, 27.60869], [85.1026, 27.60869], [85.1026, 27.61269], [85.1006, 27.61269]]]}, "properties": {"class": "flood"}}, {"type": "Feature", "geometry": {"type": "Polygon", "coordinates": [[[85.1866, 27.61269], [85.1886, 27.60869], [85.1906, 27.60869], [85.1906, 27.61269], [85.1866, 27.61269]]]}, "properties": {"class": "flood"}}, {"type": "Feature", "geometry": {"type": "Polygon", "coordinates": [[[85.3346, 27.61269], [85.3346, 27.60869], [85.3366, 27.60869], [85.3366, 27.61269], [85.3346, 27.61269]]]}, "properties": {"class": "flood"}}, {"type": "Feature", "geometry": {"type": "Polygon", "coordinates": [[[85.5146, 27.61469], [85.5106, 27.61269], [85.51259999999999, 27.60869], [85.51859999999999, 27.61069], [85.5146, 27.61469]]]}, "properties": {"class": "flood"}}, {"type": "Feature", "geometry": {"type": "Polygon", "coordinates": [[[85.1046, 27.61069], [85.1046, 27.60869], [85.1066, 27.60869], [85.1066, 27.61069], [85.1046, 27.61069]]]}, "properties": {"class": "flood"}}, {"type": "Feature", "geometry": {"type": "Polygon", "coordinates": [[[85.1846, 27.61069], [85.1846, 27.60869], [85.1866, 27.60869], [85.1866, 27.61069], [85.1846, 27.61069]]]}, "properties": {"class": "flood"}}, {"type": "Feature", "geometry": {"type": "Polygon", "coordinates": [[[85.26259999999999, 27.61069], [85.26259999999999, 27.60869], [85.2646, 27.60869], [85.2646, 27.61069], [85.26259999999999, 27.61069]]]}, "properties": {"class": "flood"}}, {"type": "Feature", "geometry": {"type": "Polygon", "coordinates": [[[85.3546, 27.61069], [85.3546, 27.60869], [85.3566, 27.60869], [85.3566, 27.61069], [85.3546, 27.61069]]]}, "properties": {"class": "flood"}}, {"type": "Feature", "geometry": {"type": "Polygon", "coordinates": [[[85.4046, 27.61069], [85.4046, 27.60869], [85.40859999999999, 27.60869], [85.40859999999999, 27.61069], [85.4046, 27.61069]]]}, "properties": {"class": "flood"}}, {"type": "Feature", "geometry": {"type": "Polygon", "coordinates": [[[85.0926, 27.61269], [85.0926, 27.60869], [85.0966, 27.60669], [85.0966, 27.61069], [85.0926, 27.61269]]]}, "properties": {"class": "flood"}}, {"type": "Feature", "geometry": {"type": "Polygon", "coordinates": [[[85.1246, 27.61069], [85.1246, 27.60669], [85.1266, 27.60669], [85.1266, 27.61069], [85.1246, 27.61069]]]}, "properties": {"class": "flood"}}, {"type": "Feature", "geometry": {"type": "Polygon", "coordinates": [[[85.27459999999999, 27.61069], [85.27459999999999, 27.60669], [85.2766, 27.60669], [85.2766, 27.61069], [85.27459999999999, 27.61069]]]}, "properties": {"class": "flood"}}, {"type": "Feature", "geometry": {"type": "Polygon", "coordinates": [[[85.1286, 27.60869], [85.1286, 27.60669], [85.1306, 27.60669], [85.1306, 27.60869], [85.1286, 27.60869]]]}, "properties": {"class": "flood"}}, {"type": "Feature", "geometry": {"type": "Polygon", "coordinates": [[[85.3566, 27.60869], [85.3566, 27.60669], [85.3586, 27.60669], [85.3586, 27.60869], [85.3566, 27.60869]]]}, "properties": {"class": "flood"}}, {"type": "Feature", "geometry": {"type": "Polygon", "coordinates": [[[85.5546, 27.60869], [85.5546, 27.60669], [85.5586, 27.60669], [85.5586, 27.60869], [85.5546, 27.60869]]]}, "properties": {"class": "flood"}}, {"type": "Feature", "geometry": {"type": "Polygon", "coordinates": [[[85.5666, 27.60869], [85.5666, 27.60669], [85.5686, 27.60669], [85.5686, 27.60869], [85.5666, 27.60869]]]}, "properties": {"class": "flood"}}, {"type": "Feature", "geometry": {"type": "Polygon", "coordinates": [[[85.0866, 27.60869], [85.0866, 27.60469], [85.0906, 27.60469], [85.0906, 27.60669], [85.0866, 27.60869]]]}, "properties": {"class": "flood"}}, {"type": "Feature", "geometry": {"type": "Polygon", "coordinates": [[[85.4686, 27.60869], [85.4706, 27.60469], [85.4746, 27.60469], [85.4746, 27.60869], [85.4686, 27.60869]]]}, "properties": {"class": "flood"}}, {"type": "Feature", "geometry": {"type": "Polygon", "coordinates": [[[85.1046, 27.60669], [85.1046, 27.60469], [85.1066, 27.60469], [85.1066, 27.60669], [85.1046, 27.60669]]]}, "properties": {"class": "flood"}}, {"type": "Feature", "geometry": {"type": "Polygon", "coordinates": [[[85.1266, 27.60669], [85.1266, 27.60469], [85.1286, 27.60469], [85.1286, 27.60669], [85.1266, 27.60669]]]}, "properties": {"class": "flood"}}, {"type": "Feature", "geometry": {"type": "Polygon", "coordinates": [[[85.1726, 27.60669], [85.1726, 27.60469], [85.1746, 27.60469], [85.1746, 27.60669], [85.1726, 27.60669]]]}, "properties": {"class": "flood"}}, {"type": "Feature", "geometry": {"type": "Polygon", "coordinates": [[[85.1746, 27.60469], [85.1746, 27.60269], [85.1766, 27.60269], [85.1766, 27.60469], [85.1746, 27.60469]]]}, "properties": {"class": "flood"}}, {"type": "Feature", "geometry": {"type": "Polygon", "coordinates": [[[85.2186, 27.60469], [85.2186, 27.60269], [85.2226, 27.60269], [85.2226, 27.60469], [85.2186, 27.60469]]]}, "properties": {"class": "flood"}}, {"type": "Feature", "geometry": {"type": "Polygon", "coordinates": [[[85.3106, 27.60469], [85.3106, 27.60269], [85.3126, 27.60269], [85.3126, 27.60469], [85.3106, 27.60469]]]}, "properties": {"class": "flood"}}, {"type": "Feature", "geometry": {"type": "Polygon", "coordinates": [[[85.4446, 27.60469], [85.4446, 27.60269], [85.4486, 27.60269], [85.4486, 27.60469], [85.4446, 27.60469]]]}, "properties": {"class": "flood"}}, {"type": "Feature", "geometry": {"type": "Polygon", "coordinates": [[[85.5526, 27.60469], [85.5526, 27.60269], [85.5566, 27.60269], [85.5566, 27.60469], [85.5526, 27.60469]]]}, "properties": {"class": "flood"}}, {"type": "Feature", "geometry": {"type": "Polygon", "coordinates": [[[85.1706, 27.60469], [85.1706, 27.60069], [85.1746, 27.60069], [85.1726, 27.60469], [85.1706, 27.60469]]]}, "properties": {"class": "flood"}}, {"type": "Feature", "geometry": {"type": "Polygon", "coordinates": [[[85.2386, 27.60269], [85.2386, 27.60069], [85.2406, 27.60069], [85.2406, 27.60269], [85.2386, 27.60269]]]}, "properties": {"class": "flood"}}, {"type": "Feature", "geometry": {"type": "Polygon", "coordinates": [[[85.3086, 27.60269], [85.3086, 27.60069], [85.3106, 27.60069], [85.3106, 27.60269], [85.3086, 27.60269]]]}, "properties": {"class": "flood"}}, {"type": "Feature", "geometry": {"type": "Polygon", "coordinates": [[[85.0746, 27.60269], [85.0746, 27.59869], [85.0766, 27.59869], [85.0766, 27.60269], [85.0746, 27.60269]]]}, "properties": {"class": "flood"}}, {"type": "Feature", "geometry": {"type": "Polygon", "coordinates": [[[85.3226, 27.60269], [85.3226, 27.59869], [85.3266, 27.59869], [85.3266, 27.60269], [85.3226, 27.60269]]]}, "properties": {"class": "flood"}}, {"type": "Feature", "geometry": {"type": "Polygon", "coordinates": [[[85.4846, 27.60269], [85.4846, 27.59869], [85.4886, 27.60069], [85.4886, 27.60269], [85.4846, 27.60269]]]}, "properties": {"class": "flood"}}, {"type": "Feature", "geometry": {"type": "Polygon", "coordinates": [[[85.1966, 27.60069], [85.1966, 27.59869], [85.2006, 27.59869], [85.2006, 27.60069], [85.1966, 27.60069]]]}, "properties": {"class": "flood"}}, {"type": "Feature", "geometry": {"type": "Polygon", "coordinates": [[[85.2366, 27.60069], [85.2366, 27.59869], [85.2386, 27.59869], [85.2386, 27.60069], [85.2366, 27.60069]]]}, "properties": {"class": "flood"}}, {"type": "Feature", "geometry": {"type": "Polygon", "coordinates": [[[85.3106, 27.60069], [85.3106, 27.59869], [85.3146, 27.59869], [85.3146, 27.60069], [85.3106, 27.60069]]]}, "properties": {"class": "flood"}}, {"type": "Feature", "geometry": {"type": "Polygon", "coordinates": [[[85.5386, 27.59869], [85.5386, 27.596690000000002], [85.5406, 27.596690000000002], [85.5406, 27.59869], [85.5386, 27.59869]]]}, "properties": {"class": "flood"}}, {"type": "Feature", "geometry": {"type": "Polygon", "coordinates": [[[85.40259999999999, 27.60069], [85.40259999999999, 27.59469], [85.4066, 27.59469], [85.4066, 27.60069], [85.40259999999999, 27.60069]]]}, "properties": {"class": "flood"}}, {"type": "Feature", "geometry": {"type": "Polygon", "coordinates": [[[85.4886, 27.60069], [85.4866, 27.596690000000002], [85.4906, 27.59469], [85.4906, 27.60069], [85.4886, 27.60069]]]}, "properties": {"class": "flood"}}, {"type": "Feature", "geometry": {"type": "Polygon", "coordinates": [[[85.5006, 27.59869], [85.5006, 27.59469], [85.5026, 27.59469], [85.5026, 27.59869], [85.5006, 27.59869]]]}, "properties": {"class": "flood"}}, {"type": "Feature", "geometry": {"type": "Polygon", "coordinates": [[[85.5466, 27.59869], [85.5466, 27.59469], [85.5486, 27.59469], [85.5486, 27.59869], [85.5466, 27.59869]]]}, "properties": {"class": "flood"}}, {"type": "Feature", "geometry": {"type": "Polygon", "coordinates": [[[85.2426, 27.596690000000002], [85.2426, 27.59469], [85.2446, 27.59469], [85.2446, 27.596690000000002], [85.2426, 27.596690000000002]]]}, "properties": {"class": "flood"}}, {"type": "Feature", "geometry": {"type": "Polygon", "coordinates": [[[85.5406, 27.596690000000002], [85.5406, 27.59469], [85.5426, 27.59469], [85.5426, 27.596690000000002], [85.5406, 27.596690000000002]]]}, "properties": {"class": "flood"}}, {"type": "Feature", "geometry": {"type": "Polygon", "coordinates": [[[85.1966, 27.596690000000002], [85.1966, 27.59269], [85.2006, 27.59269], [85.2006, 27.596690000000002], [85.1966, 27.596690000000002]]]}, "properties": {"class": "flood"}}, {"type": "Feature", "geometry": {"type": "Polygon", "coordinates": [[[85.0846, 27.59469], [85.0846, 27.59269], [85.0866, 27.59269], [85.0866, 27.59469], [85.0846, 27.59469]]]}, "properties": {"class": "flood"}}, {"type": "Feature", "geometry": {"type": "Polygon", "coordinates": [[[85.0886, 27.59469], [85.0886, 27.59269], [85.0906, 27.59269], [85.0906, 27.59469], [85.0886, 27.59469]]]}, "properties": {"class": "flood"}}, {"type": "Feature", "geometry": {"type": "Polygon", "coordinates": [[[85.2386, 27.59469], [85.2386, 27.59269], [85.2406, 27.59269], [85.2406, 27.59469], [85.2386, 27.59469]]]}, "properties": {"class": "flood"}}, {"type": "Feature", "geometry": {"type": "Polygon", "coordinates": [[[85.2446, 27.59469], [85.2446, 27.59269], [85.2466, 27.59269], [85.2466, 27.59469], [85.2446, 27.59469]]]}, "properties": {"class": "flood"}}, {"type": "Feature", "geometry": {"type": "Polygon", "coordinates": [[[85.2986, 27.59469], [85.2986, 27.59269], [85.3006, 27.59269], [85.3006, 27.59469], [85.2986, 27.59469]]]}, "properties": {"class": "flood"}}, {"type": "Feature", "geometry": {"type": "Polygon", "coordinates": [[[85.4146, 27.59469], [85.4146, 27.59269], [85.4166, 27.59269], [85.4166, 27.59469], [85.4146, 27.59469]]]}, "properties": {"class": "flood"}}, {"type": "Feature", "geometry": {"type": "Polygon", "coordinates": [[[85.5386, 27.59469], [85.5386, 27.59269], [85.5406, 27.59269], [85.5406, 27.59469], [85.5386, 27.59469]]]}, "properties": {"class": "flood"}}, {"type": "Feature", "geometry": {"type": "Polygon", "coordinates": [[[85.1426, 27.596690000000002], [85.14059999999999, 27.59269], [85.1446, 27.590690000000002], [85.14659999999999, 27.596690000000002], [85.1426, 27.596690000000002]]]}, "properties": {"class": "flood"}}, {"type": "Feature", "geometry": {"type": "Polygon", "coordinates": [[[85.2486, 27.59469], [85.2486, 27.590690000000002], [85.2506, 27.590690000000002], [85.2506, 27.59469], [85.2486, 27.59469]]]}, "properties": {"class": "flood"}}, {"type": "Feature", "geometry": {"type": "Polygon", "coordinates": [[[85.0866, 27.59269], [85.0866, 27.590690000000002], [85.0886, 27.590690000000002], [85.0886, 27.59269], [85.0866, 27.59269]]]}, "properties": {"class": "flood"}}, {"type": "Feature", "geometry": {"type": "Polygon", "coordinates": [[[85.0906, 27.59269], [85.0906, 27.590690000000002], [85.0926, 27.590690000000002], [85.0926, 27.59269], [85.0906, 27.59269]]]}, "properties": {"class": "flood"}}, {"type": "Feature", "geometry": {"type": "Polygon", "coordinates": [[[85.1926, 27.59269], [85.1926, 27.590690000000002], [85.1946, 27.590690000000002], [85.1946, 27.59269], [85.1926, 27.59269]]]}, "properties": {"class": "flood"}}, {"type": "Feature", "geometry": {"type": "Polygon", "coordinates": [[[85.2406, 27.59269], [85.2406, 27.590690000000002], [85.2426, 27.590690000000002], [85.2426, 27.59269], [85.2406, 27.59269]]]}, "properties": {"class": "flood"}}, {"type": "Feature", "geometry": {"type": "Polygon", "coordinates": [[[85.2966, 27.59269], [85.2966, 27.590690000000002], [85.2986, 27.590690000000002], [85.2986, 27.59269], [85.2966, 27.59269]]]}, "properties": {"class": "flood"}}, {"type": "Feature", "geometry": {"type": "Polygon", "coordinates": [[[85.4046, 27.59269], [85.4046, 27.590690000000002], [85.4066, 27.590690000000002], [85.4066, 27.59269], [85.4046, 27.59269]]]}, "properties": {"class": "flood"}}, {"type": "Feature", "geometry": {"type": "Polygon", "coordinates": [[[85.4166, 27.59269], [85.4166, 27.590690000000002], [85.4186, 27.590690000000002], [85.4186, 27.59269], [85.4166, 27.59269]]]}, "properties": {"class": "flood"}}, {"type": "Feature", "geometry": {"type": "Polygon", "coordinates": [[[85.53659999999999, 27.59269], [85.53659999999999, 27.590690000000002], [85.5386, 27.590690000000002], [85.5386, 27.59269], [85.53659999999999, 27.59269]]]}, "properties": {"class": "flood"}}, {"type": "Feature", "geometry": {"type": "Polygon", "coordinates": [[[85.1366, 27.590690000000002], [85.1366, 27.58869], [85.1386, 27.58869], [85.1386, 27.590690000000002], [85.1366, 27.590690000000002]]]}, "properties": {"class": "flood"}}, {"type": "Feature", "geometry": {"type": "Polygon", "coordinates": [[[85.1946, 27.590690000000002], [85.1946, 27.58869], [85.1966, 27.58869], [85.1966, 27.590690000000002], [85.1946, 27.590690000000002]]]}, "properties": {"class": "flood"}}, {"type": "Feature", "geometry": {"type": "Polygon", "coordinates": [[[85.3046, 27.590690000000002], [85.3046, 27.58869], [85.3066, 27.58869], [85.3066, 27.590690000000002], [85.3046, 27.590690000000002]]]}, "properties": {"class": "flood"}}, {"type": "Feature", "geometry": {"type": "Polygon", "coordinates": [[[85.40859999999999, 27.59269], [85.4066, 27.58869], [85.4106, 27.58869], [85.4106, 27.59269], [85.40859999999999, 27.59269]]]}, "properties": {"class": "flood"}}, {"type": "Feature", "geometry": {"type": "Polygon", "coordinates": [[[85.5406, 27.59269], [85.5386, 27.590690000000002], [85.5386, 27.58869], [85.5426, 27.58869], [85.5406, 27.59269]]]}, "properties": {"class": "flood"}}, {"type": "Feature", "geometry": {"type": "Polygon", "coordinates": [[[85.0886, 27.590690000000002], [85.0886, 27.58669], [85.0906, 27.58669], [85.0906, 27.590690000000002], [85.0886, 27.590690000000002]]]}, "properties": {"class": "flood"}}, {"type": "Feature", "geometry": {"type": "Polygon", "coordinates": [[[85.0966, 27.590690000000002], [85.0966, 27.58669], [85.0986, 27.58669], [85.0986, 27.590690000000002], [85.0966, 27.590690000000002]]]}, "properties": {"class": "flood"}}, {"type": "Feature", "geometry": {"type": "Polygon", "coordinates": [[[85.1006, 27.590690000000002], [85.1006, 27.58669], [85.1026, 27.58669], [85.1026, 27.590690000000002], [85.1006, 27.590690000000002]]]}, "properties": {"class": "flood"}}, {"type": "Feature", "geometry": {"type": "Polygon", "coordinates": [[[85.1866, 27.590690000000002], [85.1886, 27.58669], [85.1906, 27.58669], [85.1906, 27.590690000000002], [85.1866, 27.590690000000002]]]}, "properties": {"class": "flood"}}, {"type": "Feature", "geometry": {"type": "Polygon", "coordinates": [[[85.3586, 27.590690000000002], [85.3626, 27.58669], [85.3666, 27.58869], [85.3666, 27.590690000000002], [85.3586, 27.590690000000002]]]}, "properties": {"class": "flood"}}, {"type": "Feature", "geometry": {"type": "Polygon", "coordinates": [[[85.4346, 27.590690000000002], [85.4346, 27.58669], [85.4386, 27.58669], [85.4366, 27.590690000000002], [85.4346, 27.590690000000002]]]}, "properties": {"class": "flood"}}, {"type": "Feature", "geometry": {"type": "Polygon", "coordinates": [[[85.15859999999999, 27.58869], [85.15859999999999, 27.58669], [85.1606, 27.58669], [85.1606, 27.58869], [85.15859999999999, 27.58869]]]}, "properties": {"class": "flood"}}, {"type": "Feature", "geometry": {"type": "Polygon", "coordinates": [[[85.1846, 27.58869], [85.1846, 27.58669], [85.1866, 27.58669], [85.1866, 27.58869], [85.1846, 27.58869]]]}, "properties": {"class": "flood"}}, {"type": "Feature", "geometry": {"type": "Polygon", "coordinates": [[[85.2906, 27.58869], [85.2906, 27.58669], [85.2926, 27.58669], [85.2926, 27.58869], [85.2906, 27.58869]]]}, "properties": {"class": "flood"}}, {"type": "Feature", "geometry": {"type": "Polygon", "coordinates": [[[85.1066, 27.58869], [85.1066, 27.584690000000002], [85.1086, 27.584690000000002], [85.1086, 27.58869], [85.1066, 27.58869]]]}, "properties": {"class": "flood"}}, {"type": "Feature", "geometry": {"type": "Polygon", "coordinates": [[[85.1186, 27.58869], [85.1186, 27.584690000000002], [85.1226, 27.584690000000002], [85.1226, 27.58869], [85.1186, 27.58869]]]}, "properties": {"class": "flood"}}, {"type": "Feature", "geometry": {"type": "Polygon", "coordinates": [[[85.2366, 27.58869], [85.2366, 27.584690000000002], [85.2406, 27.584690000000002], [85.2406, 27.58869], [85.2366, 27.58869]]]}, "properties": {"class": "flood"}}, {"type": "Feature", "geometry": {"type": "Polygon", "coordinates": [[[85.1606, 27.58669], [85.1606, 27.584690000000002], [85.1626, 27.584690000000002], [85.1626, 27.58669], [85.1606, 27.58669]]]}, "properties": {"class": "flood"}}, {"type": "Feature", "geometry": {"type": "Polygon", "coordinates": [[[85.2886, 27.58669], [85.2886, 27.584690000000002], [85.2906, 27.584690000000002], [85.2906, 27.58669], [85.2886, 27.58669]]]}, "properties": {"class": "flood"}}, {"type": "Feature", "geometry": {"type": "Polygon", "coordinates": [[[85.3386, 27.58669], [85.3386, 27.584690000000002], [85.3426, 27.584690000000002], [85.3426, 27.58669], [85.3386, 27.58669]]]}, "properties": {"class": "flood"}}, {"type": "Feature", "geometry": {"type": "Polygon", "coordinates": [[[85.1306, 27.58669], [85.1306, 27.58269], [85.1326, 27.58269], [85.1326, 27.58669], [85.1306, 27.58669]]]}, "properties": {"class": "flood"}}, {"type": "Feature", "geometry": {"type": "Polygon", "coordinates": [[[85.2086, 27.584690000000002], [85.2086, 27.58069], [85.2106, 27.58069], [85.2126, 27.584690000000002], [85.2086, 27.584690000000002]]]}, "properties": {"class": "flood"}}, {"type": "Feature", "geometry": {"type": "Polygon", "coordinates": [[[85.2146, 27.584690000000002], [85.2146, 27.58069], [85.2166, 27.58069], [85.2166, 27.584690000000002], [85.2146, 27.584690000000002]]]}, "properties": {"class": "flood"}}, {"type": "Feature", "geometry": {"type": "Polygon", "coordinates": [[[85.3186, 27.584690000000002], [85.3186, 27.58069], [85.3206, 27.58069], [85.3206, 27.584690000000002], [85.3186, 27.584690000000002]]]}, "properties": {"class": "flood"}}, {"type": "Feature", "geometry": {"type": "Polygon", "coordinates": [[[85.3226, 27.584690000000002], [85.3226, 27.58069], [85.3246, 27.58069], [85.3246, 27.584690000000002], [85.3226, 27.584690000000002]]]}, "properties": {"class": "flood"}}, {"type": "Feature", "geometry": {"type": "Polygon", "coordinates": [[[85.3706, 27.58669], [85.3686, 27.58269], [85.3726, 27.58069], [85.3746, 27.584690000000002], [85.3706, 27.58669]]]}, "properties": {"class": "flood"}}, {"type": "Feature", "geometry": {"type": "Polygon", "coordinates": [[[85.2406, 27.58269], [85.2406, 27.58069], [85.2426, 27.58069], [85.2426, 27.58269], [85.2406, 27.58269]]]}, "properties": {"class": "flood"}}, {"type": "Feature", "geometry": {"type": "Polygon", "coordinates": [[[85.2966, 27.58269], [85.2966, 27.58069], [85.2986, 27.58069], [85.2986, 27.58269], [85.2966, 27.58269]]]}, "properties": {"class": "flood"}}, {"type": "Feature", "geometry": {"type": "Polygon", "coordinates": [[[85.2386, 27.58069], [85.2386, 27.57869], [85.2406, 27.57869], [85.2406, 27.58069], [85.2386, 27.58069]]]}, "properties": {"class": "flood"}}, {"type": "Feature", "geometry": {"type": "Polygon", "coordinates": [[[85.2946, 27.58069], [85.2946, 27.57869], [85.2966, 27.57869], [85.2966, 27.58069], [85.2946, 27.58069]]]}, "properties": {"class": "flood"}}, {"type": "Feature", "geometry": {"type": "Polygon", "coordinates": [[[85.4586, 27.58069], [85.4586, 27.57869], [85.4606, 27.57869], [85.4606, 27.58069], [85.4586, 27.58069]]]}, "properties": {"class": "flood"}}, {"type": "Feature", "geometry": {"type": "Polygon", "coordinates": [[[85.4906, 27.58069], [85.4906, 27.57869], [85.4946, 27.57869], [85.4946, 27.58069], [85.4906, 27.58069]]]}, "properties": {"class": "flood"}}, {"type": "Feature", "geometry": {"type": "Polygon", "coordinates": [[[85.3306, 27.58069], [85.3306, 27.57669], [85.3326, 27.57669], [85.3326, 27.58069], [85.3306, 27.58069]]]}, "properties": {"class": "flood"}}, {"type": "Feature", "geometry": {"type": "Polygon", "coordinates": [[[85.3646, 27.58069], [85.3646, 27.57669], [85.3666, 27.57669], [85.3666, 27.58069], [85.3646, 27.58069]]]}, "properties": {"class": "flood"}}, {"type": "Feature", "geometry": {"type": "Polygon", "coordinates": [[[85.4426, 27.58069], [85.4426, 27.57669], [85.4446, 27.57669], [85.4446, 27.58069], [85.4426, 27.58069]]]}, "properties": {"class": "flood"}}, {"type": "Feature", "geometry": {"type": "Polygon", "coordinates": [[[85.4806, 27.58069], [85.4806, 27.57669], [85.4826, 27.57669], [85.4826, 27.58069], [85.4806, 27.58069]]]}, "properties": {"class": "flood"}}, {"type": "Feature", "geometry": {"type": "Polygon", "coordinates": [[[85.2426, 27.58069], [85.2406, 27.57669], [85.2446, 27.57669], [85.2446, 27.58069], [85.2426, 27.58069]]]}, "properties": {"class": "flood"}}, {"type": "Feature", "geometry": {"type": "Polygon", "coordinates": [[[85.4566, 27.57869], [85.4566, 27.57669], [85.4586, 27.57669], [85.4586, 27.57869], [85.4566, 27.57869]]]}, "properties": {"class": "flood"}}, {"type": "Feature", "geometry": {"type": "Polygon", "coordinates": [[[85.4606, 27.57869], [85.4606, 27.57669], [85.4626, 27.57669], [85.4626, 27.57869], [85.4606, 27.57869]]]}, "properties": {"class": "flood"}}, {"type": "Feature", "geometry": {"type": "Polygon", "coordinates": [[[85.3426, 27.58069], [85.3426, 27.57469], [85.3446, 27.57469], [85.3466, 27.57869], [85.3426, 27.58069]]]}, "properties": {"class": "flood"}}, {"type": "Feature", "geometry": {"type": "Polygon", "coordinates": [[[85.4666, 27.57869], [85.4666, 27.57469], [85.4686, 27.57469], [85.4686, 27.57869], [85.4666, 27.57869]]]}, "properties": {"class": "flood"}}, {"type": "Feature", "geometry": {"type": "Polygon", "coordinates": [[[85.3726, 27.57669], [85.3726, 27.57469], [85.3746, 27.57469], [85.3746, 27.57669], [85.3726, 27.57669]]]}, "properties": {"class": "flood"}}, {"type": "Feature", "geometry": {"type": "Polygon", "coordinates": [[[85.4546, 27.57669], [85.4546, 27.57469], [85.4566, 27.57469], [85.4566, 27.57669], [85.4546, 27.57669]]]}, "properties": {"class": "flood"}}, {"type": "Feature", "geometry": {"type": "Polygon", "coordinates": [[[85.4586, 27.57669], [85.4586, 27.57469], [85.4606, 27.57469], [85.4606, 27.57669], [85.4586, 27.57669]]]}, "properties": {"class": "flood"}}, {"type": "Feature", "geometry": {"type": "Polygon", "coordinates": [[[85.4706, 27.57669], [85.4706, 27.57469], [85.4726, 27.57469], [85.4726, 27.57669], [85.4706, 27.57669]]]}, "properties": {"class": "flood"}}, {"type": "Feature", "geometry": {"type": "Polygon", "coordinates": [[[85.4246, 27.57669], [85.4246, 27.57269], [85.4286, 27.57269], [85.4286, 27.57469], [85.4246, 27.57669]]]}, "properties": {"class": "flood"}}, {"type": "Feature", "geometry": {"type": "Polygon", "coordinates": [[[85.4686, 27.57469], [85.4686, 27.57269], [85.4706, 27.57269], [85.4706, 27.57469], [85.4686, 27.57469]]]}, "properties": {"class": "flood"}}, {"type": "Feature", "geometry": {"type": "Polygon", "coordinates": [[[85.1266, 27.57669], [85.1246, 27.57469], [85.1246, 27.57069], [85.1286, 27.57269], [85.1266, 27.57669]]]}, "properties": {"class": "flood"}}, {"type": "Feature", "geometry": {"type": "Polygon", "coordinates": [[[85.1306, 27.57469], [85.1306, 27.57069], [85.13459999999999, 27.57069], [85.13459999999999, 27.57469], [85.1306, 27.57469]]]}, "properties": {"class": "flood"}}, {"type": "Feature", "geometry": {"type": "Polygon", "coordinates": [[[85.14059999999999, 27.57469], [85.14059999999999, 27.57069], [85.1426, 27.57069], [85.1426, 27.57469], [85.14059999999999, 27.57469]]]}, "properties": {"class": "flood"}}, {"type": "Feature", "geometry": {"type": "Polygon", "coordinates": [[[85.3006, 27.57269], [85.3006, 27.57069], [85.3046, 27.57069], [85.3046, 27.57269], [85.3006, 27.57269]]]}, "properties": {"class": "flood"}}, {"type": "Feature", "geometry": {"type": "Polygon", "coordinates": [[[85.4626, 27.57269], [85.4626, 27.57069], [85.4646, 27.57069], [85.4646, 27.57269], [85.4626, 27.57269]]]}, "properties": {"class": "flood"}}, {"type": "Feature", "geometry": {"type": "Polygon", "coordinates": [[[85.2366, 27.57269], [85.2366, 27.57069], [85.2406, 27.56869], [85.2406, 27.57269], [85.2366, 27.57269]]]}, "properties": {"class": "flood"}}, {"type": "Feature", "geometry": {"type": "Polygon", "coordinates": [[[85.3986, 27.57269], [85.3986, 27.56869], [85.40259999999999, 27.56869], [85.40259999999999, 27.57269], [85.3986, 27.57269]]]}, "properties": {"class": "flood"}}, {"type": "Feature", "geometry": {"type": "Polygon", "coordinates": [[[85.4306, 27.57269], [85.4326, 27.56869], [85.4346, 27.56869], [85.4346, 27.57269], [85.4306, 27.57269]]]}, "properties": {"class": "flood"}}, {"type": "Feature", "geometry": {"type": "Polygon", "coordinates": [[[85.5586, 27.57269], [85.5586, 27.56869], [85.5606, 27.56869], [85.5606, 27.57269], [85.5586, 27.57269]]]}, "properties": {"class": "flood"}}, {"type": "Feature", "geometry": {"type": "Polygon", "coordinates": [[[85.4066, 27.57269], [85.4046, 27.56869], [85.4126, 27.56869], [85.4106, 27.57269], [85.4066, 27.57269]]]}, "properties": {"class": "flood"}}, {"type": "Feature", "geometry": {"type": "Polygon", "coordinates": [[[85.0746, 27.56869], [85.0746, 27.56669], [85.0766, 27.56669], [85.0766, 27.56869], [85.0746, 27.56869]]]}, "properties": {"class": "flood"}}, {"type": "Feature", "geometry": {"type": "Polygon", "coordinates": [[[85.3606, 27.56869], [85.3606, 27.564690000000002], [85.3626, 27.564690000000002], [85.3626, 27.56869], [85.3606, 27.56869]]]}, "properties": {"class": "flood"}}, {"type": "Feature", "geometry": {"type": "Polygon", "coordinates": [[[85.5066, 27.56869], [85.5066, 27.56669], [85.5106, 27.564690000000002], [85.5106, 27.56869], [85.5066, 27.56869]]]}, "properties": {"class": "flood"}}, {"type": "Feature", "geometry": {"type": "Polygon", "coordinates": [[[85.51259999999999, 27.56869], [85.51259999999999, 27.564690000000002], [85.5166, 27.56669], [85.5166, 27.56869], [85.51259999999999, 27.56869]]]}, "properties": {"class": "flood"}}, {"type": "Feature", "geometry": {"type": "Polygon", "coordinates": [[[85.0766, 27.56669], [85.0766, 27.564690000000002], [85.0786, 27.564690000000002], [85.0786, 27.56669], [85.0766, 27.56669]]]}, "properties": {"class": "flood"}}, {"type": "Feature", "geometry": {"type": "Polygon", "coordinates": [[[85.1206, 27.56669], [85.1206, 27.564690000000002], [85.1246, 27.564690000000002], [85.1246, 27.56669], [85.1206, 27.56669]]]}, "properties": {"class": "flood"}}, {"type": "Feature", "geometry": {"type": "Polygon", "coordinates": [[[85.2366, 27.56869], [85.2346, 27.564690000000002], [85.2386, 27.564690000000002], [85.2386, 27.56869], [85.2366, 27.56869]]]}, "properties": {"class": "flood"}}, {"type": "Feature", "geometry": {"type": "Polygon", "coordinates": [[[85.4246, 27.56669], [85.4246, 27.564690000000002], [85.4266, 27.564690000000002], [85.4266, 27.56669], [85.4246, 27.56669]]]}, "properties": {"class": "flood"}}, {"type": "Feature", "geometry": {"type": "Polygon", "coordinates": [[[85.3806, 27.56669], [85.3806, 27.56269], [85.3826, 27.56269], [85.3826, 27.56669], [85.3806, 27.56669]]]}, "properties": {"class": "flood"}}, {"type": "Feature", "geometry": {"type": "Polygon", "coordinates": [[[85.51859999999999, 27.56669], [85.51859999999999, 27.56269], [85.5206, 27.56269], [85.5206, 27.56669], [85.51859999999999, 27.56669]]]}, "properties": {"class": "flood"}}, {"type": "Feature", "geometry": {"type": "Polygon", "coordinates": [[[85.1566, 27.564690000000002], [85.1566, 27.56269], [85.15859999999999, 27.56269], [85.15859999999999, 27.564690000000002], [85.1566, 27.564690000000002]]]}, "properties": {"class": "flood"}}, {"type": "Feature", "geometry": {"type": "Polygon", "coordinates": [[[85.2786, 27.564690000000002], [85.28059999999999, 27.56069], [85.2826, 27.56069], [85.2826, 27.564690000000002], [85.2786, 27.564690000000002]]]}, "properties": {"class": "flood"}}, {"type": "Feature", "geometry": {"type": "Polygon", "coordinates": [[[85.38459999999999, 27.564690000000002], [85.38459999999999, 27.56069], [85.3866, 27.56069], [85.3866, 27.564690000000002], [85.38459999999999, 27.564690000000002]]]}, "properties": {"class": "flood"}}, {"type": "Feature", "geometry": {"type": "Polygon", "coordinates": [[[85.5426, 27.564690000000002], [85.5426, 27.56069], [85.5466, 27.56069], [85.5446, 27.564690000000002], [85.5426, 27.564690000000002]]]}, "properties": {"class": "flood"}}, {"type": "Feature", "geometry": {"type": "Polygon", "coordinates": [[[85.1546, 27.56269], [85.1546, 27.56069], [85.1566, 27.56069], [85.1566, 27.56269], [85.1546, 27.56269]]]}, "properties": {"class": "flood"}}, {"type": "Feature", "geometry": {"type": "Polygon", "coordinates": [[[85.3746, 27.56269], [85.3746, 27.56069], [85.3766, 27.56069], [85.3766, 27.56269], [85.3746, 27.56269]]]}, "properties": {"class": "flood"}}, {"type": "Feature", "geometry": {"type": "Polygon", "coordinates": [[[85.4526, 27.56269], [85.4526, 27.56069], [85.4546, 27.56069], [85.4546, 27.56269], [85.4526, 27.56269]]]}, "properties": {"class": "flood"}}, {"type": "Feature", "geometry": {"type": "Polygon", "coordinates": [[[85.1166, 27.56269], [85.1166, 27.56069], [85.1206, 27.558690000000002], [85.1206, 27.56269], [85.1166, 27.56269]]]}, "properties": {"class": "flood"}}, {"type": "Feature", "geometry": {"type": "Polygon", "coordinates": [[[85.0746, 27.56069], [85.0746, 27.558690000000002], [85.0766, 27.558690000000002], [85.0766, 27.56069], [85.0746, 27.56069]]]}, "properties": {"class": "flood"}}, {"type": "Feature", "geometry": {"type": "Polygon", "coordinates": [[[85.1566, 27.56069], [85.1566, 27.558690000000002], [85.15859999999999, 27.558690000000002], [85.15859999999999, 27.56069], [85.1566, 27.56069]]]}, "properties": {"class": "flood"}}, {"type": "Feature", "geometry": {"type": "Polygon", "coordinates": [[[85.2786, 27.56069], [85.2786, 27.558690000000002], [85.28059999999999, 27.558690000000002], [85.28059999999999, 27.56069], [85.2786, 27.56069]]]}, "properties": {"class": "flood"}}, {"type": "Feature", "geometry": {"type": "Polygon", "coordinates": [[[85.3766, 27.56069], [85.3766, 27.558690000000002], [85.3786, 27.558690000000002], [85.3786, 27.56069], [85.3766, 27.56069]]]}, "properties": {"class": "flood"}}, {"type": "Feature", "geometry": {"type": "Polygon", "coordinates": [[[85.4546, 27.56069], [85.4546, 27.558690000000002], [85.4566, 27.558690000000002], [85.4566, 27.56069], [85.4546, 27.56069]]]}, "properties": {"class": "flood"}}, {"type": "Feature", "geometry": {"type": "Polygon", "coordinates": [[[85.0886, 27.56069], [85.0886, 27.55669], [85.0906, 27.55669], [85.0906, 27.56069], [85.0886, 27.56069]]]}, "properties": {"class": "flood"}}, {"type": "Feature", "geometry": {"type": "Polygon", "coordinates": [[[85.1646, 27.56069], [85.1646, 27.558690000000002], [85.1686, 27.55669], [85.1686, 27.56069], [85.1646, 27.56069]]]}, "properties": {"class": "flood"}}, {"type": "Feature", "geometry": {"type": "Polygon", "coordinates": [[[85.3346, 27.56069], [85.3346, 27.55669], [85.3366, 27.55669], [85.3366, 27.56069], [85.3346, 27.56069]]]}, "properties": {"class": "flood"}}, {"type": "Feature", "geometry": {"type": "Polygon", "coordinates": [[[85.3386, 27.56069], [85.3386, 27.55669], [85.3406, 27.55669], [85.3406, 27.56069], [85.3386, 27.56069]]]}, "properties": {"class": "flood"}}, {"type": "Feature", "geometry": {"type": "Polygon", "coordinates": [[[85.0826, 27.558690000000002], [85.0826, 27.55669], [85.0846, 27.55669], [85.0846, 27.558690000000002], [85.0826, 27.558690000000002]]]}, "properties": {"class": "flood"}}, {"type": "Feature", "geometry": {"type": "Polygon", "coordinates": [[[85.1546, 27.558690000000002], [85.1546, 27.55669], [85.1566, 27.55669], [85.1566, 27.558690000000002], [85.1546, 27.558690000000002]]]}, "properties": {"class": "flood"}}, {"type": "Feature", "geometry": {"type": "Polygon", "coordinates": [[[85.2766, 27.558690000000002], [85.2766, 27.55669], [85.2786, 27.55669], [85.2786, 27.558690000000002], [85.2766, 27.558690000000002]]]}, "properties": {"class": "flood"}}, {"type": "Feature", "geometry": {"type": "Polygon", "coordinates": [[[85.5646, 27.558690000000002], [85.5646, 27.55669], [85.5666, 27.55669], [85.5666, 27.558690000000002], [85.5646, 27.558690000000002]]]}, "properties": {"class": "flood"}}, {"type": "Feature", "geometry": {"type": "Polygon", "coordinates": [[[85.3286, 27.558690000000002], [85.3286, 27.55469], [85.3326, 27.55469], [85.3326, 27.558690000000002], [85.3286, 27.558690000000002]]]}, "properties": {"class": "flood"}}, {"type": "Feature", "geometry": {"type": "Polygon", "coordinates": [[[85.3466, 27.558690000000002], [85.3466, 27.55469], [85.3486, 27.55469], [85.3486, 27.558690000000002], [85.3466, 27.558690000000002]]]}, "properties": {"class": "flood"}}, {"type": "Feature", "geometry": {"type": "Polygon", "coordinates": [[[85.3586, 27.558690000000002], [85.3586, 27.55469], [85.3606, 27.55469], [85.3606, 27.558690000000002], [85.3586, 27.558690000000002]]]}, "properties": {"class": "flood"}}, {"type": "Feature", "geometry": {"type": "Polygon", "coordinates": [[[85.0806, 27.55669], [85.0806, 27.55469], [85.0826, 27.55469], [85.0826, 27.55669], [85.0806, 27.55669]]]}, "properties": {"class": "flood"}}, {"type": "Feature", "geometry": {"type": "Polygon", "coordinates": [[[85.1646, 27.55669], [85.1646, 27.55469], [85.1666, 27.55469], [85.1666, 27.55669], [85.1646, 27.55669]]]}, "properties": {"class": "flood"}}, {"type": "Feature", "geometry": {"type": "Polygon", "coordinates": [[[85.28059999999999, 27.55669], [85.28059999999999, 27.55469], [85.2846, 27.55469], [85.2846, 27.55669], [85.28059999999999, 27.55669]]]}, "properties": {"class": "flood"}}, {"type": "Feature", "geometry": {"type": "Polygon", "coordinates": [[[85.5666, 27.55669], [85.5666, 27.55469], [85.5686, 27.55469], [85.5686, 27.55669], [85.5666, 27.55669]]]}, "properties": {"class": "flood"}}, {"type": "Feature", "geometry": {"type": "Polygon", "coordinates": [[[85.3646, 27.55669], [85.3646, 27.552690000000002], [85.3666, 27.552690000000002], [85.3666, 27.55669], [85.3646, 27.55669]]]}, "properties": {"class": "flood"}}, {"type": "Feature", "geometry": {"type": "Polygon", "coordinates": [[[85.26859999999999, 27.55469], [85.26859999999999, 27.552690000000002], [85.2706, 27.552690000000002], [85.2706, 27.55469], [85.26859999999999, 27.55469]]]}, "properties": {"class": "flood"}}, {"type": "Feature", "geometry": {"type": "Polygon", "coordinates": [[[85.5006, 27.55469], [85.5006, 27.552690000000002], [85.5026, 27.552690000000002], [85.5026, 27.55469], [85.5006, 27.55469]]]}, "properties": {"class": "flood"}}, {"type": "Feature", "geometry": {"type": "Polygon", "coordinates": [[[85.1706, 27.55469], [85.1706, 27.55069], [85.1726, 27.55069], [85.1726, 27.55469], [85.1706, 27.55469]]]}, "properties": {"class": "flood"}}, {"type": "Feature", "geometry": {"type": "Polygon", "coordinates": [[[85.2666, 27.552690000000002], [85.2666, 27.55069], [85.26859999999999, 27.55069], [85.26859999999999, 27.552690000000002], [85.2666, 27.552690000000002]]]}, "properties": {"class": "flood"}}, {"type": "Feature", "geometry": {"type": "Polygon", "coordinates": [[[85.4886, 27.552690000000002], [85.4886, 27.55069], [85.4906, 27.55069], [85.4906, 27.552690000000002], [85.4886, 27.552690000000002]]]}, "properties": {"class": "flood"}}, {"type": "Feature", "geometry": {"type": "Polygon", "coordinates": [[[85.1766, 27.552690000000002], [85.1766, 27.54869], [85.1786, 27.54869], [85.1786, 27.552690000000002], [85.1766, 27.552690000000002]]]}, "properties": {"class": "flood"}}, {"type": "Feature", "geometry": {"type": "Polygon", "coordinates": [[[85.4686, 27.552690000000002], [85.4686, 27.55069], [85.4726, 27.54869], [85.4726, 27.552690000000002], [85.4686, 27.552690000000002]]]}, "properties": {"class": "flood"}}, {"type": "Feature", "geometry": {"type": "Polygon", "coordinates": [[[85.2726, 27.55069], [85.2726, 27.54869], [85.27459999999999, 27.54869], [85.27459999999999, 27.55069], [85.2726, 27.55069]]]}, "properties": {"class": "flood"}}, {"type": "Feature", "geometry": {"type": "Polygon", "coordinates": [[[85.3046, 27.55069], [85.3046, 27.54869], [85.3066, 27.54869], [85.3066, 27.55069], [85.3046, 27.55069]]]}, "properties": {"class": "flood"}}, {"type": "Feature", "geometry": {"type": "Polygon", "coordinates": [[[85.3086, 27.55069], [85.3086, 27.54869], [85.3106, 27.54869], [85.3106, 27.55069], [85.3086, 27.55069]]]}, "properties": {"class": "flood"}}, {"type": "Feature", "geometry": {"type": "Polygon", "coordinates": [[[85.40259999999999, 27.55069], [85.40259999999999, 27.54869], [85.4046, 27.54869], [85.4046, 27.55069], [85.40259999999999, 27.55069]]]}, "properties": {"class": "flood"}}, {"type": "Feature", "geometry": {"type": "Polygon", "coordinates": [[[85.4646, 27.55069], [85.4646, 27.54869], [85.4666, 27.54869], [85.4666, 27.55069], [85.4646, 27.55069]]]}, "properties": {"class": "flood"}}, {"type": "Feature", "geometry": {"type": "Polygon", "coordinates": [[[85.4906, 27.55069], [85.4906, 27.54869], [85.4946, 27.54869], [85.4946, 27.55069], [85.4906, 27.55069]]]}, "properties": {"class": "flood"}}, {"type": "Feature", "geometry": {"type": "Polygon", "coordinates": [[[85.1826, 27.55069], [85.1826, 27.54669], [85.1866, 27.54669], [85.1866, 27.55069], [85.1826, 27.55069]]]}, "properties": {"class": "flood"}}, {"type": "Feature", "geometry": {"type": "Polygon", "coordinates": [[[85.1886, 27.55069], [85.1886, 27.54669], [85.1946, 27.54669], [85.1926, 27.55069], [85.1886, 27.55069]]]}, "properties": {"class": "flood"}}, {"type": "Feature", "geometry": {"type": "Polygon", "coordinates": [[[85.0866, 27.54869], [85.0866, 27.54669], [85.0886, 27.54669], [85.0886, 27.54869], [85.0866, 27.54869]]]}, "properties": {"class": "flood"}}, {"type": "Feature", "geometry": {"type": "Polygon", "coordinates": [[[85.2706, 27.54869], [85.2706, 27.54669], [85.2726, 27.54669], [85.2726, 27.54869], [85.2706, 27.54869]]]}, "properties": {"class": "flood"}}, {"type": "Feature", "geometry": {"type": "Polygon", "coordinates": [[[85.2846, 27.54869], [85.2846, 27.54669], [85.2886, 27.54669], [85.2886, 27.54869], [85.2846, 27.54869]]]}, "properties": {"class": "flood"}}, {"type": "Feature", "geometry": {"type": "Polygon", "coordinates": [[[85.4006, 27.54869], [85.4006, 27.54669], [85.40259999999999, 27.54669], [85.40259999999999, 27.54869], [85.4006, 27.54869]]]}, "properties": {"class": "flood"}}, {"type": "Feature", "geometry": {"type": "Polygon", "coordinates": [[[85.4186, 27.54869], [85.4186, 27.54669], [85.4206, 27.54669], [85.4206, 27.54869], [85.4186, 27.54869]]]}, "properties": {"class": "flood"}}, {"type": "Feature", "geometry": {"type": "Polygon", "coordinates": [[[85.4666, 27.54869], [85.4666, 27.54669], [85.4686, 27.54669], [85.4686, 27.54869], [85.4666, 27.54869]]]}, "properties": {"class": "flood"}}, {"type": "Feature", "geometry": {"type": "Polygon", "coordinates": [[[85.5486, 27.54869], [85.5486, 27.54669], [85.5526, 27.54669], [85.5526, 27.54869], [85.5486, 27.54869]]]}, "properties": {"class": "flood"}}, {"type": "Feature", "geometry": {"type": "Polygon", "coordinates": [[[85.2106, 27.54869], [85.2106, 27.54469], [85.2126, 27.54469], [85.2126, 27.54869], [85.2106, 27.54869]]]}, "properties": {"class": "flood"}}, {"type": "Feature", "geometry": {"type": "Polygon", "coordinates": [[[85.2166, 27.54869], [85.2166, 27.54469], [85.2186, 27.54469], [85.2186, 27.54869], [85.2166, 27.54869]]]}, "properties": {"class": "flood"}}, {"type": "Feature", "geometry": {"type": "Polygon", "coordinates": [[[85.4106, 27.54869], [85.4106, 27.54469], [85.4126, 27.54469], [85.4126, 27.54869], [85.4106, 27.54869]]]}, "properties": {"class": "flood"}}, {"type": "Feature", "geometry": {"type": "Polygon", "coordinates": [[[85.0846, 27.54669], [85.0846, 27.54469], [85.0866, 27.54469], [85.0866, 27.54669], [85.0846, 27.54669]]]}, "properties": {"class": "flood"}}, {"type": "Feature", "geometry": {"type": "Polygon", "coordinates": [[[85.0906, 27.54869], [85.0886, 27.54469], [85.0966, 27.54469], [85.0966, 27.54669], [85.0906, 27.54869]]]}, "properties": {"class": "flood"}}, {"type": "Feature", "geometry": {"type": "Polygon", "coordinates": [[[85.4166, 27.54669], [85.4166, 27.54469], [85.4186, 27.54469], [85.4186, 27.54669], [85.4166, 27.54669]]]}, "properties": {"class": "flood"}}, {"type": "Feature", "geometry": {"type": "Polygon", "coordinates": [[[85.4846, 27.54669], [85.4846, 27.54469], [85.4886, 27.54469], [85.4886, 27.54669], [85.4846, 27.54669]]]}, "properties": {"class": "flood"}}, {"type": "Feature", "geometry": {"type": "Polygon", "coordinates": [[[85.1106, 27.54669], [85.1106, 27.54269], [85.1126, 27.54269], [85.1126, 27.54669], [85.1106, 27.54669]]]}, "properties": {"class": "flood"}}, {"type": "Feature", "geometry": {"type": "Polygon", "coordinates": [[[85.4046, 27.54869], [85.40259999999999, 27.54469], [85.4066, 27.54269], [85.4066, 27.54869], [85.4046, 27.54869]]]}, "properties": {"class": "flood"}}, {"type": "Feature", "geometry": {"type": "Polygon", "coordinates": [[[85.0866, 27.54469], [85.0866, 27.54269], [85.0886, 27.54269], [85.0886, 27.54469], [85.0866, 27.54469]]]}, "properties": {"class": "flood"}}, {"type": "Feature", "geometry": {"type": "Polygon", "coordinates": [[[85.3046, 27.54469], [85.3046, 27.54269], [85.3066, 27.54269], [85.3066, 27.54469], [85.3046, 27.54469]]]}, "properties": {"class": "flood"}}, {"type": "Feature", "geometry": {"type": "Polygon", "coordinates": [[[85.4246, 27.54469], [85.4246, 27.54269], [85.4266, 27.54269], [85.4266, 27.54469], [85.4246, 27.54469]]]}, "properties": {"class": "flood"}}, {"type": "Feature", "geometry": {"type": "Polygon", "coordinates": [[[85.4806, 27.54469], [85.4806, 27.54269], [85.4826, 27.54269], [85.4826, 27.54469], [85.4806, 27.54469]]]}, "properties": {"class": "flood"}}, {"type": "Feature", "geometry": {"type": "Polygon", "coordinates": [[[85.1886, 27.54469], [85.1886, 27.54069], [85.1926, 27.54069], [85.1906, 27.54469], [85.1886, 27.54469]]]}, "properties": {"class": "flood"}}, {"type": "Feature", "geometry": {"type": "Polygon", "coordinates": [[[85.5266, 27.54669], [85.52459999999999, 27.54269], [85.5286, 27.54069], [85.5286, 27.54669], [85.5266, 27.54669]]]}, "properties": {"class": "flood"}}, {"type": "Feature", "geometry": {"type": "Polygon", "coordinates": [[[85.2786, 27.54269], [85.2786, 27.54069], [85.28059999999999, 27.54069], [85.28059999999999, 27.54269], [85.2786, 27.54269]]]}, "properties": {"class": "flood"}}, {"type": "Feature", "geometry": {"type": "Polygon", "coordinates": [[[85.28659999999999, 27.54269], [85.28659999999999, 27.54069], [85.2886, 27.54069], [85.2886, 27.54269], [85.28659999999999, 27.54269]]]}, "properties": {"class": "flood"}}, {"type": "Feature", "geometry": {"type": "Polygon", "coordinates": [[[85.3026, 27.54269], [85.3026, 27.54069], [85.3046, 27.54069], [85.3046, 27.54269], [85.3026, 27.54269]]]}, "properties": {"class": "flood"}}, {"type": "Feature", "geometry": {"type": "Polygon", "coordinates": [[[85.3326, 27.54269], [85.3326, 27.54069], [85.3346, 27.54069], [85.3346, 27.54269], [85.3326, 27.54269]]]}, "properties": {"class": "flood"}}, {"type": "Feature", "geometry": {"type": "Polygon", "coordinates": [[[85.4226, 27.54269], [85.4226, 27.54069], [85.4246, 27.54069], [85.4246, 27.54269], [85.4226, 27.54269]]]}, "properties": {"class": "flood"}}, {"type": "Feature", "geometry": {"type": "Polygon", "coordinates": [[[85.4826, 27.54269], [85.4826, 27.54069], [85.4866, 27.54069], [85.4866, 27.54269], [85.4826, 27.54269]]]}, "properties": {"class": "flood"}}, {"type": "Feature", "geometry": {"type": "Polygon", "coordinates": [[[85.2466, 27.54269], [85.2466, 27.53869], [85.2486, 27.53869], [85.2486, 27.54269], [85.2466, 27.54269]]]}, "properties": {"class": "flood"}}, {"type": "Feature", "geometry": {"type": "Polygon", "coordinates": [[[85.3386, 27.54269], [85.3386, 27.53869], [85.3406, 27.53869], [85.3406, 27.54269], [85.3386, 27.54269]]]}, "properties": {"class": "flood"}}, {"type": "Feature", "geometry": {"type": "Polygon", "coordinates": [[[85.3426, 27.54269], [85.3426, 27.53869], [85.3446, 27.53869], [85.3446, 27.54269], [85.3426, 27.54269]]]}, "properties": {"class": "flood"}}, {"type": "Feature", "geometry": {"type": "Polygon", "coordinates": [[[85.4346, 27.54269], [85.4366, 27.53869], [85.4386, 27.53869], [85.4386, 27.54269], [85.4346, 27.54269]]]}, "properties": {"class": "flood"}}, {"type": "Feature", "geometry": {"type": "Polygon", "coordinates": [[[85.51259999999999, 27.54269], [85.51259999999999, 27.53869], [85.5166, 27.53869], [85.5166, 27.54269], [85.51259999999999, 27.54269]]]}, "properties": {"class": "flood"}}, {"type": "Feature", "geometry": {"type": "Polygon", "coordinates": [[[85.5226, 27.54269], [85.5226, 27.53869], [85.5266, 27.53869], [85.5266, 27.54069], [85.5226, 27.54269]]]}, "properties": {"class": "flood"}}, {"type": "Feature", "geometry": {"type": "Polygon", "coordinates": [[[85.2766, 27.54069], [85.2766, 27.53869], [85.2786, 27.53869], [85.2786, 27.54069], [85.2766, 27.54069]]]}, "properties": {"class": "flood"}}, {"type": "Feature", "geometry": {"type": "Polygon", "coordinates": [[[85.2846, 27.54069], [85.2846, 27.53869], [85.28659999999999, 27.53869], [85.28659999999999, 27.54069], [85.2846, 27.54069]]]}, "properties": {"class": "flood"}}, {"type": "Feature", "geometry": {"type": "Polygon", "coordinates": [[[85.3346, 27.54069], [85.3346, 27.53869], [85.3366, 27.53869], [85.3366, 27.54069], [85.3346, 27.54069]]]}, "properties": {"class": "flood"}}, {"type": "Feature", "geometry": {"type": "Polygon", "coordinates": [[[85.51859999999999, 27.54069], [85.51859999999999, 27.53869], [85.5206, 27.53869], [85.5206, 27.54069], [85.51859999999999, 27.54069]]]}, "properties": {"class": "flood"}}, {"type": "Feature", "geometry": {"type": "Polygon", "coordinates": [[[85.5446, 27.54069], [85.5446, 27.53869], [85.5466, 27.53869], [85.5466, 27.54069], [85.5446, 27.54069]]]}, "properties": {"class": "flood"}}, {"type": "Feature", "geometry": {"type": "Polygon", "coordinates": [[[85.1426, 27.54069], [85.1426, 27.53669], [85.1446, 27.53669], [85.1446, 27.54069], [85.1426, 27.54069]]]}, "properties": {"class": "flood"}}, {"type": "Feature", "geometry": {"type": "Polygon", "coordinates": [[[85.1506, 27.54069], [85.1506, 27.53669], [85.15259999999999, 27.53669], [85.15259999999999, 27.54069], [85.1506, 27.54069]]]}, "properties": {"class": "flood"}}, {"type": "Feature", "geometry": {"type": "Polygon", "coordinates": [[[85.2566, 27.54069], [85.2566, 27.53669], [85.2586, 27.53669], [85.2586, 27.54069], [85.2566, 27.54069]]]}, "properties": {"class": "flood"}}, {"type": "Feature", "geometry": {"type": "Polygon", "coordinates": [[[85.3206, 27.54069], [85.3206, 27.53669], [85.3246, 27.53669], [85.3246, 27.54069], [85.3206, 27.54069]]]}, "properties": {"class": "flood"}}, {"type": "Feature", "geometry": {"type": "Polygon", "coordinates": [[[85.3466, 27.54069], [85.3466, 27.53669], [85.3506, 27.53669], [85.3506, 27.54069], [85.3466, 27.54069]]]}, "properties": {"class": "flood"}}, {"type": "Feature", "geometry": {"type": "Polygon", "coordinates": [[[85.3806, 27.54069], [85.3806, 27.53669], [85.3826, 27.53669], [85.3826, 27.54069], [85.3806, 27.54069]]]}, "properties": {"class": "flood"}}, {"type": "Feature", "geometry": {"type": "Polygon", "coordinates": [[[85.4726, 27.54069], [85.4726, 27.53669], [85.4746, 27.53669], [85.4746, 27.54069], [85.4726, 27.54069]]]}, "properties": {"class": "flood"}}, {"type": "Feature", "geometry": {"type": "Polygon", "coordinates": [[[85.4766, 27.54069], [85.4766, 27.53669], [85.4786, 27.53669], [85.4786, 27.54069], [85.4766, 27.54069]]]}, "properties": {"class": "flood"}}, {"type": "Feature", "geometry": {"type": "Polygon", "coordinates": [[[85.2306, 27.53869], [85.2306, 27.53669], [85.2326, 27.53669], [85.2326, 27.53869], [85.2306, 27.53869]]]}, "properties": {"class": "flood"}}, {"type": "Feature", "geometry": {"type": "Polygon", "coordinates": [[[85.3686, 27.53869], [85.3686, 27.53669], [85.3706, 27.53669], [85.3706, 27.53869], [85.3686, 27.53869]]]}, "properties": {"class": "flood"}}, {"type": "Feature", "geometry": {"type": "Polygon", "coordinates": [[[85.4346, 27.53869], [85.4346, 27.53669], [85.4366, 27.53669], [85.4366, 27.53869], [85.4346, 27.53869]]]}, "properties": {"class": "flood"}}, {"type": "Feature", "geometry": {"type": "Polygon", "coordinates": [[[85.5466, 27.53869], [85.5466, 27.53669], [85.5486, 27.53669], [85.5486, 27.53869], [85.5466, 27.53869]]]}, "properties": {"class": "flood"}}, {"type": "Feature", "geometry": {"type": "Polygon", "coordinates": [[[85.3586, 27.54069], [85.3586, 27.53469], [85.3606, 27.53469], [85.3626, 27.53869], [85.3586, 27.54069]]]}, "properties": {"class": "flood"}}, {"type": "Feature", "geometry": {"type": "Polygon", "coordinates": [[[85.1706, 27.53869], [85.1706, 27.53469], [85.1746, 27.53469], [85.1726, 27.53869], [85.1706, 27.53869]]]}, "properties": {"class": "flood"}}, {"type": "Feature", "geometry": {"type": "Polygon", "coordinates": [[[85.28659999999999, 27.53869], [85.28659999999999, 27.53469], [85.2906, 27.53469], [85.2906, 27.53869], [85.28659999999999, 27.53869]]]}, "properties": {"class": "flood"}}, {"type": "Feature", "geometry": {"type": "Polygon", "coordinates": [[[85.4546, 27.53869], [85.4546, 27.53469], [85.4566, 27.53469], [85.4566, 27.53869], [85.4546, 27.53869]]]}, "properties": {"class": "flood"}}, {"type": "Feature", "geometry": {"type": "Polygon", "coordinates": [[[85.4686, 27.53869], [85.4686, 27.53469], [85.4706, 27.53469], [85.4706, 27.53869], [85.4686, 27.53869]]]}, "properties": {"class": "flood"}}, {"type": "Feature", "geometry": {"type": "Polygon", "coordinates": [[[85.2326, 27.53669], [85.2326, 27.53469], [85.2346, 27.53469], [85.2346, 27.53669], [85.2326, 27.53669]]]}, "properties": {"class": "flood"}}, {"type": "Feature", "geometry": {"type": "Polygon", "coordinates": [[[85.3706, 27.53669], [85.3706, 27.53469], [85.3726, 27.53469], [85.3726, 27.53669], [85.3706, 27.53669]]]}, "properties": {"class": "flood"}}, {"type": "Feature", "geometry": {"type": "Polygon", "coordinates": [[[85.5426, 27.53669], [85.5426, 27.53469], [85.5446, 27.53469], [85.5446, 27.53669], [85.5426, 27.53669]]]}, "properties": {"class": "flood"}}, {"type": "Feature", "geometry": {"type": "Polygon", "coordinates": [[[85.4366, 27.53669], [85.4366, 27.532690000000002], [85.4406, 27.53469], [85.4406, 27.53669], [85.4366, 27.53669]]]}, "properties": {"class": "flood"}}, {"type": "Feature", "geometry": {"type": "Polygon", "coordinates": [[[85.4466, 27.53669], [85.4466, 27.532690000000002], [85.4506, 27.532690000000002], [85.4506, 27.53469], [85.4466, 27.53669]]]}, "properties": {"class": "flood"}}, {"type": "Feature", "geometry": {"type": "Polygon", "coordinates": [[[85.2366, 27.53469], [85.2366, 27.532690000000002], [85.2446, 27.532690000000002], [85.2446, 27.53469], [85.2366, 27.53469]]]}, "properties": {"class": "flood"}}, {"type": "Feature", "geometry": {"type": "Polygon", "coordinates": [[[85.3026, 27.53469], [85.3026, 27.532690000000002], [85.3066, 27.532690000000002], [85.3066, 27.53469], [85.3026, 27.53469]]]}, "properties": {"class": "flood"}}, {"type": "Feature", "geometry": {"type": "Polygon", "coordinates": [[[85.3986, 27.53469], [85.3986, 27.532690000000002], [85.40259999999999, 27.532690000000002], [85.40259999999999, 27.53469], [85.3986, 27.53469]]]}, "properties": {"class": "flood"}}, {"type": "Feature", "geometry": {"type": "Polygon", "coordinates": [[[85.5446, 27.53469], [85.5446, 27.532690000000002], [85.5466, 27.532690000000002], [85.5466, 27.53469], [85.5446, 27.53469]]]}, "properties": {"class": "flood"}}, {"type": "Feature", "geometry": {"type": "Polygon", "coordinates": [[[85.2086, 27.532690000000002], [85.2086, 27.52869], [85.2106, 27.52869], [85.2106, 27.532690000000002], [85.2086, 27.532690000000002]]]}, "properties": {"class": "flood"}}, {"type": "Feature", "geometry": {"type": "Polygon", "coordinates": [[[85.2246, 27.532690000000002], [85.2246, 27.52869], [85.2266, 27.52869], [85.2266, 27.532690000000002], [85.2246, 27.532690000000002]]]}, "properties": {"class": "flood"}}, {"type": "Feature", "geometry": {"type": "Polygon", "coordinates": [[[85.5006, 27.532690000000002], [85.5006, 27.52869], [85.5066, 27.52869], [85.5066, 27.532690000000002], [85.5046, 27.53069], [85.5006, 27.532690000000002]]]}, "properties": {"class": "flood"}}, {"type": "Feature", "geometry": {"type": "Polygon", "coordinates": [[[85.2346, 27.53069], [85.2346, 27.52869], [85.2366, 27.52869], [85.2366, 27.53069], [85.2346, 27.53069]]]}, "properties": {"class": "flood"}}, {"type": "Feature", "geometry": {"type": "Polygon", "coordinates": [[[85.2146, 27.53069], [85.2146, 27.526690000000002], [85.2166, 27.526690000000002], [85.2166, 27.53069], [85.2146, 27.53069]]]}, "properties": {"class": "flood"}}, {"type": "Feature", "geometry": {"type": "Polygon", "coordinates": [[[85.3886, 27.53069], [85.3886, 27.526690000000002], [85.39059999999999, 27.526690000000002], [85.39059999999999, 27.53069], [85.3886, 27.53069]]]}, "properties": {"class": "flood"}}, {"type": "Feature", "geometry": {"type": "Polygon", "coordinates": [[[85.2326, 27.52869], [85.2326, 27.526690000000002], [85.2346, 27.526690000000002], [85.2346, 27.52869], [85.2326, 27.52869]]]}, "properties": {"class": "flood"}}, {"type": "Feature", "geometry": {"type": "Polygon", "coordinates": [[[85.2366, 27.52869], [85.2366, 27.526690000000002], [85.2386, 27.526690000000002], [85.2386, 27.52869], [85.2366, 27.52869]]]}, "properties": {"class": "flood"}}, {"type": "Feature", "geometry": {"type": "Polygon", "coordinates": [[[85.4186, 27.52869], [85.4186, 27.526690000000002], [85.4206, 27.526690000000002], [85.4206, 27.52869], [85.4186, 27.52869]]]}, "properties": {"class": "flood"}}, {"type": "Feature", "geometry": {"type": "Polygon", "coordinates": [[[85.1746, 27.52869], [85.1746, 27.52469], [85.1766, 27.52469], [85.1766, 27.52869], [85.1746, 27.52869]]]}, "properties": {"class": "flood"}}, {"type": "Feature", "geometry": {"type": "Polygon", "coordinates": [[[85.2006, 27.52869], [85.2006, 27.52469], [85.2026, 27.52469], [85.2026, 27.52869], [85.2006, 27.52869]]]}, "properties": {"class": "flood"}}, {"type": "Feature", "geometry": {"type": "Polygon", "coordinates": [[[85.5546, 27.52869], [85.5566, 27.52469], [85.5606, 27.526690000000002], [85.5606, 27.52869], [85.5546, 27.52869]]]}, "properties": {"class": "flood"}}, {"type": "Feature", "geometry": {"type": "Polygon", "coordinates": [[[85.2346, 27.526690000000002], [85.2346, 27.52469], [85.2366, 27.52469], [85.2366, 27.526690000000002], [85.2346, 27.526690000000002]]]}, "properties": {"class": "flood"}}, {"type": "Feature", "geometry": {"type": "Polygon", "coordinates": [[[85.4206, 27.526690000000002], [85.4206, 27.52469], [85.4226, 27.52469], [85.4226, 27.526690000000002], [85.4206, 27.526690000000002]]]}, "properties": {"class": "flood"}}, {"type": "Feature", "geometry": {"type": "Polygon", "coordinates": [[[85.2766, 27.526690000000002], [85.2766, 27.52269], [85.2786, 27.52269], [85.28059999999999, 27.526690000000002], [85.2766, 27.526690000000002]]]}, "properties": {"class": "flood"}}, {"type": "Feature", "geometry": {"type": "Polygon", "coordinates": [[[85.5346, 27.52469], [85.5346, 27.52269], [85.53659999999999, 27.52269], [85.53659999999999, 27.52469], [85.5346, 27.52469]]]}, "properties": {"class": "flood"}}, {"type": "Feature", "geometry": {"type": "Polygon", "coordinates": [[[85.14059999999999, 27.52269], [85.14059999999999, 27.520690000000002], [85.1426, 27.520690000000002], [85.1426, 27.52269], [85.14059999999999, 27.52269]]]}, "properties": {"class": "flood"}}, {"type": "Feature", "geometry": {"type": "Polygon", "coordinates": [[[85.53659999999999, 27.52269], [85.53659999999999, 27.520690000000002], [85.5386, 27.520690000000002], [85.5386, 27.52269], [85.53659999999999, 27.52269]]]}, "properties": {"class": "flood"}}, {"type": "Feature", "geometry": {"type": "Polygon", "coordinates": [[[85.5466, 27.52269], [85.5466, 27.520690000000002], [85.5486, 27.520690000000002], [85.5486, 27.52269], [85.5466, 27.52269]]]}, "properties": {"class": "flood"}}, {"type": "Feature", "geometry": {"type": "Polygon", "coordinates": [[[85.1906, 27.52269], [85.1906, 27.51869], [85.1926, 27.51869], [85.1926, 27.52269], [85.1906, 27.52269]]]}, "properties": {"class": "flood"}}, {"type": "Feature", "geometry": {"type": "Polygon", "coordinates": [[[85.3466, 27.52269], [85.3466, 27.51869], [85.3486, 27.51869], [85.3486, 27.52269], [85.3466, 27.52269]]]}, "properties": {"class": "flood"}}, {"type": "Feature", "geometry": {"type": "Polygon", "coordinates": [[[85.1446, 27.52269], [85.1426, 27.520690000000002], [85.1426, 27.51869], [85.14659999999999, 27.51869], [85.1446, 27.52269]]]}, "properties": {"class": "flood"}}, {"type": "Feature", "geometry": {"type": "Polygon", "coordinates": [[[85.5486, 27.520690000000002], [85.5486, 27.51869], [85.5506, 27.51869], [85.5506, 27.520690000000002], [85.5486, 27.520690000000002]]]}, "properties": {"class": "flood"}}, {"type": "Feature", "geometry": {"type": "Polygon", "coordinates": [[[85.1806, 27.520690000000002], [85.1806, 27.51669], [85.1846, 27.51669], [85.1846, 27.520690000000002], [85.1806, 27.520690000000002]]]}, "properties": {"class": "flood"}}, {"type": "Feature", "geometry": {"type": "Polygon", "coordinates": [[[85.3566, 27.520690000000002], [85.3566, 27.51669], [85.3586, 27.51669], [85.3586, 27.520690000000002], [85.3566, 27.520690000000002]]]}, "properties": {"class": "flood"}}, {"type": "Feature", "geometry": {"type": "Polygon", "coordinates": [[[85.4406, 27.51869], [85.4406, 27.51669], [85.4426, 27.51669], [85.4426, 27.51869], [85.4406, 27.51869]]]}, "properties": {"class": "flood"}}, {"type": "Feature", "geometry": {"type": "Polygon", "coordinates": [[[85.3666, 27.51869], [85.3706, 27.51469], [85.3746, 27.51469], [85.3746, 27.51869], [85.3666, 27.51869]]]}, "properties": {"class": "flood"}}, {"type": "Feature", "geometry": {"type": "Polygon", "coordinates": [[[85.3366, 27.51869], [85.3366, 27.51669], [85.3346, 27.51469], [85.3386, 27.51469], [85.3366, 27.51869]]]}, "properties": {"class": "flood"}}, {"type": "Feature", "geometry": {"type": "Polygon", "coordinates": [[[85.3426, 27.51869], [85.3426, 27.51669], [85.3406, 27.51469], [85.3446, 27.51469], [85.3426, 27.51869]]]}, "properties": {"class": "flood"}}, {"type": "Feature", "geometry": {"type": "Polygon", "coordinates": [[[85.3646, 27.51669], [85.3646, 27.51469], [85.3666, 27.51469], [85.3666, 27.51669], [85.3646, 27.51669]]]}, "properties": {"class": "flood"}}, {"type": "Feature", "geometry": {"type": "Polygon", "coordinates": [[[85.3886, 27.51669], [85.3886, 27.51269], [85.39059999999999, 27.51269], [85.39059999999999, 27.51669], [85.3886, 27.51669]]]}, "properties": {"class": "flood"}}, {"type": "Feature", "geometry": {"type": "Polygon", "coordinates": [[[85.4546, 27.51669], [85.4546, 27.51269], [85.4566, 27.51269], [85.4566, 27.51669], [85.4546, 27.51669]]]}, "properties": {"class": "flood"}}, {"type": "Feature", "geometry": {"type": "Polygon", "coordinates": [[[85.1206, 27.51469], [85.1206, 27.51269], [85.1226, 27.51269], [85.1226, 27.51469], [85.1206, 27.51469]]]}, "properties": {"class": "flood"}}, {"type": "Feature", "geometry": {"type": "Polygon", "coordinates": [[[85.1566, 27.51469], [85.1566, 27.51269], [85.15859999999999, 27.51269], [85.15859999999999, 27.51469], [85.1566, 27.51469]]]}, "properties": {"class": "flood"}}, {"type": "Feature", "geometry": {"type": "Polygon", "coordinates": [[[85.26259999999999, 27.51669], [85.2606, 27.51269], [85.2646, 27.51269], [85.2646, 27.51669], [85.26259999999999, 27.51669]]]}, "properties": {"class": "flood"}}, {"type": "Feature", "geometry": {"type": "Polygon", "coordinates": [[[85.3246, 27.51469], [85.3246, 27.51269], [85.3266, 27.51269], [85.3266, 27.51469], [85.3246, 27.51469]]]}, "properties": {"class": "flood"}}, {"type": "Feature", "geometry": {"type": "Polygon", "coordinates": [[[85.3326, 27.51469], [85.3326, 27.51269], [85.3346, 27.51269], [85.3346, 27.51469], [85.3326, 27.51469]]]}, "properties": {"class": "flood"}}, {"type": "Feature", "geometry": {"type": "Polygon", "coordinates": [[[85.3666, 27.51469], [85.3666, 27.51269], [85.3686, 27.51269], [85.3686, 27.51469], [85.3666, 27.51469]]]}, "properties": {"class": "flood"}}, {"type": "Feature", "geometry": {"type": "Polygon", "coordinates": [[[85.1126, 27.51669], [85.1106, 27.51269], [85.1146, 27.51069], [85.1166, 27.51469], [85.1126, 27.51669]]]}, "properties": {"class": "flood"}}, {"type": "Feature", "geometry": {"type": "Polygon", "coordinates": [[[85.15259999999999, 27.51469], [85.15259999999999, 27.51069], [85.1546, 27.51069], [85.1546, 27.51469], [85.15259999999999, 27.51469]]]}, "properties": {"class": "flood"}}, {"type": "Feature", "geometry": {"type": "Polygon", "coordinates": [[[85.2506, 27.51469], [85.2506, 27.51069], [85.2546, 27.51069], [85.2546, 27.51469], [85.2506, 27.51469]]]}, "properties": {"class": "flood"}}, {"type": "Feature", "geometry": {"type": "Polygon", "coordinates": [[[85.2666, 27.51469], [85.2666, 27.51069], [85.26859999999999, 27.51069], [85.26859999999999, 27.51469], [85.2666, 27.51469]]]}, "properties": {"class": "flood"}}, {"type": "Feature", "geometry": {"type": "Polygon", "coordinates": [[[85.4306, 27.51469], [85.4306, 27.51069], [85.4346, 27.51069], [85.4346, 27.51469], [85.4306, 27.51469]]]}, "properties": {"class": "flood"}}, {"type": "Feature", "geometry": {"type": "Polygon", "coordinates": [[[85.4466, 27.51469], [85.4466, 27.51069], [85.4486, 27.51069], [85.4486, 27.51469], [85.4466, 27.51469]]]}, "properties": {"class": "flood"}}, {"type": "Feature", "geometry": {"type": "Polygon", "coordinates": [[[85.4586, 27.51469], [85.4586, 27.51269], [85.4626, 27.51069], [85.4626, 27.51469], [85.4586, 27.51469]]]}, "properties": {"class": "flood"}}, {"type": "Feature", "geometry": {"type": "Polygon", "coordinates": [[[85.5206, 27.51469], [85.5226, 27.51069], [85.5286, 27.51069], [85.5266, 27.51469], [85.5206, 27.51469]]]}, "properties": {"class": "flood"}}, {"type": "Feature", "geometry": {"type": "Polygon", "coordinates": [[[85.5426, 27.51469], [85.5426, 27.51269], [85.5466, 27.51069], [85.5466, 27.51469], [85.5426, 27.51469]]]}, "properties": {"class": "flood"}}, {"type": "Feature", "geometry": {"type": "Polygon", "coordinates": [[[85.1186, 27.51269], [85.1186, 27.51069], [85.1206, 27.51069], [85.1206, 27.51269], [85.1186, 27.51269]]]}, "properties": {"class": "flood"}}, {"type": "Feature", "geometry": {"type": "Polygon", "coordinates": [[[85.1266, 27.51269], [85.1266, 27.51069], [85.1286, 27.51069], [85.1286, 27.51269], [85.1266, 27.51269]]]}, "properties": {"class": "flood"}}, {"type": "Feature", "geometry": {"type": "Polygon", "coordinates": [[[85.28059999999999, 27.51469], [85.2786, 27.51069], [85.2826, 27.51069], [85.2826, 27.51469], [85.28059999999999, 27.51469]]]}, "properties": {"class": "flood"}}, {"type": "Feature", "geometry": {"type": "Polygon", "coordinates": [[[85.3266, 27.51269], [85.3266, 27.51069], [85.3286, 27.51069], [85.3286, 27.51269], [85.3266, 27.51269]]]}, "properties": {"class": "flood"}}, {"type": "Feature", "geometry": {"type": "Polygon", "coordinates": [[[85.4566, 27.51269], [85.4566, 27.51069], [85.4586, 27.51069], [85.4586, 27.51269], [85.4566, 27.51269]]]}, "properties": {"class": "flood"}}, {"type": "Feature", "geometry": {"type": "Polygon", "coordinates": [[[85.1306, 27.51269], [85.1306, 27.50869], [85.13459999999999, 27.50869], [85.13459999999999, 27.51269], [85.1306, 27.51269]]]}, "properties": {"class": "flood"}}, {"type": "Feature", "geometry": {"type": "Polygon", "coordinates": [[[85.1426, 27.51269], [85.1426, 27.50869], [85.1446, 27.50869], [85.1446, 27.51269], [85.1426, 27.51269]]]}, "properties": {"class": "flood"}}, {"type": "Feature", "geometry": {"type": "Polygon", "coordinates": [[[85.14659999999999, 27.51269], [85.14659999999999, 27.50869], [85.1486, 27.50869], [85.1486, 27.51269], [85.14659999999999, 27.51269]]]}, "properties": {"class": "flood"}}, {"type": "Feature", "geometry": {"type": "Polygon", "coordinates": [[[85.1606, 27.51469], [85.15859999999999, 27.51069], [85.1626, 27.50869], [85.1626, 27.51469], [85.1606, 27.51469]]]}, "properties": {"class": "flood"}}, {"type": "Feature", "geometry": {"type": "Polygon", "coordinates": [[[85.4126, 27.51269], [85.4126, 27.50869], [85.4166, 27.50869], [85.4166, 27.51269], [85.4126, 27.51269]]]}, "properties": {"class": "flood"}}, {"type": "Feature", "geometry": {"type": "Polygon", "coordinates": [[[85.1246, 27.51069], [85.1246, 27.50869], [85.1266, 27.50869], [85.1266, 27.51069], [85.1246, 27.51069]]]}, "properties": {"class": "flood"}}, {"type": "Feature", "geometry": {"type": "Polygon", "coordinates": [[[85.2846, 27.51269], [85.2846, 27.51069], [85.2826, 27.50869], [85.28659999999999, 27.50869], [85.2846, 27.51269]]]}, "properties": {"class": "flood"}}, {"type": "Feature", "geometry": {"type": "Polygon", "coordinates": [[[85.1006, 27.51069], [85.1006, 27.50669], [85.1046, 27.50669], [85.1046, 27.51069], [85.1006, 27.51069]]]}, "properties": {"class": "flood"}}, {"type": "Feature", "geometry": {"type": "Polygon", "coordinates": [[[85.3246, 27.51069], [85.3246, 27.50669], [85.3286, 27.50669], [85.3286, 27.50869], [85.3246, 27.51069]]]}, "properties": {"class": "flood"}}, {"type": "Feature", "geometry": {"type": "Polygon", "coordinates": [[[85.4246, 27.51269], [85.4226, 27.50869], [85.4266, 27.50669], [85.4266, 27.51269], [85.4246, 27.51269]]]}, "properties": {"class": "flood"}}, {"type": "Feature", "geometry": {"type": "Polygon", "coordinates": [[[85.1726, 27.51069], [85.1706, 27.50869], [85.1706, 27.50669], [85.1746, 27.50669], [85.1726, 27.51069]]]}, "properties": {"class": "flood"}}, {"type": "Feature", "geometry": {"type": "Polygon", "coordinates": [[[85.3186, 27.50869], [85.3186, 27.50469], [85.3206, 27.50469], [85.3206, 27.50869], [85.3186, 27.50869]]]}, "properties": {"class": "flood"}}, {"type": "Feature", "geometry": {"type": "Polygon", "coordinates": [[[85.1786, 27.50669], [85.1786, 27.50469], [85.1806, 27.50469], [85.1806, 27.50669], [85.1786, 27.50669]]]}, "properties": {"class": "flood"}}, {"type": "Feature", "geometry": {"type": "Polygon", "coordinates": [[[85.2986, 27.50669], [85.2986, 27.50469], [85.3006, 27.50469], [85.3006, 27.50669], [85.2986, 27.50669]]]}, "properties": {"class": "flood"}}, {"type": "Feature", "geometry": {"type": "Polygon", "coordinates": [[[85.4946, 27.50669], [85.4946, 27.50469], [85.4986, 27.50469], [85.4986, 27.50669], [85.4946, 27.50669]]]}, "properties": {"class": "flood"}}, {"type": "Feature", "geometry": {"type": "Polygon", "coordinates": [[[85.1766, 27.50469], [85.1766, 27.50269], [85.1786, 27.50269], [85.1786, 27.50469], [85.1766, 27.50469]]]}, "properties": {"class": "flood"}}, {"type": "Feature", "geometry": {"type": "Polygon", "coordinates": [[[85.2966, 27.50469], [85.2966, 27.50269], [85.2986, 27.50269], [85.2986, 27.50469], [85.2966, 27.50469]]]}, "properties": {"class": "flood"}}, {"type": "Feature", "geometry": {"type": "Polygon", "coordinates": [[[85.1826, 27.50269], [85.1826, 27.500690000000002], [85.1846, 27.500690000000002], [85.1846, 27.50269], [85.1826, 27.50269]]]}, "properties": {"class": "flood"}}, {"type": "Feature", "geometry": {"type": "Polygon", "coordinates": [[[85.1806, 27.500690000000002], [85.1806, 27.49869], [85.1826, 27.49869], [85.1826, 27.500690000000002], [85.1806, 27.500690000000002]]]}, "properties": {"class": "flood"}}, {"type": "Feature", "geometry": {"type": "Polygon", "coordinates": [[[85.5146, 27.500690000000002], [85.5146, 27.49869], [85.51859999999999, 27.49869], [85.51859999999999, 27.500690000000002], [85.5146, 27.500690000000002]]]}, "properties": {"class": "flood"}}, {"type": "Feature", "geometry": {"type": "Polygon", "coordinates": [[[85.1866, 27.500690000000002], [85.1866, 27.49669], [85.1886, 27.49669], [85.1886, 27.500690000000002], [85.1866, 27.500690000000002]]]}, "properties": {"class": "flood"}}, {"type": "Feature", "geometry": {"type": "Polygon", "coordinates": [[[85.1946, 27.500690000000002], [85.1946, 27.49669], [85.1966, 27.49669], [85.1966, 27.500690000000002], [85.1946, 27.500690000000002]]]}, "properties": {"class": "flood"}}, {"type": "Feature", "geometry": {"type": "Polygon", "coordinates": [[[85.2006, 27.500690000000002], [85.2006, 27.49669], [85.2026, 27.49669], [85.2026, 27.500690000000002], [85.2006, 27.500690000000002]]]}, "properties": {"class": "flood"}}, {"type": "Feature", "geometry": {"type": "Polygon", "coordinates": [[[85.4946, 27.49869], [85.4946, 27.49669], [85.4966, 27.49669], [85.4966, 27.49869], [85.4946, 27.49869]]]}, "properties": {"class": "flood"}}, {"type": "Feature", "geometry": {"type": "Polygon", "coordinates": [[[85.5546, 27.49869], [85.5546, 27.49669], [85.5586, 27.49669], [85.5586, 27.49869], [85.5546, 27.49869]]]}, "properties": {"class": "flood"}}, {"type": "Feature", "geometry": {"type": "Polygon", "coordinates": [[[85.1026, 27.54869], [85.1006, 27.53669], [85.0746, 27.53669], [85.0786, 27.52869], [85.0726, 27.520690000000002], [85.0726, 27.49669], [85.0846, 27.49869], [85.0866, 27.494690000000002], [85.0986, 27.494690000000002], [85.0886, 27.500690000000002], [85.0926, 27.50469], [85.0866, 27.50869], [85.0866, 27.51269], [85.0946, 27.51269], [85.0926, 27.52269], [85.1006, 27.51869], [85.1006, 27.52269], [85.1046, 27.52269], [85.1026, 27.526690000000002], [85.1126, 27.52869], [85.1106, 27.53469], [85.1226, 27.54069], [85.1086, 27.54069], [85.1066, 27.54669], [85.1026, 27.54869]], [[85.0906, 27.53469], [85.0946, 27.53469], [85.0946, 27.53069], [85.0906, 27.53069], [85.0906, 27.53469]]]}, "properties": {"class": "flood"}}, {"type": "Feature", "geometry": {"type": "Polygon", "coordinates": [[[85.5346, 27.49869], [85.53659999999999, 27.494690000000002], [85.5386, 27.494690000000002], [85.5386, 27.49869], [85.5346, 27.49869]]]}, "properties": {"class": "flood"}}, {"type": "Feature", "geometry": {"type": "Polygon", "coordinates": [[[85.2246, 27.49669], [85.2246, 27.494690000000002], [85.2266, 27.494690000000002], [85.2266, 27.49669], [85.2246, 27.49669]]]}, "properties": {"class": "flood"}}, {"type": "Feature", "geometry": {"type": "Polygon", "coordinates": [[[85.4246, 27.49669], [85.4246, 27.494690000000002], [85.4286, 27.494690000000002], [85.4286, 27.49669], [85.4246, 27.49669]]]}, "properties": {"class": "flood"}}, {"type": "Feature", "geometry": {"type": "Polygon", "coordinates": [[[85.4746, 27.49669], [85.4746, 27.494690000000002], [85.4766, 27.494690000000002], [85.4766, 27.49669], [85.4746, 27.49669]]]}, "properties": {"class": "flood"}}, {"type": "Feature", "geometry": {"type": "Polygon", "coordinates": [[[85.4966, 27.49669], [85.4966, 27.494690000000002], [85.4986, 27.494690000000002], [85.4986, 27.49669], [85.4966, 27.49669]]]}, "properties": {"class": "flood"}}, {"type": "Feature", "geometry": {"type": "Polygon", "coordinates": [[[85.26859999999999, 27.49669], [85.26859999999999, 27.49269], [85.2706, 27.49269], [85.2706, 27.49669], [85.26859999999999, 27.49669]]]}, "properties": {"class": "flood"}}, {"type": "Feature", "geometry": {"type": "Polygon", "coordinates": [[[85.1286, 27.494690000000002], [85.1286, 27.49269], [85.1326, 27.49269], [85.1326, 27.494690000000002], [85.1286, 27.494690000000002]]]}, "properties": {"class": "flood"}}, {"type": "Feature", "geometry": {"type": "Polygon", "coordinates": [[[85.2266, 27.494690000000002], [85.2266, 27.49269], [85.2286, 27.49269], [85.2286, 27.494690000000002], [85.2266, 27.494690000000002]]]}, "properties": {"class": "flood"}}, {"type": "Feature", "geometry": {"type": "Polygon", "coordinates": [[[85.3106, 27.494690000000002], [85.3106, 27.49269], [85.3126, 27.49269], [85.3126, 27.494690000000002], [85.3106, 27.494690000000002]]]}, "properties": {"class": "flood"}}, {"type": "Feature", "geometry": {"type": "Polygon", "coordinates": [[[85.4666, 27.49669], [85.4646, 27.494690000000002], [85.4646, 27.49269], [85.4686, 27.49269], [85.4666, 27.49669]]]}, "properties": {"class": "flood"}}, {"type": "Feature", "geometry": {"type": "Polygon", "coordinates": [[[85.4766, 27.494690000000002], [85.4766, 27.49269], [85.4786, 27.49269], [85.4786, 27.494690000000002], [85.4766, 27.494690000000002]]]}, "properties": {"class": "flood"}}, {"type": "Feature", "geometry": {"type": "Polygon", "coordinates": [[[85.5326, 27.494690000000002], [85.5326, 27.49269], [85.5346, 27.49269], [85.5346, 27.494690000000002], [85.5326, 27.494690000000002]]]}, "properties": {"class": "flood"}}, {"type": "Feature", "geometry": {"type": "Polygon", "coordinates": [[[85.5266, 27.49269], [85.5266, 27.49069], [85.5286, 27.49069], [85.5286, 27.49269], [85.5266, 27.49269]]]}, "properties": {"class": "flood"}}, {"type": "Feature", "geometry": {"type": "Polygon", "coordinates": [[[85.2586, 27.49269], [85.2586, 27.49069], [85.26259999999999, 27.488690000000002], [85.26259999999999, 27.49269], [85.2586, 27.49269]]]}, "properties": {"class": "flood"}}, {"type": "Feature", "geometry": {"type": "Polygon", "coordinates": [[[85.4886, 27.49269], [85.4886, 27.488690000000002], [85.4926, 27.488690000000002], [85.4926, 27.49269], [85.4886, 27.49269]]]}, "properties": {"class": "flood"}}, {"type": "Feature", "geometry": {"type": "Polygon", "coordinates": [[[85.3646, 27.49069], [85.3646, 27.488690000000002], [85.3686, 27.488690000000002], [85.3686, 27.49069], [85.3646, 27.49069]]]}, "properties": {"class": "flood"}}, {"type": "Feature", "geometry": {"type": "Polygon", "coordinates": [[[85.5286, 27.49069], [85.5286, 27.488690000000002], [85.53059999999999, 27.488690000000002], [85.53059999999999, 27.49069], [85.5286, 27.49069]]]}, "properties": {"class": "flood"}}, {"type": "Feature", "geometry": {"type": "Polygon", "coordinates": [[[85.0726, 27.49069], [85.0726, 27.48669], [85.0766, 27.48669], [85.0766, 27.49069], [85.0726, 27.49069]]]}, "properties": {"class": "flood"}}, {"type": "Feature", "geometry": {"type": "Polygon", "coordinates": [[[85.1246, 27.488690000000002], [85.1246, 27.48669], [85.1286, 27.48669], [85.1286, 27.488690000000002], [85.1246, 27.488690000000002]]]}, "properties": {"class": "flood"}}, {"type": "Feature", "geometry": {"type": "Polygon", "coordinates": [[[85.4546, 27.488690000000002], [85.4546, 27.48469], [85.4586, 27.48469], [85.4586, 27.48669], [85.4546, 27.488690000000002]]]}, "properties": {"class": "flood"}}, {"type": "Feature", "geometry": {"type": "Polygon", "coordinates": [[[85.4806, 27.488690000000002], [85.4806, 27.48669], [85.4846, 27.48469], [85.4846, 27.488690000000002], [85.4806, 27.488690000000002]]]}, "properties": {"class": "flood"}}, {"type": "Feature", "geometry": {"type": "Polygon", "coordinates": [[[85.3246, 27.48669], [85.3246, 27.48469], [85.3266, 27.48469], [85.3266, 27.48669], [85.3246, 27.48669]]]}, "properties": {"class": "flood"}}, {"type": "Feature", "geometry": {"type": "Polygon", "coordinates": [[[85.0826, 27.48669], [85.0826, 27.48269], [85.0846, 27.48269], [85.0846, 27.48669], [85.0826, 27.48669]]]}, "properties": {"class": "flood"}}, {"type": "Feature", "geometry": {"type": "Polygon", "coordinates": [[[85.4206, 27.48669], [85.4226, 27.48269], [85.4266, 27.48469], [85.4266, 27.48669], [85.4206, 27.48669]]]}, "properties": {"class": "flood"}}, {"type": "Feature", "geometry": {"type": "Polygon", "coordinates": [[[85.3226, 27.48469], [85.3226, 27.48269], [85.3246, 27.48269], [85.3246, 27.48469], [85.3226, 27.48469]]]}, "properties": {"class": "flood"}}, {"type": "Feature", "geometry": {"type": "Polygon", "coordinates": [[[85.1806, 27.48469], [85.1806, 27.48069], [85.1826, 27.48069], [85.1826, 27.48469], [85.1806, 27.48469]]]}, "properties": {"class": "flood"}}, {"type": "Feature", "geometry": {"type": "Polygon", "coordinates": [[[85.4006, 27.48469], [85.4006, 27.48069], [85.40259999999999, 27.48069], [85.40259999999999, 27.48469], [85.4006, 27.48469]]]}, "properties": {"class": "flood"}}, {"type": "Feature", "geometry": {"type": "Polygon", "coordinates": [[[85.5206, 27.48469], [85.5206, 27.48069], [85.5226, 27.48069], [85.52459999999999, 27.48469], [85.5206, 27.48469]]]}, "properties": {"class": "flood"}}, {"type": "Feature", "geometry": {"type": "Polygon", "coordinates": [[[85.1226, 27.48269], [85.1226, 27.48069], [85.1246, 27.48069], [85.1246, 27.48269], [85.1226, 27.48269]]]}, "properties": {"class": "flood"}}, {"type": "Feature", "geometry": {"type": "Polygon", "coordinates": [[[85.1326, 27.48269], [85.1326, 27.48069], [85.13459999999999, 27.48069], [85.13459999999999, 27.48269], [85.1326, 27.48269]]]}, "properties": {"class": "flood"}}, {"type": "Feature", "geometry": {"type": "Polygon", "coordinates": [[[85.1646, 27.48269], [85.1646, 27.48069], [85.1706, 27.48069], [85.1706, 27.48269], [85.1646, 27.48269]]]}, "properties": {"class": "flood"}}, {"type": "Feature", "geometry": {"type": "Polygon", "coordinates": [[[85.3346, 27.48269], [85.3346, 27.48069], [85.3366, 27.48069], [85.3366, 27.48269], [85.3346, 27.48269]]]}, "properties": {"class": "flood"}}, {"type": "Feature", "geometry": {"type": "Polygon", "coordinates": [[[85.3926, 27.48269], [85.3926, 27.48069], [85.3946, 27.48069], [85.3946, 27.48269], [85.3926, 27.48269]]]}, "properties": {"class": "flood"}}, {"type": "Feature", "geometry": {"type": "Polygon", "coordinates": [[[85.4066, 27.48269], [85.4066, 27.48069], [85.40859999999999, 27.48069], [85.40859999999999, 27.48269], [85.4066, 27.48269]]]}, "properties": {"class": "flood"}}, {"type": "Feature", "geometry": {"type": "Polygon", "coordinates": [[[85.5026, 27.48269], [85.5026, 27.48069], [85.5046, 27.48069], [85.5046, 27.48269], [85.5026, 27.48269]]]}, "properties": {"class": "flood"}}, {"type": "Feature", "geometry": {"type": "Polygon", "coordinates": [[[85.5106, 27.48269], [85.5106, 27.48069], [85.51259999999999, 27.48069], [85.51259999999999, 27.48269], [85.5106, 27.48269]]]}, "properties": {"class": "flood"}}, {"type": "Feature", "geometry": {"type": "Polygon", "coordinates": [[[85.5266, 27.48269], [85.5266, 27.48069], [85.5286, 27.48069], [85.5286, 27.48269], [85.5266, 27.48269]]]}, "properties": {"class": "flood"}}, {"type": "Feature", "geometry": {"type": "Polygon", "coordinates": [[[85.2446, 27.532690000000002], [85.2486, 27.52269], [85.2386, 27.520690000000002], [85.2386, 27.51669], [85.2326, 27.51069], [85.2286, 27.51069], [85.2266, 27.51469], [85.2166, 27.51469], [85.2246, 27.50269], [85.2306, 27.50269], [85.2326, 27.49869], [85.2446, 27.494690000000002], [85.2386, 27.48469], [85.2326, 27.48469], [85.2346, 27.47869], [85.2666, 27.47869], [85.26859999999999, 27.48269], [85.28059999999999, 27.48069], [85.2906, 27.49069], [85.3006, 27.49069], [85.3006, 27.48669], [85.3066, 27.48669], [85.3066, 27.49069], [85.3026, 27.49069], [85.3006, 27.49669], [85.28659999999999, 27.49669], [85.2766, 27.488690000000002], [85.2726, 27.49069], [85.2646, 27.48469], [85.2546, 27.48269], [85.2506, 27.49069], [85.2546, 27.49869], [85.26259999999999, 27.50269], [85.2466, 27.50669], [85.2446, 27.51669], [85.2506, 27.51869], [85.2546, 27.526690000000002], [85.2446, 27.532690000000002]]]}, "properties": {"class": "flood"}}, {"type": "Feature", "geometry": {"type": "Polygon", "coordinates": [[[85.1266, 27.48269], [85.1246, 27.47869], [85.1286, 27.47869], [85.1286, 27.48269], [85.1266, 27.48269]]]}, "properties": {"class": "flood"}}, {"type": "Feature", "geometry": {"type": "Polygon", "coordinates": [[[85.1306, 27.48069], [85.1306, 27.47869], [85.1326, 27.47869], [85.1326, 27.48069], [85.1306, 27.48069]]]}, "properties": {"class": "flood"}}, {"type": "Feature", "geometry": {"type": "Polygon", "coordinates": [[[85.1826, 27.48069], [85.1826, 27.47869], [85.1846, 27.47869], [85.1846, 27.48069], [85.1826, 27.48069]]]}, "properties": {"class": "flood"}}, {"type": "Feature", "geometry": {"type": "Polygon", "coordinates": [[[85.3386, 27.48269], [85.3386, 27.48069], [85.3366, 27.47869], [85.3406, 27.47869], [85.3386, 27.48269]]]}, "properties": {"class": "flood"}}, {"type": "Feature", "geometry": {"type": "Polygon", "coordinates": [[[85.3946, 27.48069], [85.3946, 27.47869], [85.39659999999999, 27.47869], [85.39659999999999, 27.48069], [85.3946, 27.48069]]]}, "properties": {"class": "flood"}}, {"type": "Feature", "geometry": {"type": "Polygon", "coordinates": [[[85.5006, 27.48069], [85.5006, 27.47869], [85.5026, 27.47869], [85.5026, 27.48069], [85.5006, 27.48069]]]}, "properties": {"class": "flood"}}, {"type": "Feature", "geometry": {"type": "Polygon", "coordinates": [[[85.51259999999999, 27.48069], [85.51259999999999, 27.47869], [85.5146, 27.47869], [85.5146, 27.48069], [85.51259999999999, 27.48069]]]}, "properties": {"class": "flood"}}, {"type": "Feature", "geometry": {"type": "Polygon", "coordinates": [[[85.5226, 27.48069], [85.5226, 27.47869], [85.52459999999999, 27.47869], [85.52459999999999, 27.48069], [85.5226, 27.48069]]]}, "properties": {"class": "flood"}}]}