{"type": "FeatureCollection", "features": [{"type": "Feature", "geometry": {"type": "Polygon", "coordinates": [[[85.0706, 27.90669], [85.0906, 27.90669], [85.0906, 27.92669], [85.0706, 27.92669], [85.0706, 27.90669]]]}, "properties": {"cell_id": "kat_0000", "flood_depth_m": {"rp10": 0.04, "rp100": 0.11}, "glof_depth_m": 0.0, "landslide_prob": 0.204, "population": 531, "critical_assets": [], "eal_people": 6.964, "eal_usd": 17410.0, "observed_flood_frac": null, "modeled_flood_frac": 0.06, "elev_m": 1443.8, "slope_deg": 24.5, "n_lakes": 0, "n_drains": 0, "low_income_score": 0.15, "equity_weight": 1.075}}, {"type": "Feature", "geometry": {"type": "Polygon", "coordinates": [[[85.0906, 27.90669], [85.1106, 27.90669], [85.1106, 27.92669], [85.0906, 27.92669], [85.0906, 27.90669]]]}, "properties": {"cell_id": "kat_0001", "flood_depth_m": {"rp10": 0.1, "rp100": 0.25}, "glof_depth_m": 0.0, "landslide_prob": 0.181, "population": 524, "critical_assets": [], "eal_people": 10.027, "eal_usd": 25067.0, "observed_flood_frac": null, "modeled_flood_frac": 0.14, "elev_m": 1283.5, "slope_deg": 21.8, "n_lakes": 0, "n_drains": 0, "low_income_score": 0.15, "equity_weight": 1.075}}, {"type": "Feature", "geometry": {"type": "Polygon", "coordinates": [[[85.1106, 27.90669], [85.1306, 27.90669], [85.1306, 27.92669], [85.1106, 27.92669], [85.1106, 27.90669]]]}, "properties": {"cell_id": "kat_0002", "flood_depth_m": {"rp10": 0.49, "rp100": 1.22}, "glof_depth_m": 0.0, "landslide_prob": 0.133, "population": 709, "critical_assets": [], "eal_people": 42.377, "eal_usd": 105942.0, "observed_flood_frac": null, "modeled_flood_frac": 0.68, "elev_m": 928.4, "slope_deg": 16.0, "n_lakes": 0, "n_drains": 0, "low_income_score": 0.15, "equity_weight": 1.075}}, {"type": "Feature", "geometry": {"type": "Polygon", "coordinates": [[[85.1306, 27.90669], [85.1506, 27.90669], [85.1506, 27.92669], [85.1306, 27.92669], [85.1306, 27.90669]]]}, "properties": {"cell_id": "kat_0003", "flood_depth_m": {"rp10": 1.05, "rp100": 2.62}, "glof_depth_m": 0.0, "landslide_prob": 0.074, "population": 4214, "critical_assets": ["lake", "school", "school"], "eal_people": 434.885, "eal_usd": 1087212.0, "observed_flood_frac": null, "modeled_flood_frac": 0.9, "elev_m": 584.9, "slope_deg": 8.9, "n_lakes": 6, "n_drains": 9, "low_income_score": 0.4, "equity_weight": 1.2}}, {"type": "Feature", "geometry": {"type": "Polygon", "coordinates": [[[85.1506, 27.90669], [85.1706, 27.90669], [85.1706, 27.92669], [85.1506, 27.92669], [85.1506, 27.90669]]]}, "properties": {"cell_id": "kat_0004", "flood_depth_m": {"rp10": 0.73, "rp100": 1.83}, "glof_depth_m": 0.0, "landslide_prob": 0.117, "population": 1789, "critical_assets": ["lake"], "eal_people": 162.701, "eal_usd": 406752.0, "observed_flood_frac": null, "modeled_flood_frac": 0.88, "elev_m": 811.0, "slope_deg": 14.1, "n_lakes": 1, "n_drains": 0, "low_income_score": 0.15, "equity_weight": 1.075}}, {"type": "Feature", "geometry": {"type": "Polygon", "coordinates": [[[85.1706, 27.90669], [85.1906, 27.90669], [85.1906, 27.92669], [85.1706, 27.92669], [85.1706, 27.90669]]]}, "properties": {"cell_id": "kat_0005", "flood_depth_m": {"rp10": 0.63, "rp100": 1.58}, "glof_depth_m": 0.0, "landslide_prob": 0.118, "population": 499, "critical_assets": [], "eal_people": 37.335, "eal_usd": 93338.0, "observed_flood_frac": null, "modeled_flood_frac": 0.88, "elev_m": 823.5, "slope_deg": 14.2, "n_lakes": 0, "n_drains": 0, "low_income_score": 0.15, "equity_weight": 1.075}}, {"type": "Feature", "geometry": {"type": "Polygon", "coordinates": [[[85.1906, 27.90669], [85.2106, 27.90669], [85.2106, 27.92669], [85.1906, 27.92669], [85.1906, 27.90669]]]}, "properties": {"cell_id": "kat_0006", "flood_depth_m": {"rp10": 0.65, "rp100": 1.62}, "glof_depth_m": 0.0, "landslide_prob": 0.097, "population": 322, "critical_assets": ["clinic"], "eal_people": 24.577, "eal_usd": 61443.0, "observed_flood_frac": null, "modeled_flood_frac": 0.9, "elev_m": 688.6, "slope_deg": 11.6, "n_lakes": 0, "n_drains": 0, "low_income_score": 0.15, "equity_weight": 1.075}}, {"type": "Feature", "geometry": {"type": "Polygon", "coordinates": [[[85.2106, 27.90669], [85.2306, 27.90669], [85.2306, 27.92669], [85.2106, 27.92669], [85.2106, 27.90669]]]}, "properties": {"cell_id": "kat_0007", "flood_depth_m": {"rp10": 0.65, "rp100": 1.62}, "glof_depth_m": 0.0, "landslide_prob": 0.105, "population": 946, "critical_assets": [], "eal_people": 72.203, "eal_usd": 180508.0, "observed_flood_frac": null, "modeled_flood_frac": 0.9, "elev_m": 709.6, "slope_deg": 12.6, "n_lakes": 0, "n_drains": 0, "low_income_score": 0.15, "equity_weight": 1.075}}, {"type": "Feature", "geometry": {"type": "Polygon", "coordinates": [[[85.2306, 27.90669], [85.2506, 27.90669], [85.2506, 27.92669], [85.2306, 27.92669], [85.2306, 27.90669]]]}, "properties": {"cell_id": "kat_0008", "flood_depth_m": {"rp10": 0.65, "rp100": 1.62}, "glof_depth_m": 0.0, "landslide_prob": 0.128, "population": 1648, "critical_assets": [], "eal_people": 125.784, "eal_usd": 314460.0, "observed_flood_frac": null, "modeled_flood_frac": 0.9, "elev_m": 769.3, "slope_deg": 15.4, "n_lakes": 0, "n_drains": 1, "low_income_score": 0.15, "equity_weight": 1.075}}, {"type": "Feature", "geometry": {"type": "Polygon", "coordinates": [[[85.2506, 27.90669], [85.2706, 27.90669], [85.2706, 27.92669], [85.2506, 27.92669], [85.2506, 27.90669]]]}, "properties": {"cell_id": "kat_0009", "flood_depth_m": {"rp10": 0.65, "rp100": 1.62}, "glof_depth_m": 0.0, "landslide_prob": 0.095, "population": 2266, "critical_assets": [], "eal_people": 172.952, "eal_usd": 432380.0, "observed_flood_frac": null, "modeled_flood_frac": 0.9, "elev_m": 701.6, "slope_deg": 11.4, "n_lakes": 0, "n_drains": 0, "low_income_score": 0.15, "equity_weight": 1.075}}, {"type": "Feature", "geometry": {"type": "Polygon", "coordinates": [[[85.2706, 27.90669], [85.2906, 27.90669], [85.2906, 27.92669], [85.2706, 27.92669], [85.2706, 27.90669]]]}, "properties": {"cell_id": "kat_0010", "flood_depth_m": {"rp10": 0.85, "rp100": 2.12}, "glof_depth_m": 0.0, "landslide_prob": 0.094, "population": 4171, "critical_assets": ["lake"], "eal_people": 430.447, "eal_usd": 1076118.0, "observed_flood_frac": null, "modeled_flood_frac": 0.9, "elev_m": 704.3, "slope_deg": 11.2, "n_lakes": 2, "n_drains": 0, "low_income_score": 0.4, "equity_weight": 1.2}}, {"type": "Feature", "geometry": {"type": "Polygon", "coordinates": [[[85.2906, 27.90669], [85.3106, 27.90669], [85.3106, 27.92669], [85.2906, 27.92669], [85.2906, 27.90669]]]}, "properties": {"cell_id": "kat_0011", "flood_depth_m": {"rp10": 0.65, "rp100": 1.62}, "glof_depth_m": 0.0, "landslide_prob": 0.115, "population": 3776, "critical_assets": ["school"], "eal_people": 288.203, "eal_usd": 720507.0, "observed_flood_frac": null, "modeled_flood_frac": 0.9, "elev_m": 745.2, "slope_deg": 13.8, "n_lakes": 0, "n_drains": 0, "low_income_score": 0.15, "equity_weight": 1.075}}, {"type": "Feature", "geometry": {"type": "Polygon", "coordinates": [[[85.3106, 27.90669], [85.3306, 27.90669], [85.3306, 27.92669], [85.3106, 27.92669], [85.3106, 27.90669]]]}, "properties": {"cell_id": "kat_0012", "flood_depth_m": {"rp10": 0.62, "rp100": 1.55}, "glof_depth_m": 0.0, "landslide_prob": 0.115, "population": 2649, "critical_assets": [], "eal_people": 194.211, "eal_usd": 485528.0, "observed_flood_frac": null, "modeled_flood_frac": 0.86, "elev_m": 812.1, "slope_deg": 13.8, "n_lakes": 0, "n_drains": 0, "low_income_score": 0.15, "equity_weight": 1.075}}, {"type": "Feature", "geometry": {"type": "Polygon", "coordinates": [[[85.3306, 27.90669], [85.3506, 27.90669], [85.3506, 27.92669], [85.3306, 27.92669], [85.3306, 27.90669]]]}, "properties": {"cell_id": "kat_0013", "flood_depth_m": {"rp10": 0.45, "rp100": 1.13}, "glof_depth_m": 0.0, "landslide_prob": 0.149, "population": 1473, "critical_assets": [], "eal_people": 82.499, "eal_usd": 206248.0, "observed_flood_frac": null, "modeled_flood_frac": 0.63, "elev_m": 968.1, "slope_deg": 17.9, "n_lakes": 0, "n_drains": 1, "low_income_score": 0.15, "equity_weight": 1.075}}, {"type": "Feature", "geometry": {"type": "Polygon", "coordinates": [[[85.3506, 27.90669], [85.3706, 27.90669], [85.3706, 27.92669], [85.3506, 27.92669], [85.3506, 27.90669]]]}, "properties": {"cell_id": "kat_0014", "flood_depth_m": {"rp10": 0.35, "rp100": 0.88}, "glof_depth_m": 0.0, "landslide_prob": 0.152, "population": 1314, "critical_assets": [], "eal_people": 59.751, "eal_usd": 149378.0, "observed_flood_frac": null, "modeled_flood_frac": 0.49, "elev_m": 1034.5, "slope_deg": 18.3, "n_lakes": 0, "n_drains": 0, "low_income_score": 0.15, "equity_weight": 1.075}}, {"type": "Feature", "geometry": {"type": "Polygon", "coordinates": [[[85.3706, 27.90669], [85.39059999999999, 27.90669], [85.39059999999999, 27.92669], [85.3706, 27.92669], [85.3706, 27.90669]]]}, "properties": {"cell_id": "kat_0015", "flood_depth_m": {"rp10": 0.25, "rp100": 0.63}, "glof_depth_m": 0.0, "landslide_prob": 0.171, "population": 1211, "critical_assets": [], "eal_people": 42.309, "eal_usd": 105772.0, "observed_flood_frac": null, "modeled_flood_frac": 0.35, "elev_m": 1155.9, "slope_deg": 20.5, "n_lakes": 0, "n_drains": 0, "low_income_score": 0.15, "equity_weight": 1.075}}, {"type": "Feature", "geometry": {"type": "Polygon", "coordinates": [[[85.39059999999999, 27.90669], [85.4106, 27.90669], [85.4106, 27.92669], [85.39059999999999, 27.92669], [85.39059999999999, 27.90669]]]}, "properties": {"cell_id": "kat_0016", "flood_depth_m": {"rp10": 0.12, "rp100": 0.29}, "glof_depth_m": 0.0, "landslide_prob": 0.169, "population": 976, "critical_assets": [], "eal_people": 20.145, "eal_usd": 50362.0, "observed_flood_frac": null, "modeled_flood_frac": 0.16, "elev_m": 1212.1, "slope_deg": 20.3, "n_lakes": 0, "n_drains": 0, "low_income_score": 0.15, "equity_weight": 1.075}}, {"type": "Feature", "geometry": {"type": "Polygon", "coordinates": [[[85.4106, 27.90669], [85.4306, 27.90669], [85.4306, 27.92669], [85.4106, 27.92669], [85.4106, 27.90669]]]}, "properties": {"cell_id": "kat_0017", "flood_depth_m": {"rp10": 0.02, "rp100": 0.05}, "glof_depth_m": 0.0, "landslide_prob": 0.177, "population": 1021, "critical_assets": [], "eal_people": 8.781, "eal_usd": 21952.0, "observed_flood_frac": null, "modeled_flood_frac": 0.0, "elev_m": 1321.2, "slope_deg": 21.2, "n_lakes": 0, "n_drains": 0, "low_income_score": 0.15, "equity_weight": 1.075}}, {"type": "Feature", "geometry": {"type": "Polygon", "coordinates": [[[85.4306, 27.90669], [85.4506, 27.90669], [85.4506, 27.92669], [85.4306, 27.92669], [85.4306, 27.90669]]]}, "properties": {"cell_id": "kat_0018", "flood_depth_m": {"rp10": 0.02, "rp100": 0.05}, "glof_depth_m": 0.0, "landslide_prob": 0.151, "population": 969, "critical_assets": [], "eal_people": 8.333, "eal_usd": 20832.0, "observed_flood_frac": null, "modeled_flood_frac": 0.0, "elev_m": 1482.7, "slope_deg": 18.1, "n_lakes": 0, "n_drains": 0, "low_income_score": 0.15, "equity_weight": 1.075}}, {"type": "Feature", "geometry": {"type": "Polygon", "coordinates": [[[85.4506, 27.90669], [85.4706, 27.90669], [85.4706, 27.92669], [85.4506, 27.92669], [85.4506, 27.90669]]]}, "properties": {"cell_id": "kat_0019", "flood_depth_m": {"rp10": 0.02, "rp100": 0.05}, "glof_depth_m": 0.0, "landslide_prob": 0.175, "population": 695, "critical_assets": [], "eal_people": 7.023, "eal_usd": 17558.0, "observed_flood_frac": null, "modeled_flood_frac": 0.02, "elev_m": 1857.5, "slope_deg": 21.0, "n_lakes": 0, "n_drains": 0, "low_income_score": 0.15, "equity_weight": 1.075}}, {"type": "Feature", "geometry": {"type": "Polygon", "coordinates": [[[85.4706, 27.90669], [85.4906, 27.90669], [85.4906, 27.92669], [85.4706, 27.92669], [85.4706, 27.90669]]]}, "properties": {"cell_id": "kat_0020", "flood_depth_m": {"rp10": 0.06, "rp100": 0.16}, "glof_depth_m": 0.0, "landslide_prob": 0.164, "population": 485, "critical_assets": [], "eal_people": 7.456, "eal_usd": 18640.0, "observed_flood_frac": null, "modeled_flood_frac": 0.09, "elev_m": 2331.0, "slope_deg": 19.7, "n_lakes": 0, "n_drains": 0, "low_income_score": 0.15, "equity_weight": 1.075}}, {"type": "Feature", "geometry": {"type": "Polygon", "coordinates": [[[85.4906, 27.90669], [85.5106, 27.90669], [85.5106, 27.92669], [85.4906, 27.92669], [85.4906, 27.90669]]]}, "properties": {"cell_id": "kat_0021", "flood_depth_m": {"rp10": 0.02, "rp100": 0.05}, "glof_depth_m": 0.0, "landslide_prob": 0.163, "population": 199, "critical_assets": [], "eal_people": 1.861, "eal_usd": 4652.0, "observed_flood_frac": null, "modeled_flood_frac": 0.01, "elev_m": 2099.4, "slope_deg": 19.6, "n_lakes": 0, "n_drains": 0, "low_income_score": 0.15, "equity_weight": 1.075}}, {"type": "Feature", "geometry": {"type": "Polygon", "coordinates": [[[85.5106, 27.90669], [85.53059999999999, 27.90669], [85.53059999999999, 27.92669], [85.5106, 27.92669], [85.5106, 27.90669]]]}, "properties": {"cell_id": "kat_0022", "flood_depth_m": {"rp10": 0.02, "rp100": 0.05}, "glof_depth_m": 0.0, "landslide_prob": 0.175, "population": 363, "critical_assets": [], "eal_people": 3.122, "eal_usd": 7805.0, "observed_flood_frac": null, "modeled_flood_frac": 0.0, "elev_m": 1537.7, "slope_deg": 21.1, "n_lakes": 0, "n_drains": 0, "low_income_score": 0.15, "equity_weight": 1.075}}, {"type": "Feature", "geometry": {"type": "Polygon", "coordinates": [[[85.53059999999999, 27.90669], [85.5506, 27.90669], [85.5506, 27.92669], [85.53059999999999, 27.92669], [85.53059999999999, 27.90669]]]}, "properties": {"cell_id": "kat_0023", "flood_depth_m": {"rp10": 0.02, "rp100": 0.05}, "glof_depth_m": 0.0, "landslide_prob": 0.136, "population": 803, "critical_assets": [], "eal_people": 6.906, "eal_usd": 17265.0, "observed_flood_frac": null, "modeled_flood_frac": 0.0, "elev_m": 1289.7, "slope_deg": 16.3, "n_lakes": 0, "n_drains": 0, "low_income_score": 0.15, "equity_weight": 1.075}}, {"type": "Feature", "geometry": {"type": "Polygon", "coordinates": [[[85.0706, 27.88669], [85.0906, 27.88669], [85.0906, 27.90669], [85.0706, 27.90669], [85.0706, 27.88669]]]}, "properties": {"cell_id": "kat_0024", "flood_depth_m": {"rp10": 0.55, "rp100": 1.37}, "glof_depth_m": 0.0, "landslide_prob": 0.14, "population": 861, "critical_assets": [], "eal_people": 56.645, "eal_usd": 141612.0, "observed_flood_frac": null, "modeled_flood_frac": 0.76, "elev_m": 947.5, "slope_deg": 16.8, "n_lakes": 0, "n_drains": 0, "low_income_score": 0.15, "equity_weight": 1.075}}, {"type": "Feature", "geometry": {"type": "Polygon", "coordinates": [[[85.0906, 27.88669], [85.1106, 27.88669], [85.1106, 27.90669], [85.0906, 27.90669], [85.0906, 27.88669]]]}, "properties": {"cell_id": "kat_0025", "flood_depth_m": {"rp10": 0.6, "rp100": 1.51}, "glof_depth_m": 0.0, "landslide_prob": 0.135, "population": 563, "critical_assets": [], "eal_people": 40.429, "eal_usd": 101072.0, "observed_flood_frac": null, "modeled_flood_frac": 0.84, "elev_m": 931.0, "slope_deg": 16.2, "n_lakes": 0, "n_drains": 0, "low_income_score": 0.15, "equity_weight": 1.075}}, {"type": "Feature", "geometry": {"type": "Polygon", "coordinates": [[[85.1106, 27.88669], [85.1306, 27.88669], [85.1306, 27.90669], [85.1106, 27.90669], [85.1106, 27.88669]]]}, "properties": {"cell_id": "kat_0026", "flood_depth_m": {"rp10": 0.72, "rp100": 1.8}, "glof_depth_m": 0.0, "landslide_prob": 0.146, "population": 667, "critical_assets": [], "eal_people": 55.928, "eal_usd": 139820.0, "observed_flood_frac": null, "modeled_flood_frac": 1.0, "elev_m": 808.9, "slope_deg": 17.6, "n_lakes": 0, "n_drains": 0, "low_income_score": 0.15, "equity_weight": 1.075}}, {"type": "Feature", "geometry": {"type": "Polygon", "coordinates": [[[85.1306, 27.88669], [85.1506, 27.88669], [85.1506, 27.90669], [85.1306, 27.90669], [85.1306, 27.88669]]]}, "properties": {"cell_id": "kat_0027", "flood_depth_m": {"rp10": 1.12, "rp100": 2.8}, "glof_depth_m": 0.0, "landslide_prob": 0.058, "population": 5099, "critical_assets": ["lake", "school", "clinic", "clinic"], "eal_people": 509.773, "eal_usd": 1274432.0, "observed_flood_frac": null, "modeled_flood_frac": 1.0, "elev_m": 559.9, "slope_deg": 7.0, "n_lakes": 4, "n_drains": 0, "low_income_score": 0.15, "equity_weight": 1.075}}, {"type": "Feature", "geometry": {"type": "Polygon", "coordinates": [[[85.1506, 27.88669], [85.1706, 27.88669], [85.1706, 27.90669], [85.1506, 27.90669], [85.1506, 27.88669]]]}, "properties": {"cell_id": "kat_0028", "flood_depth_m": {"rp10": 0.72, "rp100": 1.8}, "glof_depth_m": 0.0, "landslide_prob": 0.073, "population": 2233, "critical_assets": [], "eal_people": 187.237, "eal_usd": 468092.0, "observed_flood_frac": null, "modeled_flood_frac": 1.0, "elev_m": 597.9, "slope_deg": 8.8, "n_lakes": 0, "n_drains": 0, "low_income_score": 0.15, "equity_weight": 1.075}}, {"type": "Feature", "geometry": {"type": "Polygon", "coordinates": [[[85.1706, 27.88669], [85.1906, 27.88669], [85.1906, 27.90669], [85.1706, 27.90669], [85.1706, 27.88669]]]}, "properties": {"cell_id": "kat_0029", "flood_depth_m": {"rp10": 0.72, "rp100": 1.8}, "glof_depth_m": 0.0, "landslide_prob": 0.082, "population": 1716, "critical_assets": [], "eal_people": 143.887, "eal_usd": 359718.0, "observed_flood_frac": null, "modeled_flood_frac": 1.0, "elev_m": 574.4, "slope_deg": 9.9, "n_lakes": 0, "n_drains": 0, "low_income_score": 0.15, "equity_weight": 1.075}}, {"type": "Feature", "geometry": {"type": "Polygon", "coordinates": [[[85.1906, 27.88669], [85.2106, 27.88669], [85.2106, 27.90669], [85.1906, 27.90669], [85.1906, 27.88669]]]}, "properties": {"cell_id": "kat_0030", "flood_depth_m": {"rp10": 0.72, "rp100": 1.8}, "glof_depth_m": 0.0, "landslide_prob": 0.096, "population": 1101, "critical_assets": [], "eal_people": 92.319, "eal_usd": 230798.0, "observed_flood_frac": null, "modeled_flood_frac": 1.0, "elev_m": 641.7, "slope_deg": 11.6, "n_lakes": 0, "n_drains": 0, "low_income_score": 0.15, "equity_weight": 1.075}}, {"type": "Feature", "geometry": {"type": "Polygon", "coordinates": [[[85.2106, 27.88669], [85.2306, 27.88669], [85.2306, 27.90669], [85.2106, 27.90669], [85.2106, 27.88669]]]}, "properties": {"cell_id": "kat_0031", "flood_depth_m": {"rp10": 0.71, "rp100": 1.78}, "glof_depth_m": 0.0, "landslide_prob": 0.113, "population": 1102, "critical_assets": [], "eal_people": 91.573, "eal_usd": 228932.0, "observed_flood_frac": null, "modeled_flood_frac": 0.99, "elev_m": 681.2, "slope_deg": 13.6, "n_lakes": 0, "n_drains": 0, "low_income_score": 0.15, "equity_weight": 1.075}}, {"type": "Feature", "geometry": {"type": "Polygon", "coordinates": [[[85.2306, 27.88669], [85.2506, 27.88669], [85.2506, 27.90669], [85.2306, 27.90669], [85.2306, 27.88669]]]}, "properties": {"cell_id": "kat_0032", "flood_depth_m": {"rp10": 0.72, "rp100": 1.8}, "glof_depth_m": 0.0, "landslide_prob": 0.064, "population": 2147, "critical_assets": [], "eal_people": 180.026, "eal_usd": 450065.0, "observed_flood_frac": null, "modeled_flood_frac": 1.0, "elev_m": 601.6, "slope_deg": 7.6, "n_lakes": 0, "n_drains": 0, "low_income_score": 0.15, "equity_weight": 1.075}}, {"type": "Feature", "geometry": {"type": "Polygon", "coordinates": [[[85.2506, 27.88669], [85.2706, 27.88669], [85.2706, 27.90669], [85.2506, 27.90669], [85.2506, 27.88669]]]}, "properties": {"cell_id": "kat_0033", "flood_depth_m": {"rp10": 0.69, "rp100": 1.73}, "glof_depth_m": 0.0, "landslide_prob": 0.15, "population": 1190, "critical_assets": [], "eal_people": 96.2, "eal_usd": 240500.0, "observed_flood_frac": null, "modeled_flood_frac": 0.96, "elev_m": 749.0, "slope_deg": 18.1, "n_lakes": 0, "n_drains": 0, "low_income_score": 0.15, "equity_weight": 1.075}}, {"type": "Feature", "geometry": {"type": "Polygon", "coordinates": [[[85.2706, 27.88669], [85.2906, 27.88669], [85.2906, 27.90669], [85.2706, 27.90669], [85.2706, 27.88669]]]}, "properties": {"cell_id": "kat_0034", "flood_depth_m": {"rp10": 0.48, "rp100": 1.19}, "glof_depth_m": 0.0, "landslide_prob": 0.156, "population": 1494, "critical_assets": [], "eal_people": 87.048, "eal_usd": 217620.0, "observed_flood_frac": null, "modeled_flood_frac": 0.66, "elev_m": 974.9, "slope_deg": 18.7, "n_lakes": 0, "n_drains": 0, "low_income_score": 0.15, "equity_weight": 1.075}}, {"type": "Feature", "geometry": {"type": "Polygon", "coordinates": [[[85.2906, 27.88669], [85.3106, 27.88669], [85.3106, 27.90669], [85.2906, 27.90669], [85.2906, 27.88669]]]}, "properties": {"cell_id": "kat_0035", "flood_depth_m": {"rp10": 0.15, "rp100": 0.38}, "glof_depth_m": 0.0, "landslide_prob": 0.142, "population": 1406, "critical_assets": [], "eal_people": 34.31, "eal_usd": 85775.0, "observed_flood_frac": null, "modeled_flood_frac": 0.21, "elev_m": 1217.7, "slope_deg": 17.1, "n_lakes": 0, "n_drains": 0, "low_income_score": 0.15, "equity_weight": 1.075}}, {"type": "Feature", "geometry": {"type": "Polygon", "coordinates": [[[85.3106, 27.88669], [85.3306, 27.88669], [85.3306, 27.90669], [85.3106, 27.90669], [85.3106, 27.88669]]]}, "properties": {"cell_id": "kat_0036", "flood_depth_m": {"rp10": 0.2, "rp100": 0.5}, "glof_depth_m": 0.0, "landslide_prob": 0.149, "population": 866, "critical_assets": [], "eal_people": 25.694, "eal_usd": 64235.0, "observed_flood_frac": null, "modeled_flood_frac": 0.28, "elev_m": 1240.0, "slope_deg": 17.8, "n_lakes": 0, "n_drains": 0, "low_income_score": 0.15, "equity_weight": 1.075}}, {"type": "Feature", "geometry": {"type": "Polygon", "coordinates": [[[85.3306, 27.88669], [85.3506, 27.88669], [85.3506, 27.90669], [85.3306, 27.90669], [85.3306, 27.88669]]]}, "properties": {"cell_id": "kat_0037", "flood_depth_m": {"rp10": 0.1, "rp100": 0.25}, "glof_depth_m": 0.0, "landslide_prob": 0.173, "population": 763, "critical_assets": [], "eal_people": 14.6, "eal_usd": 36500.0, "observed_flood_frac": null, "modeled_flood_frac": 0.14, "elev_m": 1561.4, "slope_deg": 20.8, "n_lakes": 0, "n_drains": 0, "low_income_score": 0.15, "equity_weight": 1.075}}, {"type": "Feature", "geometry": {"type": "Polygon", "coordinates": [[[85.3506, 27.88669], [85.3706, 27.88669], [85.3706, 27.90669], [85.3506, 27.90669], [85.3506, 27.88669]]]}, "properties": {"cell_id": "kat_0038", "flood_depth_m": {"rp10": 0.02, "rp100": 0.05}, "glof_depth_m": 0.0, "landslide_prob": 0.146, "population": 652, "critical_assets": [], "eal_people": 7.079, "eal_usd": 17698.0, "observed_flood_frac": null, "modeled_flood_frac": 0.03, "elev_m": 1558.0, "slope_deg": 17.5, "n_lakes": 0, "n_drains": 0, "low_income_score": 0.15, "equity_weight": 1.075}}, {"type": "Feature", "geometry": {"type": "Polygon", "coordinates": [[[85.3706, 27.88669], [85.39059999999999, 27.88669], [85.39059999999999, 27.90669], [85.3706, 27.90669], [85.3706, 27.88669]]]}, "properties": {"cell_id": "kat_0039", "flood_depth_m": {"rp10": 0.13, "rp100": 0.32}, "glof_depth_m": 0.0, "landslide_prob": 0.17, "population": 466, "critical_assets": [], "eal_people": 10.32, "eal_usd": 25800.0, "observed_flood_frac": null, "modeled_flood_frac": 0.18, "elev_m": 1745.2, "slope_deg": 20.4, "n_lakes": 0, "n_drains": 0, "low_income_score": 0.15, "equity_weight": 1.075}}, {"type": "Feature", "geometry": {"type": "Polygon", "coordinates": [[[85.39059999999999, 27.88669], [85.4106, 27.88669], [85.4106, 27.90669], [85.39059999999999, 27.90669], [85.39059999999999, 27.88669]]]}, "properties": {"cell_id": "kat_0040", "flood_depth_m": {"rp10": 0.03, "rp100": 0.07}, "glof_depth_m": 0.0, "landslide_prob": 0.156, "population": 425, "critical_assets": [], "eal_people": 4.934, "eal_usd": 12335.0, "observed_flood_frac": null, "modeled_flood_frac": 0.04, "elev_m": 1593.3, "slope_deg": 18.7, "n_lakes": 0, "n_drains": 0, "low_income_score": 0.15, "equity_weight": 1.075}}, {"type": "Feature", "geometry": {"type": "Polygon", "coordinates": [[[85.4106, 27.88669], [85.4306, 27.88669], [85.4306, 27.90669], [85.4106, 27.90669], [85.4106, 27.88669]]]}, "properties": {"cell_id": "kat_0041", "flood_depth_m": {"rp10": 0.02, "rp100": 0.05}, "glof_depth_m": 0.0, "landslide_prob": 0.176, "population": 294, "critical_assets": [], "eal_people": 2.528, "eal_usd": 6320.0, "observed_flood_frac": null, "modeled_flood_frac": 0.0, "elev_m": 1608.2, "slope_deg": 21.2, "n_lakes": 0, "n_drains": 0, "low_income_score": 0.15, "equity_weight": 1.075}}, {"type": "Feature", "geometry": {"type": "Polygon", "coordinates": [[[85.4306, 27.88669], [85.4506, 27.88669], [85.4506, 27.90669], [85.4306, 27.90669], [85.4306, 27.88669]]]}, "properties": {"cell_id": "kat_0042", "flood_depth_m": {"rp10": 0.02, "rp100": 0.05}, "glof_depth_m": 0.0, "landslide_prob": 0.183, "population": 294, "critical_assets": [], "eal_people": 3.192, "eal_usd": 7980.0, "observed_flood_frac": null, "modeled_flood_frac": 0.03, "elev_m": 1955.9, "slope_deg": 22.0, "n_lakes": 0, "n_drains": 0, "low_income_score": 0.15, "equity_weight": 1.075}}, {"type": "Feature", "geometry": {"type": "Polygon", "coordinates": [[[85.4506, 27.88669], [85.4706, 27.88669], [85.4706, 27.90669], [85.4506, 27.90669], [85.4506, 27.88669]]]}, "properties": {"cell_id": "kat_0043", "flood_depth_m": {"rp10": 0.02, "rp100": 0.05}, "glof_depth_m": 0.0, "landslide_prob": 0.155, "population": 380, "critical_assets": [], "eal_people": 3.268, "eal_usd": 8170.0, "observed_flood_frac": null, "modeled_flood_frac": 0.0, "elev_m": 1909.8, "slope_deg": 18.6, "n_lakes": 0, "n_drains": 0, "low_income_score": 0.15, "equity_weight": 1.075}}, {"type": "Feature", "geometry": {"type": "Polygon", "coordinates": [[[85.4706, 27.88669], [85.4906, 27.88669], [85.4906, 27.90669], [85.4706, 27.90669], [85.4706, 27.88669]]]}, "properties": {"cell_id": "kat_0044", "flood_depth_m": {"rp10": 0.02, "rp100": 0.05}, "glof_depth_m": 0.0, "landslide_prob": 0.176, "population": 714, "critical_assets": [], "eal_people": 7.752, "eal_usd": 19380.0, "observed_flood_frac": null, "modeled_flood_frac": 0.03, "elev_m": 2028.9, "slope_deg": 21.1, "n_lakes": 0, "n_drains": 0, "low_income_score": 0.15, "equity_weight": 1.075}}, {"type": "Feature", "geometry": {"type": "Polygon", "coordinates": [[[85.4906, 27.88669], [85.5106, 27.88669], [85.5106, 27.90669], [85.4906, 27.90669], [85.4906, 27.88669]]]}, "properties": {"cell_id": "kat_0045", "flood_depth_m": {"rp10": 0.03, "rp100": 0.07}, "glof_depth_m": 0.0, "landslide_prob": 0.189, "population": 407, "critical_assets": [], "eal_people": 4.725, "eal_usd": 11812.0, "observed_flood_frac": null, "modeled_flood_frac": 0.04, "elev_m": 1756.8, "slope_deg": 22.6, "n_lakes": 0, "n_drains": 0, "low_income_score": 0.15, "equity_weight": 1.075}}, {"type": "Feature", "geometry": {"type": "Polygon", "coordinates": [[[85.5106, 27.88669], [85.53059999999999, 27.88669], [85.53059999999999, 27.90669], [85.5106, 27.90669], [85.5106, 27.88669]]]}, "properties": {"cell_id": "kat_0046", "flood_depth_m": {"rp10": 0.05, "rp100": 0.13}, "glof_depth_m": 0.0, "landslide_prob": 0.182, "population": 374, "critical_assets": [], "eal_people": 5.186, "eal_usd": 12965.0, "observed_flood_frac": null, "modeled_flood_frac": 0.07, "elev_m": 1506.0, "slope_deg": 21.8, "n_lakes": 0, "n_drains": 0, "low_income_score": 0.15, "equity_weight": 1.075}}, {"type": "Feature", "geometry": {"type": "Polygon", "coordinates": [[[85.53059999999999, 27.88669], [85.5506, 27.88669], [85.5506, 27.90669], [85.53059999999999, 27.90669], [85.53059999999999, 27.88669]]]}, "properties": {"cell_id": "kat_0047", "flood_depth_m": {"rp10": 0.11, "rp100": 0.27}, "glof_depth_m": 0.0, "landslide_prob": 0.11, "population": 882, "critical_assets": [], "eal_people": 17.541, "eal_usd": 43852.0, "observed_flood_frac": null, "modeled_flood_frac": 0.15, "elev_m": 1142.2, "slope_deg": 13.2, "n_lakes": 0, "n_drains": 0, "low_income_score": 0.15, "equity_weight": 1.075}}, {"type": "Feature", "geometry": {"type": "Polygon", "coordinates": [[[85.0706, 27.866690000000002], [85.0906, 27.866690000000002], [85.0906, 27.88669], [85.0706, 27.88669], [85.0706, 27.866690000000002]]]}, "properties": {"cell_id": "kat_0048", "flood_depth_m": {"rp10": 0.65, "rp100": 1.62}, "glof_depth_m": 0.0, "landslide_prob": 0.14, "population": 642, "critical_assets": [], "eal_people": 49.001, "eal_usd": 122502.0, "observed_flood_frac": null, "modeled_flood_frac": 0.9, "elev_m": 755.3, "slope_deg": 16.8, "n_lakes": 0, "n_drains": 0, "low_income_score": 0.15, "equity_weight": 1.075}}, {"type": "Feature", "geometry": {"type": "Polygon", "coordinates": [[[85.0906, 27.866690000000002], [85.1106, 27.866690000000002], [85.1106, 27.88669], [85.0906, 27.88669], [85.0906, 27.866690000000002]]]}, "properties": {"cell_id": "kat_0049", "flood_depth_m": {"rp10": 0.72, "rp100": 1.8}, "glof_depth_m": 0.0, "landslide_prob": 0.126, "population": 1081, "critical_assets": [], "eal_people": 90.642, "eal_usd": 226605.0, "observed_flood_frac": null, "modeled_flood_frac": 1.0, "elev_m": 716.7, "slope_deg": 15.1, "n_lakes": 0, "n_drains": 0, "low_income_score": 0.15, "equity_weight": 1.075}}, {"type": "Feature", "geometry": {"type": "Polygon", "coordinates": [[[85.1106, 27.866690000000002], [85.1306, 27.866690000000002], [85.1306, 27.88669], [85.1106, 27.88669], [85.1106, 27.866690000000002]]]}, "properties": {"cell_id": "kat_0050", "flood_depth_m": {"rp10": 0.72, "rp100": 1.8}, "glof_depth_m": 0.0, "landslide_prob": 0.07, "population": 1821, "critical_assets": [], "eal_people": 152.691, "eal_usd": 381728.0, "observed_flood_frac": null, "modeled_flood_frac": 1.0, "elev_m": 546.5, "slope_deg": 8.4, "n_lakes": 0, "n_drains": 0, "low_income_score": 0.15, "equity_weight": 1.075}}, {"type": "Feature", "geometry": {"type": "Polygon", "coordinates": [[[85.1306, 27.866690000000002], [85.1506, 27.866690000000002], [85.1506, 27.88669], [85.1306, 27.88669], [85.1306, 27.866690000000002]]]}, "properties": {"cell_id": "kat_0051", "flood_depth_m": {"rp10": 0.82, "rp100": 2.05}, "glof_depth_m": 0.0, "landslide_prob": 0.045, "population": 3405, "critical_assets": ["lake"], "eal_people": 340.415, "eal_usd": 851038.0, "observed_flood_frac": null, "modeled_flood_frac": 1.0, "elev_m": 549.4, "slope_deg": 5.4, "n_lakes": 1, "n_drains": 0, "low_income_score": 0.15, "equity_weight": 1.075}}, {"type": "Feature", "geometry": {"type": "Polygon", "coordinates": [[[85.1506, 27.866690000000002], [85.1706, 27.866690000000002], [85.1706, 27.88669], [85.1506, 27.88669], [85.1506, 27.866690000000002]]]}, "properties": {"cell_id": "kat_0052", "flood_depth_m": {"rp10": 0.82, "rp100": 2.05}, "glof_depth_m": 0.0, "landslide_prob": 0.121, "population": 1686, "critical_assets": ["lake"], "eal_people": 168.558, "eal_usd": 421395.0, "observed_flood_frac": null, "modeled_flood_frac": 1.0, "elev_m": 658.1, "slope_deg": 14.5, "n_lakes": 1, "n_drains": 0, "low_income_score": 0.15, "equity_weight": 1.075}}, {"type": "Feature", "geometry": {"type": "Polygon", "coordinates": [[[85.1706, 27.866690000000002], [85.1906, 27.866690000000002], [85.1906, 27.88669], [85.1706, 27.88669], [85.1706, 27.866690000000002]]]}, "properties": {"cell_id": "kat_0053", "flood_depth_m": {"rp10": 0.82, "rp100": 2.05}, "glof_depth_m": 0.0, "landslide_prob": 0.112, "population": 1250, "critical_assets": ["lake"], "eal_people": 124.969, "eal_usd": 312422.0, "observed_flood_frac": null, "modeled_flood_frac": 1.0, "elev_m": 646.8, "slope_deg": 13.4, "n_lakes": 1, "n_drains": 0, "low_income_score": 0.15, "equity_weight": 1.075}}, {"type": "Feature", "geometry": {"type": "Polygon", "coordinates": [[[85.1906, 27.866690000000002], [85.2106, 27.866690000000002], [85.2106, 27.88669], [85.1906, 27.88669], [85.1906, 27.866690000000002]]]}, "properties": {"cell_id": "kat_0054", "flood_depth_m": {"rp10": 0.72, "rp100": 1.8}, "glof_depth_m": 0.0, "landslide_prob": 0.126, "population": 1284, "critical_assets": [], "eal_people": 107.663, "eal_usd": 269158.0, "observed_flood_frac": null, "modeled_flood_frac": 1.0, "elev_m": 683.6, "slope_deg": 15.2, "n_lakes": 0, "n_drains": 0, "low_income_score": 0.15, "equity_weight": 1.075}}, {"type": "Feature", "geometry": {"type": "Polygon", "coordinates": [[[85.2106, 27.866690000000002], [85.2306, 27.866690000000002], [85.2306, 27.88669], [85.2106, 27.88669], [85.2106, 27.866690000000002]]]}, "properties": {"cell_id": "kat_0055", "flood_depth_m": {"rp10": 0.71, "rp100": 1.78}, "glof_depth_m": 0.0, "landslide_prob": 0.156, "population": 835, "critical_assets": [], "eal_people": 69.386, "eal_usd": 173465.0, "observed_flood_frac": null, "modeled_flood_frac": 0.99, "elev_m": 792.7, "slope_deg": 18.7, "n_lakes": 0, "n_drains": 0, "low_income_score": 0.15, "equity_weight": 1.075}}, {"type": "Feature", "geometry": {"type": "Polygon", "coordinates": [[[85.2306, 27.866690000000002], [85.2506, 27.866690000000002], [85.2506, 27.88669], [85.2306, 27.88669], [85.2306, 27.866690000000002]]]}, "properties": {"cell_id": "kat_0056", "flood_depth_m": {"rp10": 0.72, "rp100": 1.8}, "glof_depth_m": 0.0, "landslide_prob": 0.124, "population": 880, "critical_assets": [], "eal_people": 73.788, "eal_usd": 184470.0, "observed_flood_frac": null, "modeled_flood_frac": 1.0, "elev_m": 731.4, "slope_deg": 14.9, "n_lakes": 0, "n_drains": 0, "low_income_score": 0.15, "equity_weight": 1.075}}, {"type": "Feature", "geometry": {"type": "Polygon", "coordinates": [[[85.2506, 27.866690000000002], [85.2706, 27.866690000000002], [85.2706, 27.88669], [85.2506, 27.88669], [85.2506, 27.866690000000002]]]}, "properties": {"cell_id": "kat_0057", "flood_depth_m": {"rp10": 0.72, "rp100": 1.8}, "glof_depth_m": 0.0, "landslide_prob": 0.07, "population": 1711, "critical_assets": ["school"], "eal_people": 143.467, "eal_usd": 358668.0, "observed_flood_frac": null, "modeled_flood_frac": 1.0, "elev_m": 651.9, "slope_deg": 8.4, "n_lakes": 0, "n_drains": 0, "low_income_score": 0.15, "equity_weight": 1.075}}, {"type": "Feature", "geometry": {"type": "Polygon", "coordinates": [[[85.2706, 27.866690000000002], [85.2906, 27.866690000000002], [85.2906, 27.88669], [85.2706, 27.88669], [85.2706, 27.866690000000002]]]}, "properties": {"cell_id": "kat_0058", "flood_depth_m": {"rp10": 0.82, "rp100": 2.05}, "glof_depth_m": 0.0, "landslide_prob": 0.108, "population": 2382, "critical_assets": ["lake"], "eal_people": 238.14, "eal_usd": 595350.0, "observed_flood_frac": null, "modeled_flood_frac": 1.0, "elev_m": 734.7, "slope_deg": 13.0, "n_lakes": 1, "n_drains": 0, "low_income_score": 0.15, "equity_weight": 1.075}}, {"type": "Feature", "geometry": {"type": "Polygon", "coordinates": [[[85.2906, 27.866690000000002], [85.3106, 27.866690000000002], [85.3106, 27.88669], [85.2906, 27.88669], [85.2906, 27.866690000000002]]]}, "properties": {"cell_id": "kat_0059", "flood_depth_m": {"rp10": 0.55, "rp100": 1.37}, "glof_depth_m": 0.0, "landslide_prob": 0.153, "population": 824, "critical_assets": [], "eal_people": 54.211, "eal_usd": 135528.0, "observed_flood_frac": null, "modeled_flood_frac": 0.76, "elev_m": 964.9, "slope_deg": 18.4, "n_lakes": 0, "n_drains": 0, "low_income_score": 0.15, "equity_weight": 1.075}}, {"type": "Feature", "geometry": {"type": "Polygon", "coordinates": [[[85.3106, 27.866690000000002], [85.3306, 27.866690000000002], [85.3306, 27.88669], [85.3106, 27.88669], [85.3106, 27.866690000000002]]]}, "properties": {"cell_id": "kat_0060", "flood_depth_m": {"rp10": 0.26, "rp100": 0.65}, "glof_depth_m": 0.0, "landslide_prob": 0.165, "population": 605, "critical_assets": [], "eal_people": 21.592, "eal_usd": 53980.0, "observed_flood_frac": null, "modeled_flood_frac": 0.36, "elev_m": 1160.9, "slope_deg": 19.8, "n_lakes": 0, "n_drains": 0, "low_income_score": 0.15, "equity_weight": 1.075}}, {"type": "Feature", "geometry": {"type": "Polygon", "coordinates": [[[85.3306, 27.866690000000002], [85.3506, 27.866690000000002], [85.3506, 27.88669], [85.3306, 27.88669], [85.3306, 27.866690000000002]]]}, "properties": {"cell_id": "kat_0061", "flood_depth_m": {"rp10": 0.22, "rp100": 0.56}, "glof_depth_m": 0.0, "landslide_prob": 0.183, "population": 724, "critical_assets": [], "eal_people": 23.116, "eal_usd": 57790.0, "observed_flood_frac": null, "modeled_flood_frac": 0.31, "elev_m": 1278.1, "slope_deg": 21.9, "n_lakes": 0, "n_drains": 0, "low_income_score": 0.15, "equity_weight": 1.075}}, {"type": "Feature", "geometry": {"type": "Polygon", "coordinates": [[[85.3506, 27.866690000000002], [85.3706, 27.866690000000002], [85.3706, 27.88669], [85.3506, 27.88669], [85.3506, 27.866690000000002]]]}, "properties": {"cell_id": "kat_0062", "flood_depth_m": {"rp10": 0.09, "rp100": 0.23}, "glof_depth_m": 0.0, "landslide_prob": 0.194, "population": 804, "critical_assets": [], "eal_people": 14.78, "eal_usd": 36950.0, "observed_flood_frac": null, "modeled_flood_frac": 0.13, "elev_m": 1342.1, "slope_deg": 23.3, "n_lakes": 0, "n_drains": 0, "low_income_score": 0.15, "equity_weight": 1.075}}, {"type": "Feature", "geometry": {"type": "Polygon", "coordinates": [[[85.3706, 27.866690000000002], [85.39059999999999, 27.866690000000002], [85.39059999999999, 27.88669], [85.3706, 27.88669], [85.3706, 27.866690000000002]]]}, "properties": {"cell_id": "kat_0063", "flood_depth_m": {"rp10": 0.03, "rp100": 0.07}, "glof_depth_m": 0.0, "landslide_prob": 0.2, "population": 642, "critical_assets": [], "eal_people": 7.454, "eal_usd": 18635.0, "observed_flood_frac": null, "modeled_flood_frac": 0.04, "elev_m": 1410.0, "slope_deg": 24.0, "n_lakes": 0, "n_drains": 0, "low_income_score": 0.15, "equity_weight": 1.075}}, {"type": "Feature", "geometry": {"type": "Polygon", "coordinates": [[[85.39059999999999, 27.866690000000002], [85.4106, 27.866690000000002], [85.4106, 27.88669], [85.39059999999999, 27.88669], [85.39059999999999, 27.866690000000002]]]}, "properties": {"cell_id": "kat_0064", "flood_depth_m": {"rp10": 0.06, "rp100": 0.16}, "glof_depth_m": 0.0, "landslide_prob": 0.193, "population": 571, "critical_assets": [], "eal_people": 8.778, "eal_usd": 21945.0, "observed_flood_frac": null, "modeled_flood_frac": 0.09, "elev_m": 1680.5, "slope_deg": 23.2, "n_lakes": 0, "n_drains": 0, "low_income_score": 0.15, "equity_weight": 1.075}}, {"type": "Feature", "geometry": {"type": "Polygon", "coordinates": [[[85.4106, 27.866690000000002], [85.4306, 27.866690000000002], [85.4306, 27.88669], [85.4106, 27.88669], [85.4106, 27.866690000000002]]]}, "properties": {"cell_id": "kat_0065", "flood_depth_m": {"rp10": 0.02, "rp100": 0.05}, "glof_depth_m": 0.0, "landslide_prob": 0.202, "population": 413, "critical_assets": [], "eal_people": 4.484, "eal_usd": 11210.0, "observed_flood_frac": null, "modeled_flood_frac": 0.03, "elev_m": 1838.8, "slope_deg": 24.2, "n_lakes": 0, "n_drains": 0, "low_income_score": 0.15, "equity_weight": 1.075}}, {"type": "Feature", "geometry": {"type": "Polygon", "coordinates": [[[85.4306, 27.866690000000002], [85.4506, 27.866690000000002], [85.4506, 27.88669], [85.4306, 27.88669], [85.4306, 27.866690000000002]]]}, "properties": {"cell_id": "kat_0066", "flood_depth_m": {"rp10": 0.1, "rp100": 0.25}, "glof_depth_m": 0.0, "landslide_prob": 0.19, "population": 322, "critical_assets": [], "eal_people": 6.161, "eal_usd": 15402.0, "observed_flood_frac": null, "modeled_flood_frac": 0.14, "elev_m": 2168.4, "slope_deg": 22.8, "n_lakes": 0, "n_drains": 0, "low_income_score": 0.15, "equity_weight": 1.075}}, {"type": "Feature", "geometry": {"type": "Polygon", "coordinates": [[[85.4506, 27.866690000000002], [85.4706, 27.866690000000002], [85.4706, 27.88669], [85.4506, 27.88669], [85.4506, 27.866690000000002]]]}, "properties": {"cell_id": "kat_0067", "flood_depth_m": {"rp10": 0.08, "rp100": 0.2}, "glof_depth_m": 0.0, "landslide_prob": 0.152, "population": 377, "critical_assets": [], "eal_people": 6.363, "eal_usd": 15908.0, "observed_flood_frac": null, "modeled_flood_frac": 0.11, "elev_m": 2218.3, "slope_deg": 18.3, "n_lakes": 0, "n_drains": 0, "low_income_score": 0.15, "equity_weight": 1.075}}, {"type": "Feature", "geometry": {"type": "Polygon", "coordinates": [[[85.4706, 27.866690000000002], [85.4906, 27.866690000000002], [85.4906, 27.88669], [85.4706, 27.88669], [85.4706, 27.866690000000002]]]}, "properties": {"cell_id": "kat_0068", "flood_depth_m": {"rp10": 0.07, "rp100": 0.18}, "glof_depth_m": 0.0, "landslide_prob": 0.171, "population": 293, "critical_assets": [], "eal_people": 4.725, "eal_usd": 11812.0, "observed_flood_frac": null, "modeled_flood_frac": 0.1, "elev_m": 2024.2, "slope_deg": 20.5, "n_lakes": 0, "n_drains": 0, "low_income_score": 0.15, "equity_weight": 1.075}}, {"type": "Feature", "geometry": {"type": "Polygon", "coordinates": [[[85.4906, 27.866690000000002], [85.5106, 27.866690000000002], [85.5106, 27.88669], [85.4906, 27.88669], [85.4906, 27.866690000000002]]]}, "properties": {"cell_id": "kat_0069", "flood_depth_m": {"rp10": 0.04, "rp100": 0.09}, "glof_depth_m": 0.0, "landslide_prob": 0.184, "population": 268, "critical_assets": [], "eal_people": 3.313, "eal_usd": 8282.0, "observed_flood_frac": null, "modeled_flood_frac": 0.05, "elev_m": 1788.6, "slope_deg": 22.0, "n_lakes": 0, "n_drains": 0, "low_income_score": 0.15, "equity_weight": 1.075}}, {"type": "Feature", "geometry": {"type": "Polygon", "coordinates": [[[85.5106, 27.866690000000002], [85.53059999999999, 27.866690000000002], [85.53059999999999, 27.88669], [85.5106, 27.88669], [85.5106, 27.866690000000002]]]}, "properties": {"cell_id": "kat_0070", "flood_depth_m": {"rp10": 0.06, "rp100": 0.14}, "glof_depth_m": 0.0, "landslide_prob": 0.192, "population": 460, "critical_assets": [], "eal_people": 6.725, "eal_usd": 16812.0, "observed_flood_frac": null, "modeled_flood_frac": 0.08, "elev_m": 1363.7, "slope_deg": 23.1, "n_lakes": 0, "n_drains": 0, "low_income_score": 0.15, "equity_weight": 1.075}}, {"type": "Feature", "geometry": {"type": "Polygon", "coordinates": [[[85.53059999999999, 27.866690000000002], [85.5506, 27.866690000000002], [85.5506, 27.88669], [85.53059999999999, 27.88669], [85.53059999999999, 27.866690000000002]]]}, "properties": {"cell_id": "kat_0071", "flood_depth_m": {"rp10": 0.41, "rp100": 1.02}, "glof_depth_m": 0.0, "landslide_prob": 0.138, "population": 953, "critical_assets": ["lake"], "eal_people": 54.4, "eal_usd": 136000.0, "observed_flood_frac": null, "modeled_flood_frac": 0.43, "elev_m": 1101.5, "slope_deg": 16.6, "n_lakes": 1, "n_drains": 4, "low_income_score": 0.15, "equity_weight": 1.075}}, {"type": "Feature", "geometry": {"type": "Polygon", "coordinates": [[[85.0706, 27.846690000000002], [85.0906, 27.846690000000002], [85.0906, 27.866690000000002], [85.0706, 27.866690000000002], [85.0706, 27.846690000000002]]]}, "properties": {"cell_id": "kat_0072", "flood_depth_m": {"rp10": 0.65, "rp100": 1.62}, "glof_depth_m": 0.0, "landslide_prob": 0.1, "population": 1913, "critical_assets": [], "eal_people": 146.01, "eal_usd": 365025.0, "observed_flood_frac": null, "modeled_flood_frac": 0.9, "elev_m": 538.5, "slope_deg": 12.0, "n_lakes": 0, "n_drains": 0, "low_income_score": 0.15, "equity_weight": 1.075}}, {"type": "Feature", "geometry": {"type": "Polygon", "coordinates": [[[85.0906, 27.846690000000002], [85.1106, 27.846690000000002], [85.1106, 27.866690000000002], [85.0906, 27.866690000000002], [85.0906, 27.846690000000002]]]}, "properties": {"cell_id": "kat_0073", "flood_depth_m": {"rp10": 0.72, "rp100": 1.8}, "glof_depth_m": 0.0, "landslide_prob": 0.1, "population": 1998, "critical_assets": [], "eal_people": 167.532, "eal_usd": 418830.0, "observed_flood_frac": null, "modeled_flood_frac": 1.0, "elev_m": 583.1, "slope_deg": 12.0, "n_lakes": 0, "n_drains": 0, "low_income_score": 0.15, "equity_weight": 1.075}}, {"type": "Feature", "geometry": {"type": "Polygon", "coordinates": [[[85.1106, 27.846690000000002], [85.1306, 27.846690000000002], [85.1306, 27.866690000000002], [85.1106, 27.866690000000002], [85.1106, 27.846690000000002]]]}, "properties": {"cell_id": "kat_0074", "flood_depth_m": {"rp10": 0.82, "rp100": 2.05}, "glof_depth_m": 0.0, "landslide_prob": 0.1, "population": 1357, "critical_assets": ["lake"], "eal_people": 135.666, "eal_usd": 339165.0, "observed_flood_frac": null, "modeled_flood_frac": 1.0, "elev_m": 621.3, "slope_deg": 12.0, "n_lakes": 1, "n_drains": 0, "low_income_score": 0.15, "equity_weight": 1.075}}, {"type": "Feature", "geometry": {"type": "Polygon", "coordinates": [[[85.1306, 27.846690000000002], [85.1506, 27.846690000000002], [85.1506, 27.866690000000002], [85.1306, 27.866690000000002], [85.1306, 27.846690000000002]]]}, "properties": {"cell_id": "kat_0075", "flood_depth_m": {"rp10": 0.72, "rp100": 1.8}, "glof_depth_m": 0.0, "landslide_prob": 0.133, "population": 1332, "critical_assets": [], "eal_people": 111.688, "eal_usd": 279220.0, "observed_flood_frac": null, "modeled_flood_frac": 1.0, "elev_m": 745.3, "slope_deg": 16.0, "n_lakes": 0, "n_drains": 0, "low_income_score": 0.15, "equity_weight": 1.075}}, {"type": "Feature", "geometry": {"type": "Polygon", "coordinates": [[[85.1506, 27.846690000000002], [85.1706, 27.846690000000002], [85.1706, 27.866690000000002], [85.1506, 27.866690000000002], [85.1506, 27.846690000000002]]]}, "properties": {"cell_id": "kat_0076", "flood_depth_m": {"rp10": 0.72, "rp100": 1.8}, "glof_depth_m": 0.0, "landslide_prob": 0.114, "population": 1497, "critical_assets": [], "eal_people": 125.523, "eal_usd": 313808.0, "observed_flood_frac": null, "modeled_flood_frac": 1.0, "elev_m": 708.8, "slope_deg": 13.7, "n_lakes": 0, "n_drains": 0, "low_income_score": 0.15, "equity_weight": 1.075}}, {"type": "Feature", "geometry": {"type": "Polygon", "coordinates": [[[85.1706, 27.846690000000002], [85.1906, 27.846690000000002], [85.1906, 27.866690000000002], [85.1706, 27.866690000000002], [85.1706, 27.846690000000002]]]}, "properties": {"cell_id": "kat_0077", "flood_depth_m": {"rp10": 0.62, "rp100": 1.55}, "glof_depth_m": 0.0, "landslide_prob": 0.13, "population": 983, "critical_assets": [], "eal_people": 72.069, "eal_usd": 180172.0, "observed_flood_frac": null, "modeled_flood_frac": 0.86, "elev_m": 875.7, "slope_deg": 15.6, "n_lakes": 0, "n_drains": 0, "low_income_score": 0.15, "equity_weight": 1.075}}, {"type": "Feature", "geometry": {"type": "Polygon", "coordinates": [[[85.1906, 27.846690000000002], [85.2106, 27.846690000000002], [85.2106, 27.866690000000002], [85.1906, 27.866690000000002], [85.1906, 27.846690000000002]]]}, "properties": {"cell_id": "kat_0078", "flood_depth_m": {"rp10": 0.56, "rp100": 1.39}, "glof_depth_m": 0.0, "landslide_prob": 0.135, "population": 881, "critical_assets": [], "eal_people": 58.624, "eal_usd": 146560.0, "observed_flood_frac": null, "modeled_flood_frac": 0.77, "elev_m": 944.3, "slope_deg": 16.2, "n_lakes": 0, "n_drains": 0, "low_income_score": 0.15, "equity_weight": 1.075}}, {"type": "Feature", "geometry": {"type": "Polygon", "coordinates": [[[85.2106, 27.846690000000002], [85.2306, 27.846690000000002], [85.2306, 27.866690000000002], [85.2106, 27.866690000000002], [85.2106, 27.846690000000002]]]}, "properties": {"cell_id": "kat_0079", "flood_depth_m": {"rp10": 0.55, "rp100": 1.37}, "glof_depth_m": 0.0, "landslide_prob": 0.144, "population": 913, "critical_assets": [], "eal_people": 60.066, "eal_usd": 150165.0, "observed_flood_frac": null, "modeled_flood_frac": 0.76, "elev_m": 982.1, "slope_deg": 17.3, "n_lakes": 0, "n_drains": 0, "low_income_score": 0.15, "equity_weight": 1.075}}, {"type": "Feature", "geometry": {"type": "Polygon", "coordinates": [[[85.2306, 27.846690000000002], [85.2506, 27.846690000000002], [85.2506, 27.866690000000002], [85.2306, 27.866690000000002], [85.2306, 27.846690000000002]]]}, "properties": {"cell_id": "kat_0080", "flood_depth_m": {"rp10": 0.35, "rp100": 0.88}, "glof_depth_m": 0.0, "landslide_prob": 0.147, "population": 736, "critical_assets": [], "eal_people": 33.468, "eal_usd": 83670.0, "observed_flood_frac": null, "modeled_flood_frac": 0.49, "elev_m": 1066.1, "slope_deg": 17.7, "n_lakes": 0, "n_drains": 0, "low_income_score": 0.15, "equity_weight": 1.075}}, {"type": "Feature", "geometry": {"type": "Polygon", "coordinates": [[[85.2506, 27.846690000000002], [85.2706, 27.846690000000002], [85.2706, 27.866690000000002], [85.2506, 27.866690000000002], [85.2506, 27.846690000000002]]]}, "properties": {"cell_id": "kat_0081", "flood_depth_m": {"rp10": 0.51, "rp100": 1.28}, "glof_depth_m": 0.0, "landslide_prob": 0.112, "population": 455, "critical_assets": [], "eal_people": 28.223, "eal_usd": 70558.0, "observed_flood_frac": null, "modeled_flood_frac": 0.71, "elev_m": 966.5, "slope_deg": 13.5, "n_lakes": 0, "n_drains": 0, "low_income_score": 0.15, "equity_weight": 1.075}}, {"type": "Feature", "geometry": {"type": "Polygon", "coordinates": [[[85.2706, 27.846690000000002], [85.2906, 27.846690000000002], [85.2906, 27.866690000000002], [85.2706, 27.866690000000002], [85.2706, 27.846690000000002]]]}, "properties": {"cell_id": "kat_0082", "flood_depth_m": {"rp10": 0.71, "rp100": 1.78}, "glof_depth_m": 0.0, "landslide_prob": 0.096, "population": 930, "critical_assets": [], "eal_people": 77.281, "eal_usd": 193203.0, "observed_flood_frac": null, "modeled_flood_frac": 0.99, "elev_m": 796.1, "slope_deg": 11.5, "n_lakes": 0, "n_drains": 0, "low_income_score": 0.15, "equity_weight": 1.075}}, {"type": "Feature", "geometry": {"type": "Polygon", "coordinates": [[[85.2906, 27.846690000000002], [85.3106, 27.846690000000002], [85.3106, 27.866690000000002], [85.2906, 27.866690000000002], [85.2906, 27.846690000000002]]]}, "properties": {"cell_id": "kat_0083", "flood_depth_m": {"rp10": 0.7, "rp100": 1.76}, "glof_depth_m": 0.0, "landslide_prob": 0.086, "population": 1202, "critical_assets": [], "eal_people": 98.979, "eal_usd": 247448.0, "observed_flood_frac": null, "modeled_flood_frac": 0.98, "elev_m": 773.0, "slope_deg": 10.4, "n_lakes": 0, "n_drains": 0, "low_income_score": 0.15, "equity_weight": 1.075}}, {"type": "Feature", "geometry": {"type": "Polygon", "coordinates": [[[85.3106, 27.846690000000002], [85.3306, 27.846690000000002], [85.3306, 27.866690000000002], [85.3106, 27.866690000000002], [85.3106, 27.846690000000002]]]}, "properties": {"cell_id": "kat_0084", "flood_depth_m": {"rp10": 0.7, "rp100": 1.76}, "glof_depth_m": 0.0, "landslide_prob": 0.1, "population": 838, "critical_assets": ["school"], "eal_people": 69.005, "eal_usd": 172512.0, "observed_flood_frac": null, "modeled_flood_frac": 0.98, "elev_m": 833.6, "slope_deg": 12.0, "n_lakes": 0, "n_drains": 0, "low_income_score": 0.15, "equity_weight": 1.075}}, {"type": "Feature", "geometry": {"type": "Polygon", "coordinates": [[[85.3306, 27.846690000000002], [85.3506, 27.846690000000002], [85.3506, 27.866690000000002], [85.3306, 27.866690000000002], [85.3306, 27.846690000000002]]]}, "properties": {"cell_id": "kat_0085", "flood_depth_m": {"rp10": 0.66, "rp100": 1.64}, "glof_depth_m": 0.0, "landslide_prob": 0.108, "population": 867, "critical_assets": [], "eal_people": 66.826, "eal_usd": 167065.0, "observed_flood_frac": null, "modeled_flood_frac": 0.91, "elev_m": 889.2, "slope_deg": 12.9, "n_lakes": 0, "n_drains": 0, "low_income_score": 0.15, "equity_weight": 1.075}}, {"type": "Feature", "geometry": {"type": "Polygon", "coordinates": [[[85.3506, 27.846690000000002], [85.3706, 27.846690000000002], [85.3706, 27.866690000000002], [85.3506, 27.866690000000002], [85.3506, 27.846690000000002]]]}, "properties": {"cell_id": "kat_0086", "flood_depth_m": {"rp10": 0.47, "rp100": 1.17}, "glof_depth_m": 0.0, "landslide_prob": 0.136, "population": 769, "critical_assets": [], "eal_people": 44.227, "eal_usd": 110567.0, "observed_flood_frac": null, "modeled_flood_frac": 0.65, "elev_m": 1010.0, "slope_deg": 16.4, "n_lakes": 0, "n_drains": 0, "low_income_score": 0.15, "equity_weight": 1.075}}, {"type": "Feature", "geometry": {"type": "Polygon", "coordinates": [[[85.3706, 27.846690000000002], [85.39059999999999, 27.846690000000002], [85.39059999999999, 27.866690000000002], [85.3706, 27.866690000000002], [85.3706, 27.846690000000002]]]}, "properties": {"cell_id": "kat_0087", "flood_depth_m": {"rp10": 0.3, "rp100": 0.74}, "glof_depth_m": 0.0, "landslide_prob": 0.139, "population": 656, "critical_assets": [], "eal_people": 25.881, "eal_usd": 64702.0, "observed_flood_frac": null, "modeled_flood_frac": 0.41, "elev_m": 1107.3, "slope_deg": 16.6, "n_lakes": 0, "n_drains": 0, "low_income_score": 0.15, "equity_weight": 1.075}}, {"type": "Feature", "geometry": {"type": "Polygon", "coordinates": [[[85.39059999999999, 27.846690000000002], [85.4106, 27.846690000000002], [85.4106, 27.866690000000002], [85.39059999999999, 27.866690000000002], [85.39059999999999, 27.846690000000002]]]}, "properties": {"cell_id": "kat_0088", "flood_depth_m": {"rp10": 0.06, "rp100": 0.16}, "glof_depth_m": 0.0, "landslide_prob": 0.15, "population": 936, "critical_assets": [], "eal_people": 14.389, "eal_usd": 35972.0, "observed_flood_frac": null, "modeled_flood_frac": 0.09, "elev_m": 1206.1, "slope_deg": 18.0, "n_lakes": 0, "n_drains": 0, "low_income_score": 0.15, "equity_weight": 1.075}}, {"type": "Feature", "geometry": {"type": "Polygon", "coordinates": [[[85.4106, 27.846690000000002], [85.4306, 27.846690000000002], [85.4306, 27.866690000000002], [85.4106, 27.866690000000002], [85.4106, 27.846690000000002]]]}, "properties": {"cell_id": "kat_0089", "flood_depth_m": {"rp10": 0.02, "rp100": 0.05}, "glof_depth_m": 0.0, "landslide_prob": 0.155, "population": 747, "critical_assets": [], "eal_people": 7.548, "eal_usd": 18870.0, "observed_flood_frac": null, "modeled_flood_frac": 0.02, "elev_m": 1410.6, "slope_deg": 18.6, "n_lakes": 0, "n_drains": 1, "low_income_score": 0.15, "equity_weight": 1.075}}, {"type": "Feature", "geometry": {"type": "Polygon", "coordinates": [[[85.4306, 27.846690000000002], [85.4506, 27.846690000000002], [85.4506, 27.866690000000002], [85.4306, 27.866690000000002], [85.4306, 27.846690000000002]]]}, "properties": {"cell_id": "kat_0090", "flood_depth_m": {"rp10": 0.02, "rp100": 0.05}, "glof_depth_m": 0.0, "landslide_prob": 0.174, "population": 513, "critical_assets": [], "eal_people": 5.184, "eal_usd": 12960.0, "observed_flood_frac": null, "modeled_flood_frac": 0.02, "elev_m": 1616.9, "slope_deg": 20.9, "n_lakes": 0, "n_drains": 0, "low_income_score": 0.15, "equity_weight": 1.075}}, {"type": "Feature", "geometry": {"type": "Polygon", "coordinates": [[[85.4506, 27.846690000000002], [85.4706, 27.846690000000002], [85.4706, 27.866690000000002], [85.4506, 27.866690000000002], [85.4506, 27.846690000000002]]]}, "properties": {"cell_id": "kat_0091", "flood_depth_m": {"rp10": 0.05, "rp100": 0.13}, "glof_depth_m": 0.0, "landslide_prob": 0.148, "population": 461, "critical_assets": [], "eal_people": 6.393, "eal_usd": 15982.0, "observed_flood_frac": null, "modeled_flood_frac": 0.07, "elev_m": 1865.6, "slope_deg": 17.7, "n_lakes": 0, "n_drains": 0, "low_income_score": 0.15, "equity_weight": 1.075}}, {"type": "Feature", "geometry": {"type": "Polygon", "coordinates": [[[85.4706, 27.846690000000002], [85.4906, 27.846690000000002], [85.4906, 27.866690000000002], [85.4706, 27.866690000000002], [85.4706, 27.846690000000002]]]}, "properties": {"cell_id": "kat_0092", "flood_depth_m": {"rp10": 0.02, "rp100": 0.05}, "glof_depth_m": 0.0, "landslide_prob": 0.143, "population": 464, "critical_assets": [], "eal_people": 4.689, "eal_usd": 11722.0, "observed_flood_frac": null, "modeled_flood_frac": 0.02, "elev_m": 1629.2, "slope_deg": 17.2, "n_lakes": 0, "n_drains": 0, "low_income_score": 0.15, "equity_weight": 1.075}}, {"type": "Feature", "geometry": {"type": "Polygon", "coordinates": [[[85.4906, 27.846690000000002], [85.5106, 27.846690000000002], [85.5106, 27.866690000000002], [85.4906, 27.866690000000002], [85.4906, 27.846690000000002]]]}, "properties": {"cell_id": "kat_0093", "flood_depth_m": {"rp10": 0.02, "rp100": 0.05}, "glof_depth_m": 0.0, "landslide_prob": 0.156, "population": 471, "critical_assets": [], "eal_people": 4.051, "eal_usd": 10128.0, "observed_flood_frac": null, "modeled_flood_frac": 0.0, "elev_m": 1510.2, "slope_deg": 18.8, "n_lakes": 0, "n_drains": 0, "low_income_score": 0.15, "equity_weight": 1.075}}, {"type": "Feature", "geometry": {"type": "Polygon", "coordinates": [[[85.5106, 27.846690000000002], [85.53059999999999, 27.846690000000002], [85.53059999999999, 27.866690000000002], [85.5106, 27.866690000000002], [85.5106, 27.846690000000002]]]}, "properties": {"cell_id": "kat_0094", "flood_depth_m": {"rp10": 0.02, "rp100": 0.05}, "glof_depth_m": 0.0, "landslide_prob": 0.158, "population": 662, "critical_assets": [], "eal_people": 7.188, "eal_usd": 17970.0, "observed_flood_frac": null, "modeled_flood_frac": 0.03, "elev_m": 1409.1, "slope_deg": 19.0, "n_lakes": 0, "n_drains": 0, "low_income_score": 0.15, "equity_weight": 1.075}}, {"type": "Feature", "geometry": {"type": "Polygon", "coordinates": [[[85.53059999999999, 27.846690000000002], [85.5506, 27.846690000000002], [85.5506, 27.866690000000002], [85.53059999999999, 27.866690000000002], [85.53059999999999, 27.846690000000002]]]}, "properties": {"cell_id": "kat_0095", "flood_depth_m": {"rp10": 0.37, "rp100": 0.93}, "glof_depth_m": 0.0, "landslide_prob": 0.144, "population": 1267, "critical_assets": ["lake"], "eal_people": 67.556, "eal_usd": 168890.0, "observed_flood_frac": null, "modeled_flood_frac": 0.38, "elev_m": 1128.2, "slope_deg": 17.3, "n_lakes": 1, "n_drains": 0, "low_income_score": 0.15, "equity_weight": 1.075}}, {"type": "Feature", "geometry": {"type": "Polygon", "coordinates": [[[85.0706, 27.82669], [85.0906, 27.82669], [85.0906, 27.846690000000002], [85.0706, 27.846690000000002], [85.0706, 27.82669]]]}, "properties": {"cell_id": "kat_0096", "flood_depth_m": {"rp10": 0.39, "rp100": 0.97}, "glof_depth_m": 0.0, "landslide_prob": 0.149, "population": 847, "critical_assets": [], "eal_people": 41.702, "eal_usd": 104255.0, "observed_flood_frac": null, "modeled_flood_frac": 0.54, "elev_m": 976.0, "slope_deg": 17.8, "n_lakes": 0, "n_drains": 0, "low_income_score": 0.15, "equity_weight": 1.075}}, {"type": "Feature", "geometry": {"type": "Polygon", "coordinates": [[[85.0906, 27.82669], [85.1106, 27.82669], [85.1106, 27.846690000000002], [85.0906, 27.846690000000002], [85.0906, 27.82669]]]}, "properties": {"cell_id": "kat_0097", "flood_depth_m": {"rp10": 0.27, "rp100": 0.67}, "glof_depth_m": 0.0, "landslide_prob": 0.164, "population": 573, "critical_assets": [], "eal_people": 20.882, "eal_usd": 52205.0, "observed_flood_frac": null, "modeled_flood_frac": 0.37, "elev_m": 1199.9, "slope_deg": 19.7, "n_lakes": 0, "n_drains": 0, "low_income_score": 0.15, "equity_weight": 1.075}}, {"type": "Feature", "geometry": {"type": "Polygon", "coordinates": [[[85.1106, 27.82669], [85.1306, 27.82669], [85.1306, 27.846690000000002], [85.1106, 27.846690000000002], [85.1106, 27.82669]]]}, "properties": {"cell_id": "kat_0098", "flood_depth_m": {"rp10": 0.2, "rp100": 0.5}, "glof_depth_m": 0.0, "landslide_prob": 0.162, "population": 424, "critical_assets": [], "eal_people": 12.58, "eal_usd": 31450.0, "observed_flood_frac": null, "modeled_flood_frac": 0.28, "elev_m": 1259.2, "slope_deg": 19.4, "n_lakes": 0, "n_drains": 0, "low_income_score": 0.15, "equity_weight": 1.075}}, {"type": "Feature", "geometry": {"type": "Polygon", "coordinates": [[[85.1306, 27.82669], [85.1506, 27.82669], [85.1506, 27.846690000000002], [85.1306, 27.846690000000002], [85.1306, 27.82669]]]}, "properties": {"cell_id": "kat_0099", "flood_depth_m": {"rp10": 0.31, "rp100": 0.77}, "glof_depth_m": 0.0, "landslide_prob": 0.172, "population": 724, "critical_assets": ["lake"], "eal_people": 33.7, "eal_usd": 84250.0, "observed_flood_frac": null, "modeled_flood_frac": 0.29, "elev_m": 1217.3, "slope_deg": 20.6, "n_lakes": 1, "n_drains": 0, "low_income_score": 0.15, "equity_weight": 1.075}}, {"type": "Feature", "geometry": {"type": "Polygon", "coordinates": [[[85.1506, 27.82669], [85.1706, 27.82669], [85.1706, 27.846690000000002], [85.1506, 27.846690000000002], [85.1506, 27.82669]]]}, "properties": {"cell_id": "kat_0100", "flood_depth_m": {"rp10": 0.5, "rp100": 1.24}, "glof_depth_m": 0.0, "landslide_prob": 0.144, "population": 838, "critical_assets": [], "eal_people": 50.718, "eal_usd": 126795.0, "observed_flood_frac": null, "modeled_flood_frac": 0.69, "elev_m": 998.2, "slope_deg": 17.3, "n_lakes": 0, "n_drains": 0, "low_income_score": 0.15, "equity_weight": 1.075}}, {"type": "Feature", "geometry": {"type": "Polygon", "coordinates": [[[85.1706, 27.82669], [85.1906, 27.82669], [85.1906, 27.846690000000002], [85.1706, 27.846690000000002], [85.1706, 27.82669]]]}, "properties": {"cell_id": "kat_0101", "flood_depth_m": {"rp10": 0.28, "rp100": 0.7}, "glof_depth_m": 0.0, "landslide_prob": 0.167, "population": 833, "critical_assets": [], "eal_people": 31.61, "eal_usd": 79025.0, "observed_flood_frac": null, "modeled_flood_frac": 0.39, "elev_m": 1106.4, "slope_deg": 20.0, "n_lakes": 0, "n_drains": 0, "low_income_score": 0.15, "equity_weight": 1.075}}, {"type": "Feature", "geometry": {"type": "Polygon", "coordinates": [[[85.1906, 27.82669], [85.2106, 27.82669], [85.2106, 27.846690000000002], [85.1906, 27.846690000000002], [85.1906, 27.82669]]]}, "properties": {"cell_id": "kat_0102", "flood_depth_m": {"rp10": 0.02, "rp100": 0.05}, "glof_depth_m": 0.0, "landslide_prob": 0.164, "population": 889, "critical_assets": [], "eal_people": 9.652, "eal_usd": 24130.0, "observed_flood_frac": null, "modeled_flood_frac": 0.03, "elev_m": 1366.8, "slope_deg": 19.7, "n_lakes": 0, "n_drains": 0, "low_income_score": 0.15, "equity_weight": 1.075}}, {"type": "Feature", "geometry": {"type": "Polygon", "coordinates": [[[85.2106, 27.82669], [85.2306, 27.82669], [85.2306, 27.846690000000002], [85.2106, 27.846690000000002], [85.2106, 27.82669]]]}, "properties": {"cell_id": "kat_0103", "flood_depth_m": {"rp10": 0.23, "rp100": 0.58}, "glof_depth_m": 0.0, "landslide_prob": 0.177, "population": 667, "critical_assets": [], "eal_people": 21.798, "eal_usd": 54495.0, "observed_flood_frac": null, "modeled_flood_frac": 0.32, "elev_m": 1183.3, "slope_deg": 21.3, "n_lakes": 0, "n_drains": 0, "low_income_score": 0.15, "equity_weight": 1.075}}, {"type": "Feature", "geometry": {"type": "Polygon", "coordinates": [[[85.2306, 27.82669], [85.2506, 27.82669], [85.2506, 27.846690000000002], [85.2306, 27.846690000000002], [85.2306, 27.82669]]]}, "properties": {"cell_id": "kat_0104", "flood_depth_m": {"rp10": 0.14, "rp100": 0.36}, "glof_depth_m": 0.0, "landslide_prob": 0.153, "population": 613, "critical_assets": ["lake"], "eal_people": 17.924, "eal_usd": 44810.0, "observed_flood_frac": null, "modeled_flood_frac": 0.06, "elev_m": 1584.2, "slope_deg": 18.3, "n_lakes": 1, "n_drains": 0, "low_income_score": 0.15, "equity_weight": 1.075}}, {"type": "Feature", "geometry": {"type": "Polygon", "coordinates": [[[85.2506, 27.82669], [85.2706, 27.82669], [85.2706, 27.846690000000002], [85.2506, 27.846690000000002], [85.2506, 27.82669]]]}, "properties": {"cell_id": "kat_0105", "flood_depth_m": {"rp10": 0.02, "rp100": 0.05}, "glof_depth_m": 0.0, "landslide_prob": 0.124, "population": 391, "critical_assets": [], "eal_people": 4.245, "eal_usd": 10612.0, "observed_flood_frac": null, "modeled_flood_frac": 0.03, "elev_m": 1330.8, "slope_deg": 14.8, "n_lakes": 0, "n_drains": 0, "low_income_score": 0.15, "equity_weight": 1.075}}, {"type": "Feature", "geometry": {"type": "Polygon", "coordinates": [[[85.2706, 27.82669], [85.2906, 27.82669], [85.2906, 27.846690000000002], [85.2706, 27.846690000000002], [85.2706, 27.82669]]]}, "properties": {"cell_id": "kat_0106", "flood_depth_m": {"rp10": 0.23, "rp100": 0.58}, "glof_depth_m": 0.0, "landslide_prob": 0.152, "population": 309, "critical_assets": [], "eal_people": 10.098, "eal_usd": 25245.0, "observed_flood_frac": null, "modeled_flood_frac": 0.32, "elev_m": 1181.7, "slope_deg": 18.3, "n_lakes": 0, "n_drains": 0, "low_income_score": 0.15, "equity_weight": 1.075}}, {"type": "Feature", "geometry": {"type": "Polygon", "coordinates": [[[85.2906, 27.82669], [85.3106, 27.82669], [85.3106, 27.846690000000002], [85.2906, 27.846690000000002], [85.2906, 27.82669]]]}, "properties": {"cell_id": "kat_0107", "flood_depth_m": {"rp10": 0.16, "rp100": 0.41}, "glof_depth_m": 0.0, "landslide_prob": 0.181, "population": 490, "critical_assets": [], "eal_people": 12.695, "eal_usd": 31738.0, "observed_flood_frac": null, "modeled_flood_frac": 0.23, "elev_m": 1298.8, "slope_deg": 21.7, "n_lakes": 0, "n_drains": 0, "low_income_score": 0.15, "equity_weight": 1.075}}, {"type": "Feature", "geometry": {"type": "Polygon", "coordinates": [[[85.3106, 27.82669], [85.3306, 27.82669], [85.3306, 27.846690000000002], [85.3106, 27.846690000000002], [85.3106, 27.82669]]]}, "properties": {"cell_id": "kat_0108", "flood_depth_m": {"rp10": 0.09, "rp100": 0.23}, "glof_depth_m": 0.0, "landslide_prob": 0.174, "population": 628, "critical_assets": [], "eal_people": 11.544, "eal_usd": 28860.0, "observed_flood_frac": null, "modeled_flood_frac": 0.13, "elev_m": 1277.2, "slope_deg": 20.9, "n_lakes": 0, "n_drains": 0, "low_income_score": 0.15, "equity_weight": 1.075}}, {"type": "Feature", "geometry": {"type": "Polygon", "coordinates": [[[85.3306, 27.82669], [85.3506, 27.82669], [85.3506, 27.846690000000002], [85.3306, 27.846690000000002], [85.3306, 27.82669]]]}, "properties": {"cell_id": "kat_0109", "flood_depth_m": {"rp10": 0.23, "rp100": 0.58}, "glof_depth_m": 0.0, "landslide_prob": 0.17, "population": 684, "critical_assets": [], "eal_people": 22.353, "eal_usd": 55883.0, "observed_flood_frac": null, "modeled_flood_frac": 0.32, "elev_m": 1147.7, "slope_deg": 20.4, "n_lakes": 0, "n_drains": 0, "low_income_score": 0.15, "equity_weight": 1.075}}, {"type": "Feature", "geometry": {"type": "Polygon", "coordinates": [[[85.3506, 27.82669], [85.3706, 27.82669], [85.3706, 27.846690000000002], [85.3506, 27.846690000000002], [85.3506, 27.82669]]]}, "properties": {"cell_id": "kat_0110", "flood_depth_m": {"rp10": 0.04, "rp100": 0.09}, "glof_depth_m": 0.0, "landslide_prob": 0.193, "population": 358, "critical_assets": [], "eal_people": 4.426, "eal_usd": 11065.0, "observed_flood_frac": null, "modeled_flood_frac": 0.05, "elev_m": 1596.7, "slope_deg": 23.2, "n_lakes": 0, "n_drains": 0, "low_income_score": 0.15, "equity_weight": 1.075}}, {"type": "Feature", "geometry": {"type": "Polygon", "coordinates": [[[85.3706, 27.82669], [85.39059999999999, 27.82669], [85.39059999999999, 27.846690000000002], [85.3706, 27.846690000000002], [85.3706, 27.82669]]]}, "properties": {"cell_id": "kat_0111", "flood_depth_m": {"rp10": 0.02, "rp100": 0.05}, "glof_depth_m": 0.0, "landslide_prob": 0.174, "population": 353, "critical_assets": [], "eal_people": 3.036, "eal_usd": 7590.0, "observed_flood_frac": null, "modeled_flood_frac": 0.0, "elev_m": 1583.6, "slope_deg": 20.8, "n_lakes": 0, "n_drains": 0, "low_income_score": 0.15, "equity_weight": 1.075}}, {"type": "Feature", "geometry": {"type": "Polygon", "coordinates": [[[85.39059999999999, 27.82669], [85.4106, 27.82669], [85.4106, 27.846690000000002], [85.39059999999999, 27.846690000000002], [85.39059999999999, 27.82669]]]}, "properties": {"cell_id": "kat_0112", "flood_depth_m": {"rp10": 0.05, "rp100": 0.13}, "glof_depth_m": 0.0, "landslide_prob": 0.174, "population": 577, "critical_assets": [], "eal_people": 8.002, "eal_usd": 20005.0, "observed_flood_frac": null, "modeled_flood_frac": 0.07, "elev_m": 1669.3, "slope_deg": 20.9, "n_lakes": 0, "n_drains": 0, "low_income_score": 0.15, "equity_weight": 1.075}}, {"type": "Feature", "geometry": {"type": "Polygon", "coordinates": [[[85.4106, 27.82669], [85.4306, 27.82669], [85.4306, 27.846690000000002], [85.4106, 27.846690000000002], [85.4106, 27.82669]]]}, "properties": {"cell_id": "kat_0113", "flood_depth_m": {"rp10": 0.02, "rp100": 0.05}, "glof_depth_m": 0.0, "landslide_prob": 0.15, "population": 493, "critical_assets": [], "eal_people": 4.24, "eal_usd": 10600.0, "observed_flood_frac": null, "modeled_flood_frac": 0.0, "elev_m": 1515.6, "slope_deg": 18.0, "n_lakes": 0, "n_drains": 0, "low_income_score": 0.15, "equity_weight": 1.075}}, {"type": "Feature", "geometry": {"type": "Polygon", "coordinates": [[[85.4306, 27.82669], [85.4506, 27.82669], [85.4506, 27.846690000000002], [85.4306, 27.846690000000002], [85.4306, 27.82669]]]}, "properties": {"cell_id": "kat_0114", "flood_depth_m": {"rp10": 0.04, "rp100": 0.11}, "glof_depth_m": 0.0, "landslide_prob": 0.151, "population": 494, "critical_assets": [], "eal_people": 6.479, "eal_usd": 16198.0, "observed_flood_frac": null, "modeled_flood_frac": 0.06, "elev_m": 1787.7, "slope_deg": 18.1, "n_lakes": 0, "n_drains": 0, "low_income_score": 0.15, "equity_weight": 1.075}}, {"type": "Feature", "geometry": {"type": "Polygon", "coordinates": [[[85.4506, 27.82669], [85.4706, 27.82669], [85.4706, 27.846690000000002], [85.4506, 27.846690000000002], [85.4506, 27.82669]]]}, "properties": {"cell_id": "kat_0115", "flood_depth_m": {"rp10": 0.02, "rp100": 0.05}, "glof_depth_m": 0.0, "landslide_prob": 0.153, "population": 587, "critical_assets": [], "eal_people": 5.932, "eal_usd": 14830.0, "observed_flood_frac": null, "modeled_flood_frac": 0.02, "elev_m": 1769.1, "slope_deg": 18.4, "n_lakes": 0, "n_drains": 0, "low_income_score": 0.15, "equity_weight": 1.075}}, {"type": "Feature", "geometry": {"type": "Polygon", "coordinates": [[[85.4706, 27.82669], [85.4906, 27.82669], [85.4906, 27.846690000000002], [85.4706, 27.846690000000002], [85.4706, 27.82669]]]}, "properties": {"cell_id": "kat_0116", "flood_depth_m": {"rp10": 0.04, "rp100": 0.11}, "glof_depth_m": 0.0, "landslide_prob": 0.147, "population": 1174, "critical_assets": [], "eal_people": 15.397, "eal_usd": 38492.0, "observed_flood_frac": null, "modeled_flood_frac": 0.06, "elev_m": 1618.6, "slope_deg": 17.7, "n_lakes": 0, "n_drains": 0, "low_income_score": 0.15, "equity_weight": 1.075}}, {"type": "Feature", "geometry": {"type": "Polygon", "coordinates": [[[85.4906, 27.82669], [85.5106, 27.82669], [85.5106, 27.846690000000002], [85.4906, 27.846690000000002], [85.4906, 27.82669]]]}, "properties": {"cell_id": "kat_0117", "flood_depth_m": {"rp10": 0.09, "rp100": 0.23}, "glof_depth_m": 0.0, "landslide_prob": 0.16, "population": 743, "critical_assets": [], "eal_people": 13.658, "eal_usd": 34145.0, "observed_flood_frac": null, "modeled_flood_frac": 0.13, "elev_m": 1755.6, "slope_deg": 19.2, "n_lakes": 0, "n_drains": 0, "low_income_score": 0.15, "equity_weight": 1.075}}, {"type": "Feature", "geometry": {"type": "Polygon", "coordinates": [[[85.5106, 27.82669], [85.53059999999999, 27.82669], [85.53059999999999, 27.846690000000002], [85.5106, 27.846690000000002], [85.5106, 27.82669]]]}, "properties": {"cell_id": "kat_0118", "flood_depth_m": {"rp10": 0.06, "rp100": 0.14}, "glof_depth_m": 0.0, "landslide_prob": 0.157, "population": 865, "critical_assets": [], "eal_people": 12.646, "eal_usd": 31615.0, "observed_flood_frac": null, "modeled_flood_frac": 0.08, "elev_m": 1795.1, "slope_deg": 18.9, "n_lakes": 0, "n_drains": 0, "low_income_score": 0.15, "equity_weight": 1.075}}, {"type": "Feature", "geometry": {"type": "Polygon", "coordinates": [[[85.53059999999999, 27.82669], [85.5506, 27.82669], [85.5506, 27.846690000000002], [85.53059999999999, 27.846690000000002], [85.53059999999999, 27.82669]]]}, "properties": {"cell_id": "kat_0119", "flood_depth_m": {"rp10": 0.02, "rp100": 0.05}, "glof_depth_m": 0.0, "landslide_prob": 0.145, "population": 897, "critical_assets": [], "eal_people": 8.389, "eal_usd": 20972.0, "observed_flood_frac": null, "modeled_flood_frac": 0.01, "elev_m": 1381.3, "slope_deg": 17.3, "n_lakes": 0, "n_drains": 0, "low_income_score": 0.15, "equity_weight": 1.075}}, {"type": "Feature", "geometry": {"type": "Polygon", "coordinates": [[[85.0706, 27.80669], [85.0906, 27.80669], [85.0906, 27.82669], [85.0706, 27.82669], [85.0706, 27.80669]]]}, "properties": {"cell_id": "kat_0120", "flood_depth_m": {"rp10": 0.11, "rp100": 0.27}, "glof_depth_m": 0.0, "landslide_prob": 0.152, "population": 847, "critical_assets": [], "eal_people": 16.845, "eal_usd": 42112.0, "observed_flood_frac": null, "modeled_flood_frac": 0.15, "elev_m": 1279.8, "slope_deg": 18.3, "n_lakes": 0, "n_drains": 0, "low_income_score": 0.15, "equity_weight": 1.075}}, {"type": "Feature", "geometry": {"type": "Polygon", "coordinates": [[[85.0906, 27.80669], [85.1106, 27.80669], [85.1106, 27.82669], [85.0906, 27.82669], [85.0906, 27.80669]]]}, "properties": {"cell_id": "kat_0121", "flood_depth_m": {"rp10": 0.04, "rp100": 0.09}, "glof_depth_m": 0.0, "landslide_prob": 0.114, "population": 835, "critical_assets": [], "eal_people": 10.323, "eal_usd": 25808.0, "observed_flood_frac": null, "modeled_flood_frac": 0.05, "elev_m": 1429.6, "slope_deg": 13.7, "n_lakes": 0, "n_drains": 0, "low_income_score": 0.15, "equity_weight": 1.075}}, {"type": "Feature", "geometry": {"type": "Polygon", "coordinates": [[[85.1106, 27.80669], [85.1306, 27.80669], [85.1306, 27.82669], [85.1106, 27.82669], [85.1106, 27.80669]]]}, "properties": {"cell_id": "kat_0122", "flood_depth_m": {"rp10": 0.04, "rp100": 0.11}, "glof_depth_m": 0.0, "landslide_prob": 0.12, "population": 499, "critical_assets": [], "eal_people": 6.544, "eal_usd": 16360.0, "observed_flood_frac": null, "modeled_flood_frac": 0.06, "elev_m": 1690.5, "slope_deg": 14.5, "n_lakes": 0, "n_drains": 0, "low_income_score": 0.15, "equity_weight": 1.075}}, {"type": "Feature", "geometry": {"type": "Polygon", "coordinates": [[[85.1306, 27.80669], [85.1506, 27.80669], [85.1506, 27.82669], [85.1306, 27.82669], [85.1306, 27.80669]]]}, "properties": {"cell_id": "kat_0123", "flood_depth_m": {"rp10": 0.1, "rp100": 0.25}, "glof_depth_m": 0.0, "landslide_prob": 0.147, "population": 512, "critical_assets": [], "eal_people": 9.797, "eal_usd": 24492.0, "observed_flood_frac": null, "modeled_flood_frac": 0.14, "elev_m": 1769.3, "slope_deg": 17.6, "n_lakes": 0, "n_drains": 0, "low_income_score": 0.15, "equity_weight": 1.075}}, {"type": "Feature", "geometry": {"type": "Polygon", "coordinates": [[[85.1506, 27.80669], [85.1706, 27.80669], [85.1706, 27.82669], [85.1506, 27.82669], [85.1506, 27.80669]]]}, "properties": {"cell_id": "kat_0124", "flood_depth_m": {"rp10": 0.05, "rp100": 0.13}, "glof_depth_m": 0.0, "landslide_prob": 0.194, "population": 558, "critical_assets": [], "eal_people": 7.738, "eal_usd": 19345.0, "observed_flood_frac": null, "modeled_flood_frac": 0.07, "elev_m": 1476.3, "slope_deg": 23.3, "n_lakes": 0, "n_drains": 0, "low_income_score": 0.15, "equity_weight": 1.075}}, {"type": "Feature", "geometry": {"type": "Polygon", "coordinates": [[[85.1706, 27.80669], [85.1906, 27.80669], [85.1906, 27.82669], [85.1706, 27.82669], [85.1706, 27.80669]]]}, "properties": {"cell_id": "kat_0125", "flood_depth_m": {"rp10": 0.04, "rp100": 0.11}, "glof_depth_m": 0.0, "landslide_prob": 0.188, "population": 653, "critical_assets": [], "eal_people": 8.564, "eal_usd": 21410.0, "observed_flood_frac": null, "modeled_flood_frac": 0.06, "elev_m": 1626.6, "slope_deg": 22.6, "n_lakes": 0, "n_drains": 0, "low_income_score": 0.15, "equity_weight": 1.075}}, {"type": "Feature", "geometry": {"type": "Polygon", "coordinates": [[[85.1906, 27.80669], [85.2106, 27.80669], [85.2106, 27.82669], [85.1906, 27.82669], [85.1906, 27.80669]]]}, "properties": {"cell_id": "kat_0126", "flood_depth_m": {"rp10": 0.08, "rp100": 0.2}, "glof_depth_m": 0.0, "landslide_prob": 0.166, "population": 457, "critical_assets": [], "eal_people": 7.713, "eal_usd": 19282.0, "observed_flood_frac": null, "modeled_flood_frac": 0.11, "elev_m": 1844.1, "slope_deg": 19.9, "n_lakes": 0, "n_drains": 0, "low_income_score": 0.15, "equity_weight": 1.075}}, {"type": "Feature", "geometry": {"type": "Polygon", "coordinates": [[[85.2106, 27.80669], [85.2306, 27.80669], [85.2306, 27.82669], [85.2106, 27.82669], [85.2106, 27.80669]]]}, "properties": {"cell_id": "kat_0127", "flood_depth_m": {"rp10": 0.04, "rp100": 0.09}, "glof_depth_m": 0.0, "landslide_prob": 0.165, "population": 316, "critical_assets": [], "eal_people": 3.907, "eal_usd": 9768.0, "observed_flood_frac": null, "modeled_flood_frac": 0.05, "elev_m": 1675.1, "slope_deg": 19.8, "n_lakes": 0, "n_drains": 0, "low_income_score": 0.15, "equity_weight": 1.075}}, {"type": "Feature", "geometry": {"type": "Polygon", "coordinates": [[[85.2306, 27.80669], [85.2506, 27.80669], [85.2506, 27.82669], [85.2306, 27.82669], [85.2306, 27.80669]]]}, "properties": {"cell_id": "kat_0128", "flood_depth_m": {"rp10": 0.09, "rp100": 0.22}, "glof_depth_m": 0.0, "landslide_prob": 0.149, "population": 887, "critical_assets": ["school"], "eal_people": 15.638, "eal_usd": 39095.0, "observed_flood_frac": null, "modeled_flood_frac": 0.12, "elev_m": 1887.7, "slope_deg": 17.8, "n_lakes": 0, "n_drains": 0, "low_income_score": 0.15, "equity_weight": 1.075}}, {"type": "Feature", "geometry": {"type": "Polygon", "coordinates": [[[85.2506, 27.80669], [85.2706, 27.80669], [85.2706, 27.82669], [85.2506, 27.82669], [85.2506, 27.80669]]]}, "properties": {"cell_id": "kat_0129", "flood_depth_m": {"rp10": 0.04, "rp100": 0.09}, "glof_depth_m": 0.0, "landslide_prob": 0.153, "population": 949, "critical_assets": [], "eal_people": 11.732, "eal_usd": 29330.0, "observed_flood_frac": null, "modeled_flood_frac": 0.05, "elev_m": 1794.9, "slope_deg": 18.3, "n_lakes": 0, "n_drains": 0, "low_income_score": 0.15, "equity_weight": 1.075}}, {"type": "Feature", "geometry": {"type": "Polygon", "coordinates": [[[85.2706, 27.80669], [85.2906, 27.80669], [85.2906, 27.82669], [85.2706, 27.82669], [85.2706, 27.80669]]]}, "properties": {"cell_id": "kat_0130", "flood_depth_m": {"rp10": 0.05, "rp100": 0.13}, "glof_depth_m": 0.0, "landslide_prob": 0.157, "population": 432, "critical_assets": [], "eal_people": 5.991, "eal_usd": 14978.0, "observed_flood_frac": null, "modeled_flood_frac": 0.07, "elev_m": 1842.0, "slope_deg": 18.9, "n_lakes": 0, "n_drains": 0, "low_income_score": 0.15, "equity_weight": 1.075}}, {"type": "Feature", "geometry": {"type": "Polygon", "coordinates": [[[85.2906, 27.80669], [85.3106, 27.80669], [85.3106, 27.82669], [85.2906, 27.82669], [85.2906, 27.80669]]]}, "properties": {"cell_id": "kat_0131", "flood_depth_m": {"rp10": 0.09, "rp100": 0.23}, "glof_depth_m": 0.0, "landslide_prob": 0.167, "population": 666, "critical_assets": [], "eal_people": 12.243, "eal_usd": 30608.0, "observed_flood_frac": null, "modeled_flood_frac": 0.13, "elev_m": 2036.0, "slope_deg": 20.0, "n_lakes": 0, "n_drains": 0, "low_income_score": 0.15, "equity_weight": 1.075}}, {"type": "Feature", "geometry": {"type": "Polygon", "coordinates": [[[85.3106, 27.80669], [85.3306, 27.80669], [85.3306, 27.82669], [85.3106, 27.82669], [85.3106, 27.80669]]]}, "properties": {"cell_id": "kat_0132", "flood_depth_m": {"rp10": 0.04, "rp100": 0.09}, "glof_depth_m": 0.0, "landslide_prob": 0.17, "population": 1856, "critical_assets": [], "eal_people": 22.945, "eal_usd": 57362.0, "observed_flood_frac": null, "modeled_flood_frac": 0.05, "elev_m": 1748.2, "slope_deg": 20.5, "n_lakes": 0, "n_drains": 0, "low_income_score": 0.15, "equity_weight": 1.075}}, {"type": "Feature", "geometry": {"type": "Polygon", "coordinates": [[[85.3306, 27.80669], [85.3506, 27.80669], [85.3506, 27.82669], [85.3306, 27.82669], [85.3306, 27.80669]]]}, "properties": {"cell_id": "kat_0133", "flood_depth_m": {"rp10": 0.04, "rp100": 0.11}, "glof_depth_m": 0.0, "landslide_prob": 0.209, "population": 1114, "critical_assets": [], "eal_people": 14.61, "eal_usd": 36525.0, "observed_flood_frac": null, "modeled_flood_frac": 0.06, "elev_m": 1823.4, "slope_deg": 25.0, "n_lakes": 0, "n_drains": 0, "low_income_score": 0.15, "equity_weight": 1.075}}, {"type": "Feature", "geometry": {"type": "Polygon", "coordinates": [[[85.3506, 27.80669], [85.3706, 27.80669], [85.3706, 27.82669], [85.3506, 27.82669], [85.3506, 27.80669]]]}, "properties": {"cell_id": "kat_0134", "flood_depth_m": {"rp10": 0.14, "rp100": 0.34}, "glof_depth_m": 0.0, "landslide_prob": 0.153, "population": 420, "critical_assets": [], "eal_people": 9.617, "eal_usd": 24043.0, "observed_flood_frac": null, "modeled_flood_frac": 0.19, "elev_m": 2192.2, "slope_deg": 18.3, "n_lakes": 0, "n_drains": 0, "low_income_score": 0.15, "equity_weight": 1.075}}, {"type": "Feature", "geometry": {"type": "Polygon", "coordinates": [[[85.3706, 27.80669], [85.39059999999999, 27.80669], [85.39059999999999, 27.82669], [85.3706, 27.82669], [85.3706, 27.80669]]]}, "properties": {"cell_id": "kat_0135", "flood_depth_m": {"rp10": 0.07, "rp100": 0.18}, "glof_depth_m": 0.0, "landslide_prob": 0.21, "population": 376, "critical_assets": [], "eal_people": 6.063, "eal_usd": 15158.0, "observed_flood_frac": null, "modeled_flood_frac": 0.1, "elev_m": 2259.6, "slope_deg": 25.3, "n_lakes": 0, "n_drains": 0, "low_income_score": 0.15, "equity_weight": 1.075}}, {"type": "Feature", "geometry": {"type": "Polygon", "coordinates": [[[85.39059999999999, 27.80669], [85.4106, 27.80669], [85.4106, 27.82669], [85.39059999999999, 27.82669], [85.39059999999999, 27.80669]]]}, "properties": {"cell_id": "kat_0136", "flood_depth_m": {"rp10": 0.05, "rp100": 0.13}, "glof_depth_m": 0.0, "landslide_prob": 0.186, "population": 386, "critical_assets": [], "eal_people": 5.353, "eal_usd": 13382.0, "observed_flood_frac": null, "modeled_flood_frac": 0.07, "elev_m": 2264.6, "slope_deg": 22.4, "n_lakes": 0, "n_drains": 0, "low_income_score": 0.15, "equity_weight": 1.075}}, {"type": "Feature", "geometry": {"type": "Polygon", "coordinates": [[[85.4106, 27.80669], [85.4306, 27.80669], [85.4306, 27.82669], [85.4106, 27.82669], [85.4106, 27.80669]]]}, "properties": {"cell_id": "kat_0137", "flood_depth_m": {"rp10": 0.06, "rp100": 0.14}, "glof_depth_m": 0.0, "landslide_prob": 0.154, "population": 435, "critical_assets": [], "eal_people": 6.36, "eal_usd": 15900.0, "observed_flood_frac": null, "modeled_flood_frac": 0.08, "elev_m": 2096.6, "slope_deg": 18.5, "n_lakes": 0, "n_drains": 0, "low_income_score": 0.15, "equity_weight": 1.075}}, {"type": "Feature", "geometry": {"type": "Polygon", "coordinates": [[[85.4306, 27.80669], [85.4506, 27.80669], [85.4506, 27.82669], [85.4306, 27.82669], [85.4306, 27.80669]]]}, "properties": {"cell_id": "kat_0138", "flood_depth_m": {"rp10": 0.08, "rp100": 0.2}, "glof_depth_m": 0.0, "landslide_prob": 0.147, "population": 461, "critical_assets": [], "eal_people": 7.781, "eal_usd": 19452.0, "observed_flood_frac": null, "modeled_flood_frac": 0.11, "elev_m": 2178.2, "slope_deg": 17.7, "n_lakes": 0, "n_drains": 0, "low_income_score": 0.15, "equity_weight": 1.075}}, {"type": "Feature", "geometry": {"type": "Polygon", "coordinates": [[[85.4506, 27.80669], [85.4706, 27.80669], [85.4706, 27.82669], [85.4506, 27.82669], [85.4506, 27.80669]]]}, "properties": {"cell_id": "kat_0139", "flood_depth_m": {"rp10": 0.02, "rp100": 0.05}, "glof_depth_m": 0.0, "landslide_prob": 0.159, "population": 443, "critical_assets": [], "eal_people": 4.477, "eal_usd": 11192.0, "observed_flood_frac": null, "modeled_flood_frac": 0.02, "elev_m": 1933.0, "slope_deg": 19.1, "n_lakes": 0, "n_drains": 0, "low_income_score": 0.15, "equity_weight": 1.075}}, {"type": "Feature", "geometry": {"type": "Polygon", "coordinates": [[[85.4706, 27.80669], [85.4906, 27.80669], [85.4906, 27.82669], [85.4706, 27.82669], [85.4706, 27.80669]]]}, "properties": {"cell_id": "kat_0140", "flood_depth_m": {"rp10": 0.02, "rp100": 0.05}, "glof_depth_m": 0.0, "landslide_prob": 0.136, "population": 1030, "critical_assets": [], "eal_people": 8.858, "eal_usd": 22145.0, "observed_flood_frac": null, "modeled_flood_frac": 0.0, "elev_m": 1466.7, "slope_deg": 16.3, "n_lakes": 0, "n_drains": 0, "low_income_score": 0.15, "equity_weight": 1.075}}, {"type": "Feature", "geometry": {"type": "Polygon", "coordinates": [[[85.4906, 27.80669], [85.5106, 27.80669], [85.5106, 27.82669], [85.4906, 27.82669], [85.4906, 27.80669]]]}, "properties": {"cell_id": "kat_0141", "flood_depth_m": {"rp10": 0.02, "rp100": 0.05}, "glof_depth_m": 0.0, "landslide_prob": 0.113, "population": 1262, "critical_assets": [], "eal_people": 10.853, "eal_usd": 27132.0, "observed_flood_frac": null, "modeled_flood_frac": 0.0, "elev_m": 1238.8, "slope_deg": 13.6, "n_lakes": 0, "n_drains": 0, "low_income_score": 0.15, "equity_weight": 1.075}}, {"type": "Feature", "geometry": {"type": "Polygon", "coordinates": [[[85.5106, 27.80669], [85.53059999999999, 27.80669], [85.53059999999999, 27.82669], [85.5106, 27.82669], [85.5106, 27.80669]]]}, "properties": {"cell_id": "kat_0142", "flood_depth_m": {"rp10": 0.14, "rp100": 0.34}, "glof_depth_m": 0.0, "landslide_prob": 0.159, "population": 924, "critical_assets": ["lake"], "eal_people": 26.322, "eal_usd": 65805.0, "observed_flood_frac": null, "modeled_flood_frac": 0.05, "elev_m": 1379.5, "slope_deg": 19.0, "n_lakes": 1, "n_drains": 0, "low_income_score": 0.15, "equity_weight": 1.075}}, {"type": "Feature", "geometry": {"type": "Polygon", "coordinates": [[[85.53059999999999, 27.80669], [85.5506, 27.80669], [85.5506, 27.82669], [85.53059999999999, 27.82669], [85.53059999999999, 27.80669]]]}, "properties": {"cell_id": "kat_0143", "flood_depth_m": {"rp10": 0.11, "rp100": 0.27}, "glof_depth_m": 0.0, "landslide_prob": 0.153, "population": 833, "critical_assets": [], "eal_people": 16.566, "eal_usd": 41415.0, "observed_flood_frac": null, "modeled_flood_frac": 0.15, "elev_m": 1528.1, "slope_deg": 18.3, "n_lakes": 0, "n_drains": 0, "low_income_score": 0.15, "equity_weight": 1.075}}, {"type": "Feature", "geometry": {"type": "Polygon", "coordinates": [[[85.0706, 27.78669], [85.0906, 27.78669], [85.0906, 27.80669], [85.0706, 27.80669], [85.0706, 27.78669]]]}, "properties": {"cell_id": "kat_0144", "flood_depth_m": {"rp10": 0.44, "rp100": 1.1}, "glof_depth_m": 0.0, "landslide_prob": 0.147, "population": 621, "critical_assets": [], "eal_people": 33.846, "eal_usd": 84615.0, "observed_flood_frac": null, "modeled_flood_frac": 0.61, "elev_m": 986.5, "slope_deg": 17.7, "n_lakes": 0, "n_drains": 0, "low_income_score": 0.15, "equity_weight": 1.075}}, {"type": "Feature", "geometry": {"type": "Polygon", "coordinates": [[[85.0906, 27.78669], [85.1106, 27.78669], [85.1106, 27.80669], [85.0906, 27.80669], [85.0906, 27.78669]]]}, "properties": {"cell_id": "kat_0145", "flood_depth_m": {"rp10": 0.1, "rp100": 0.25}, "glof_depth_m": 0.0, "landslide_prob": 0.155, "population": 449, "critical_assets": [], "eal_people": 8.592, "eal_usd": 21480.0, "observed_flood_frac": null, "modeled_flood_frac": 0.14, "elev_m": 1225.3, "slope_deg": 18.6, "n_lakes": 0, "n_drains": 0, "low_income_score": 0.15, "equity_weight": 1.075}}, {"type": "Feature", "geometry": {"type": "Polygon", "coordinates": [[[85.1106, 27.78669], [85.1306, 27.78669], [85.1306, 27.80669], [85.1106, 27.80669], [85.1106, 27.78669]]]}, "properties": {"cell_id": "kat_0146", "flood_depth_m": {"rp10": 0.05, "rp100": 0.13}, "glof_depth_m": 0.0, "landslide_prob": 0.168, "population": 404, "critical_assets": [], "eal_people": 5.602, "eal_usd": 14005.0, "observed_flood_frac": null, "modeled_flood_frac": 0.07, "elev_m": 1518.3, "slope_deg": 20.2, "n_lakes": 0, "n_drains": 0, "low_income_score": 0.15, "equity_weight": 1.075}}, {"type": "Feature", "geometry": {"type": "Polygon", "coordinates": [[[85.1306, 27.78669], [85.1506, 27.78669], [85.1506, 27.80669], [85.1306, 27.80669], [85.1306, 27.78669]]]}, "properties": {"cell_id": "kat_0147", "flood_depth_m": {"rp10": 0.04, "rp100": 0.09}, "glof_depth_m": 0.0, "landslide_prob": 0.156, "population": 744, "critical_assets": [], "eal_people": 9.198, "eal_usd": 22995.0, "observed_flood_frac": null, "modeled_flood_frac": 0.05, "elev_m": 1577.9, "slope_deg": 18.7, "n_lakes": 0, "n_drains": 0, "low_income_score": 0.15, "equity_weight": 1.075}}, {"type": "Feature", "geometry": {"type": "Polygon", "coordinates": [[[85.1506, 27.78669], [85.1706, 27.78669], [85.1706, 27.80669], [85.1506, 27.80669], [85.1506, 27.78669]]]}, "properties": {"cell_id": "kat_0148", "flood_depth_m": {"rp10": 0.04, "rp100": 0.09}, "glof_depth_m": 0.0, "landslide_prob": 0.161, "population": 648, "critical_assets": [], "eal_people": 8.011, "eal_usd": 20027.0, "observed_flood_frac": null, "modeled_flood_frac": 0.05, "elev_m": 1395.9, "slope_deg": 19.3, "n_lakes": 0, "n_drains": 0, "low_income_score": 0.15, "equity_weight": 1.075}}, {"type": "Feature", "geometry": {"type": "Polygon", "coordinates": [[[85.1706, 27.78669], [85.1906, 27.78669], [85.1906, 27.80669], [85.1706, 27.80669], [85.1706, 27.78669]]]}, "properties": {"cell_id": "kat_0149", "flood_depth_m": {"rp10": 0.02, "rp100": 0.05}, "glof_depth_m": 0.0, "landslide_prob": 0.154, "population": 654, "critical_assets": [], "eal_people": 6.609, "eal_usd": 16522.0, "observed_flood_frac": null, "modeled_flood_frac": 0.02, "elev_m": 1279.6, "slope_deg": 18.4, "n_lakes": 0, "n_drains": 0, "low_income_score": 0.15, "equity_weight": 1.075}}, {"type": "Feature", "geometry": {"type": "Polygon", "coordinates": [[[85.1906, 27.78669], [85.2106, 27.78669], [85.2106, 27.80669], [85.1906, 27.80669], [85.1906, 27.78669]]]}, "properties": {"cell_id": "kat_0150", "flood_depth_m": {"rp10": 0.06, "rp100": 0.16}, "glof_depth_m": 0.0, "landslide_prob": 0.156, "population": 491, "critical_assets": [], "eal_people": 7.548, "eal_usd": 18870.0, "observed_flood_frac": null, "modeled_flood_frac": 0.09, "elev_m": 1484.0, "slope_deg": 18.7, "n_lakes": 0, "n_drains": 0, "low_income_score": 0.15, "equity_weight": 1.075}}, {"type": "Feature", "geometry": {"type": "Polygon", "coordinates": [[[85.2106, 27.78669], [85.2306, 27.78669], [85.2306, 27.80669], [85.2106, 27.80669], [85.2106, 27.78669]]]}, "properties": {"cell_id": "kat_0151", "flood_depth_m": {"rp10": 0.05, "rp100": 0.13}, "glof_depth_m": 0.0, "landslide_prob": 0.174, "population": 612, "critical_assets": [], "eal_people": 8.487, "eal_usd": 21218.0, "observed_flood_frac": null, "modeled_flood_frac": 0.07, "elev_m": 1552.7, "slope_deg": 20.9, "n_lakes": 0, "n_drains": 0, "low_income_score": 0.15, "equity_weight": 1.075}}, {"type": "Feature", "geometry": {"type": "Polygon", "coordinates": [[[85.2306, 27.78669], [85.2506, 27.78669], [85.2506, 27.80669], [85.2306, 27.80669], [85.2306, 27.78669]]]}, "properties": {"cell_id": "kat_0152", "flood_depth_m": {"rp10": 0.06, "rp100": 0.14}, "glof_depth_m": 0.0, "landslide_prob": 0.141, "population": 1453, "critical_assets": [], "eal_people": 21.243, "eal_usd": 53108.0, "observed_flood_frac": null, "modeled_flood_frac": 0.08, "elev_m": 1559.7, "slope_deg": 16.9, "n_lakes": 0, "n_drains": 0, "low_income_score": 0.15, "equity_weight": 1.075}}, {"type": "Feature", "geometry": {"type": "Polygon", "coordinates": [[[85.2506, 27.78669], [85.2706, 27.78669], [85.2706, 27.80669], [85.2506, 27.80669], [85.2506, 27.78669]]]}, "properties": {"cell_id": "kat_0153", "flood_depth_m": {"rp10": 0.02, "rp100": 0.05}, "glof_depth_m": 0.0, "landslide_prob": 0.139, "population": 1414, "critical_assets": [], "eal_people": 14.288, "eal_usd": 35720.0, "observed_flood_frac": null, "modeled_flood_frac": 0.02, "elev_m": 1482.8, "slope_deg": 16.7, "n_lakes": 0, "n_drains": 0, "low_income_score": 0.15, "equity_weight": 1.075}}, {"type": "Feature", "geometry": {"type": "Polygon", "coordinates": [[[85.2706, 27.78669], [85.2906, 27.78669], [85.2906, 27.80669], [85.2706, 27.80669], [85.2706, 27.78669]]]}, "properties": {"cell_id": "kat_0154", "flood_depth_m": {"rp10": 0.12, "rp100": 0.3}, "glof_depth_m": 0.0, "landslide_prob": 0.157, "population": 2073, "critical_assets": ["lake"], "eal_people": 55.935, "eal_usd": 139838.0, "observed_flood_frac": null, "modeled_flood_frac": 0.03, "elev_m": 1782.4, "slope_deg": 18.8, "n_lakes": 1, "n_drains": 0, "low_income_score": 0.15, "equity_weight": 1.075}}, {"type": "Feature", "geometry": {"type": "Polygon", "coordinates": [[[85.2906, 27.78669], [85.3106, 27.78669], [85.3106, 27.80669], [85.2906, 27.80669], [85.2906, 27.78669]]]}, "properties": {"cell_id": "kat_0155", "flood_depth_m": {"rp10": 0.02, "rp100": 0.05}, "glof_depth_m": 0.0, "landslide_prob": 0.156, "population": 3914, "critical_assets": [], "eal_people": 39.551, "eal_usd": 98878.0, "observed_flood_frac": null, "modeled_flood_frac": 0.02, "elev_m": 1736.1, "slope_deg": 18.7, "n_lakes": 0, "n_drains": 0, "low_income_score": 0.15, "equity_weight": 1.075}}, {"type": "Feature", "geometry": {"type": "Polygon", "coordinates": [[[85.3106, 27.78669], [85.3306, 27.78669], [85.3306, 27.80669], [85.3106, 27.80669], [85.3106, 27.78669]]]}, "properties": {"cell_id": "kat_0156", "flood_depth_m": {"rp10": 0.1, "rp100": 0.25}, "glof_depth_m": 0.0, "landslide_prob": 0.101, "population": 11564, "critical_assets": ["lake"], "eal_people": 319.166, "eal_usd": 797915.0, "observed_flood_frac": null, "modeled_flood_frac": 0.0, "elev_m": 1532.1, "slope_deg": 12.1, "n_lakes": 1, "n_drains": 0, "low_income_score": 0.4, "equity_weight": 1.2}}, {"type": "Feature", "geometry": {"type": "Polygon", "coordinates": [[[85.3306, 27.78669], [85.3506, 27.78669], [85.3506, 27.80669], [85.3306, 27.80669], [85.3306, 27.78669]]]}, "properties": {"cell_id": "kat_0157", "flood_depth_m": {"rp10": 0.04, "rp100": 0.11}, "glof_depth_m": 0.0, "landslide_prob": 0.157, "population": 8151, "critical_assets": [], "eal_people": 119.331, "eal_usd": 298328.0, "observed_flood_frac": null, "modeled_flood_frac": 0.06, "elev_m": 1784.6, "slope_deg": 18.8, "n_lakes": 0, "n_drains": 0, "low_income_score": 0.4, "equity_weight": 1.2}}, {"type": "Feature", "geometry": {"type": "Polygon", "coordinates": [[[85.3506, 27.78669], [85.3706, 27.78669], [85.3706, 27.80669], [85.3506, 27.80669], [85.3506, 27.78669]]]}, "properties": {"cell_id": "kat_0158", "flood_depth_m": {"rp10": 0.02, "rp100": 0.05}, "glof_depth_m": 0.0, "landslide_prob": 0.156, "population": 5251, "critical_assets": [], "eal_people": 50.41, "eal_usd": 126025.0, "observed_flood_frac": null, "modeled_flood_frac": 0.0, "elev_m": 1945.8, "slope_deg": 18.8, "n_lakes": 0, "n_drains": 0, "low_income_score": 0.4, "equity_weight": 1.2}}, {"type": "Feature", "geometry": {"type": "Polygon", "coordinates": [[[85.3706, 27.78669], [85.39059999999999, 27.78669], [85.39059999999999, 27.80669], [85.3706, 27.80669], [85.3706, 27.78669]]]}, "properties": {"cell_id": "kat_0159", "flood_depth_m": {"rp10": 0.08, "rp100": 0.2}, "glof_depth_m": 0.0, "landslide_prob": 0.161, "population": 4485, "critical_assets": ["school"], "eal_people": 84.497, "eal_usd": 211242.0, "observed_flood_frac": null, "modeled_flood_frac": 0.11, "elev_m": 2101.3, "slope_deg": 19.3, "n_lakes": 0, "n_drains": 0, "low_income_score": 0.4, "equity_weight": 1.2}}, {"type": "Feature", "geometry": {"type": "Polygon", "coordinates": [[[85.39059999999999, 27.78669], [85.4106, 27.78669], [85.4106, 27.80669], [85.39059999999999, 27.80669], [85.39059999999999, 27.78669]]]}, "properties": {"cell_id": "kat_0160", "flood_depth_m": {"rp10": 0.02, "rp100": 0.05}, "glof_depth_m": 0.0, "landslide_prob": 0.14, "population": 574, "critical_assets": [], "eal_people": 6.232, "eal_usd": 15580.0, "observed_flood_frac": null, "modeled_flood_frac": 0.03, "elev_m": 2134.0, "slope_deg": 16.8, "n_lakes": 0, "n_drains": 0, "low_income_score": 0.15, "equity_weight": 1.075}}, {"type": "Feature", "geometry": {"type": "Polygon", "coordinates": [[[85.4106, 27.78669], [85.4306, 27.78669], [85.4306, 27.80669], [85.4106, 27.80669], [85.4106, 27.78669]]]}, "properties": {"cell_id": "kat_0161", "flood_depth_m": {"rp10": 0.02, "rp100": 0.05}, "glof_depth_m": 0.0, "landslide_prob": 0.131, "population": 691, "critical_assets": [], "eal_people": 5.943, "eal_usd": 14857.0, "observed_flood_frac": null, "modeled_flood_frac": 0.0, "elev_m": 1987.6, "slope_deg": 15.7, "n_lakes": 0, "n_drains": 0, "low_income_score": 0.15, "equity_weight": 1.075}}, {"type": "Feature", "geometry": {"type": "Polygon", "coordinates": [[[85.4306, 27.78669], [85.4506, 27.78669], [85.4506, 27.80669], [85.4306, 27.80669], [85.4306, 27.78669]]]}, "properties": {"cell_id": "kat_0162", "flood_depth_m": {"rp10": 0.06, "rp100": 0.16}, "glof_depth_m": 0.0, "landslide_prob": 0.103, "population": 501, "critical_assets": [], "eal_people": 7.702, "eal_usd": 19255.0, "observed_flood_frac": null, "modeled_flood_frac": 0.09, "elev_m": 2138.0, "slope_deg": 12.4, "n_lakes": 0, "n_drains": 0, "low_income_score": 0.15, "equity_weight": 1.075}}, {"type": "Feature", "geometry": {"type": "Polygon", "coordinates": [[[85.4506, 27.78669], [85.4706, 27.78669], [85.4706, 27.80669], [85.4506, 27.80669], [85.4506, 27.78669]]]}, "properties": {"cell_id": "kat_0163", "flood_depth_m": {"rp10": 0.03, "rp100": 0.07}, "glof_depth_m": 0.0, "landslide_prob": 0.092, "population": 428, "critical_assets": [], "eal_people": 4.969, "eal_usd": 12422.0, "observed_flood_frac": null, "modeled_flood_frac": 0.04, "elev_m": 2070.4, "slope_deg": 11.0, "n_lakes": 0, "n_drains": 0, "low_income_score": 0.15, "equity_weight": 1.075}}, {"type": "Feature", "geometry": {"type": "Polygon", "coordinates": [[[85.4706, 27.78669], [85.4906, 27.78669], [85.4906, 27.80669], [85.4706, 27.80669], [85.4706, 27.78669]]]}, "properties": {"cell_id": "kat_0164", "flood_depth_m": {"rp10": 0.02, "rp100": 0.05}, "glof_depth_m": 0.0, "landslide_prob": 0.174, "population": 352, "critical_assets": [], "eal_people": 3.557, "eal_usd": 8892.0, "observed_flood_frac": null, "modeled_flood_frac": 0.02, "elev_m": 1813.4, "slope_deg": 20.8, "n_lakes": 0, "n_drains": 0, "low_income_score": 0.15, "equity_weight": 1.075}}, {"type": "Feature", "geometry": {"type": "Polygon", "coordinates": [[[85.4906, 27.78669], [85.5106, 27.78669], [85.5106, 27.80669], [85.4906, 27.80669], [85.4906, 27.78669]]]}, "properties": {"cell_id": "kat_0165", "flood_depth_m": {"rp10": 0.04, "rp100": 0.09}, "glof_depth_m": 0.0, "landslide_prob": 0.135, "population": 555, "critical_assets": [], "eal_people": 6.861, "eal_usd": 17152.0, "observed_flood_frac": null, "modeled_flood_frac": 0.05, "elev_m": 1450.2, "slope_deg": 16.2, "n_lakes": 0, "n_drains": 0, "low_income_score": 0.15, "equity_weight": 1.075}}, {"type": "Feature", "geometry": {"type": "Polygon", "coordinates": [[[85.5106, 27.78669], [85.53059999999999, 27.78669], [85.53059999999999, 27.80669], [85.5106, 27.80669], [85.5106, 27.78669]]]}, "properties": {"cell_id": "kat_0166", "flood_depth_m": {"rp10": 0.14, "rp100": 0.34}, "glof_depth_m": 0.0, "landslide_prob": 0.11, "population": 1011, "critical_assets": [], "eal_people": 23.149, "eal_usd": 57872.0, "observed_flood_frac": null, "modeled_flood_frac": 0.19, "elev_m": 1177.8, "slope_deg": 13.2, "n_lakes": 0, "n_drains": 0, "low_income_score": 0.15, "equity_weight": 1.075}}, {"type": "Feature", "geometry": {"type": "Polygon", "coordinates": [[[85.53059999999999, 27.78669], [85.5506, 27.78669], [85.5506, 27.80669], [85.53059999999999, 27.80669], [85.53059999999999, 27.78669]]]}, "properties": {"cell_id": "kat_0167", "flood_depth_m": {"rp10": 0.39, "rp100": 0.97}, "glof_depth_m": 0.0, "landslide_prob": 0.134, "population": 1139, "critical_assets": [], "eal_people": 56.079, "eal_usd": 140198.0, "observed_flood_frac": null, "modeled_flood_frac": 0.54, "elev_m": 1076.2, "slope_deg": 16.1, "n_lakes": 0, "n_drains": 0, "low_income_score": 0.15, "equity_weight": 1.075}}, {"type": "Feature", "geometry": {"type": "Polygon", "coordinates": [[[85.0706, 27.76669], [85.0906, 27.76669], [85.0906, 27.78669], [85.0706, 27.78669], [85.0706, 27.76669]]]}, "properties": {"cell_id": "kat_0168", "flood_depth_m": {"rp10": 0.24, "rp100": 0.59}, "glof_depth_m": 0.0, "landslide_prob": 0.165, "population": 374, "critical_assets": [], "eal_people": 12.504, "eal_usd": 31260.0, "observed_flood_frac": null, "modeled_flood_frac": 0.33, "elev_m": 1140.5, "slope_deg": 19.8, "n_lakes": 0, "n_drains": 0, "low_income_score": 0.15, "equity_weight": 1.075}}, {"type": "Feature", "geometry": {"type": "Polygon", "coordinates": [[[85.0906, 27.76669], [85.1106, 27.76669], [85.1106, 27.78669], [85.0906, 27.78669], [85.0906, 27.76669]]]}, "properties": {"cell_id": "kat_0169", "flood_depth_m": {"rp10": 0.59, "rp100": 1.48}, "glof_depth_m": 0.0, "landslide_prob": 0.127, "population": 482, "critical_assets": [], "eal_people": 33.887, "eal_usd": 84718.0, "observed_flood_frac": null, "modeled_flood_frac": 0.82, "elev_m": 955.2, "slope_deg": 15.2, "n_lakes": 0, "n_drains": 0, "low_income_score": 0.15, "equity_weight": 1.075}}, {"type": "Feature", "geometry": {"type": "Polygon", "coordinates": [[[85.1106, 27.76669], [85.1306, 27.76669], [85.1306, 27.78669], [85.1106, 27.78669], [85.1106, 27.76669]]]}, "properties": {"cell_id": "kat_0170", "flood_depth_m": {"rp10": 0.51, "rp100": 1.28}, "glof_depth_m": 0.0, "landslide_prob": 0.108, "population": 617, "critical_assets": [], "eal_people": 38.271, "eal_usd": 95678.0, "observed_flood_frac": null, "modeled_flood_frac": 0.71, "elev_m": 1015.6, "slope_deg": 13.0, "n_lakes": 0, "n_drains": 0, "low_income_score": 0.15, "equity_weight": 1.075}}, {"type": "Feature", "geometry": {"type": "Polygon", "coordinates": [[[85.1306, 27.76669], [85.1506, 27.76669], [85.1506, 27.78669], [85.1306, 27.78669], [85.1306, 27.76669]]]}, "properties": {"cell_id": "kat_0171", "flood_depth_m": {"rp10": 0.45, "rp100": 1.12}, "glof_depth_m": 0.0, "landslide_prob": 0.105, "population": 1286, "critical_assets": [], "eal_people": 71.058, "eal_usd": 177645.0, "observed_flood_frac": null, "modeled_flood_frac": 0.62, "elev_m": 1045.3, "slope_deg": 12.6, "n_lakes": 0, "n_drains": 0, "low_income_score": 0.15, "equity_weight": 1.075}}, {"type": "Feature", "geometry": {"type": "Polygon", "coordinates": [[[85.1506, 27.76669], [85.1706, 27.76669], [85.1706, 27.78669], [85.1506, 27.78669], [85.1506, 27.76669]]]}, "properties": {"cell_id": "kat_0172", "flood_depth_m": {"rp10": 0.52, "rp100": 1.31}, "glof_depth_m": 0.0, "landslide_prob": 0.089, "population": 2044, "critical_assets": [], "eal_people": 129.86, "eal_usd": 324650.0, "observed_flood_frac": null, "modeled_flood_frac": 0.73, "elev_m": 999.6, "slope_deg": 10.7, "n_lakes": 0, "n_drains": 0, "low_income_score": 0.15, "equity_weight": 1.075}}, {"type": "Feature", "geometry": {"type": "Polygon", "coordinates": [[[85.1706, 27.76669], [85.1906, 27.76669], [85.1906, 27.78669], [85.1706, 27.78669], [85.1706, 27.76669]]]}, "properties": {"cell_id": "kat_0173", "flood_depth_m": {"rp10": 0.57, "rp100": 1.42}, "glof_depth_m": 0.0, "landslide_prob": 0.084, "population": 1369, "critical_assets": [], "eal_people": 93.157, "eal_usd": 232892.0, "observed_flood_frac": null, "modeled_flood_frac": 0.79, "elev_m": 983.0, "slope_deg": 10.1, "n_lakes": 0, "n_drains": 0, "low_income_score": 0.15, "equity_weight": 1.075}}, {"type": "Feature", "geometry": {"type": "Polygon", "coordinates": [[[85.1906, 27.76669], [85.2106, 27.76669], [85.2106, 27.78669], [85.1906, 27.78669], [85.1906, 27.76669]]]}, "properties": {"cell_id": "kat_0174", "flood_depth_m": {"rp10": 0.4, "rp100": 1.01}, "glof_depth_m": 0.0, "landslide_prob": 0.099, "population": 664, "critical_assets": [], "eal_people": 33.691, "eal_usd": 84228.0, "observed_flood_frac": null, "modeled_flood_frac": 0.56, "elev_m": 1064.4, "slope_deg": 11.9, "n_lakes": 0, "n_drains": 0, "low_income_score": 0.15, "equity_weight": 1.075}}, {"type": "Feature", "geometry": {"type": "Polygon", "coordinates": [[[85.2106, 27.76669], [85.2306, 27.76669], [85.2306, 27.78669], [85.2106, 27.78669], [85.2106, 27.76669]]]}, "properties": {"cell_id": "kat_0175", "flood_depth_m": {"rp10": 0.07, "rp100": 0.18}, "glof_depth_m": 0.0, "landslide_prob": 0.096, "population": 989, "critical_assets": [], "eal_people": 15.948, "eal_usd": 39870.0, "observed_flood_frac": null, "modeled_flood_frac": 0.1, "elev_m": 1147.2, "slope_deg": 11.5, "n_lakes": 0, "n_drains": 0, "low_income_score": 0.15, "equity_weight": 1.075}}, {"type": "Feature", "geometry": {"type": "Polygon", "coordinates": [[[85.2306, 27.76669], [85.2506, 27.76669], [85.2506, 27.78669], [85.2306, 27.78669], [85.2306, 27.76669]]]}, "properties": {"cell_id": "kat_0176", "flood_depth_m": {"rp10": 0.02, "rp100": 0.05}, "glof_depth_m": 0.0, "landslide_prob": 0.096, "population": 1444, "critical_assets": [], "eal_people": 12.418, "eal_usd": 31045.0, "observed_flood_frac": null, "modeled_flood_frac": 0.0, "elev_m": 1217.3, "slope_deg": 11.5, "n_lakes": 0, "n_drains": 0, "low_income_score": 0.15, "equity_weight": 1.075}}, {"type": "Feature", "geometry": {"type": "Polygon", "coordinates": [[[85.2506, 27.76669], [85.2706, 27.76669], [85.2706, 27.78669], [85.2506, 27.78669], [85.2506, 27.76669]]]}, "properties": {"cell_id": "kat_0177", "flood_depth_m": {"rp10": 0.02, "rp100": 0.05}, "glof_depth_m": 0.0, "landslide_prob": 0.097, "population": 2014, "critical_assets": [], "eal_people": 17.32, "eal_usd": 43300.0, "observed_flood_frac": null, "modeled_flood_frac": 0.0, "elev_m": 1326.2, "slope_deg": 11.7, "n_lakes": 0, "n_drains": 0, "low_income_score": 0.15, "equity_weight": 1.075}}, {"type": "Feature", "geometry": {"type": "Polygon", "coordinates": [[[85.2706, 27.76669], [85.2906, 27.76669], [85.2906, 27.78669], [85.2706, 27.78669], [85.2706, 27.76669]]]}, "properties": {"cell_id": "kat_0178", "flood_depth_m": {"rp10": 0.15, "rp100": 0.38}, "glof_depth_m": 0.0, "landslide_prob": 0.085, "population": 8498, "critical_assets": ["lake"], "eal_people": 284.513, "eal_usd": 711282.0, "observed_flood_frac": null, "modeled_flood_frac": 0.07, "elev_m": 1465.4, "slope_deg": 10.1, "n_lakes": 1, "n_drains": 0, "low_income_score": 0.4, "equity_weight": 1.2}}, {"type": "Feature", "geometry": {"type": "Polygon", "coordinates": [[[85.2906, 27.76669], [85.3106, 27.76669], [85.3106, 27.78669], [85.2906, 27.78669], [85.2906, 27.76669]]]}, "properties": {"cell_id": "kat_0179", "flood_depth_m": {"rp10": 0.02, "rp100": 0.05}, "glof_depth_m": 0.0, "landslide_prob": 0.025, "population": 19509, "critical_assets": [], "eal_people": 187.286, "eal_usd": 468215.0, "observed_flood_frac": null, "modeled_flood_frac": 0.0, "elev_m": 1368.9, "slope_deg": 3.1, "n_lakes": 0, "n_drains": 0, "low_income_score": 0.4, "equity_weight": 1.2}}, {"type": "Feature", "geometry": {"type": "Polygon", "coordinates": [[[85.3106, 27.76669], [85.3306, 27.76669], [85.3306, 27.78669], [85.3106, 27.78669], [85.3106, 27.76669]]]}, "properties": {"cell_id": "kat_0180", "flood_depth_m": {"rp10": 0.21, "rp100": 0.52}, "glof_depth_m": 0.0, "landslide_prob": 0.025, "population": 20534, "critical_assets": ["lake"], "eal_people": 583.987, "eal_usd": 1459968.0, "observed_flood_frac": null, "modeled_flood_frac": 0.01, "elev_m": 1353.1, "slope_deg": 3.0, "n_lakes": 2, "n_drains": 1, "low_income_score": 0.4, "equity_weight": 1.2}}, {"type": "Feature", "geometry": {"type": "Polygon", "coordinates": [[[85.3306, 27.76669], [85.3506, 27.76669], [85.3506, 27.78669], [85.3306, 27.78669], [85.3306, 27.76669]]]}, "properties": {"cell_id": "kat_0181", "flood_depth_m": {"rp10": 0.02, "rp100": 0.05}, "glof_depth_m": 0.0, "landslide_prob": 0.086, "population": 15757, "critical_assets": [], "eal_people": 177.739, "eal_usd": 444348.0, "observed_flood_frac": null, "modeled_flood_frac": 0.02, "elev_m": 1443.6, "slope_deg": 10.4, "n_lakes": 0, "n_drains": 0, "low_income_score": 0.4, "equity_weight": 1.2}}, {"type": "Feature", "geometry": {"type": "Polygon", "coordinates": [[[85.3506, 27.76669], [85.3706, 27.76669], [85.3706, 27.78669], [85.3506, 27.78669], [85.3506, 27.76669]]]}, "properties": {"cell_id": "kat_0182", "flood_depth_m": {"rp10": 0.02, "rp100": 0.05}, "glof_depth_m": 0.0, "landslide_prob": 0.054, "population": 46716, "critical_assets": ["school", "school", "school"], "eal_people": 487.715, "eal_usd": 1219288.0, "observed_flood_frac": null, "modeled_flood_frac": 0.01, "elev_m": 1447.4, "slope_deg": 6.5, "n_lakes": 0, "n_drains": 0, "low_income_score": 0.4, "equity_weight": 1.2}}, {"type": "Feature", "geometry": {"type": "Polygon", "coordinates": [[[85.3706, 27.76669], [85.39059999999999, 27.76669], [85.39059999999999, 27.78669], [85.3706, 27.78669], [85.3706, 27.76669]]]}, "properties": {"cell_id": "kat_0183", "flood_depth_m": {"rp10": 0.04, "rp100": 0.11}, "glof_depth_m": 0.0, "landslide_prob": 0.15, "population": 17984, "critical_assets": ["school"], "eal_people": 263.286, "eal_usd": 658215.0, "observed_flood_frac": null, "modeled_flood_frac": 0.06, "elev_m": 1713.8, "slope_deg": 18.0, "n_lakes": 0, "n_drains": 0, "low_income_score": 0.4, "equity_weight": 1.2}}, {"type": "Feature", "geometry": {"type": "Polygon", "coordinates": [[[85.39059999999999, 27.76669], [85.4106, 27.76669], [85.4106, 27.78669], [85.39059999999999, 27.78669], [85.39059999999999, 27.76669]]]}, "properties": {"cell_id": "kat_0184", "flood_depth_m": {"rp10": 0.02, "rp100": 0.05}, "glof_depth_m": 0.0, "landslide_prob": 0.134, "population": 1646, "critical_assets": [], "eal_people": 17.871, "eal_usd": 44678.0, "observed_flood_frac": null, "modeled_flood_frac": 0.03, "elev_m": 1897.7, "slope_deg": 16.0, "n_lakes": 0, "n_drains": 0, "low_income_score": 0.15, "equity_weight": 1.075}}, {"type": "Feature", "geometry": {"type": "Polygon", "coordinates": [[[85.4106, 27.76669], [85.4306, 27.76669], [85.4306, 27.78669], [85.4106, 27.78669], [85.4106, 27.76669]]]}, "properties": {"cell_id": "kat_0185", "flood_depth_m": {"rp10": 0.03, "rp100": 0.07}, "glof_depth_m": 0.0, "landslide_prob": 0.109, "population": 1286, "critical_assets": [], "eal_people": 14.93, "eal_usd": 37325.0, "observed_flood_frac": null, "modeled_flood_frac": 0.04, "elev_m": 1787.8, "slope_deg": 13.1, "n_lakes": 0, "n_drains": 0, "low_income_score": 0.15, "equity_weight": 1.075}}, {"type": "Feature", "geometry": {"type": "Polygon", "coordinates": [[[85.4306, 27.76669], [85.4506, 27.76669], [85.4506, 27.78669], [85.4306, 27.78669], [85.4306, 27.76669]]]}, "properties": {"cell_id": "kat_0186", "flood_depth_m": {"rp10": 0.02, "rp100": 0.05}, "glof_depth_m": 0.0, "landslide_prob": 0.102, "population": 1299, "critical_assets": [], "eal_people": 12.149, "eal_usd": 30372.0, "observed_flood_frac": null, "modeled_flood_frac": 0.01, "elev_m": 1910.9, "slope_deg": 12.2, "n_lakes": 0, "n_drains": 0, "low_income_score": 0.15, "equity_weight": 1.075}}, {"type": "Feature", "geometry": {"type": "Polygon", "coordinates": [[[85.4506, 27.76669], [85.4706, 27.76669], [85.4706, 27.78669], [85.4506, 27.78669], [85.4506, 27.76669]]]}, "properties": {"cell_id": "kat_0187", "flood_depth_m": {"rp10": 0.16, "rp100": 0.41}, "glof_depth_m": 0.0, "landslide_prob": 0.102, "population": 601, "critical_assets": ["lake"], "eal_people": 18.93, "eal_usd": 47325.0, "observed_flood_frac": null, "modeled_flood_frac": 0.09, "elev_m": 2166.4, "slope_deg": 12.3, "n_lakes": 1, "n_drains": 0, "low_income_score": 0.15, "equity_weight": 1.075}}, {"type": "Feature", "geometry": {"type": "Polygon", "coordinates": [[[85.4706, 27.76669], [85.4906, 27.76669], [85.4906, 27.78669], [85.4706, 27.78669], [85.4706, 27.76669]]]}, "properties": {"cell_id": "kat_0188", "flood_depth_m": {"rp10": 0.04, "rp100": 0.09}, "glof_depth_m": 0.0, "landslide_prob": 0.142, "population": 1684, "critical_assets": [], "eal_people": 20.818, "eal_usd": 52045.0, "observed_flood_frac": null, "modeled_flood_frac": 0.05, "elev_m": 2111.1, "slope_deg": 17.0, "n_lakes": 0, "n_drains": 0, "low_income_score": 0.15, "equity_weight": 1.075}}, {"type": "Feature", "geometry": {"type": "Polygon", "coordinates": [[[85.4906, 27.76669], [85.5106, 27.76669], [85.5106, 27.78669], [85.4906, 27.78669], [85.4906, 27.76669]]]}, "properties": {"cell_id": "kat_0189", "flood_depth_m": {"rp10": 0.06, "rp100": 0.14}, "glof_depth_m": 0.0, "landslide_prob": 0.157, "population": 3115, "critical_assets": [], "eal_people": 45.541, "eal_usd": 113852.0, "observed_flood_frac": null, "modeled_flood_frac": 0.08, "elev_m": 1740.3, "slope_deg": 18.8, "n_lakes": 0, "n_drains": 0, "low_income_score": 0.15, "equity_weight": 1.075}}, {"type": "Feature", "geometry": {"type": "Polygon", "coordinates": [[[85.5106, 27.76669], [85.53059999999999, 27.76669], [85.53059999999999, 27.78669], [85.5106, 27.78669], [85.5106, 27.76669]]]}, "properties": {"cell_id": "kat_0190", "flood_depth_m": {"rp10": 0.03, "rp100": 0.07}, "glof_depth_m": 0.0, "landslide_prob": 0.135, "population": 2660, "critical_assets": [], "eal_people": 30.883, "eal_usd": 77208.0, "observed_flood_frac": null, "modeled_flood_frac": 0.04, "elev_m": 1336.6, "slope_deg": 16.2, "n_lakes": 0, "n_drains": 0, "low_income_score": 0.15, "equity_weight": 1.075}}, {"type": "Feature", "geometry": {"type": "Polygon", "coordinates": [[[85.53059999999999, 27.76669], [85.5506, 27.76669], [85.5506, 27.78669], [85.53059999999999, 27.78669], [85.53059999999999, 27.76669]]]}, "properties": {"cell_id": "kat_0191", "flood_depth_m": {"rp10": 0.25, "rp100": 0.63}, "glof_depth_m": 0.0, "landslide_prob": 0.119, "population": 2348, "critical_assets": [], "eal_people": 82.033, "eal_usd": 205082.0, "observed_flood_frac": null, "modeled_flood_frac": 0.35, "elev_m": 1147.4, "slope_deg": 14.3, "n_lakes": 0, "n_drains": 0, "low_income_score": 0.15, "equity_weight": 1.075}}, {"type": "Feature", "geometry": {"type": "Polygon", "coordinates": [[[85.0706, 27.74669], [85.0906, 27.74669], [85.0906, 27.76669], [85.0706, 27.76669], [85.0706, 27.74669]]]}, "properties": {"cell_id": "kat_0192", "flood_depth_m": {"rp10": 0.8, "rp100": 1.99}, "glof_depth_m": 0.0, "landslide_prob": 0.118, "population": 1153, "critical_assets": ["lake"], "eal_people": 100.521, "eal_usd": 251302.0, "observed_flood_frac": null, "modeled_flood_frac": 0.83, "elev_m": 835.4, "slope_deg": 14.2, "n_lakes": 2, "n_drains": 0, "low_income_score": 0.15, "equity_weight": 1.075}}, {"type": "Feature", "geometry": {"type": "Polygon", "coordinates": [[[85.0906, 27.74669], [85.1106, 27.74669], [85.1106, 27.76669], [85.0906, 27.76669], [85.0906, 27.74669]]]}, "properties": {"cell_id": "kat_0193", "flood_depth_m": {"rp10": 0.82, "rp100": 2.06}, "glof_depth_m": 0.0, "landslide_prob": 0.137, "population": 1555, "critical_assets": ["lake"], "eal_people": 107.485, "eal_usd": 268712.0, "observed_flood_frac": null, "modeled_flood_frac": 0.59, "elev_m": 1010.8, "slope_deg": 16.5, "n_lakes": 6, "n_drains": 0, "low_income_score": 0.15, "equity_weight": 1.075}}, {"type": "Feature", "geometry": {"type": "Polygon", "coordinates": [[[85.1106, 27.74669], [85.1306, 27.74669], [85.1306, 27.76669], [85.1106, 27.76669], [85.1106, 27.74669]]]}, "properties": {"cell_id": "kat_0194", "flood_depth_m": {"rp10": 0.48, "rp100": 1.19}, "glof_depth_m": 0.0, "landslide_prob": 0.121, "population": 1355, "critical_assets": [], "eal_people": 78.949, "eal_usd": 197372.0, "observed_flood_frac": null, "modeled_flood_frac": 0.66, "elev_m": 1001.8, "slope_deg": 14.5, "n_lakes": 0, "n_drains": 0, "low_income_score": 0.15, "equity_weight": 1.075}}, {"type": "Feature", "geometry": {"type": "Polygon", "coordinates": [[[85.1306, 27.74669], [85.1506, 27.74669], [85.1506, 27.76669], [85.1306, 27.76669], [85.1306, 27.74669]]]}, "properties": {"cell_id": "kat_0195", "flood_depth_m": {"rp10": 0.45, "rp100": 1.12}, "glof_depth_m": 0.0, "landslide_prob": 0.12, "population": 1110, "critical_assets": [], "eal_people": 61.333, "eal_usd": 153332.0, "observed_flood_frac": null, "modeled_flood_frac": 0.62, "elev_m": 1034.8, "slope_deg": 14.4, "n_lakes": 0, "n_drains": 0, "low_income_score": 0.15, "equity_weight": 1.075}}, {"type": "Feature", "geometry": {"type": "Polygon", "coordinates": [[[85.1506, 27.74669], [85.1706, 27.74669], [85.1706, 27.76669], [85.1506, 27.76669], [85.1506, 27.74669]]]}, "properties": {"cell_id": "kat_0196", "flood_depth_m": {"rp10": 0.31, "rp100": 0.77}, "glof_depth_m": 0.0, "landslide_prob": 0.123, "population": 943, "critical_assets": [], "eal_people": 38.623, "eal_usd": 96558.0, "observed_flood_frac": null, "modeled_flood_frac": 0.43, "elev_m": 1081.9, "slope_deg": 14.8, "n_lakes": 0, "n_drains": 0, "low_income_score": 0.15, "equity_weight": 1.075}}, {"type": "Feature", "geometry": {"type": "Polygon", "coordinates": [[[85.1706, 27.74669], [85.1906, 27.74669], [85.1906, 27.76669], [85.1706, 27.76669], [85.1706, 27.74669]]]}, "properties": {"cell_id": "kat_0197", "flood_depth_m": {"rp10": 0.14, "rp100": 0.34}, "glof_depth_m": 0.0, "landslide_prob": 0.113, "population": 660, "critical_assets": [], "eal_people": 15.112, "eal_usd": 37780.0, "observed_flood_frac": null, "modeled_flood_frac": 0.19, "elev_m": 1126.0, "slope_deg": 13.6, "n_lakes": 0, "n_drains": 0, "low_income_score": 0.15, "equity_weight": 1.075}}, {"type": "Feature", "geometry": {"type": "Polygon", "coordinates": [[[85.1906, 27.74669], [85.2106, 27.74669], [85.2106, 27.76669], [85.1906, 27.76669], [85.1906, 27.74669]]]}, "properties": {"cell_id": "kat_0198", "flood_depth_m": {"rp10": 0.19, "rp100": 0.47}, "glof_depth_m": 0.0, "landslide_prob": 0.134, "population": 618, "critical_assets": ["lake"], "eal_people": 20.861, "eal_usd": 52152.0, "observed_flood_frac": null, "modeled_flood_frac": 0.12, "elev_m": 1257.9, "slope_deg": 16.0, "n_lakes": 1, "n_drains": 0, "low_income_score": 0.15, "equity_weight": 1.075}}, {"type": "Feature", "geometry": {"type": "Polygon", "coordinates": [[[85.2106, 27.74669], [85.2306, 27.74669], [85.2306, 27.76669], [85.2106, 27.76669], [85.2106, 27.74669]]]}, "properties": {"cell_id": "kat_0199", "flood_depth_m": {"rp10": 0.04, "rp100": 0.11}, "glof_depth_m": 0.0, "landslide_prob": 0.131, "population": 833, "critical_assets": [], "eal_people": 10.925, "eal_usd": 27312.0, "observed_flood_frac": null, "modeled_flood_frac": 0.06, "elev_m": 1355.1, "slope_deg": 15.7, "n_lakes": 0, "n_drains": 0, "low_income_score": 0.15, "equity_weight": 1.075}}, {"type": "Feature", "geometry": {"type": "Polygon", "coordinates": [[[85.2306, 27.74669], [85.2506, 27.74669], [85.2506, 27.76669], [85.2306, 27.76669], [85.2306, 27.74669]]]}, "properties": {"cell_id": "kat_0200", "flood_depth_m": {"rp10": 0.04, "rp100": 0.09}, "glof_depth_m": 0.0, "landslide_prob": 0.172, "population": 542, "critical_assets": [], "eal_people": 6.7, "eal_usd": 16750.0, "observed_flood_frac": null, "modeled_flood_frac": 0.05, "elev_m": 1604.8, "slope_deg": 20.7, "n_lakes": 0, "n_drains": 0, "low_income_score": 0.15, "equity_weight": 1.075}}, {"type": "Feature", "geometry": {"type": "Polygon", "coordinates": [[[85.2506, 27.74669], [85.2706, 27.74669], [85.2706, 27.76669], [85.2506, 27.76669], [85.2506, 27.74669]]]}, "properties": {"cell_id": "kat_0201", "flood_depth_m": {"rp10": 0.04, "rp100": 0.09}, "glof_depth_m": 0.0, "landslide_prob": 0.149, "population": 954, "critical_assets": [], "eal_people": 11.794, "eal_usd": 29485.0, "observed_flood_frac": null, "modeled_flood_frac": 0.05, "elev_m": 1678.6, "slope_deg": 17.9, "n_lakes": 0, "n_drains": 0, "low_income_score": 0.15, "equity_weight": 1.075}}, {"type": "Feature", "geometry": {"type": "Polygon", "coordinates": [[[85.2706, 27.74669], [85.2906, 27.74669], [85.2906, 27.76669], [85.2706, 27.76669], [85.2706, 27.74669]]]}, "properties": {"cell_id": "kat_0202", "flood_depth_m": {"rp10": 0.05, "rp100": 0.13}, "glof_depth_m": 0.0, "landslide_prob": 0.113, "population": 16527, "critical_assets": [], "eal_people": 255.838, "eal_usd": 639595.0, "observed_flood_frac": null, "modeled_flood_frac": 0.07, "elev_m": 1472.3, "slope_deg": 13.5, "n_lakes": 0, "n_drains": 0, "low_income_score": 0.4, "equity_weight": 1.2}}, {"type": "Feature", "geometry": {"type": "Polygon", "coordinates": [[[85.2906, 27.74669], [85.3106, 27.74669], [85.3106, 27.76669], [85.2906, 27.76669], [85.2906, 27.74669]]]}, "properties": {"cell_id": "kat_0203", "flood_depth_m": {"rp10": 0.04, "rp100": 0.11}, "glof_depth_m": 0.0, "landslide_prob": 0.025, "population": 83950, "critical_assets": ["school"], "eal_people": 1229.028, "eal_usd": 3072570.0, "observed_flood_frac": null, "modeled_flood_frac": 0.06, "elev_m": 1331.5, "slope_deg": 3.1, "n_lakes": 0, "n_drains": 0, "low_income_score": 0.4, "equity_weight": 1.2}}, {"type": "Feature", "geometry": {"type": "Polygon", "coordinates": [[[85.3106, 27.74669], [85.3306, 27.74669], [85.3306, 27.76669], [85.3106, 27.76669], [85.3106, 27.74669]]]}, "properties": {"cell_id": "kat_0204", "flood_depth_m": {"rp10": 0.12, "rp100": 0.29}, "glof_depth_m": 0.0, "landslide_prob": 0.024, "population": 130250, "critical_assets": ["lake"], "eal_people": 3813.72, "eal_usd": 9534300.0, "observed_flood_frac": null, "modeled_flood_frac": 0.02, "elev_m": 1329.0, "slope_deg": 2.9, "n_lakes": 1, "n_drains": 0, "low_income_score": 0.4, "equity_weight": 1.2}}, {"type": "Feature", "geometry": {"type": "Polygon", "coordinates": [[[85.3306, 27.74669], [85.3506, 27.74669], [85.3506, 27.76669], [85.3306, 27.76669], [85.3306, 27.74669]]]}, "properties": {"cell_id": "kat_0205", "flood_depth_m": {"rp10": 0.25, "rp100": 0.63}, "glof_depth_m": 0.0, "landslide_prob": 0.02, "population": 94654, "critical_assets": ["lake", "school"], "eal_people": 3169.016, "eal_usd": 7922540.0, "observed_flood_frac": null, "modeled_flood_frac": 0.07, "elev_m": 1350.0, "slope_deg": 2.4, "n_lakes": 2, "n_drains": 0, "low_income_score": 0.4, "equity_weight": 1.2}}, {"type": "Feature", "geometry": {"type": "Polygon", "coordinates": [[[85.3506, 27.74669], [85.3706, 27.74669], [85.3706, 27.76669], [85.3506, 27.76669], [85.3506, 27.74669]]]}, "properties": {"cell_id": "kat_0206", "flood_depth_m": {"rp10": 0.12, "rp100": 0.29}, "glof_depth_m": 0.0, "landslide_prob": 0.027, "population": 44546, "critical_assets": ["lake"], "eal_people": 1304.307, "eal_usd": 3260768.0, "observed_flood_frac": null, "modeled_flood_frac": 0.02, "elev_m": 1360.6, "slope_deg": 3.3, "n_lakes": 1, "n_drains": 0, "low_income_score": 0.4, "equity_weight": 1.2}}, {"type": "Feature", "geometry": {"type": "Polygon", "coordinates": [[[85.3706, 27.74669], [85.39059999999999, 27.74669], [85.39059999999999, 27.76669], [85.3706, 27.76669], [85.3706, 27.74669]]]}, "properties": {"cell_id": "kat_0207", "flood_depth_m": {"rp10": 0.04, "rp100": 0.09}, "glof_depth_m": 0.0, "landslide_prob": 0.083, "population": 16035, "critical_assets": [], "eal_people": 221.283, "eal_usd": 553208.0, "observed_flood_frac": null, "modeled_flood_frac": 0.05, "elev_m": 1433.8, "slope_deg": 9.9, "n_lakes": 0, "n_drains": 0, "low_income_score": 0.4, "equity_weight": 1.2}}, {"type": "Feature", "geometry": {"type": "Polygon", "coordinates": [[[85.39059999999999, 27.74669], [85.4106, 27.74669], [85.4106, 27.76669], [85.39059999999999, 27.76669], [85.39059999999999, 27.74669]]]}, "properties": {"cell_id": "kat_0208", "flood_depth_m": {"rp10": 0.22, "rp100": 0.54}, "glof_depth_m": 0.0, "landslide_prob": 0.061, "population": 19505, "critical_assets": ["lake"], "eal_people": 571.106, "eal_usd": 1427765.0, "observed_flood_frac": null, "modeled_flood_frac": 0.02, "elev_m": 1406.2, "slope_deg": 7.3, "n_lakes": 2, "n_drains": 0, "low_income_score": 0.4, "equity_weight": 1.2}}, {"type": "Feature", "geometry": {"type": "Polygon", "coordinates": [[[85.4106, 27.74669], [85.4306, 27.74669], [85.4306, 27.76669], [85.4106, 27.76669], [85.4106, 27.74669]]]}, "properties": {"cell_id": "kat_0209", "flood_depth_m": {"rp10": 0.42, "rp100": 1.04}, "glof_depth_m": 0.0, "landslide_prob": 0.084, "population": 16174, "critical_assets": ["lake", "school"], "eal_people": 473.575, "eal_usd": 1183938.0, "observed_flood_frac": null, "modeled_flood_frac": 0.02, "elev_m": 1443.9, "slope_deg": 10.1, "n_lakes": 7, "n_drains": 0, "low_income_score": 0.4, "equity_weight": 1.2}}, {"type": "Feature", "geometry": {"type": "Polygon", "coordinates": [[[85.4306, 27.74669], [85.4506, 27.74669], [85.4506, 27.76669], [85.4306, 27.76669], [85.4306, 27.74669]]]}, "properties": {"cell_id": "kat_0210", "flood_depth_m": {"rp10": 0.02, "rp100": 0.05}, "glof_depth_m": 0.0, "landslide_prob": 0.094, "population": 10745, "critical_assets": [], "eal_people": 103.152, "eal_usd": 257880.0, "observed_flood_frac": null, "modeled_flood_frac": 0.0, "elev_m": 1530.1, "slope_deg": 11.2, "n_lakes": 0, "n_drains": 0, "low_income_score": 0.4, "equity_weight": 1.2}}, {"type": "Feature", "geometry": {"type": "Polygon", "coordinates": [[[85.4506, 27.74669], [85.4706, 27.74669], [85.4706, 27.76669], [85.4506, 27.76669], [85.4506, 27.74669]]]}, "properties": {"cell_id": "kat_0211", "flood_depth_m": {"rp10": 0.05, "rp100": 0.13}, "glof_depth_m": 0.0, "landslide_prob": 0.119, "population": 4053, "critical_assets": [], "eal_people": 62.74, "eal_usd": 156850.0, "observed_flood_frac": null, "modeled_flood_frac": 0.07, "elev_m": 1776.6, "slope_deg": 14.3, "n_lakes": 0, "n_drains": 0, "low_income_score": 0.4, "equity_weight": 1.2}}, {"type": "Feature", "geometry": {"type": "Polygon", "coordinates": [[[85.4706, 27.74669], [85.4906, 27.74669], [85.4906, 27.76669], [85.4706, 27.76669], [85.4706, 27.74669]]]}, "properties": {"cell_id": "kat_0212", "flood_depth_m": {"rp10": 0.02, "rp100": 0.05}, "glof_depth_m": 0.0, "landslide_prob": 0.122, "population": 4461, "critical_assets": [], "eal_people": 54.067, "eal_usd": 135168.0, "observed_flood_frac": null, "modeled_flood_frac": 0.03, "elev_m": 1756.1, "slope_deg": 14.7, "n_lakes": 0, "n_drains": 0, "low_income_score": 0.4, "equity_weight": 1.2}}, {"type": "Feature", "geometry": {"type": "Polygon", "coordinates": [[[85.4906, 27.74669], [85.5106, 27.74669], [85.5106, 27.76669], [85.4906, 27.76669], [85.4906, 27.74669]]]}, "properties": {"cell_id": "kat_0213", "flood_depth_m": {"rp10": 0.04, "rp100": 0.11}, "glof_depth_m": 0.0, "landslide_prob": 0.115, "population": 6908, "critical_assets": [], "eal_people": 101.133, "eal_usd": 252832.0, "observed_flood_frac": null, "modeled_flood_frac": 0.06, "elev_m": 1723.5, "slope_deg": 13.9, "n_lakes": 0, "n_drains": 0, "low_income_score": 0.4, "equity_weight": 1.2}}, {"type": "Feature", "geometry": {"type": "Polygon", "coordinates": [[[85.5106, 27.74669], [85.53059999999999, 27.74669], [85.53059999999999, 27.76669], [85.5106, 27.76669], [85.5106, 27.74669]]]}, "properties": {"cell_id": "kat_0214", "flood_depth_m": {"rp10": 0.03, "rp100": 0.07}, "glof_depth_m": 0.0, "landslide_prob": 0.141, "population": 4114, "critical_assets": [], "eal_people": 53.317, "eal_usd": 133292.0, "observed_flood_frac": null, "modeled_flood_frac": 0.04, "elev_m": 1459.7, "slope_deg": 16.9, "n_lakes": 0, "n_drains": 0, "low_income_score": 0.4, "equity_weight": 1.2}}, {"type": "Feature", "geometry": {"type": "Polygon", "coordinates": [[[85.53059999999999, 27.74669], [85.5506, 27.74669], [85.5506, 27.76669], [85.53059999999999, 27.76669], [85.53059999999999, 27.74669]]]}, "properties": {"cell_id": "kat_0215", "flood_depth_m": {"rp10": 0.06, "rp100": 0.16}, "glof_depth_m": 0.0, "landslide_prob": 0.122, "population": 2679, "critical_assets": ["clinic", "school"], "eal_people": 41.183, "eal_usd": 102958.0, "observed_flood_frac": null, "modeled_flood_frac": 0.09, "elev_m": 1210.1, "slope_deg": 14.6, "n_lakes": 0, "n_drains": 0, "low_income_score": 0.15, "equity_weight": 1.075}}, {"type": "Feature", "geometry": {"type": "Polygon", "coordinates": [[[85.0706, 27.72669], [85.0906, 27.72669], [85.0906, 27.74669], [85.0706, 27.74669], [85.0706, 27.72669]]]}, "properties": {"cell_id": "kat_0216", "flood_depth_m": {"rp10": 0.5, "rp100": 1.24}, "glof_depth_m": 0.0, "landslide_prob": 0.128, "population": 1369, "critical_assets": [], "eal_people": 82.855, "eal_usd": 207138.0, "observed_flood_frac": null, "modeled_flood_frac": 0.69, "elev_m": 919.8, "slope_deg": 15.4, "n_lakes": 0, "n_drains": 0, "low_income_score": 0.15, "equity_weight": 1.075}}, {"type": "Feature", "geometry": {"type": "Polygon", "coordinates": [[[85.0906, 27.72669], [85.1106, 27.72669], [85.1106, 27.74669], [85.0906, 27.74669], [85.0906, 27.72669]]]}, "properties": {"cell_id": "kat_0217", "flood_depth_m": {"rp10": 0.52, "rp100": 1.3}, "glof_depth_m": 0.0, "landslide_prob": 0.125, "population": 2506, "critical_assets": [], "eal_people": 157.327, "eal_usd": 393318.0, "observed_flood_frac": null, "modeled_flood_frac": 0.72, "elev_m": 936.0, "slope_deg": 15.0, "n_lakes": 0, "n_drains": 0, "low_income_score": 0.15, "equity_weight": 1.075}}, {"type": "Feature", "geometry": {"type": "Polygon", "coordinates": [[[85.1106, 27.72669], [85.1306, 27.72669], [85.1306, 27.74669], [85.1106, 27.74669], [85.1106, 27.72669]]]}, "properties": {"cell_id": "kat_0218", "flood_depth_m": {"rp10": 0.71, "rp100": 1.78}, "glof_depth_m": 0.0, "landslide_prob": 0.099, "population": 3563, "critical_assets": [], "eal_people": 296.076, "eal_usd": 740190.0, "observed_flood_frac": null, "modeled_flood_frac": 0.99, "elev_m": 861.7, "slope_deg": 11.9, "n_lakes": 0, "n_drains": 0, "low_income_score": 0.15, "equity_weight": 1.075}}, {"type": "Feature", "geometry": {"type": "Polygon", "coordinates": [[[85.1306, 27.72669], [85.1506, 27.72669], [85.1506, 27.74669], [85.1306, 27.74669], [85.1306, 27.72669]]]}, "properties": {"cell_id": "kat_0219", "flood_depth_m": {"rp10": 0.72, "rp100": 1.8}, "glof_depth_m": 0.0, "landslide_prob": 0.073, "population": 3540, "critical_assets": [], "eal_people": 296.829, "eal_usd": 742072.0, "observed_flood_frac": null, "modeled_flood_frac": 1.0, "elev_m": 876.0, "slope_deg": 8.7, "n_lakes": 0, "n_drains": 0, "low_income_score": 0.15, "equity_weight": 1.075}}, {"type": "Feature", "geometry": {"type": "Polygon", "coordinates": [[[85.1506, 27.72669], [85.1706, 27.72669], [85.1706, 27.74669], [85.1506, 27.74669], [85.1506, 27.72669]]]}, "properties": {"cell_id": "kat_0220", "flood_depth_m": {"rp10": 0.7, "rp100": 1.75}, "glof_depth_m": 0.0, "landslide_prob": 0.071, "population": 2086, "critical_assets": [], "eal_people": 170.202, "eal_usd": 425505.0, "observed_flood_frac": null, "modeled_flood_frac": 0.97, "elev_m": 915.3, "slope_deg": 8.5, "n_lakes": 0, "n_drains": 0, "low_income_score": 0.15, "equity_weight": 1.075}}, {"type": "Feature", "geometry": {"type": "Polygon", "coordinates": [[[85.1706, 27.72669], [85.1906, 27.72669], [85.1906, 27.74669], [85.1706, 27.74669], [85.1706, 27.72669]]]}, "properties": {"cell_id": "kat_0221", "flood_depth_m": {"rp10": 0.7, "rp100": 1.76}, "glof_depth_m": 0.0, "landslide_prob": 0.052, "population": 2378, "critical_assets": [], "eal_people": 195.816, "eal_usd": 489540.0, "observed_flood_frac": null, "modeled_flood_frac": 0.98, "elev_m": 967.1, "slope_deg": 6.2, "n_lakes": 0, "n_drains": 0, "low_income_score": 0.15, "equity_weight": 1.075}}, {"type": "Feature", "geometry": {"type": "Polygon", "coordinates": [[[85.1906, 27.72669], [85.2106, 27.72669], [85.2106, 27.74669], [85.1906, 27.74669], [85.1906, 27.72669]]]}, "properties": {"cell_id": "kat_0222", "flood_depth_m": {"rp10": 0.34, "rp100": 0.86}, "glof_depth_m": 0.0, "landslide_prob": 0.081, "population": 1230, "critical_assets": [], "eal_people": 55.006, "eal_usd": 137515.0, "observed_flood_frac": null, "modeled_flood_frac": 0.48, "elev_m": 1072.0, "slope_deg": 9.7, "n_lakes": 0, "n_drains": 0, "low_income_score": 0.15, "equity_weight": 1.075}}, {"type": "Feature", "geometry": {"type": "Polygon", "coordinates": [[[85.2106, 27.72669], [85.2306, 27.72669], [85.2306, 27.74669], [85.2106, 27.74669], [85.2106, 27.72669]]]}, "properties": {"cell_id": "kat_0223", "flood_depth_m": {"rp10": 0.02, "rp100": 0.05}, "glof_depth_m": 0.0, "landslide_prob": 0.136, "population": 1993, "critical_assets": [], "eal_people": 18.64, "eal_usd": 46600.0, "observed_flood_frac": null, "modeled_flood_frac": 0.01, "elev_m": 1299.2, "slope_deg": 16.3, "n_lakes": 0, "n_drains": 0, "low_income_score": 0.15, "equity_weight": 1.075}}, {"type": "Feature", "geometry": {"type": "Polygon", "coordinates": [[[85.2306, 27.72669], [85.2506, 27.72669], [85.2506, 27.74669], [85.2306, 27.74669], [85.2306, 27.72669]]]}, "properties": {"cell_id": "kat_0224", "flood_depth_m": {"rp10": 0.04, "rp100": 0.11}, "glof_depth_m": 0.0, "landslide_prob": 0.133, "population": 7359, "critical_assets": [], "eal_people": 107.736, "eal_usd": 269340.0, "observed_flood_frac": null, "modeled_flood_frac": 0.06, "elev_m": 1633.1, "slope_deg": 16.0, "n_lakes": 0, "n_drains": 0, "low_income_score": 0.4, "equity_weight": 1.2}}, {"type": "Feature", "geometry": {"type": "Polygon", "coordinates": [[[85.2506, 27.72669], [85.2706, 27.72669], [85.2706, 27.74669], [85.2506, 27.74669], [85.2506, 27.72669]]]}, "properties": {"cell_id": "kat_0225", "flood_depth_m": {"rp10": 0.06, "rp100": 0.14}, "glof_depth_m": 0.0, "landslide_prob": 0.139, "population": 5779, "critical_assets": [], "eal_people": 94.313, "eal_usd": 235782.0, "observed_flood_frac": null, "modeled_flood_frac": 0.08, "elev_m": 1713.9, "slope_deg": 16.6, "n_lakes": 0, "n_drains": 0, "low_income_score": 0.4, "equity_weight": 1.2}}, {"type": "Feature", "geometry": {"type": "Polygon", "coordinates": [[[85.2706, 27.72669], [85.2906, 27.72669], [85.2906, 27.74669], [85.2706, 27.74669], [85.2706, 27.72669]]]}, "properties": {"cell_id": "kat_0226", "flood_depth_m": {"rp10": 0.04, "rp100": 0.09}, "glof_depth_m": 0.0, "landslide_prob": 0.128, "population": 29583, "critical_assets": [], "eal_people": 408.245, "eal_usd": 1020612.0, "observed_flood_frac": null, "modeled_flood_frac": 0.05, "elev_m": 1481.6, "slope_deg": 15.3, "n_lakes": 0, "n_drains": 0, "low_income_score": 0.4, "equity_weight": 1.2}}, {"type": "Feature", "geometry": {"type": "Polygon", "coordinates": [[[85.2906, 27.72669], [85.3106, 27.72669], [85.3106, 27.74669], [85.2906, 27.74669], [85.2906, 27.72669]]]}, "properties": {"cell_id": "kat_0227", "flood_depth_m": {"rp10": 0.04, "rp100": 0.09}, "glof_depth_m": 0.0, "landslide_prob": 0.047, "population": 217193, "critical_assets": ["school", "school"], "eal_people": 2997.263, "eal_usd": 7493158.0, "observed_flood_frac": null, "modeled_flood_frac": 0.05, "elev_m": 1333.1, "slope_deg": 5.7, "n_lakes": 0, "n_drains": 0, "low_income_score": 0.4, "equity_weight": 1.2}}, {"type": "Feature", "geometry": {"type": "Polygon", "coordinates": [[[85.3106, 27.72669], [85.3306, 27.72669], [85.3306, 27.74669], [85.3106, 27.74669], [85.3106, 27.72669]]]}, "properties": {"cell_id": "kat_0228", "flood_depth_m": {"rp10": 0.04, "rp100": 0.09}, "glof_depth_m": 0.0, "landslide_prob": 0.013, "population": 361554, "critical_assets": ["school", "clinic", "clinic", "clinic"], "eal_people": 4469.711, "eal_usd": 11174278.0, "observed_flood_frac": null, "modeled_flood_frac": 0.05, "elev_m": 1314.4, "slope_deg": 1.5, "n_lakes": 0, "n_drains": 0, "low_income_score": 0.15, "equity_weight": 1.075}}, {"type": "Feature", "geometry": {"type": "Polygon", "coordinates": [[[85.3306, 27.72669], [85.3506, 27.72669], [85.3506, 27.74669], [85.3306, 27.74669], [85.3306, 27.72669]]]}, "properties": {"cell_id": "kat_0229", "flood_depth_m": {"rp10": 0.24, "rp100": 0.59}, "glof_depth_m": 0.0, "landslide_prob": 0.014, "population": 370289, "critical_assets": ["lake", "clinic", "school", "clinic"], "eal_people": 10548.608, "eal_usd": 26371520.0, "observed_flood_frac": null, "modeled_flood_frac": 0.05, "elev_m": 1335.2, "slope_deg": 1.7, "n_lakes": 2, "n_drains": 0, "low_income_score": 0.15, "equity_weight": 1.075}}, {"type": "Feature", "geometry": {"type": "Polygon", "coordinates": [[[85.3506, 27.72669], [85.3706, 27.72669], [85.3706, 27.74669], [85.3506, 27.74669], [85.3506, 27.72669]]]}, "properties": {"cell_id": "kat_0230", "flood_depth_m": {"rp10": 0.02, "rp100": 0.05}, "glof_depth_m": 0.0, "landslide_prob": 0.024, "population": 216130, "critical_assets": ["clinic", "clinic", "school", "school"], "eal_people": 2346.631, "eal_usd": 5866578.0, "observed_flood_frac": null, "modeled_flood_frac": 0.03, "elev_m": 1341.3, "slope_deg": 2.9, "n_lakes": 0, "n_drains": 0, "low_income_score": 0.15, "equity_weight": 1.075}}, {"type": "Feature", "geometry": {"type": "Polygon", "coordinates": [[[85.3706, 27.72669], [85.39059999999999, 27.72669], [85.39059999999999, 27.74669], [85.3706, 27.74669], [85.3706, 27.72669]]]}, "properties": {"cell_id": "kat_0231", "flood_depth_m": {"rp10": 0.48, "rp100": 1.2}, "glof_depth_m": 0.0, "landslide_prob": 0.035, "population": 130846, "critical_assets": ["lake", "clinic"], "eal_people": 4318.245, "eal_usd": 10795612.0, "observed_flood_frac": null, "modeled_flood_frac": 0.11, "elev_m": 1358.8, "slope_deg": 4.2, "n_lakes": 7, "n_drains": 0, "low_income_score": 0.15, "equity_weight": 1.075}}, {"type": "Feature", "geometry": {"type": "Polygon", "coordinates": [[[85.39059999999999, 27.72669], [85.4106, 27.72669], [85.4106, 27.74669], [85.39059999999999, 27.74669], [85.39059999999999, 27.72669]]]}, "properties": {"cell_id": "kat_0232", "flood_depth_m": {"rp10": 0.04, "rp100": 0.11}, "glof_depth_m": 0.0, "landslide_prob": 0.021, "population": 24331, "critical_assets": [], "eal_people": 356.206, "eal_usd": 890515.0, "observed_flood_frac": null, "modeled_flood_frac": 0.06, "elev_m": 1351.8, "slope_deg": 2.5, "n_lakes": 0, "n_drains": 0, "low_income_score": 0.4, "equity_weight": 1.2}}, {"type": "Feature", "geometry": {"type": "Polygon", "coordinates": [[[85.4106, 27.72669], [85.4306, 27.72669], [85.4306, 27.74669], [85.4106, 27.74669], [85.4106, 27.72669]]]}, "properties": {"cell_id": "kat_0233", "flood_depth_m": {"rp10": 0.04, "rp100": 0.09}, "glof_depth_m": 0.0, "landslide_prob": 0.021, "population": 20113, "critical_assets": [], "eal_people": 277.559, "eal_usd": 693898.0, "observed_flood_frac": null, "modeled_flood_frac": 0.05, "elev_m": 1353.9, "slope_deg": 2.5, "n_lakes": 0, "n_drains": 0, "low_income_score": 0.4, "equity_weight": 1.2}}, {"type": "Feature", "geometry": {"type": "Polygon", "coordinates": [[[85.4306, 27.72669], [85.4506, 27.72669], [85.4506, 27.74669], [85.4306, 27.74669], [85.4306, 27.72669]]]}, "properties": {"cell_id": "kat_0234", "flood_depth_m": {"rp10": 0.22, "rp100": 0.55}, "glof_depth_m": 0.0, "landslide_prob": 0.024, "population": 21455, "critical_assets": ["lake"], "eal_people": 646.225, "eal_usd": 1615562.0, "observed_flood_frac": null, "modeled_flood_frac": 0.03, "elev_m": 1367.7, "slope_deg": 2.8, "n_lakes": 2, "n_drains": 0, "low_income_score": 0.4, "equity_weight": 1.2}}, {"type": "Feature", "geometry": {"type": "Polygon", "coordinates": [[[85.4506, 27.72669], [85.4706, 27.72669], [85.4706, 27.74669], [85.4506, 27.74669], [85.4506, 27.72669]]]}, "properties": {"cell_id": "kat_0235", "flood_depth_m": {"rp10": 0.02, "rp100": 0.05}, "glof_depth_m": 0.0, "landslide_prob": 0.071, "population": 18693, "critical_assets": [], "eal_people": 226.559, "eal_usd": 566398.0, "observed_flood_frac": null, "modeled_flood_frac": 0.03, "elev_m": 1450.5, "slope_deg": 8.6, "n_lakes": 0, "n_drains": 0, "low_income_score": 0.4, "equity_weight": 1.2}}, {"type": "Feature", "geometry": {"type": "Polygon", "coordinates": [[[85.4706, 27.72669], [85.4906, 27.72669], [85.4906, 27.74669], [85.4706, 27.74669], [85.4706, 27.72669]]]}, "properties": {"cell_id": "kat_0236", "flood_depth_m": {"rp10": 0.04, "rp100": 0.11}, "glof_depth_m": 0.0, "landslide_prob": 0.122, "population": 5638, "critical_assets": [], "eal_people": 82.54, "eal_usd": 206350.0, "observed_flood_frac": null, "modeled_flood_frac": 0.06, "elev_m": 1597.0, "slope_deg": 14.6, "n_lakes": 0, "n_drains": 0, "low_income_score": 0.4, "equity_weight": 1.2}}, {"type": "Feature", "geometry": {"type": "Polygon", "coordinates": [[[85.4906, 27.72669], [85.5106, 27.72669], [85.5106, 27.74669], [85.4906, 27.74669], [85.4906, 27.72669]]]}, "properties": {"cell_id": "kat_0237", "flood_depth_m": {"rp10": 0.05, "rp100": 0.13}, "glof_depth_m": 0.0, "landslide_prob": 0.093, "population": 4390, "critical_assets": [], "eal_people": 67.957, "eal_usd": 169892.0, "observed_flood_frac": null, "modeled_flood_frac": 0.07, "elev_m": 1711.0, "slope_deg": 11.2, "n_lakes": 0, "n_drains": 0, "low_income_score": 0.4, "equity_weight": 1.2}}, {"type": "Feature", "geometry": {"type": "Polygon", "coordinates": [[[85.5106, 27.72669], [85.53059999999999, 27.72669], [85.53059999999999, 27.74669], [85.5106, 27.74669], [85.5106, 27.72669]]]}, "properties": {"cell_id": "kat_0238", "flood_depth_m": {"rp10": 0.03, "rp100": 0.07}, "glof_depth_m": 0.0, "landslide_prob": 0.121, "population": 3083, "critical_assets": ["school"], "eal_people": 35.794, "eal_usd": 89485.0, "observed_flood_frac": null, "modeled_flood_frac": 0.04, "elev_m": 1626.2, "slope_deg": 14.6, "n_lakes": 0, "n_drains": 0, "low_income_score": 0.15, "equity_weight": 1.075}}, {"type": "Feature", "geometry": {"type": "Polygon", "coordinates": [[[85.53059999999999, 27.72669], [85.5506, 27.72669], [85.5506, 27.74669], [85.53059999999999, 27.74669], [85.53059999999999, 27.72669]]]}, "properties": {"cell_id": "kat_0239", "flood_depth_m": {"rp10": 0.04, "rp100": 0.09}, "glof_depth_m": 0.0, "landslide_prob": 0.138, "population": 668, "critical_assets": [], "eal_people": 8.258, "eal_usd": 20645.0, "observed_flood_frac": null, "modeled_flood_frac": 0.05, "elev_m": 1389.3, "slope_deg": 16.6, "n_lakes": 0, "n_drains": 0, "low_income_score": 0.15, "equity_weight": 1.075}}, {"type": "Feature", "geometry": {"type": "Polygon", "coordinates": [[[85.0706, 27.706690000000002], [85.0906, 27.706690000000002], [85.0906, 27.72669], [85.0706, 27.72669], [85.0706, 27.706690000000002]]]}, "properties": {"cell_id": "kat_0240", "flood_depth_m": {"rp10": 0.06, "rp100": 0.16}, "glof_depth_m": 0.0, "landslide_prob": 0.18, "population": 1117, "critical_assets": [], "eal_people": 17.171, "eal_usd": 42928.0, "observed_flood_frac": null, "modeled_flood_frac": 0.09, "elev_m": 1264.4, "slope_deg": 21.6, "n_lakes": 0, "n_drains": 0, "low_income_score": 0.15, "equity_weight": 1.075}}, {"type": "Feature", "geometry": {"type": "Polygon", "coordinates": [[[85.0906, 27.706690000000002], [85.1106, 27.706690000000002], [85.1106, 27.72669], [85.0906, 27.72669], [85.0906, 27.706690000000002]]]}, "properties": {"cell_id": "kat_0241", "flood_depth_m": {"rp10": 0.03, "rp100": 0.07}, "glof_depth_m": 0.0, "landslide_prob": 0.182, "population": 1003, "critical_assets": [], "eal_people": 11.645, "eal_usd": 29112.0, "observed_flood_frac": null, "modeled_flood_frac": 0.04, "elev_m": 1517.5, "slope_deg": 21.9, "n_lakes": 0, "n_drains": 0, "low_income_score": 0.15, "equity_weight": 1.075}}, {"type": "Feature", "geometry": {"type": "Polygon", "coordinates": [[[85.1106, 27.706690000000002], [85.1306, 27.706690000000002], [85.1306, 27.72669], [85.1106, 27.72669], [85.1106, 27.706690000000002]]]}, "properties": {"cell_id": "kat_0242", "flood_depth_m": {"rp10": 0.09, "rp100": 0.23}, "glof_depth_m": 0.0, "landslide_prob": 0.186, "population": 823, "critical_assets": [], "eal_people": 15.129, "eal_usd": 37822.0, "observed_flood_frac": null, "modeled_flood_frac": 0.13, "elev_m": 1310.1, "slope_deg": 22.3, "n_lakes": 0, "n_drains": 0, "low_income_score": 0.15, "equity_weight": 1.075}}, {"type": "Feature", "geometry": {"type": "Polygon", "coordinates": [[[85.1306, 27.706690000000002], [85.1506, 27.706690000000002], [85.1506, 27.72669], [85.1306, 27.72669], [85.1306, 27.706690000000002]]]}, "properties": {"cell_id": "kat_0243", "flood_depth_m": {"rp10": 0.34, "rp100": 0.86}, "glof_depth_m": 0.0, "landslide_prob": 0.144, "population": 1524, "critical_assets": [], "eal_people": 68.153, "eal_usd": 170382.0, "observed_flood_frac": null, "modeled_flood_frac": 0.48, "elev_m": 1104.0, "slope_deg": 17.3, "n_lakes": 0, "n_drains": 0, "low_income_score": 0.15, "equity_weight": 1.075}}, {"type": "Feature", "geometry": {"type": "Polygon", "coordinates": [[[85.1506, 27.706690000000002], [85.1706, 27.706690000000002], [85.1706, 27.72669], [85.1506, 27.72669], [85.1506, 27.706690000000002]]]}, "properties": {"cell_id": "kat_0244", "flood_depth_m": {"rp10": 0.45, "rp100": 1.13}, "glof_depth_m": 0.0, "landslide_prob": 0.079, "population": 2215, "critical_assets": [], "eal_people": 124.057, "eal_usd": 310142.0, "observed_flood_frac": null, "modeled_flood_frac": 0.63, "elev_m": 1031.3, "slope_deg": 9.5, "n_lakes": 0, "n_drains": 0, "low_income_score": 0.15, "equity_weight": 1.075}}, {"type": "Feature", "geometry": {"type": "Polygon", "coordinates": [[[85.1706, 27.706690000000002], [85.1906, 27.706690000000002], [85.1906, 27.72669], [85.1706, 27.72669], [85.1706, 27.706690000000002]]]}, "properties": {"cell_id": "kat_0245", "flood_depth_m": {"rp10": 0.28, "rp100": 0.7}, "glof_depth_m": 0.0, "landslide_prob": 0.103, "population": 3209, "critical_assets": [], "eal_people": 121.774, "eal_usd": 304435.0, "observed_flood_frac": null, "modeled_flood_frac": 0.39, "elev_m": 1111.4, "slope_deg": 12.4, "n_lakes": 0, "n_drains": 0, "low_income_score": 0.15, "equity_weight": 1.075}}, {"type": "Feature", "geometry": {"type": "Polygon", "coordinates": [[[85.1906, 27.706690000000002], [85.2106, 27.706690000000002], [85.2106, 27.72669], [85.1906, 27.72669], [85.1906, 27.706690000000002]]]}, "properties": {"cell_id": "kat_0246", "flood_depth_m": {"rp10": 0.04, "rp100": 0.11}, "glof_depth_m": 0.0, "landslide_prob": 0.137, "population": 3595, "critical_assets": [], "eal_people": 47.148, "eal_usd": 117870.0, "observed_flood_frac": null, "modeled_flood_frac": 0.06, "elev_m": 1299.2, "slope_deg": 16.5, "n_lakes": 0, "n_drains": 0, "low_income_score": 0.15, "equity_weight": 1.075}}, {"type": "Feature", "geometry": {"type": "Polygon", "coordinates": [[[85.2106, 27.706690000000002], [85.2306, 27.706690000000002], [85.2306, 27.72669], [85.2106, 27.72669], [85.2106, 27.706690000000002]]]}, "properties": {"cell_id": "kat_0247", "flood_depth_m": {"rp10": 0.06, "rp100": 0.14}, "glof_depth_m": 0.0, "landslide_prob": 0.154, "population": 7130, "critical_assets": [], "eal_people": 116.362, "eal_usd": 290905.0, "observed_flood_frac": null, "modeled_flood_frac": 0.08, "elev_m": 1599.4, "slope_deg": 18.4, "n_lakes": 0, "n_drains": 0, "low_income_score": 0.4, "equity_weight": 1.2}}, {"type": "Feature", "geometry": {"type": "Polygon", "coordinates": [[[85.2306, 27.706690000000002], [85.2506, 27.706690000000002], [85.2506, 27.72669], [85.2306, 27.72669], [85.2306, 27.706690000000002]]]}, "properties": {"cell_id": "kat_0248", "flood_depth_m": {"rp10": 0.06, "rp100": 0.16}, "glof_depth_m": 0.0, "landslide_prob": 0.112, "population": 12809, "critical_assets": [], "eal_people": 219.802, "eal_usd": 549505.0, "observed_flood_frac": null, "modeled_flood_frac": 0.09, "elev_m": 1535.8, "slope_deg": 13.4, "n_lakes": 0, "n_drains": 0, "low_income_score": 0.4, "equity_weight": 1.2}}, {"type": "Feature", "geometry": {"type": "Polygon", "coordinates": [[[85.2506, 27.706690000000002], [85.2706, 27.706690000000002], [85.2706, 27.72669], [85.2506, 27.72669], [85.2506, 27.706690000000002]]]}, "properties": {"cell_id": "kat_0249", "flood_depth_m": {"rp10": 0.22, "rp100": 0.54}, "glof_depth_m": 0.0, "landslide_prob": 0.073, "population": 31366, "critical_assets": ["lake"], "eal_people": 918.396, "eal_usd": 2295990.0, "observed_flood_frac": null, "modeled_flood_frac": 0.02, "elev_m": 1393.9, "slope_deg": 8.8, "n_lakes": 2, "n_drains": 0, "low_income_score": 0.4, "equity_weight": 1.2}}, {"type": "Feature", "geometry": {"type": "Polygon", "coordinates": [[[85.2706, 27.706690000000002], [85.2906, 27.706690000000002], [85.2906, 27.72669], [85.2706, 27.72669], [85.2706, 27.706690000000002]]]}, "properties": {"cell_id": "kat_0250", "flood_depth_m": {"rp10": 0.16, "rp100": 0.39}, "glof_depth_m": 0.0, "landslide_prob": 0.04, "population": 99566, "critical_assets": ["lake", "school", "school", "school"], "eal_people": 3417.105, "eal_usd": 8542762.0, "observed_flood_frac": null, "modeled_flood_frac": 0.08, "elev_m": 1343.3, "slope_deg": 4.9, "n_lakes": 1, "n_drains": 0, "low_income_score": 0.4, "equity_weight": 1.2}}, {"type": "Feature", "geometry": {"type": "Polygon", "coordinates": [[[85.2906, 27.706690000000002], [85.3106, 27.706690000000002], [85.3106, 27.72669], [85.2906, 27.72669], [85.2906, 27.706690000000002]]]}, "properties": {"cell_id": "kat_0251", "flood_depth_m": {"rp10": 0.21, "rp100": 0.52}, "glof_depth_m": 0.0, "landslide_prob": 0.012, "population": 320470, "critical_assets": ["lake", "school", "clinic", "clinic"], "eal_people": 8164.774, "eal_usd": 20411935.0, "observed_flood_frac": null, "modeled_flood_frac": 0.01, "elev_m": 1301.8, "slope_deg": 1.4, "n_lakes": 2, "n_drains": 2, "low_income_score": 0.15, "equity_weight": 1.075}}, {"type": "Feature", "geometry": {"type": "Polygon", "coordinates": [[[85.3106, 27.706690000000002], [85.3306, 27.706690000000002], [85.3306, 27.72669], [85.3106, 27.72669], [85.3106, 27.706690000000002]]]}, "properties": {"cell_id": "kat_0252", "flood_depth_m": {"rp10": 0.44, "rp100": 1.09}, "glof_depth_m": 0.0, "landslide_prob": 0.007, "population": 357540, "critical_assets": ["lake", "clinic", "clinic", "clinic"], "eal_people": 10185.421, "eal_usd": 25463552.0, "observed_flood_frac": null, "modeled_flood_frac": 0.05, "elev_m": 1306.8, "slope_deg": 0.9, "n_lakes": 11, "n_drains": 0, "low_income_score": 0.15, "equity_weight": 1.075}}, {"type": "Feature", "geometry": {"type": "Polygon", "coordinates": [[[85.3306, 27.706690000000002], [85.3506, 27.706690000000002], [85.3506, 27.72669], [85.3306, 27.72669], [85.3306, 27.706690000000002]]]}, "properties": {"cell_id": "kat_0253", "flood_depth_m": {"rp10": 0.12, "rp100": 0.3}, "glof_depth_m": 0.0, "landslide_prob": 0.015, "population": 373033, "critical_assets": ["lake", "school", "hydropower", "clinic"], "eal_people": 10065.363, "eal_usd": 25163408.0, "observed_flood_frac": null, "modeled_flood_frac": 0.03, "elev_m": 1314.9, "slope_deg": 1.8, "n_lakes": 1, "n_drains": 0, "low_income_score": 0.15, "equity_weight": 1.075}}, {"type": "Feature", "geometry": {"type": "Polygon", "coordinates": [[[85.3506, 27.706690000000002], [85.3706, 27.706690000000002], [85.3706, 27.72669], [85.3506, 27.72669], [85.3506, 27.706690000000002]]]}, "properties": {"cell_id": "kat_0254", "flood_depth_m": {"rp10": 0.42, "rp100": 1.04}, "glof_depth_m": 0.0, "landslide_prob": 0.016, "population": 298754, "critical_assets": ["lake", "clinic", "clinic", "clinic"], "eal_people": 7836.317, "eal_usd": 19590792.0, "observed_flood_frac": null, "modeled_flood_frac": 0.02, "elev_m": 1324.3, "slope_deg": 1.9, "n_lakes": 4, "n_drains": 0, "low_income_score": 0.15, "equity_weight": 1.075}}, {"type": "Feature", "geometry": {"type": "Polygon", "coordinates": [[[85.3706, 27.706690000000002], [85.39059999999999, 27.706690000000002], [85.39059999999999, 27.72669], [85.3706, 27.72669], [85.3706, 27.706690000000002]]]}, "properties": {"cell_id": "kat_0255", "flood_depth_m": {"rp10": 0.06, "rp100": 0.14}, "glof_depth_m": 0.0, "landslide_prob": 0.019, "population": 211828, "critical_assets": ["clinic", "clinic", "clinic", "school"], "eal_people": 3096.925, "eal_usd": 7742312.0, "observed_flood_frac": null, "modeled_flood_frac": 0.08, "elev_m": 1331.7, "slope_deg": 2.3, "n_lakes": 0, "n_drains": 0, "low_income_score": 0.15, "equity_weight": 1.075}}, {"type": "Feature", "geometry": {"type": "Polygon", "coordinates": [[[85.39059999999999, 27.706690000000002], [85.4106, 27.706690000000002], [85.4106, 27.72669], [85.39059999999999, 27.72669], [85.39059999999999, 27.706690000000002]]]}, "properties": {"cell_id": "kat_0256", "flood_depth_m": {"rp10": 0.42, "rp100": 1.05}, "glof_depth_m": 0.0, "landslide_prob": 0.018, "population": 34790, "critical_assets": ["lake"], "eal_people": 1047.875, "eal_usd": 2619688.0, "observed_flood_frac": null, "modeled_flood_frac": 0.03, "elev_m": 1340.3, "slope_deg": 2.2, "n_lakes": 5, "n_drains": 0, "low_income_score": 0.4, "equity_weight": 1.2}}, {"type": "Feature", "geometry": {"type": "Polygon", "coordinates": [[[85.4106, 27.706690000000002], [85.4306, 27.706690000000002], [85.4306, 27.72669], [85.4106, 27.72669], [85.4106, 27.706690000000002]]]}, "properties": {"cell_id": "kat_0257", "flood_depth_m": {"rp10": 0.22, "rp100": 0.54}, "glof_depth_m": 0.0, "landslide_prob": 0.038, "population": 10151, "critical_assets": ["lake"], "eal_people": 297.221, "eal_usd": 743052.0, "observed_flood_frac": null, "modeled_flood_frac": 0.02, "elev_m": 1357.2, "slope_deg": 4.5, "n_lakes": 2, "n_drains": 0, "low_income_score": 0.4, "equity_weight": 1.2}}, {"type": "Feature", "geometry": {"type": "Polygon", "coordinates": [[[85.4306, 27.706690000000002], [85.4506, 27.706690000000002], [85.4506, 27.72669], [85.4306, 27.72669], [85.4306, 27.706690000000002]]]}, "properties": {"cell_id": "kat_0258", "flood_depth_m": {"rp10": 0.12, "rp100": 0.29}, "glof_depth_m": 0.0, "landslide_prob": 0.079, "population": 5439, "critical_assets": ["lake"], "eal_people": 159.254, "eal_usd": 398135.0, "observed_flood_frac": null, "modeled_flood_frac": 0.02, "elev_m": 1429.1, "slope_deg": 9.4, "n_lakes": 1, "n_drains": 0, "low_income_score": 0.4, "equity_weight": 1.2}}, {"type": "Feature", "geometry": {"type": "Polygon", "coordinates": [[[85.4506, 27.706690000000002], [85.4706, 27.706690000000002], [85.4706, 27.72669], [85.4506, 27.72669], [85.4506, 27.706690000000002]]]}, "properties": {"cell_id": "kat_0259", "flood_depth_m": {"rp10": 0.16, "rp100": 0.39}, "glof_depth_m": 0.0, "landslide_prob": 0.082, "population": 7617, "critical_assets": ["lake"], "eal_people": 261.415, "eal_usd": 653538.0, "observed_flood_frac": null, "modeled_flood_frac": 0.08, "elev_m": 1458.6, "slope_deg": 9.9, "n_lakes": 1, "n_drains": 0, "low_income_score": 0.4, "equity_weight": 1.2}}, {"type": "Feature", "geometry": {"type": "Polygon", "coordinates": [[[85.4706, 27.706690000000002], [85.4906, 27.706690000000002], [85.4906, 27.72669], [85.4706, 27.72669], [85.4706, 27.706690000000002]]]}, "properties": {"cell_id": "kat_0260", "flood_depth_m": {"rp10": 0.03, "rp100": 0.07}, "glof_depth_m": 0.0, "landslide_prob": 0.087, "population": 4963, "critical_assets": ["school"], "eal_people": 64.32, "eal_usd": 160800.0, "observed_flood_frac": null, "modeled_flood_frac": 0.04, "elev_m": 1485.5, "slope_deg": 10.5, "n_lakes": 0, "n_drains": 0, "low_income_score": 0.4, "equity_weight": 1.2}}, {"type": "Feature", "geometry": {"type": "Polygon", "coordinates": [[[85.4906, 27.706690000000002], [85.5106, 27.706690000000002], [85.5106, 27.72669], [85.4906, 27.72669], [85.4906, 27.706690000000002]]]}, "properties": {"cell_id": "kat_0261", "flood_depth_m": {"rp10": 0.04, "rp100": 0.11}, "glof_depth_m": 0.0, "landslide_prob": 0.088, "population": 2786, "critical_assets": [], "eal_people": 36.538, "eal_usd": 91345.0, "observed_flood_frac": null, "modeled_flood_frac": 0.06, "elev_m": 1620.3, "slope_deg": 10.6, "n_lakes": 0, "n_drains": 0, "low_income_score": 0.15, "equity_weight": 1.075}}, {"type": "Feature", "geometry": {"type": "Polygon", "coordinates": [[[85.5106, 27.706690000000002], [85.53059999999999, 27.706690000000002], [85.53059999999999, 27.72669], [85.5106, 27.72669], [85.5106, 27.706690000000002]]]}, "properties": {"cell_id": "kat_0262", "flood_depth_m": {"rp10": 0.07, "rp100": 0.18}, "glof_depth_m": 0.0, "landslide_prob": 0.108, "population": 1847, "critical_assets": ["school"], "eal_people": 29.783, "eal_usd": 74458.0, "observed_flood_frac": null, "modeled_flood_frac": 0.1, "elev_m": 1819.3, "slope_deg": 13.0, "n_lakes": 0, "n_drains": 0, "low_income_score": 0.15, "equity_weight": 1.075}}, {"type": "Feature", "geometry": {"type": "Polygon", "coordinates": [[[85.53059999999999, 27.706690000000002], [85.5506, 27.706690000000002], [85.5506, 27.72669], [85.53059999999999, 27.72669], [85.53059999999999, 27.706690000000002]]]}, "properties": {"cell_id": "kat_0263", "flood_depth_m": {"rp10": 0.02, "rp100": 0.05}, "glof_depth_m": 0.0, "landslide_prob": 0.135, "population": 491, "critical_assets": ["clinic"], "eal_people": 4.962, "eal_usd": 12405.0, "observed_flood_frac": null, "modeled_flood_frac": 0.02, "elev_m": 1415.7, "slope_deg": 16.2, "n_lakes": 0, "n_drains": 0, "low_income_score": 0.15, "equity_weight": 1.075}}, {"type": "Feature", "geometry": {"type": "Polygon", "coordinates": [[[85.0706, 27.686690000000002], [85.0906, 27.686690000000002], [85.0906, 27.706690000000002], [85.0706, 27.706690000000002], [85.0706, 27.686690000000002]]]}, "properties": {"cell_id": "kat_0264", "flood_depth_m": {"rp10": 0.04, "rp100": 0.09}, "glof_depth_m": 0.0, "landslide_prob": 0.177, "population": 1042, "critical_assets": [], "eal_people": 12.882, "eal_usd": 32205.0, "observed_flood_frac": null, "modeled_flood_frac": 0.05, "elev_m": 1336.2, "slope_deg": 21.2, "n_lakes": 0, "n_drains": 0, "low_income_score": 0.15, "equity_weight": 1.075}}, {"type": "Feature", "geometry": {"type": "Polygon", "coordinates": [[[85.0906, 27.686690000000002], [85.1106, 27.686690000000002], [85.1106, 27.706690000000002], [85.0906, 27.706690000000002], [85.0906, 27.686690000000002]]]}, "properties": {"cell_id": "kat_0265", "flood_depth_m": {"rp10": 0.04, "rp100": 0.11}, "glof_depth_m": 0.0, "landslide_prob": 0.165, "population": 949, "critical_assets": [], "eal_people": 12.446, "eal_usd": 31115.0, "observed_flood_frac": null, "modeled_flood_frac": 0.06, "elev_m": 1768.0, "slope_deg": 19.8, "n_lakes": 0, "n_drains": 0, "low_income_score": 0.15, "equity_weight": 1.075}}, {"type": "Feature", "geometry": {"type": "Polygon", "coordinates": [[[85.1106, 27.686690000000002], [85.1306, 27.686690000000002], [85.1306, 27.706690000000002], [85.1106, 27.706690000000002], [85.1106, 27.686690000000002]]]}, "properties": {"cell_id": "kat_0266", "flood_depth_m": {"rp10": 0.06, "rp100": 0.16}, "glof_depth_m": 0.0, "landslide_prob": 0.178, "population": 409, "critical_assets": [], "eal_people": 6.287, "eal_usd": 15718.0, "observed_flood_frac": null, "modeled_flood_frac": 0.09, "elev_m": 1967.9, "slope_deg": 21.3, "n_lakes": 0, "n_drains": 0, "low_income_score": 0.15, "equity_weight": 1.075}}, {"type": "Feature", "geometry": {"type": "Polygon", "coordinates": [[[85.1306, 27.686690000000002], [85.1506, 27.686690000000002], [85.1506, 27.706690000000002], [85.1306, 27.706690000000002], [85.1306, 27.686690000000002]]]}, "properties": {"cell_id": "kat_0267", "flood_depth_m": {"rp10": 0.02, "rp100": 0.05}, "glof_depth_m": 0.0, "landslide_prob": 0.185, "population": 288, "critical_assets": [], "eal_people": 3.127, "eal_usd": 7817.0, "observed_flood_frac": null, "modeled_flood_frac": 0.03, "elev_m": 1527.4, "slope_deg": 22.2, "n_lakes": 0, "n_drains": 0, "low_income_score": 0.15, "equity_weight": 1.075}}, {"type": "Feature", "geometry": {"type": "Polygon", "coordinates": [[[85.1506, 27.686690000000002], [85.1706, 27.686690000000002], [85.1706, 27.706690000000002], [85.1506, 27.706690000000002], [85.1506, 27.686690000000002]]]}, "properties": {"cell_id": "kat_0268", "flood_depth_m": {"rp10": 0.02, "rp100": 0.05}, "glof_depth_m": 0.0, "landslide_prob": 0.205, "population": 305, "critical_assets": [], "eal_people": 3.082, "eal_usd": 7705.0, "observed_flood_frac": null, "modeled_flood_frac": 0.02, "elev_m": 1504.4, "slope_deg": 24.6, "n_lakes": 0, "n_drains": 0, "low_income_score": 0.15, "equity_weight": 1.075}}, {"type": "Feature", "geometry": {"type": "Polygon", "coordinates": [[[85.1706, 27.686690000000002], [85.1906, 27.686690000000002], [85.1906, 27.706690000000002], [85.1706, 27.706690000000002], [85.1706, 27.686690000000002]]]}, "properties": {"cell_id": "kat_0269", "flood_depth_m": {"rp10": 0.05, "rp100": 0.13}, "glof_depth_m": 0.0, "landslide_prob": 0.213, "population": 469, "critical_assets": [], "eal_people": 6.504, "eal_usd": 16260.0, "observed_flood_frac": null, "modeled_flood_frac": 0.07, "elev_m": 1660.1, "slope_deg": 25.6, "n_lakes": 0, "n_drains": 0, "low_income_score": 0.15, "equity_weight": 1.075}}, {"type": "Feature", "geometry": {"type": "Polygon", "coordinates": [[[85.1906, 27.686690000000002], [85.2106, 27.686690000000002], [85.2106, 27.706690000000002], [85.1906, 27.706690000000002], [85.1906, 27.686690000000002]]]}, "properties": {"cell_id": "kat_0270", "flood_depth_m": {"rp10": 0.02, "rp100": 0.05}, "glof_depth_m": 0.0, "landslide_prob": 0.15, "population": 10983, "critical_assets": [], "eal_people": 133.114, "eal_usd": 332785.0, "observed_flood_frac": null, "modeled_flood_frac": 0.03, "elev_m": 1658.3, "slope_deg": 18.0, "n_lakes": 0, "n_drains": 0, "low_income_score": 0.4, "equity_weight": 1.2}}, {"type": "Feature", "geometry": {"type": "Polygon", "coordinates": [[[85.2106, 27.686690000000002], [85.2306, 27.686690000000002], [85.2306, 27.706690000000002], [85.2106, 27.706690000000002], [85.2106, 27.686690000000002]]]}, "properties": {"cell_id": "kat_0271", "flood_depth_m": {"rp10": 0.02, "rp100": 0.05}, "glof_depth_m": 0.0, "landslide_prob": 0.05, "population": 44349, "critical_assets": [], "eal_people": 425.75, "eal_usd": 1064375.0, "observed_flood_frac": null, "modeled_flood_frac": 0.0, "elev_m": 1442.3, "slope_deg": 6.0, "n_lakes": 0, "n_drains": 0, "low_income_score": 0.4, "equity_weight": 1.2}}, {"type": "Feature", "geometry": {"type": "Polygon", "coordinates": [[[85.2306, 27.686690000000002], [85.2506, 27.686690000000002], [85.2506, 27.706690000000002], [85.2306, 27.706690000000002], [85.2306, 27.686690000000002]]]}, "properties": {"cell_id": "kat_0272", "flood_depth_m": {"rp10": 0.02, "rp100": 0.05}, "glof_depth_m": 0.0, "landslide_prob": 0.05, "population": 56009, "critical_assets": [], "eal_people": 631.782, "eal_usd": 1579455.0, "observed_flood_frac": null, "modeled_flood_frac": 0.02, "elev_m": 1397.0, "slope_deg": 6.0, "n_lakes": 0, "n_drains": 0, "low_income_score": 0.4, "equity_weight": 1.2}}, {"type": "Feature", "geometry": {"type": "Polygon", "coordinates": [[[85.2506, 27.686690000000002], [85.2706, 27.686690000000002], [85.2706, 27.706690000000002], [85.2506, 27.706690000000002], [85.2506, 27.686690000000002]]]}, "properties": {"cell_id": "kat_0273", "flood_depth_m": {"rp10": 0.02, "rp100": 0.05}, "glof_depth_m": 0.0, "landslide_prob": 0.043, "population": 51877, "critical_assets": ["clinic"], "eal_people": 524.217, "eal_usd": 1310542.0, "observed_flood_frac": null, "modeled_flood_frac": 0.02, "elev_m": 1371.4, "slope_deg": 5.1, "n_lakes": 0, "n_drains": 0, "low_income_score": 0.15, "equity_weight": 1.075}}, {"type": "Feature", "geometry": {"type": "Polygon", "coordinates": [[[85.2706, 27.686690000000002], [85.2906, 27.686690000000002], [85.2906, 27.706690000000002], [85.2706, 27.706690000000002], [85.2706, 27.686690000000002]]]}, "properties": {"cell_id": "kat_0274", "flood_depth_m": {"rp10": 0.02, "rp100": 0.05}, "glof_depth_m": 0.0, "landslide_prob": 0.022, "population": 174926, "critical_assets": ["clinic", "clinic", "clinic", "school"], "eal_people": 1767.627, "eal_usd": 4419068.0, "observed_flood_frac": null, "modeled_flood_frac": 0.02, "elev_m": 1308.0, "slope_deg": 2.6, "n_lakes": 0, "n_drains": 0, "low_income_score": 0.15, "equity_weight": 1.075}}, {"type": "Feature", "geometry": {"type": "Polygon", "coordinates": [[[85.2906, 27.686690000000002], [85.3106, 27.686690000000002], [85.3106, 27.706690000000002], [85.2906, 27.706690000000002], [85.2906, 27.686690000000002]]]}, "properties": {"cell_id": "kat_0275", "flood_depth_m": {"rp10": 0.42, "rp100": 1.05}, "glof_depth_m": 0.0, "landslide_prob": 0.012, "population": 275947, "critical_assets": ["lake", "clinic", "clinic", "clinic"], "eal_people": 7445.74, "eal_usd": 18614350.0, "observed_flood_frac": null, "modeled_flood_frac": 0.03, "elev_m": 1293.7, "slope_deg": 1.4, "n_lakes": 4, "n_drains": 0, "low_income_score": 0.15, "equity_weight": 1.075}}, {"type": "Feature", "geometry": {"type": "Polygon", "coordinates": [[[85.3106, 27.686690000000002], [85.3306, 27.686690000000002], [85.3306, 27.706690000000002], [85.3106, 27.706690000000002], [85.3106, 27.686690000000002]]]}, "properties": {"cell_id": "kat_0276", "flood_depth_m": {"rp10": 0.41, "rp100": 1.02}, "glof_depth_m": 0.0, "landslide_prob": 0.008, "population": 251875, "critical_assets": ["lake", "school", "clinic", "school"], "eal_people": 6417.145, "eal_usd": 16042863.0, "observed_flood_frac": null, "modeled_flood_frac": 0.01, "elev_m": 1293.8, "slope_deg": 0.9, "n_lakes": 4, "n_drains": 0, "low_income_score": 0.15, "equity_weight": 1.075}}, {"type": "Feature", "geometry": {"type": "Polygon", "coordinates": [[[85.3306, 27.686690000000002], [85.3506, 27.686690000000002], [85.3506, 27.706690000000002], [85.3306, 27.706690000000002], [85.3306, 27.686690000000002]]]}, "properties": {"cell_id": "kat_0277", "flood_depth_m": {"rp10": 0.25, "rp100": 0.63}, "glof_depth_m": 0.0, "landslide_prob": 0.009, "population": 302867, "critical_assets": ["lake", "school", "school", "school"], "eal_people": 10139.987, "eal_usd": 25349967.0, "observed_flood_frac": null, "modeled_flood_frac": 0.07, "elev_m": 1305.7, "slope_deg": 1.1, "n_lakes": 2, "n_drains": 0, "low_income_score": 0.4, "equity_weight": 1.2}}, {"type": "Feature", "geometry": {"type": "Polygon", "coordinates": [[[85.3506, 27.686690000000002], [85.3706, 27.686690000000002], [85.3706, 27.706690000000002], [85.3506, 27.706690000000002], [85.3506, 27.686690000000002]]]}, "properties": {"cell_id": "kat_0278", "flood_depth_m": {"rp10": 0.02, "rp100": 0.05}, "glof_depth_m": 0.0, "landslide_prob": 0.014, "population": 161747, "critical_assets": ["school"], "eal_people": 1960.374, "eal_usd": 4900935.0, "observed_flood_frac": null, "modeled_flood_frac": 0.03, "elev_m": 1318.3, "slope_deg": 1.7, "n_lakes": 0, "n_drains": 0, "low_income_score": 0.4, "equity_weight": 1.2}}, {"type": "Feature", "geometry": {"type": "Polygon", "coordinates": [[[85.3706, 27.686690000000002], [85.39059999999999, 27.686690000000002], [85.39059999999999, 27.706690000000002], [85.3706, 27.706690000000002], [85.3706, 27.686690000000002]]]}, "properties": {"cell_id": "kat_0279", "flood_depth_m": {"rp10": 0.43, "rp100": 1.07}, "glof_depth_m": 0.0, "landslide_prob": 0.017, "population": 74419, "critical_assets": ["lake", "school"], "eal_people": 2304.012, "eal_usd": 5760030.0, "observed_flood_frac": null, "modeled_flood_frac": 0.04, "elev_m": 1320.8, "slope_deg": 2.0, "n_lakes": 5, "n_drains": 0, "low_income_score": 0.4, "equity_weight": 1.2}}, {"type": "Feature", "geometry": {"type": "Polygon", "coordinates": [[[85.39059999999999, 27.686690000000002], [85.4106, 27.686690000000002], [85.4106, 27.706690000000002], [85.39059999999999, 27.706690000000002], [85.39059999999999, 27.686690000000002]]]}, "properties": {"cell_id": "kat_0280", "flood_depth_m": {"rp10": 0.32, "rp100": 0.8}, "glof_depth_m": 0.0, "landslide_prob": 0.02, "population": 19061, "critical_assets": ["lake", "school"], "eal_people": 574.117, "eal_usd": 1435292.0, "observed_flood_frac": null, "modeled_flood_frac": 0.03, "elev_m": 1333.0, "slope_deg": 2.4, "n_lakes": 3, "n_drains": 0, "low_income_score": 0.4, "equity_weight": 1.2}}, {"type": "Feature", "geometry": {"type": "Polygon", "coordinates": [[[85.4106, 27.686690000000002], [85.4306, 27.686690000000002], [85.4306, 27.706690000000002], [85.4106, 27.706690000000002], [85.4106, 27.686690000000002]]]}, "properties": {"cell_id": "kat_0281", "flood_depth_m": {"rp10": 0.16, "rp100": 0.39}, "glof_depth_m": 0.0, "landslide_prob": 0.02, "population": 6753, "critical_assets": ["lake"], "eal_people": 231.763, "eal_usd": 579408.0, "observed_flood_frac": null, "modeled_flood_frac": 0.08, "elev_m": 1357.2, "slope_deg": 2.4, "n_lakes": 1, "n_drains": 0, "low_income_score": 0.4, "equity_weight": 1.2}}, {"type": "Feature", "geometry": {"type": "Polygon", "coordinates": [[[85.4306, 27.686690000000002], [85.4506, 27.686690000000002], [85.4506, 27.706690000000002], [85.4306, 27.706690000000002], [85.4306, 27.686690000000002]]]}, "properties": {"cell_id": "kat_0282", "flood_depth_m": {"rp10": 0.32, "rp100": 0.79}, "glof_depth_m": 0.0, "landslide_prob": 0.026, "population": 9071, "critical_assets": ["lake"], "eal_people": 265.599, "eal_usd": 663998.0, "observed_flood_frac": null, "modeled_flood_frac": 0.02, "elev_m": 1346.2, "slope_deg": 3.1, "n_lakes": 3, "n_drains": 0, "low_income_score": 0.4, "equity_weight": 1.2}}, {"type": "Feature", "geometry": {"type": "Polygon", "coordinates": [[[85.4506, 27.686690000000002], [85.4706, 27.686690000000002], [85.4706, 27.706690000000002], [85.4506, 27.706690000000002], [85.4506, 27.686690000000002]]]}, "properties": {"cell_id": "kat_0283", "flood_depth_m": {"rp10": 0.02, "rp100": 0.05}, "glof_depth_m": 0.0, "landslide_prob": 0.042, "population": 5357, "critical_assets": [], "eal_people": 51.427, "eal_usd": 128568.0, "observed_flood_frac": null, "modeled_flood_frac": 0.0, "elev_m": 1365.8, "slope_deg": 5.1, "n_lakes": 0, "n_drains": 0, "low_income_score": 0.4, "equity_weight": 1.2}}, {"type": "Feature", "geometry": {"type": "Polygon", "coordinates": [[[85.4706, 27.686690000000002], [85.4906, 27.686690000000002], [85.4906, 27.706690000000002], [85.4706, 27.706690000000002], [85.4706, 27.686690000000002]]]}, "properties": {"cell_id": "kat_0284", "flood_depth_m": {"rp10": 0.21, "rp100": 0.52}, "glof_depth_m": 0.0, "landslide_prob": 0.083, "population": 3508, "critical_assets": ["lake"], "eal_people": 89.375, "eal_usd": 223438.0, "observed_flood_frac": null, "modeled_flood_frac": 0.01, "elev_m": 1490.0, "slope_deg": 9.9, "n_lakes": 2, "n_drains": 0, "low_income_score": 0.15, "equity_weight": 1.075}}, {"type": "Feature", "geometry": {"type": "Polygon", "coordinates": [[[85.4906, 27.686690000000002], [85.5106, 27.686690000000002], [85.5106, 27.706690000000002], [85.4906, 27.706690000000002], [85.4906, 27.686690000000002]]]}, "properties": {"cell_id": "kat_0285", "flood_depth_m": {"rp10": 0.06, "rp100": 0.14}, "glof_depth_m": 0.0, "landslide_prob": 0.109, "population": 1285, "critical_assets": [], "eal_people": 18.787, "eal_usd": 46968.0, "observed_flood_frac": null, "modeled_flood_frac": 0.08, "elev_m": 1806.4, "slope_deg": 13.1, "n_lakes": 0, "n_drains": 0, "low_income_score": 0.15, "equity_weight": 1.075}}, {"type": "Feature", "geometry": {"type": "Polygon", "coordinates": [[[85.5106, 27.686690000000002], [85.53059999999999, 27.686690000000002], [85.53059999999999, 27.706690000000002], [85.5106, 27.706690000000002], [85.5106, 27.686690000000002]]]}, "properties": {"cell_id": "kat_0286", "flood_depth_m": {"rp10": 0.06, "rp100": 0.16}, "glof_depth_m": 0.0, "landslide_prob": 0.132, "population": 537, "critical_assets": [], "eal_people": 8.255, "eal_usd": 20638.0, "observed_flood_frac": null, "modeled_flood_frac": 0.09, "elev_m": 1940.2, "slope_deg": 15.8, "n_lakes": 0, "n_drains": 0, "low_income_score": 0.15, "equity_weight": 1.075}}, {"type": "Feature", "geometry": {"type": "Polygon", "coordinates": [[[85.53059999999999, 27.686690000000002], [85.5506, 27.686690000000002], [85.5506, 27.706690000000002], [85.53059999999999, 27.706690000000002], [85.53059999999999, 27.686690000000002]]]}, "properties": {"cell_id": "kat_0287", "flood_depth_m": {"rp10": 0.04, "rp100": 0.11}, "glof_depth_m": 0.0, "landslide_prob": 0.142, "population": 423, "critical_assets": [], "eal_people": 5.548, "eal_usd": 13870.0, "observed_flood_frac": null, "modeled_flood_frac": 0.06, "elev_m": 1710.0, "slope_deg": 17.1, "n_lakes": 0, "n_drains": 0, "low_income_score": 0.15, "equity_weight": 1.075}}, {"type": "Feature", "geometry": {"type": "Polygon", "coordinates": [[[85.0706, 27.66669], [85.0906, 27.66669], [85.0906, 27.686690000000002], [85.0706, 27.686690000000002], [85.0706, 27.66669]]]}, "properties": {"cell_id": "kat_0288", "flood_depth_m": {"rp10": 0.03, "rp100": 0.07}, "glof_depth_m": 0.0, "landslide_prob": 0.154, "population": 1261, "critical_assets": [], "eal_people": 14.64, "eal_usd": 36600.0, "observed_flood_frac": null, "modeled_flood_frac": 0.04, "elev_m": 1845.8, "slope_deg": 18.5, "n_lakes": 0, "n_drains": 0, "low_income_score": 0.15, "equity_weight": 1.075}}, {"type": "Feature", "geometry": {"type": "Polygon", "coordinates": [[[85.0906, 27.66669], [85.1106, 27.66669], [85.1106, 27.686690000000002], [85.0906, 27.686690000000002], [85.0906, 27.66669]]]}, "properties": {"cell_id": "kat_0289", "flood_depth_m": {"rp10": 0.05, "rp100": 0.13}, "glof_depth_m": 0.0, "landslide_prob": 0.156, "population": 838, "critical_assets": [], "eal_people": 11.621, "eal_usd": 29052.0, "observed_flood_frac": null, "modeled_flood_frac": 0.07, "elev_m": 1967.5, "slope_deg": 18.7, "n_lakes": 0, "n_drains": 0, "low_income_score": 0.15, "equity_weight": 1.075}}, {"type": "Feature", "geometry": {"type": "Polygon", "coordinates": [[[85.1106, 27.66669], [85.1306, 27.66669], [85.1306, 27.686690000000002], [85.1106, 27.686690000000002], [85.1106, 27.66669]]]}, "properties": {"cell_id": "kat_0290", "flood_depth_m": {"rp10": 0.07, "rp100": 0.18}, "glof_depth_m": 0.0, "landslide_prob": 0.156, "population": 473, "critical_assets": [], "eal_people": 7.627, "eal_usd": 19068.0, "observed_flood_frac": null, "modeled_flood_frac": 0.1, "elev_m": 2047.0, "slope_deg": 18.7, "n_lakes": 0, "n_drains": 0, "low_income_score": 0.15, "equity_weight": 1.075}}, {"type": "Feature", "geometry": {"type": "Polygon", "coordinates": [[[85.1306, 27.66669], [85.1506, 27.66669], [85.1506, 27.686690000000002], [85.1306, 27.686690000000002], [85.1306, 27.66669]]]}, "properties": {"cell_id": "kat_0291", "flood_depth_m": {"rp10": 0.06, "rp100": 0.14}, "glof_depth_m": 0.0, "landslide_prob": 0.183, "population": 325, "critical_assets": [], "eal_people": 4.752, "eal_usd": 11880.0, "observed_flood_frac": null, "modeled_flood_frac": 0.08, "elev_m": 1967.1, "slope_deg": 22.0, "n_lakes": 0, "n_drains": 0, "low_income_score": 0.15, "equity_weight": 1.075}}, {"type": "Feature", "geometry": {"type": "Polygon", "coordinates": [[[85.1506, 27.66669], [85.1706, 27.66669], [85.1706, 27.686690000000002], [85.1506, 27.686690000000002], [85.1506, 27.66669]]]}, "properties": {"cell_id": "kat_0292", "flood_depth_m": {"rp10": 0.04, "rp100": 0.11}, "glof_depth_m": 0.0, "landslide_prob": 0.193, "population": 217, "critical_assets": [], "eal_people": 2.846, "eal_usd": 7115.0, "observed_flood_frac": null, "modeled_flood_frac": 0.06, "elev_m": 1991.4, "slope_deg": 23.1, "n_lakes": 0, "n_drains": 0, "low_income_score": 0.15, "equity_weight": 1.075}}, {"type": "Feature", "geometry": {"type": "Polygon", "coordinates": [[[85.1706, 27.66669], [85.1906, 27.66669], [85.1906, 27.686690000000002], [85.1706, 27.686690000000002], [85.1706, 27.66669]]]}, "properties": {"cell_id": "kat_0293", "flood_depth_m": {"rp10": 0.06, "rp100": 0.14}, "glof_depth_m": 0.0, "landslide_prob": 0.165, "population": 287, "critical_assets": [], "eal_people": 4.196, "eal_usd": 10490.0, "observed_flood_frac": null, "modeled_flood_frac": 0.08, "elev_m": 2107.5, "slope_deg": 19.8, "n_lakes": 0, "n_drains": 0, "low_income_score": 0.15, "equity_weight": 1.075}}, {"type": "Feature", "geometry": {"type": "Polygon", "coordinates": [[[85.1906, 27.66669], [85.2106, 27.66669], [85.2106, 27.686690000000002], [85.1906, 27.686690000000002], [85.1906, 27.66669]]]}, "properties": {"cell_id": "kat_0294", "flood_depth_m": {"rp10": 0.06, "rp100": 0.16}, "glof_depth_m": 0.0, "landslide_prob": 0.184, "population": 3324, "critical_assets": [], "eal_people": 51.098, "eal_usd": 127745.0, "observed_flood_frac": null, "modeled_flood_frac": 0.09, "elev_m": 2057.5, "slope_deg": 22.1, "n_lakes": 0, "n_drains": 0, "low_income_score": 0.15, "equity_weight": 1.075}}, {"type": "Feature", "geometry": {"type": "Polygon", "coordinates": [[[85.2106, 27.66669], [85.2306, 27.66669], [85.2306, 27.686690000000002], [85.2106, 27.686690000000002], [85.2106, 27.66669]]]}, "properties": {"cell_id": "kat_0295", "flood_depth_m": {"rp10": 0.02, "rp100": 0.05}, "glof_depth_m": 0.0, "landslide_prob": 0.151, "population": 20155, "critical_assets": [], "eal_people": 210.418, "eal_usd": 526045.0, "observed_flood_frac": null, "modeled_flood_frac": 0.01, "elev_m": 1711.2, "slope_deg": 18.1, "n_lakes": 0, "n_drains": 0, "low_income_score": 0.4, "equity_weight": 1.2}}, {"type": "Feature", "geometry": {"type": "Polygon", "coordinates": [[[85.2306, 27.66669], [85.2506, 27.66669], [85.2506, 27.686690000000002], [85.2306, 27.686690000000002], [85.2306, 27.66669]]]}, "properties": {"cell_id": "kat_0296", "flood_depth_m": {"rp10": 0.3, "rp100": 0.75}, "glof_depth_m": 0.0, "landslide_prob": 0.058, "population": 37535, "critical_assets": ["lake"], "eal_people": 1035.966, "eal_usd": 2589915.0, "observed_flood_frac": null, "modeled_flood_frac": 0.0, "elev_m": 1460.4, "slope_deg": 7.0, "n_lakes": 3, "n_drains": 0, "low_income_score": 0.4, "equity_weight": 1.2}}, {"type": "Feature", "geometry": {"type": "Polygon", "coordinates": [[[85.2506, 27.66669], [85.2706, 27.66669], [85.2706, 27.686690000000002], [85.2506, 27.686690000000002], [85.2506, 27.66669]]]}, "properties": {"cell_id": "kat_0297", "flood_depth_m": {"rp10": 0.02, "rp100": 0.05}, "glof_depth_m": 0.0, "landslide_prob": 0.024, "population": 60309, "critical_assets": ["clinic"], "eal_people": 654.805, "eal_usd": 1637012.0, "observed_flood_frac": null, "modeled_flood_frac": 0.03, "elev_m": 1361.4, "slope_deg": 2.9, "n_lakes": 0, "n_drains": 0, "low_income_score": 0.15, "equity_weight": 1.075}}, {"type": "Feature", "geometry": {"type": "Polygon", "coordinates": [[[85.2706, 27.66669], [85.2906, 27.66669], [85.2906, 27.686690000000002], [85.2706, 27.686690000000002], [85.2706, 27.66669]]]}, "properties": {"cell_id": "kat_0298", "flood_depth_m": {"rp10": 0.46, "rp100": 1.14}, "glof_depth_m": 0.0, "landslide_prob": 0.031, "population": 106210, "critical_assets": ["lake", "music_school", "clinic", "clinic"], "eal_people": 3265.426, "eal_usd": 8163565.0, "observed_flood_frac": null, "modeled_flood_frac": 0.08, "elev_m": 1340.3, "slope_deg": 3.7, "n_lakes": 15, "n_drains": 0, "low_income_score": 0.15, "equity_weight": 1.075}}, {"type": "Feature", "geometry": {"type": "Polygon", "coordinates": [[[85.2906, 27.66669], [85.3106, 27.66669], [85.3106, 27.686690000000002], [85.2906, 27.686690000000002], [85.2906, 27.66669]]]}, "properties": {"cell_id": "kat_0299", "flood_depth_m": {"rp10": 0.42, "rp100": 1.04}, "glof_depth_m": 0.0, "landslide_prob": 0.02, "population": 107443, "critical_assets": ["lake", "school", "school", "school"], "eal_people": 3145.931, "eal_usd": 7864828.0, "observed_flood_frac": null, "modeled_flood_frac": 0.02, "elev_m": 1296.4, "slope_deg": 2.4, "n_lakes": 4, "n_drains": 0, "low_income_score": 0.4, "equity_weight": 1.2}}, {"type": "Feature", "geometry": {"type": "Polygon", "coordinates": [[[85.3106, 27.66669], [85.3306, 27.66669], [85.3306, 27.686690000000002], [85.3106, 27.686690000000002], [85.3106, 27.66669]]]}, "properties": {"cell_id": "kat_0300", "flood_depth_m": {"rp10": 0.44, "rp100": 1.11}, "glof_depth_m": 0.0, "landslide_prob": 0.01, "population": 104828, "critical_assets": ["lake", "school", "school", "school"], "eal_people": 3421.586, "eal_usd": 8553965.0, "observed_flood_frac": null, "modeled_flood_frac": 0.06, "elev_m": 1310.9, "slope_deg": 1.2, "n_lakes": 18, "n_drains": 0, "low_income_score": 0.4, "equity_weight": 1.2}}, {"type": "Feature", "geometry": {"type": "Polygon", "coordinates": [[[85.3306, 27.66669], [85.3506, 27.66669], [85.3506, 27.686690000000002], [85.3306, 27.686690000000002], [85.3306, 27.66669]]]}, "properties": {"cell_id": "kat_0301", "flood_depth_m": {"rp10": 0.22, "rp100": 0.54}, "glof_depth_m": 0.0, "landslide_prob": 0.011, "population": 177494, "critical_assets": ["lake", "clinic", "school", "school"], "eal_people": 4655.668, "eal_usd": 11639170.0, "observed_flood_frac": null, "modeled_flood_frac": 0.02, "elev_m": 1297.1, "slope_deg": 1.3, "n_lakes": 2, "n_drains": 0, "low_income_score": 0.15, "equity_weight": 1.075}}, {"type": "Feature", "geometry": {"type": "Polygon", "coordinates": [[[85.3506, 27.66669], [85.3706, 27.66669], [85.3706, 27.686690000000002], [85.3506, 27.686690000000002], [85.3506, 27.66669]]]}, "properties": {"cell_id": "kat_0302", "flood_depth_m": {"rp10": 0.1, "rp100": 0.25}, "glof_depth_m": 0.0, "landslide_prob": 0.011, "population": 89955, "critical_assets": ["lake", "clinic", "school", "clinic"], "eal_people": 2224.137, "eal_usd": 5560342.0, "observed_flood_frac": null, "modeled_flood_frac": 0.0, "elev_m": 1302.0, "slope_deg": 1.3, "n_lakes": 1, "n_drains": 0, "low_income_score": 0.15, "equity_weight": 1.075}}, {"type": "Feature", "geometry": {"type": "Polygon", "coordinates": [[[85.3706, 27.66669], [85.39059999999999, 27.66669], [85.39059999999999, 27.686690000000002], [85.3706, 27.686690000000002], [85.3706, 27.66669]]]}, "properties": {"cell_id": "kat_0303", "flood_depth_m": {"rp10": 0.44, "rp100": 1.11}, "glof_depth_m": 0.0, "landslide_prob": 0.013, "population": 39498, "critical_assets": ["lake", "school", "clinic", "driving_school"], "eal_people": 1154.922, "eal_usd": 2887305.0, "observed_flood_frac": null, "modeled_flood_frac": 0.06, "elev_m": 1314.5, "slope_deg": 1.6, "n_lakes": 13, "n_drains": 0, "low_income_score": 0.15, "equity_weight": 1.075}}, {"type": "Feature", "geometry": {"type": "Polygon", "coordinates": [[[85.39059999999999, 27.66669], [85.4106, 27.66669], [85.4106, 27.686690000000002], [85.39059999999999, 27.686690000000002], [85.39059999999999, 27.66669]]]}, "properties": {"cell_id": "kat_0304", "flood_depth_m": {"rp10": 0.1, "rp100": 0.25}, "glof_depth_m": 0.0, "landslide_prob": 0.015, "population": 29382, "critical_assets": ["lake"], "eal_people": 810.943, "eal_usd": 2027358.0, "observed_flood_frac": null, "modeled_flood_frac": 0.0, "elev_m": 1312.7, "slope_deg": 1.8, "n_lakes": 1, "n_drains": 1, "low_income_score": 0.4, "equity_weight": 1.2}}, {"type": "Feature", "geometry": {"type": "Polygon", "coordinates": [[[85.4106, 27.66669], [85.4306, 27.66669], [85.4306, 27.686690000000002], [85.4106, 27.686690000000002], [85.4106, 27.66669]]]}, "properties": {"cell_id": "kat_0305", "flood_depth_m": {"rp10": 0.4, "rp100": 1.0}, "glof_depth_m": 0.0, "landslide_prob": 0.014, "population": 39958, "critical_assets": ["lake", "clinic"], "eal_people": 987.962, "eal_usd": 2469905.0, "observed_flood_frac": null, "modeled_flood_frac": 0.0, "elev_m": 1318.2, "slope_deg": 1.6, "n_lakes": 8, "n_drains": 0, "low_income_score": 0.15, "equity_weight": 1.075}}, {"type": "Feature", "geometry": {"type": "Polygon", "coordinates": [[[85.4306, 27.66669], [85.4506, 27.66669], [85.4506, 27.686690000000002], [85.4306, 27.686690000000002], [85.4306, 27.66669]]]}, "properties": {"cell_id": "kat_0306", "flood_depth_m": {"rp10": 0.45, "rp100": 1.13}, "glof_depth_m": 0.0, "landslide_prob": 0.016, "population": 50064, "critical_assets": ["lake"], "eal_people": 1676.143, "eal_usd": 4190358.0, "observed_flood_frac": null, "modeled_flood_frac": 0.07, "elev_m": 1328.1, "slope_deg": 1.9, "n_lakes": 10, "n_drains": 0, "low_income_score": 0.4, "equity_weight": 1.2}}, {"type": "Feature", "geometry": {"type": "Polygon", "coordinates": [[[85.4506, 27.66669], [85.4706, 27.66669], [85.4706, 27.686690000000002], [85.4506, 27.686690000000002], [85.4506, 27.66669]]]}, "properties": {"cell_id": "kat_0307", "flood_depth_m": {"rp10": 0.32, "rp100": 0.8}, "glof_depth_m": 0.0, "landslide_prob": 0.016, "population": 7185, "critical_assets": ["lake"], "eal_people": 216.412, "eal_usd": 541030.0, "observed_flood_frac": null, "modeled_flood_frac": 0.03, "elev_m": 1343.1, "slope_deg": 1.9, "n_lakes": 3, "n_drains": 0, "low_income_score": 0.4, "equity_weight": 1.2}}, {"type": "Feature", "geometry": {"type": "Polygon", "coordinates": [[[85.4706, 27.66669], [85.4906, 27.66669], [85.4906, 27.686690000000002], [85.4706, 27.686690000000002], [85.4706, 27.66669]]]}, "properties": {"cell_id": "kat_0308", "flood_depth_m": {"rp10": 0.41, "rp100": 1.02}, "glof_depth_m": 0.0, "landslide_prob": 0.043, "population": 4454, "critical_assets": ["lake"], "eal_people": 126.672, "eal_usd": 316680.0, "observed_flood_frac": null, "modeled_flood_frac": 0.01, "elev_m": 1415.7, "slope_deg": 5.1, "n_lakes": 7, "n_drains": 0, "low_income_score": 0.4, "equity_weight": 1.2}}, {"type": "Feature", "geometry": {"type": "Polygon", "coordinates": [[[85.4906, 27.66669], [85.5106, 27.66669], [85.5106, 27.686690000000002], [85.4906, 27.686690000000002], [85.4906, 27.66669]]]}, "properties": {"cell_id": "kat_0309", "flood_depth_m": {"rp10": 0.13, "rp100": 0.32}, "glof_depth_m": 0.0, "landslide_prob": 0.111, "population": 869, "critical_assets": ["lake"], "eal_people": 24.102, "eal_usd": 60255.0, "observed_flood_frac": null, "modeled_flood_frac": 0.04, "elev_m": 1638.3, "slope_deg": 13.4, "n_lakes": 1, "n_drains": 0, "low_income_score": 0.15, "equity_weight": 1.075}}, {"type": "Feature", "geometry": {"type": "Polygon", "coordinates": [[[85.5106, 27.66669], [85.53059999999999, 27.66669], [85.53059999999999, 27.686690000000002], [85.5106, 27.686690000000002], [85.5106, 27.66669]]]}, "properties": {"cell_id": "kat_0310", "flood_depth_m": {"rp10": 0.02, "rp100": 0.05}, "glof_depth_m": 0.0, "landslide_prob": 0.101, "population": 216, "critical_assets": [], "eal_people": 2.02, "eal_usd": 5050.0, "observed_flood_frac": null, "modeled_flood_frac": 0.01, "elev_m": 1821.3, "slope_deg": 12.1, "n_lakes": 0, "n_drains": 0, "low_income_score": 0.15, "equity_weight": 1.075}}, {"type": "Feature", "geometry": {"type": "Polygon", "coordinates": [[[85.53059999999999, 27.66669], [85.5506, 27.66669], [85.5506, 27.686690000000002], [85.53059999999999, 27.686690000000002], [85.53059999999999, 27.66669]]]}, "properties": {"cell_id": "kat_0311", "flood_depth_m": {"rp10": 0.05, "rp100": 0.13}, "glof_depth_m": 0.0, "landslide_prob": 0.125, "population": 426, "critical_assets": [], "eal_people": 5.908, "eal_usd": 14770.0, "observed_flood_frac": null, "modeled_flood_frac": 0.07, "elev_m": 1805.6, "slope_deg": 15.0, "n_lakes": 0, "n_drains": 0, "low_income_score": 0.15, "equity_weight": 1.075}}, {"type": "Feature", "geometry": {"type": "Polygon", "coordinates": [[[85.0706, 27.64669], [85.0906, 27.64669], [85.0906, 27.66669], [85.0706, 27.66669], [85.0706, 27.64669]]]}, "properties": {"cell_id": "kat_0312", "flood_depth_m": {"rp10": 0.08, "rp100": 0.2}, "glof_depth_m": 0.0, "landslide_prob": 0.148, "population": 548, "critical_assets": [], "eal_people": 9.249, "eal_usd": 23122.0, "observed_flood_frac": null, "modeled_flood_frac": 0.11, "elev_m": 2217.4, "slope_deg": 17.8, "n_lakes": 0, "n_drains": 0, "low_income_score": 0.15, "equity_weight": 1.075}}, {"type": "Feature", "geometry": {"type": "Polygon", "coordinates": [[[85.0906, 27.64669], [85.1106, 27.64669], [85.1106, 27.66669], [85.0906, 27.66669], [85.0906, 27.64669]]]}, "properties": {"cell_id": "kat_0313", "flood_depth_m": {"rp10": 0.02, "rp100": 0.05}, "glof_depth_m": 0.0, "landslide_prob": 0.121, "population": 1283, "critical_assets": [], "eal_people": 11.999, "eal_usd": 29998.0, "observed_flood_frac": null, "modeled_flood_frac": 0.01, "elev_m": 1975.1, "slope_deg": 14.5, "n_lakes": 0, "n_drains": 0, "low_income_score": 0.15, "equity_weight": 1.075}}, {"type": "Feature", "geometry": {"type": "Polygon", "coordinates": [[[85.1106, 27.64669], [85.1306, 27.64669], [85.1306, 27.66669], [85.1106, 27.66669], [85.1106, 27.64669]]]}, "properties": {"cell_id": "kat_0314", "flood_depth_m": {"rp10": 0.32, "rp100": 0.79}, "glof_depth_m": 0.0, "landslide_prob": 0.057, "population": 2737, "critical_assets": ["lake"], "eal_people": 71.792, "eal_usd": 179480.0, "observed_flood_frac": null, "modeled_flood_frac": 0.02, "elev_m": 1749.6, "slope_deg": 6.9, "n_lakes": 3, "n_drains": 11, "low_income_score": 0.15, "equity_weight": 1.075}}, {"type": "Feature", "geometry": {"type": "Polygon", "coordinates": [[[85.1306, 27.64669], [85.1506, 27.64669], [85.1506, 27.66669], [85.1306, 27.66669], [85.1306, 27.64669]]]}, "properties": {"cell_id": "kat_0315", "flood_depth_m": {"rp10": 0.03, "rp100": 0.07}, "glof_depth_m": 0.0, "landslide_prob": 0.092, "population": 1402, "critical_assets": [], "eal_people": 16.277, "eal_usd": 40692.0, "observed_flood_frac": null, "modeled_flood_frac": 0.04, "elev_m": 1811.4, "slope_deg": 11.1, "n_lakes": 0, "n_drains": 0, "low_income_score": 0.15, "equity_weight": 1.075}}, {"type": "Feature", "geometry": {"type": "Polygon", "coordinates": [[[85.1506, 27.64669], [85.1706, 27.64669], [85.1706, 27.66669], [85.1506, 27.66669], [85.1506, 27.64669]]]}, "properties": {"cell_id": "kat_0316", "flood_depth_m": {"rp10": 0.03, "rp100": 0.07}, "glof_depth_m": 0.0, "landslide_prob": 0.145, "population": 674, "critical_assets": [], "eal_people": 7.825, "eal_usd": 19562.0, "observed_flood_frac": null, "modeled_flood_frac": 0.04, "elev_m": 1937.5, "slope_deg": 17.3, "n_lakes": 0, "n_drains": 0, "low_income_score": 0.15, "equity_weight": 1.075}}, {"type": "Feature", "geometry": {"type": "Polygon", "coordinates": [[[85.1706, 27.64669], [85.1906, 27.64669], [85.1906, 27.66669], [85.1706, 27.66669], [85.1706, 27.64669]]]}, "properties": {"cell_id": "kat_0317", "flood_depth_m": {"rp10": 0.12, "rp100": 0.3}, "glof_depth_m": 0.0, "landslide_prob": 0.133, "population": 443, "critical_assets": ["lake"], "eal_people": 11.953, "eal_usd": 29882.0, "observed_flood_frac": null, "modeled_flood_frac": 0.03, "elev_m": 1920.9, "slope_deg": 16.0, "n_lakes": 1, "n_drains": 0, "low_income_score": 0.15, "equity_weight": 1.075}}, {"type": "Feature", "geometry": {"type": "Polygon", "coordinates": [[[85.1906, 27.64669], [85.2106, 27.64669], [85.2106, 27.66669], [85.1906, 27.66669], [85.1906, 27.64669]]]}, "properties": {"cell_id": "kat_0318", "flood_depth_m": {"rp10": 0.06, "rp100": 0.16}, "glof_depth_m": 0.0, "landslide_prob": 0.162, "population": 423, "critical_assets": [], "eal_people": 6.503, "eal_usd": 16258.0, "observed_flood_frac": null, "modeled_flood_frac": 0.09, "elev_m": 2219.2, "slope_deg": 19.4, "n_lakes": 0, "n_drains": 0, "low_income_score": 0.15, "equity_weight": 1.075}}, {"type": "Feature", "geometry": {"type": "Polygon", "coordinates": [[[85.2106, 27.64669], [85.2306, 27.64669], [85.2306, 27.66669], [85.2106, 27.66669], [85.2106, 27.64669]]]}, "properties": {"cell_id": "kat_0319", "flood_depth_m": {"rp10": 0.06, "rp100": 0.16}, "glof_depth_m": 0.0, "landslide_prob": 0.179, "population": 1436, "critical_assets": [], "eal_people": 22.075, "eal_usd": 55188.0, "observed_flood_frac": null, "modeled_flood_frac": 0.09, "elev_m": 2155.2, "slope_deg": 21.5, "n_lakes": 0, "n_drains": 0, "low_income_score": 0.15, "equity_weight": 1.075}}, {"type": "Feature", "geometry": {"type": "Polygon", "coordinates": [[[85.2306, 27.64669], [85.2506, 27.64669], [85.2506, 27.66669], [85.2306, 27.66669], [85.2306, 27.64669]]]}, "properties": {"cell_id": "kat_0320", "flood_depth_m": {"rp10": 0.02, "rp100": 0.05}, "glof_depth_m": 0.0, "landslide_prob": 0.195, "population": 5660, "critical_assets": [], "eal_people": 68.599, "eal_usd": 171498.0, "observed_flood_frac": null, "modeled_flood_frac": 0.03, "elev_m": 1892.3, "slope_deg": 23.4, "n_lakes": 0, "n_drains": 0, "low_income_score": 0.4, "equity_weight": 1.2}}, {"type": "Feature", "geometry": {"type": "Polygon", "coordinates": [[[85.2506, 27.64669], [85.2706, 27.64669], [85.2706, 27.66669], [85.2506, 27.66669], [85.2506, 27.64669]]]}, "properties": {"cell_id": "kat_0321", "flood_depth_m": {"rp10": 0.42, "rp100": 1.05}, "glof_depth_m": 0.0, "landslide_prob": 0.128, "population": 23457, "critical_assets": ["lake", "school"], "eal_people": 706.525, "eal_usd": 1766312.0, "observed_flood_frac": null, "modeled_flood_frac": 0.03, "elev_m": 1552.5, "slope_deg": 15.4, "n_lakes": 5, "n_drains": 0, "low_income_score": 0.4, "equity_weight": 1.2}}, {"type": "Feature", "geometry": {"type": "Polygon", "coordinates": [[[85.2706, 27.64669], [85.2906, 27.64669], [85.2906, 27.66669], [85.2706, 27.66669], [85.2706, 27.64669]]]}, "properties": {"cell_id": "kat_0322", "flood_depth_m": {"rp10": 0.11, "rp100": 0.27}, "glof_depth_m": 0.0, "landslide_prob": 0.035, "population": 38038, "critical_assets": ["lake"], "eal_people": 1081.801, "eal_usd": 2704502.0, "observed_flood_frac": null, "modeled_flood_frac": 0.01, "elev_m": 1317.3, "slope_deg": 4.2, "n_lakes": 1, "n_drains": 0, "low_income_score": 0.4, "equity_weight": 1.2}}, {"type": "Feature", "geometry": {"type": "Polygon", "coordinates": [[[85.2906, 27.64669], [85.3106, 27.64669], [85.3106, 27.66669], [85.2906, 27.66669], [85.2906, 27.64669]]]}, "properties": {"cell_id": "kat_0323", "flood_depth_m": {"rp10": 0.22, "rp100": 0.55}, "glof_depth_m": 0.0, "landslide_prob": 0.036, "population": 32883, "critical_assets": ["lake", "clinic", "clinic", "hydropower"], "eal_people": 887.266, "eal_usd": 2218165.0, "observed_flood_frac": null, "modeled_flood_frac": 0.03, "elev_m": 1312.1, "slope_deg": 4.3, "n_lakes": 2, "n_drains": 0, "low_income_score": 0.15, "equity_weight": 1.075}}, {"type": "Feature", "geometry": {"type": "Polygon", "coordinates": [[[85.3106, 27.64669], [85.3306, 27.64669], [85.3306, 27.66669], [85.3106, 27.66669], [85.3106, 27.64669]]]}, "properties": {"cell_id": "kat_0324", "flood_depth_m": {"rp10": 0.46, "rp100": 1.16}, "glof_depth_m": 0.0, "landslide_prob": 0.015, "population": 48497, "critical_assets": ["lake", "clinic", "clinic", "school"], "eal_people": 1527.534, "eal_usd": 3818835.0, "observed_flood_frac": null, "modeled_flood_frac": 0.09, "elev_m": 1325.4, "slope_deg": 1.9, "n_lakes": 4, "n_drains": 0, "low_income_score": 0.15, "equity_weight": 1.075}}, {"type": "Feature", "geometry": {"type": "Polygon", "coordinates": [[[85.3306, 27.64669], [85.3506, 27.64669], [85.3506, 27.66669], [85.3306, 27.66669], [85.3306, 27.64669]]]}, "properties": {"cell_id": "kat_0325", "flood_depth_m": {"rp10": 0.43, "rp100": 1.07}, "glof_depth_m": 0.0, "landslide_prob": 0.013, "population": 37010, "critical_assets": ["lake", "school", "clinic", "school"], "eal_people": 1026.472, "eal_usd": 2566180.0, "observed_flood_frac": null, "modeled_flood_frac": 0.04, "elev_m": 1310.6, "slope_deg": 1.6, "n_lakes": 4, "n_drains": 0, "low_income_score": 0.15, "equity_weight": 1.075}}, {"type": "Feature", "geometry": {"type": "Polygon", "coordinates": [[[85.3506, 27.64669], [85.3706, 27.64669], [85.3706, 27.66669], [85.3506, 27.66669], [85.3506, 27.64669]]]}, "properties": {"cell_id": "kat_0326", "flood_depth_m": {"rp10": 0.22, "rp100": 0.54}, "glof_depth_m": 0.0, "landslide_prob": 0.01, "population": 20923, "critical_assets": ["lake", "school", "clinic"], "eal_people": 548.81, "eal_usd": 1372025.0, "observed_flood_frac": null, "modeled_flood_frac": 0.02, "elev_m": 1307.0, "slope_deg": 1.2, "n_lakes": 2, "n_drains": 0, "low_income_score": 0.15, "equity_weight": 1.075}}, {"type": "Feature", "geometry": {"type": "Polygon", "coordinates": [[[85.3706, 27.64669], [85.39059999999999, 27.64669], [85.39059999999999, 27.66669], [85.3706, 27.66669], [85.3706, 27.64669]]]}, "properties": {"cell_id": "kat_0327", "flood_depth_m": {"rp10": 0.42, "rp100": 1.05}, "glof_depth_m": 0.0, "landslide_prob": 0.014, "population": 17131, "critical_assets": ["lake"], "eal_people": 515.986, "eal_usd": 1289965.0, "observed_flood_frac": null, "modeled_flood_frac": 0.03, "elev_m": 1320.6, "slope_deg": 1.7, "n_lakes": 4, "n_drains": 1, "low_income_score": 0.4, "equity_weight": 1.2}}, {"type": "Feature", "geometry": {"type": "Polygon", "coordinates": [[[85.39059999999999, 27.64669], [85.4106, 27.64669], [85.4106, 27.66669], [85.39059999999999, 27.66669], [85.39059999999999, 27.64669]]]}, "properties": {"cell_id": "kat_0328", "flood_depth_m": {"rp10": 0.24, "rp100": 0.59}, "glof_depth_m": 0.0, "landslide_prob": 0.024, "population": 12303, "critical_assets": ["lake"], "eal_people": 391.235, "eal_usd": 978088.0, "observed_flood_frac": null, "modeled_flood_frac": 0.05, "elev_m": 1350.7, "slope_deg": 2.9, "n_lakes": 2, "n_drains": 0, "low_income_score": 0.4, "equity_weight": 1.2}}, {"type": "Feature", "geometry": {"type": "Polygon", "coordinates": [[[85.4106, 27.64669], [85.4306, 27.64669], [85.4306, 27.66669], [85.4106, 27.66669], [85.4106, 27.64669]]]}, "properties": {"cell_id": "kat_0329", "flood_depth_m": {"rp10": 0.14, "rp100": 0.36}, "glof_depth_m": 0.0, "landslide_prob": 0.061, "population": 14412, "critical_assets": ["lake"], "eal_people": 470.408, "eal_usd": 1176020.0, "observed_flood_frac": null, "modeled_flood_frac": 0.06, "elev_m": 1388.5, "slope_deg": 7.3, "n_lakes": 1, "n_drains": 0, "low_income_score": 0.4, "equity_weight": 1.2}}, {"type": "Feature", "geometry": {"type": "Polygon", "coordinates": [[[85.4306, 27.64669], [85.4506, 27.64669], [85.4506, 27.66669], [85.4306, 27.66669], [85.4306, 27.64669]]]}, "properties": {"cell_id": "kat_0330", "flood_depth_m": {"rp10": 0.41, "rp100": 1.02}, "glof_depth_m": 0.0, "landslide_prob": 0.039, "population": 13300, "critical_assets": ["lake"], "eal_people": 378.252, "eal_usd": 945630.0, "observed_flood_frac": null, "modeled_flood_frac": 0.01, "elev_m": 1359.3, "slope_deg": 4.7, "n_lakes": 6, "n_drains": 0, "low_income_score": 0.4, "equity_weight": 1.2}}, {"type": "Feature", "geometry": {"type": "Polygon", "coordinates": [[[85.4506, 27.64669], [85.4706, 27.64669], [85.4706, 27.66669], [85.4506, 27.66669], [85.4506, 27.64669]]]}, "properties": {"cell_id": "kat_0331", "flood_depth_m": {"rp10": 0.32, "rp100": 0.79}, "glof_depth_m": 0.0, "landslide_prob": 0.028, "population": 7076, "critical_assets": ["lake", "clinic"], "eal_people": 185.603, "eal_usd": 464008.0, "observed_flood_frac": null, "modeled_flood_frac": 0.02, "elev_m": 1366.5, "slope_deg": 3.4, "n_lakes": 3, "n_drains": 0, "low_income_score": 0.15, "equity_weight": 1.075}}, {"type": "Feature", "geometry": {"type": "Polygon", "coordinates": [[[85.4706, 27.64669], [85.4906, 27.64669], [85.4906, 27.66669], [85.4706, 27.66669], [85.4706, 27.64669]]]}, "properties": {"cell_id": "kat_0332", "flood_depth_m": {"rp10": 0.22, "rp100": 0.55}, "glof_depth_m": 0.0, "landslide_prob": 0.061, "population": 2960, "critical_assets": ["lake"], "eal_people": 79.868, "eal_usd": 199670.0, "observed_flood_frac": null, "modeled_flood_frac": 0.03, "elev_m": 1429.9, "slope_deg": 7.3, "n_lakes": 2, "n_drains": 0, "low_income_score": 0.15, "equity_weight": 1.075}}, {"type": "Feature", "geometry": {"type": "Polygon", "coordinates": [[[85.4906, 27.64669], [85.5106, 27.64669], [85.5106, 27.66669], [85.4906, 27.66669], [85.4906, 27.64669]]]}, "properties": {"cell_id": "kat_0333", "flood_depth_m": {"rp10": 0.06, "rp100": 0.14}, "glof_depth_m": 0.0, "landslide_prob": 0.081, "population": 837, "critical_assets": [], "eal_people": 12.237, "eal_usd": 30592.0, "observed_flood_frac": null, "modeled_flood_frac": 0.08, "elev_m": 1554.9, "slope_deg": 9.7, "n_lakes": 0, "n_drains": 0, "low_income_score": 0.15, "equity_weight": 1.075}}, {"type": "Feature", "geometry": {"type": "Polygon", "coordinates": [[[85.5106, 27.64669], [85.53059999999999, 27.64669], [85.53059999999999, 27.66669], [85.5106, 27.66669], [85.5106, 27.64669]]]}, "properties": {"cell_id": "kat_0334", "flood_depth_m": {"rp10": 0.04, "rp100": 0.11}, "glof_depth_m": 0.0, "landslide_prob": 0.088, "population": 966, "critical_assets": [], "eal_people": 12.669, "eal_usd": 31672.0, "observed_flood_frac": null, "modeled_flood_frac": 0.06, "elev_m": 1567.7, "slope_deg": 10.5, "n_lakes": 0, "n_drains": 0, "low_income_score": 0.15, "equity_weight": 1.075}}, {"type": "Feature", "geometry": {"type": "Polygon", "coordinates": [[[85.53059999999999, 27.64669], [85.5506, 27.64669], [85.5506, 27.66669], [85.53059999999999, 27.66669], [85.53059999999999, 27.64669]]]}, "properties": {"cell_id": "kat_0335", "flood_depth_m": {"rp10": 0.06, "rp100": 0.14}, "glof_depth_m": 0.0, "landslide_prob": 0.133, "population": 447, "critical_assets": [], "eal_people": 6.535, "eal_usd": 16338.0, "observed_flood_frac": null, "modeled_flood_frac": 0.08, "elev_m": 1627.7, "slope_deg": 16.0, "n_lakes": 0, "n_drains": 0, "low_income_score": 0.15, "equity_weight": 1.075}}, {"type": "Feature", "geometry": {"type": "Polygon", "coordinates": [[[85.0706, 27.62669], [85.0906, 27.62669], [85.0906, 27.64669], [85.0706, 27.64669], [85.0706, 27.62669]]]}, "properties": {"cell_id": "kat_0336", "flood_depth_m": {"rp10": 0.12, "rp100": 0.3}, "glof_depth_m": 0.0, "landslide_prob": 0.093, "population": 2124, "critical_assets": ["lake"], "eal_people": 57.311, "eal_usd": 143278.0, "observed_flood_frac": null, "modeled_flood_frac": 0.03, "elev_m": 1869.6, "slope_deg": 11.2, "n_lakes": 1, "n_drains": 0, "low_income_score": 0.15, "equity_weight": 1.075}}, {"type": "Feature", "geometry": {"type": "Polygon", "coordinates": [[[85.0906, 27.62669], [85.1106, 27.62669], [85.1106, 27.64669], [85.0906, 27.64669], [85.0906, 27.62669]]]}, "properties": {"cell_id": "kat_0337", "flood_depth_m": {"rp10": 0.02, "rp100": 0.05}, "glof_depth_m": 0.0, "landslide_prob": 0.085, "population": 1465, "critical_assets": ["school", "clinic"], "eal_people": 13.701, "eal_usd": 34252.0, "observed_flood_frac": null, "modeled_flood_frac": 0.01, "elev_m": 1793.5, "slope_deg": 10.2, "n_lakes": 0, "n_drains": 1, "low_income_score": 0.15, "equity_weight": 1.075}}, {"type": "Feature", "geometry": {"type": "Polygon", "coordinates": [[[85.1106, 27.62669], [85.1306, 27.62669], [85.1306, 27.64669], [85.1106, 27.64669], [85.1106, 27.62669]]]}, "properties": {"cell_id": "kat_0338", "flood_depth_m": {"rp10": 0.02, "rp100": 0.05}, "glof_depth_m": 0.0, "landslide_prob": 0.085, "population": 1803, "critical_assets": ["clinic"], "eal_people": 18.219, "eal_usd": 45548.0, "observed_flood_frac": null, "modeled_flood_frac": 0.02, "elev_m": 1713.5, "slope_deg": 10.2, "n_lakes": 0, "n_drains": 0, "low_income_score": 0.15, "equity_weight": 1.075}}, {"type": "Feature", "geometry": {"type": "Polygon", "coordinates": [[[85.1306, 27.62669], [85.1506, 27.62669], [85.1506, 27.64669], [85.1306, 27.64669], [85.1306, 27.62669]]]}, "properties": {"cell_id": "kat_0339", "flood_depth_m": {"rp10": 0.02, "rp100": 0.05}, "glof_depth_m": 0.0, "landslide_prob": 0.062, "population": 1333, "critical_assets": [], "eal_people": 13.47, "eal_usd": 33675.0, "observed_flood_frac": null, "modeled_flood_frac": 0.02, "elev_m": 1668.0, "slope_deg": 7.4, "n_lakes": 0, "n_drains": 1, "low_income_score": 0.15, "equity_weight": 1.075}}, {"type": "Feature", "geometry": {"type": "Polygon", "coordinates": [[[85.1506, 27.62669], [85.1706, 27.62669], [85.1706, 27.64669], [85.1506, 27.64669], [85.1506, 27.62669]]]}, "properties": {"cell_id": "kat_0340", "flood_depth_m": {"rp10": 0.05, "rp100": 0.13}, "glof_depth_m": 0.0, "landslide_prob": 0.064, "population": 912, "critical_assets": [], "eal_people": 12.647, "eal_usd": 31618.0, "observed_flood_frac": null, "modeled_flood_frac": 0.07, "elev_m": 1720.7, "slope_deg": 7.6, "n_lakes": 0, "n_drains": 0, "low_income_score": 0.15, "equity_weight": 1.075}}, {"type": "Feature", "geometry": {"type": "Polygon", "coordinates": [[[85.1706, 27.62669], [85.1906, 27.62669], [85.1906, 27.64669], [85.1706, 27.64669], [85.1706, 27.62669]]]}, "properties": {"cell_id": "kat_0341", "flood_depth_m": {"rp10": 0.02, "rp100": 0.05}, "glof_depth_m": 0.0, "landslide_prob": 0.125, "population": 477, "critical_assets": [], "eal_people": 5.179, "eal_usd": 12948.0, "observed_flood_frac": null, "modeled_flood_frac": 0.03, "elev_m": 1927.3, "slope_deg": 15.0, "n_lakes": 0, "n_drains": 0, "low_income_score": 0.15, "equity_weight": 1.075}}, {"type": "Feature", "geometry": {"type": "Polygon", "coordinates": [[[85.1906, 27.62669], [85.2106, 27.62669], [85.2106, 27.64669], [85.1906, 27.64669], [85.1906, 27.62669]]]}, "properties": {"cell_id": "kat_0342", "flood_depth_m": {"rp10": 0.05, "rp100": 0.13}, "glof_depth_m": 0.0, "landslide_prob": 0.139, "population": 422, "critical_assets": [], "eal_people": 5.852, "eal_usd": 14630.0, "observed_flood_frac": null, "modeled_flood_frac": 0.07, "elev_m": 2038.1, "slope_deg": 16.7, "n_lakes": 0, "n_drains": 0, "low_income_score": 0.15, "equity_weight": 1.075}}, {"type": "Feature", "geometry": {"type": "Polygon", "coordinates": [[[85.2106, 27.62669], [85.2306, 27.62669], [85.2306, 27.64669], [85.2106, 27.64669], [85.2106, 27.62669]]]}, "properties": {"cell_id": "kat_0343", "flood_depth_m": {"rp10": 0.08, "rp100": 0.2}, "glof_depth_m": 0.0, "landslide_prob": 0.178, "population": 410, "critical_assets": [], "eal_people": 6.92, "eal_usd": 17300.0, "observed_flood_frac": null, "modeled_flood_frac": 0.11, "elev_m": 2222.5, "slope_deg": 21.4, "n_lakes": 0, "n_drains": 0, "low_income_score": 0.15, "equity_weight": 1.075}}, {"type": "Feature", "geometry": {"type": "Polygon", "coordinates": [[[85.2306, 27.62669], [85.2506, 27.62669], [85.2506, 27.64669], [85.2306, 27.64669], [85.2306, 27.62669]]]}, "properties": {"cell_id": "kat_0344", "flood_depth_m": {"rp10": 0.02, "rp100": 0.05}, "glof_depth_m": 0.0, "landslide_prob": 0.161, "population": 1730, "critical_assets": [], "eal_people": 17.482, "eal_usd": 43705.0, "observed_flood_frac": null, "modeled_flood_frac": 0.02, "elev_m": 2013.1, "slope_deg": 19.3, "n_lakes": 0, "n_drains": 0, "low_income_score": 0.15, "equity_weight": 1.075}}, {"type": "Feature", "geometry": {"type": "Polygon", "coordinates": [[[85.2506, 27.62669], [85.2706, 27.62669], [85.2706, 27.64669], [85.2506, 27.64669], [85.2506, 27.62669]]]}, "properties": {"cell_id": "kat_0345", "flood_depth_m": {"rp10": 0.06, "rp100": 0.16}, "glof_depth_m": 0.0, "landslide_prob": 0.163, "population": 5873, "critical_assets": [], "eal_people": 100.781, "eal_usd": 251953.0, "observed_flood_frac": null, "modeled_flood_frac": 0.09, "elev_m": 1809.4, "slope_deg": 19.5, "n_lakes": 0, "n_drains": 0, "low_income_score": 0.4, "equity_weight": 1.2}}, {"type": "Feature", "geometry": {"type": "Polygon", "coordinates": [[[85.2706, 27.62669], [85.2906, 27.62669], [85.2906, 27.64669], [85.2706, 27.64669], [85.2706, 27.62669]]]}, "properties": {"cell_id": "kat_0346", "flood_depth_m": {"rp10": 0.12, "rp100": 0.3}, "glof_depth_m": 0.0, "landslide_prob": 0.116, "population": 15096, "critical_assets": ["lake"], "eal_people": 454.692, "eal_usd": 1136730.0, "observed_flood_frac": null, "modeled_flood_frac": 0.03, "elev_m": 1414.6, "slope_deg": 14.0, "n_lakes": 1, "n_drains": 0, "low_income_score": 0.4, "equity_weight": 1.2}}, {"type": "Feature", "geometry": {"type": "Polygon", "coordinates": [[[85.2906, 27.62669], [85.3106, 27.62669], [85.3106, 27.64669], [85.2906, 27.64669], [85.2906, 27.62669]]]}, "properties": {"cell_id": "kat_0347", "flood_depth_m": {"rp10": 0.44, "rp100": 1.09}, "glof_depth_m": 0.0, "landslide_prob": 0.036, "population": 13463, "critical_assets": ["lake"], "eal_people": 428.123, "eal_usd": 1070308.0, "observed_flood_frac": null, "modeled_flood_frac": 0.05, "elev_m": 1315.6, "slope_deg": 4.3, "n_lakes": 7, "n_drains": 1, "low_income_score": 0.4, "equity_weight": 1.2}}, {"type": "Feature", "geometry": {"type": "Polygon", "coordinates": [[[85.3106, 27.62669], [85.3306, 27.62669], [85.3306, 27.64669], [85.3106, 27.64669], [85.3106, 27.62669]]]}, "properties": {"cell_id": "kat_0348", "flood_depth_m": {"rp10": 0.22, "rp100": 0.54}, "glof_depth_m": 0.0, "landslide_prob": 0.026, "population": 20764, "critical_assets": ["lake", "clinic"], "eal_people": 544.64, "eal_usd": 1361600.0, "observed_flood_frac": null, "modeled_flood_frac": 0.02, "elev_m": 1357.5, "slope_deg": 3.2, "n_lakes": 2, "n_drains": 0, "low_income_score": 0.15, "equity_weight": 1.075}}, {"type": "Feature", "geometry": {"type": "Polygon", "coordinates": [[[85.3306, 27.62669], [85.3506, 27.62669], [85.3506, 27.64669], [85.3306, 27.64669], [85.3306, 27.62669]]]}, "properties": {"cell_id": "kat_0349", "flood_depth_m": {"rp10": 0.45, "rp100": 1.13}, "glof_depth_m": 0.0, "landslide_prob": 0.017, "population": 19748, "critical_assets": ["lake"], "eal_people": 661.163, "eal_usd": 1652908.0, "observed_flood_frac": null, "modeled_flood_frac": 0.07, "elev_m": 1337.1, "slope_deg": 2.1, "n_lakes": 6, "n_drains": 3, "low_income_score": 0.4, "equity_weight": 1.2}}, {"type": "Feature", "geometry": {"type": "Polygon", "coordinates": [[[85.3506, 27.62669], [85.3706, 27.62669], [85.3706, 27.64669], [85.3506, 27.64669], [85.3506, 27.62669]]]}, "properties": {"cell_id": "kat_0350", "flood_depth_m": {"rp10": 0.13, "rp100": 0.32}, "glof_depth_m": 0.0, "landslide_prob": 0.026, "population": 11993, "critical_assets": ["lake", "school"], "eal_people": 371.303, "eal_usd": 928258.0, "observed_flood_frac": null, "modeled_flood_frac": 0.04, "elev_m": 1338.6, "slope_deg": 3.1, "n_lakes": 1, "n_drains": 0, "low_income_score": 0.4, "equity_weight": 1.2}}, {"type": "Feature", "geometry": {"type": "Polygon", "coordinates": [[[85.3706, 27.62669], [85.39059999999999, 27.62669], [85.39059999999999, 27.64669], [85.3706, 27.64669], [85.3706, 27.62669]]]}, "properties": {"cell_id": "kat_0351", "flood_depth_m": {"rp10": 0.12, "rp100": 0.29}, "glof_depth_m": 0.0, "landslide_prob": 0.047, "population": 9496, "critical_assets": ["lake", "clinic", "clinic", "clinic"], "eal_people": 249.08, "eal_usd": 622700.0, "observed_flood_frac": null, "modeled_flood_frac": 0.02, "elev_m": 1378.0, "slope_deg": 5.6, "n_lakes": 1, "n_drains": 0, "low_income_score": 0.15, "equity_weight": 1.075}}, {"type": "Feature", "geometry": {"type": "Polygon", "coordinates": [[[85.39059999999999, 27.62669], [85.4106, 27.62669], [85.4106, 27.64669], [85.39059999999999, 27.64669], [85.39059999999999, 27.62669]]]}, "properties": {"cell_id": "kat_0352", "flood_depth_m": {"rp10": 0.14, "rp100": 0.36}, "glof_depth_m": 0.0, "landslide_prob": 0.09, "population": 6337, "critical_assets": ["lake", "school"], "eal_people": 206.84, "eal_usd": 517100.0, "observed_flood_frac": null, "modeled_flood_frac": 0.06, "elev_m": 1487.4, "slope_deg": 10.8, "n_lakes": 1, "n_drains": 0, "low_income_score": 0.4, "equity_weight": 1.2}}, {"type": "Feature", "geometry": {"type": "Polygon", "coordinates": [[[85.4106, 27.62669], [85.4306, 27.62669], [85.4306, 27.64669], [85.4106, 27.64669], [85.4106, 27.62669]]]}, "properties": {"cell_id": "kat_0353", "flood_depth_m": {"rp10": 0.04, "rp100": 0.09}, "glof_depth_m": 0.0, "landslide_prob": 0.115, "population": 2414, "critical_assets": [], "eal_people": 29.843, "eal_usd": 74608.0, "observed_flood_frac": null, "modeled_flood_frac": 0.05, "elev_m": 1559.8, "slope_deg": 13.8, "n_lakes": 0, "n_drains": 0, "low_income_score": 0.15, "equity_weight": 1.075}}, {"type": "Feature", "geometry": {"type": "Polygon", "coordinates": [[[85.4306, 27.62669], [85.4506, 27.62669], [85.4506, 27.64669], [85.4306, 27.64669], [85.4306, 27.62669]]]}, "properties": {"cell_id": "kat_0354", "flood_depth_m": {"rp10": 0.06, "rp100": 0.16}, "glof_depth_m": 0.0, "landslide_prob": 0.138, "population": 1656, "critical_assets": [], "eal_people": 25.457, "eal_usd": 63642.0, "observed_flood_frac": null, "modeled_flood_frac": 0.09, "elev_m": 1666.0, "slope_deg": 16.6, "n_lakes": 0, "n_drains": 0, "low_income_score": 0.15, "equity_weight": 1.075}}, {"type": "Feature", "geometry": {"type": "Polygon", "coordinates": [[[85.4506, 27.62669], [85.4706, 27.62669], [85.4706, 27.64669], [85.4506, 27.64669], [85.4506, 27.62669]]]}, "properties": {"cell_id": "kat_0355", "flood_depth_m": {"rp10": 0.12, "rp100": 0.3}, "glof_depth_m": 0.0, "landslide_prob": 0.112, "population": 1898, "critical_assets": ["lake"], "eal_people": 51.213, "eal_usd": 128032.0, "observed_flood_frac": null, "modeled_flood_frac": 0.03, "elev_m": 1661.4, "slope_deg": 13.4, "n_lakes": 1, "n_drains": 0, "low_income_score": 0.15, "equity_weight": 1.075}}, {"type": "Feature", "geometry": {"type": "Polygon", "coordinates": [[[85.4706, 27.62669], [85.4906, 27.62669], [85.4906, 27.64669], [85.4706, 27.64669], [85.4706, 27.62669]]]}, "properties": {"cell_id": "kat_0356", "flood_depth_m": {"rp10": 0.03, "rp100": 0.07}, "glof_depth_m": 0.0, "landslide_prob": 0.073, "population": 1906, "critical_assets": ["school"], "eal_people": 22.129, "eal_usd": 55322.0, "observed_flood_frac": null, "modeled_flood_frac": 0.04, "elev_m": 1575.5, "slope_deg": 8.7, "n_lakes": 0, "n_drains": 0, "low_income_score": 0.15, "equity_weight": 1.075}}, {"type": "Feature", "geometry": {"type": "Polygon", "coordinates": [[[85.4906, 27.62669], [85.5106, 27.62669], [85.5106, 27.64669], [85.4906, 27.64669], [85.4906, 27.62669]]]}, "properties": {"cell_id": "kat_0357", "flood_depth_m": {"rp10": 0.03, "rp100": 0.07}, "glof_depth_m": 0.0, "landslide_prob": 0.069, "population": 1940, "critical_assets": [], "eal_people": 22.523, "eal_usd": 56308.0, "observed_flood_frac": null, "modeled_flood_frac": 0.04, "elev_m": 1525.8, "slope_deg": 8.2, "n_lakes": 0, "n_drains": 0, "low_income_score": 0.15, "equity_weight": 1.075}}, {"type": "Feature", "geometry": {"type": "Polygon", "coordinates": [[[85.5106, 27.62669], [85.53059999999999, 27.62669], [85.53059999999999, 27.64669], [85.5106, 27.64669], [85.5106, 27.62669]]]}, "properties": {"cell_id": "kat_0358", "flood_depth_m": {"rp10": 0.31, "rp100": 0.77}, "glof_depth_m": 0.0, "landslide_prob": 0.051, "population": 6083, "critical_assets": ["lake", "school", "school", "clinic"], "eal_people": 154.98, "eal_usd": 387450.0, "observed_flood_frac": null, "modeled_flood_frac": 0.01, "elev_m": 1504.5, "slope_deg": 6.1, "n_lakes": 3, "n_drains": 0, "low_income_score": 0.15, "equity_weight": 1.075}}, {"type": "Feature", "geometry": {"type": "Polygon", "coordinates": [[[85.53059999999999, 27.62669], [85.5506, 27.62669], [85.5506, 27.64669], [85.53059999999999, 27.64669], [85.53059999999999, 27.62669]]]}, "properties": {"cell_id": "kat_0359", "flood_depth_m": {"rp10": 0.14, "rp100": 0.36}, "glof_depth_m": 0.0, "landslide_prob": 0.119, "population": 1736, "critical_assets": ["lake", "school", "clinic"], "eal_people": 50.761, "eal_usd": 126902.0, "observed_flood_frac": null, "modeled_flood_frac": 0.06, "elev_m": 1538.5, "slope_deg": 14.2, "n_lakes": 1, "n_drains": 0, "low_income_score": 0.15, "equity_weight": 1.075}}, {"type": "Feature", "geometry": {"type": "Polygon", "coordinates": [[[85.0706, 27.60669], [85.0906, 27.60669], [85.0906, 27.62669], [85.0706, 27.62669], [85.0706, 27.60669]]]}, "properties": {"cell_id": "kat_0360", "flood_depth_m": {"rp10": 0.02, "rp100": 0.05}, "glof_depth_m": 0.0, "landslide_prob": 0.102, "population": 1142, "critical_assets": [], "eal_people": 10.681, "eal_usd": 26702.0, "observed_flood_frac": null, "modeled_flood_frac": 0.01, "elev_m": 2001.4, "slope_deg": 12.3, "n_lakes": 0, "n_drains": 0, "low_income_score": 0.15, "equity_weight": 1.075}}, {"type": "Feature", "geometry": {"type": "Polygon", "coordinates": [[[85.0906, 27.60669], [85.1106, 27.60669], [85.1106, 27.62669], [85.0906, 27.62669], [85.0906, 27.60669]]]}, "properties": {"cell_id": "kat_0361", "flood_depth_m": {"rp10": 0.05, "rp100": 0.13}, "glof_depth_m": 0.0, "landslide_prob": 0.104, "population": 822, "critical_assets": [], "eal_people": 11.399, "eal_usd": 28497.0, "observed_flood_frac": null, "modeled_flood_frac": 0.07, "elev_m": 2082.7, "slope_deg": 12.5, "n_lakes": 0, "n_drains": 0, "low_income_score": 0.15, "equity_weight": 1.075}}, {"type": "Feature", "geometry": {"type": "Polygon", "coordinates": [[[85.1106, 27.60669], [85.1306, 27.60669], [85.1306, 27.62669], [85.1106, 27.62669], [85.1106, 27.60669]]]}, "properties": {"cell_id": "kat_0362", "flood_depth_m": {"rp10": 0.04, "rp100": 0.09}, "glof_depth_m": 0.0, "landslide_prob": 0.089, "population": 712, "critical_assets": ["school"], "eal_people": 8.802, "eal_usd": 22005.0, "observed_flood_frac": null, "modeled_flood_frac": 0.05, "elev_m": 1984.2, "slope_deg": 10.7, "n_lakes": 0, "n_drains": 0, "low_income_score": 0.15, "equity_weight": 1.075}}, {"type": "Feature", "geometry": {"type": "Polygon", "coordinates": [[[85.1306, 27.60669], [85.1506, 27.60669], [85.1506, 27.62669], [85.1306, 27.62669], [85.1306, 27.60669]]]}, "properties": {"cell_id": "kat_0363", "flood_depth_m": {"rp10": 0.03, "rp100": 0.07}, "glof_depth_m": 0.0, "landslide_prob": 0.125, "population": 670, "critical_assets": [], "eal_people": 7.779, "eal_usd": 19448.0, "observed_flood_frac": null, "modeled_flood_frac": 0.04, "elev_m": 1726.0, "slope_deg": 15.0, "n_lakes": 0, "n_drains": 0, "low_income_score": 0.15, "equity_weight": 1.075}}, {"type": "Feature", "geometry": {"type": "Polygon", "coordinates": [[[85.1506, 27.60669], [85.1706, 27.60669], [85.1706, 27.62669], [85.1506, 27.62669], [85.1506, 27.60669]]]}, "properties": {"cell_id": "kat_0364", "flood_depth_m": {"rp10": 0.12, "rp100": 0.29}, "glof_depth_m": 0.0, "landslide_prob": 0.079, "population": 755, "critical_assets": ["lake", "school"], "eal_people": 19.804, "eal_usd": 49510.0, "observed_flood_frac": null, "modeled_flood_frac": 0.02, "elev_m": 1682.4, "slope_deg": 9.4, "n_lakes": 1, "n_drains": 0, "low_income_score": 0.15, "equity_weight": 1.075}}, {"type": "Feature", "geometry": {"type": "Polygon", "coordinates": [[[85.1706, 27.60669], [85.1906, 27.60669], [85.1906, 27.62669], [85.1706, 27.62669], [85.1706, 27.60669]]]}, "properties": {"cell_id": "kat_0365", "flood_depth_m": {"rp10": 0.09, "rp100": 0.23}, "glof_depth_m": 0.0, "landslide_prob": 0.105, "population": 627, "critical_assets": [], "eal_people": 11.526, "eal_usd": 28815.0, "observed_flood_frac": null, "modeled_flood_frac": 0.13, "elev_m": 1915.5, "slope_deg": 12.6, "n_lakes": 0, "n_drains": 0, "low_income_score": 0.15, "equity_weight": 1.075}}, {"type": "Feature", "geometry": {"type": "Polygon", "coordinates": [[[85.1906, 27.60669], [85.2106, 27.60669], [85.2106, 27.62669], [85.1906, 27.62669], [85.1906, 27.60669]]]}, "properties": {"cell_id": "kat_0366", "flood_depth_m": {"rp10": 0.02, "rp100": 0.05}, "glof_depth_m": 0.0, "landslide_prob": 0.108, "population": 682, "critical_assets": [], "eal_people": 6.892, "eal_usd": 17230.0, "observed_flood_frac": null, "modeled_flood_frac": 0.02, "elev_m": 1847.7, "slope_deg": 12.9, "n_lakes": 0, "n_drains": 0, "low_income_score": 0.15, "equity_weight": 1.075}}, {"type": "Feature", "geometry": {"type": "Polygon", "coordinates": [[[85.2106, 27.60669], [85.2306, 27.60669], [85.2306, 27.62669], [85.2106, 27.62669], [85.2106, 27.60669]]]}, "properties": {"cell_id": "kat_0367", "flood_depth_m": {"rp10": 0.02, "rp100": 0.05}, "glof_depth_m": 0.0, "landslide_prob": 0.133, "population": 496, "critical_assets": [], "eal_people": 5.012, "eal_usd": 12530.0, "observed_flood_frac": null, "modeled_flood_frac": 0.02, "elev_m": 2037.5, "slope_deg": 16.0, "n_lakes": 0, "n_drains": 0, "low_income_score": 0.15, "equity_weight": 1.075}}, {"type": "Feature", "geometry": {"type": "Polygon", "coordinates": [[[85.2306, 27.60669], [85.2506, 27.60669], [85.2506, 27.62669], [85.2306, 27.62669], [85.2306, 27.60669]]]}, "properties": {"cell_id": "kat_0368", "flood_depth_m": {"rp10": 0.06, "rp100": 0.14}, "glof_depth_m": 0.0, "landslide_prob": 0.154, "population": 2390, "critical_assets": [], "eal_people": 34.942, "eal_usd": 87355.0, "observed_flood_frac": null, "modeled_flood_frac": 0.08, "elev_m": 1930.0, "slope_deg": 18.5, "n_lakes": 0, "n_drains": 0, "low_income_score": 0.15, "equity_weight": 1.075}}, {"type": "Feature", "geometry": {"type": "Polygon", "coordinates": [[[85.2506, 27.60669], [85.2706, 27.60669], [85.2706, 27.62669], [85.2506, 27.62669], [85.2506, 27.60669]]]}, "properties": {"cell_id": "kat_0369", "flood_depth_m": {"rp10": 0.04, "rp100": 0.09}, "glof_depth_m": 0.0, "landslide_prob": 0.087, "population": 15935, "critical_assets": ["clinic"], "eal_people": 196.996, "eal_usd": 492490.0, "observed_flood_frac": null, "modeled_flood_frac": 0.05, "elev_m": 1603.3, "slope_deg": 10.5, "n_lakes": 0, "n_drains": 0, "low_income_score": 0.15, "equity_weight": 1.075}}, {"type": "Feature", "geometry": {"type": "Polygon", "coordinates": [[[85.2706, 27.60669], [85.2906, 27.60669], [85.2906, 27.62669], [85.2706, 27.62669], [85.2706, 27.60669]]]}, "properties": {"cell_id": "kat_0370", "flood_depth_m": {"rp10": 0.14, "rp100": 0.34}, "glof_depth_m": 0.0, "landslide_prob": 0.098, "population": 24576, "critical_assets": ["lake"], "eal_people": 781.517, "eal_usd": 1953793.0, "observed_flood_frac": null, "modeled_flood_frac": 0.05, "elev_m": 1451.1, "slope_deg": 11.7, "n_lakes": 1, "n_drains": 0, "low_income_score": 0.4, "equity_weight": 1.2}}, {"type": "Feature", "geometry": {"type": "Polygon", "coordinates": [[[85.2906, 27.60669], [85.3106, 27.60669], [85.3106, 27.62669], [85.2906, 27.62669], [85.2906, 27.60669]]]}, "properties": {"cell_id": "kat_0371", "flood_depth_m": {"rp10": 0.24, "rp100": 0.61}, "glof_depth_m": 0.0, "landslide_prob": 0.046, "population": 12767, "critical_assets": ["lake"], "eal_people": 416.715, "eal_usd": 1041787.0, "observed_flood_frac": null, "modeled_flood_frac": 0.06, "elev_m": 1325.6, "slope_deg": 5.5, "n_lakes": 2, "n_drains": 0, "low_income_score": 0.4, "equity_weight": 1.2}}, {"type": "Feature", "geometry": {"type": "Polygon", "coordinates": [[[85.3106, 27.60669], [85.3306, 27.60669], [85.3306, 27.62669], [85.3106, 27.62669], [85.3106, 27.60669]]]}, "properties": {"cell_id": "kat_0372", "flood_depth_m": {"rp10": 0.39, "rp100": 0.97}, "glof_depth_m": 0.0, "landslide_prob": 0.031, "population": 14122, "critical_assets": ["lake", "clinic", "clinic"], "eal_people": 476.688, "eal_usd": 1191720.0, "observed_flood_frac": null, "modeled_flood_frac": 0.12, "elev_m": 1415.6, "slope_deg": 3.8, "n_lakes": 3, "n_drains": 0, "low_income_score": 0.15, "equity_weight": 1.075}}, {"type": "Feature", "geometry": {"type": "Polygon", "coordinates": [[[85.3306, 27.60669], [85.3506, 27.60669], [85.3506, 27.62669], [85.3306, 27.62669], [85.3306, 27.60669]]]}, "properties": {"cell_id": "kat_0373", "flood_depth_m": {"rp10": 0.44, "rp100": 1.11}, "glof_depth_m": 0.0, "landslide_prob": 0.036, "population": 9292, "critical_assets": ["lake", "school"], "eal_people": 303.291, "eal_usd": 758228.0, "observed_flood_frac": null, "modeled_flood_frac": 0.06, "elev_m": 1395.6, "slope_deg": 4.3, "n_lakes": 4, "n_drains": 1, "low_income_score": 0.4, "equity_weight": 1.2}}, {"type": "Feature", "geometry": {"type": "Polygon", "coordinates": [[[85.3506, 27.60669], [85.3706, 27.60669], [85.3706, 27.62669], [85.3506, 27.62669], [85.3506, 27.60669]]]}, "properties": {"cell_id": "kat_0374", "flood_depth_m": {"rp10": 0.44, "rp100": 1.09}, "glof_depth_m": 0.0, "landslide_prob": 0.049, "population": 10289, "critical_assets": ["lake", "school"], "eal_people": 327.19, "eal_usd": 817975.0, "observed_flood_frac": null, "modeled_flood_frac": 0.05, "elev_m": 1417.0, "slope_deg": 5.9, "n_lakes": 5, "n_drains": 1, "low_income_score": 0.4, "equity_weight": 1.2}}, {"type": "Feature", "geometry": {"type": "Polygon", "coordinates": [[[85.3706, 27.60669], [85.39059999999999, 27.60669], [85.39059999999999, 27.62669], [85.3706, 27.62669], [85.3706, 27.60669]]]}, "properties": {"cell_id": "kat_0375", "flood_depth_m": {"rp10": 0.05, "rp100": 0.13}, "glof_depth_m": 0.0, "landslide_prob": 0.114, "population": 5256, "critical_assets": [], "eal_people": 81.363, "eal_usd": 203408.0, "observed_flood_frac": null, "modeled_flood_frac": 0.07, "elev_m": 1566.3, "slope_deg": 13.7, "n_lakes": 0, "n_drains": 0, "low_income_score": 0.4, "equity_weight": 1.2}}, {"type": "Feature", "geometry": {"type": "Polygon", "coordinates": [[[85.39059999999999, 27.60669], [85.4106, 27.60669], [85.4106, 27.62669], [85.39059999999999, 27.62669], [85.39059999999999, 27.60669]]]}, "properties": {"cell_id": "kat_0376", "flood_depth_m": {"rp10": 0.03, "rp100": 0.07}, "glof_depth_m": 0.0, "landslide_prob": 0.146, "population": 3059, "critical_assets": ["school"], "eal_people": 35.515, "eal_usd": 88788.0, "observed_flood_frac": null, "modeled_flood_frac": 0.04, "elev_m": 1764.8, "slope_deg": 17.5, "n_lakes": 0, "n_drains": 0, "low_income_score": 0.15, "equity_weight": 1.075}}, {"type": "Feature", "geometry": {"type": "Polygon", "coordinates": [[[85.4106, 27.60669], [85.4306, 27.60669], [85.4306, 27.62669], [85.4106, 27.62669], [85.4106, 27.60669]]]}, "properties": {"cell_id": "kat_0377", "flood_depth_m": {"rp10": 0.06, "rp100": 0.16}, "glof_depth_m": 0.0, "landslide_prob": 0.109, "population": 584, "critical_assets": [], "eal_people": 8.978, "eal_usd": 22445.0, "observed_flood_frac": null, "modeled_flood_frac": 0.09, "elev_m": 1884.0, "slope_deg": 13.1, "n_lakes": 0, "n_drains": 0, "low_income_score": 0.15, "equity_weight": 1.075}}, {"type": "Feature", "geometry": {"type": "Polygon", "coordinates": [[[85.4306, 27.60669], [85.4506, 27.60669], [85.4506, 27.62669], [85.4306, 27.62669], [85.4306, 27.60669]]]}, "properties": {"cell_id": "kat_0378", "flood_depth_m": {"rp10": 0.07, "rp100": 0.18}, "glof_depth_m": 0.0, "landslide_prob": 0.114, "population": 233, "critical_assets": [], "eal_people": 3.757, "eal_usd": 9392.0, "observed_flood_frac": null, "modeled_flood_frac": 0.1, "elev_m": 1849.6, "slope_deg": 13.7, "n_lakes": 0, "n_drains": 0, "low_income_score": 0.15, "equity_weight": 1.075}}, {"type": "Feature", "geometry": {"type": "Polygon", "coordinates": [[[85.4506, 27.60669], [85.4706, 27.60669], [85.4706, 27.62669], [85.4506, 27.62669], [85.4506, 27.60669]]]}, "properties": {"cell_id": "kat_0379", "flood_depth_m": {"rp10": 0.02, "rp100": 0.05}, "glof_depth_m": 0.0, "landslide_prob": 0.097, "population": 283, "critical_assets": [], "eal_people": 3.073, "eal_usd": 7682.0, "observed_flood_frac": null, "modeled_flood_frac": 0.03, "elev_m": 1742.9, "slope_deg": 11.6, "n_lakes": 0, "n_drains": 0, "low_income_score": 0.15, "equity_weight": 1.075}}, {"type": "Feature", "geometry": {"type": "Polygon", "coordinates": [[[85.4706, 27.60669], [85.4906, 27.60669], [85.4906, 27.62669], [85.4706, 27.62669], [85.4706, 27.60669]]]}, "properties": {"cell_id": "kat_0380", "flood_depth_m": {"rp10": 0.06, "rp100": 0.16}, "glof_depth_m": 0.0, "landslide_prob": 0.087, "population": 477, "critical_assets": [], "eal_people": 7.333, "eal_usd": 18332.0, "observed_flood_frac": null, "modeled_flood_frac": 0.09, "elev_m": 1704.8, "slope_deg": 10.4, "n_lakes": 0, "n_drains": 0, "low_income_score": 0.15, "equity_weight": 1.075}}, {"type": "Feature", "geometry": {"type": "Polygon", "coordinates": [[[85.4906, 27.60669], [85.5106, 27.60669], [85.5106, 27.62669], [85.4906, 27.62669], [85.4906, 27.60669]]]}, "properties": {"cell_id": "kat_0381", "flood_depth_m": {"rp10": 0.04, "rp100": 0.09}, "glof_depth_m": 0.0, "landslide_prob": 0.093, "population": 905, "critical_assets": [], "eal_people": 11.188, "eal_usd": 27970.0, "observed_flood_frac": null, "modeled_flood_frac": 0.05, "elev_m": 1660.6, "slope_deg": 11.2, "n_lakes": 0, "n_drains": 0, "low_income_score": 0.15, "equity_weight": 1.075}}, {"type": "Feature", "geometry": {"type": "Polygon", "coordinates": [[[85.5106, 27.60669], [85.53059999999999, 27.60669], [85.53059999999999, 27.62669], [85.5106, 27.62669], [85.5106, 27.60669]]]}, "properties": {"cell_id": "kat_0382", "flood_depth_m": {"rp10": 0.14, "rp100": 0.36}, "glof_depth_m": 0.0, "landslide_prob": 0.079, "population": 2126, "critical_assets": ["lake"], "eal_people": 62.164, "eal_usd": 155410.0, "observed_flood_frac": null, "modeled_flood_frac": 0.06, "elev_m": 1559.0, "slope_deg": 9.4, "n_lakes": 1, "n_drains": 0, "low_income_score": 0.15, "equity_weight": 1.075}}, {"type": "Feature", "geometry": {"type": "Polygon", "coordinates": [[[85.53059999999999, 27.60669], [85.5506, 27.60669], [85.5506, 27.62669], [85.53059999999999, 27.62669], [85.53059999999999, 27.60669]]]}, "properties": {"cell_id": "kat_0383", "flood_depth_m": {"rp10": 0.4, "rp100": 1.0}, "glof_depth_m": 0.0, "landslide_prob": 0.033, "population": 3255, "critical_assets": ["lake", "school", "school", "school"], "eal_people": 80.48, "eal_usd": 201200.0, "observed_flood_frac": null, "modeled_flood_frac": 0.0, "elev_m": 1485.5, "slope_deg": 4.0, "n_lakes": 13, "n_drains": 0, "low_income_score": 0.15, "equity_weight": 1.075}}, {"type": "Feature", "geometry": {"type": "Polygon", "coordinates": [[[85.0706, 27.58669], [85.0906, 27.58669], [85.0906, 27.60669], [85.0706, 27.60669], [85.0706, 27.58669]]]}, "properties": {"cell_id": "kat_0384", "flood_depth_m": {"rp10": 0.06, "rp100": 0.16}, "glof_depth_m": 0.0, "landslide_prob": 0.132, "population": 408, "critical_assets": [], "eal_people": 6.272, "eal_usd": 15680.0, "observed_flood_frac": null, "modeled_flood_frac": 0.09, "elev_m": 2347.4, "slope_deg": 15.9, "n_lakes": 0, "n_drains": 0, "low_income_score": 0.15, "equity_weight": 1.075}}, {"type": "Feature", "geometry": {"type": "Polygon", "coordinates": [[[85.0906, 27.58669], [85.1106, 27.58669], [85.1106, 27.60669], [85.0906, 27.60669], [85.0906, 27.58669]]]}, "properties": {"cell_id": "kat_0385", "flood_depth_m": {"rp10": 0.05, "rp100": 0.13}, "glof_depth_m": 0.0, "landslide_prob": 0.087, "population": 510, "critical_assets": [], "eal_people": 7.072, "eal_usd": 17680.0, "observed_flood_frac": null, "modeled_flood_frac": 0.07, "elev_m": 2287.2, "slope_deg": 10.4, "n_lakes": 0, "n_drains": 0, "low_income_score": 0.15, "equity_weight": 1.075}}, {"type": "Feature", "geometry": {"type": "Polygon", "coordinates": [[[85.1106, 27.58669], [85.1306, 27.58669], [85.1306, 27.60669], [85.1106, 27.60669], [85.1106, 27.58669]]]}, "properties": {"cell_id": "kat_0386", "flood_depth_m": {"rp10": 0.02, "rp100": 0.05}, "glof_depth_m": 0.0, "landslide_prob": 0.107, "population": 412, "critical_assets": [], "eal_people": 4.473, "eal_usd": 11182.0, "observed_flood_frac": null, "modeled_flood_frac": 0.03, "elev_m": 2129.3, "slope_deg": 12.9, "n_lakes": 0, "n_drains": 0, "low_income_score": 0.15, "equity_weight": 1.075}}, {"type": "Feature", "geometry": {"type": "Polygon", "coordinates": [[[85.1306, 27.58669], [85.1506, 27.58669], [85.1506, 27.60669], [85.1306, 27.60669], [85.1306, 27.58669]]]}, "properties": {"cell_id": "kat_0387", "flood_depth_m": {"rp10": 0.04, "rp100": 0.11}, "glof_depth_m": 0.0, "landslide_prob": 0.149, "population": 528, "critical_assets": [], "eal_people": 6.925, "eal_usd": 17312.0, "observed_flood_frac": null, "modeled_flood_frac": 0.06, "elev_m": 1891.1, "slope_deg": 17.8, "n_lakes": 0, "n_drains": 0, "low_income_score": 0.15, "equity_weight": 1.075}}, {"type": "Feature", "geometry": {"type": "Polygon", "coordinates": [[[85.1506, 27.58669], [85.1706, 27.58669], [85.1706, 27.60669], [85.1506, 27.60669], [85.1506, 27.58669]]]}, "properties": {"cell_id": "kat_0388", "flood_depth_m": {"rp10": 0.11, "rp100": 0.27}, "glof_depth_m": 0.0, "landslide_prob": 0.121, "population": 853, "critical_assets": ["lake"], "eal_people": 21.732, "eal_usd": 54330.0, "observed_flood_frac": null, "modeled_flood_frac": 0.01, "elev_m": 1621.2, "slope_deg": 14.5, "n_lakes": 1, "n_drains": 0, "low_income_score": 0.15, "equity_weight": 1.075}}, {"type": "Feature", "geometry": {"type": "Polygon", "coordinates": [[[85.1706, 27.58669], [85.1906, 27.58669], [85.1906, 27.60669], [85.1706, 27.60669], [85.1706, 27.58669]]]}, "properties": {"cell_id": "kat_0389", "flood_depth_m": {"rp10": 0.06, "rp100": 0.16}, "glof_depth_m": 0.0, "landslide_prob": 0.17, "population": 726, "critical_assets": [], "eal_people": 11.16, "eal_usd": 27900.0, "observed_flood_frac": null, "modeled_flood_frac": 0.09, "elev_m": 1734.9, "slope_deg": 20.4, "n_lakes": 0, "n_drains": 0, "low_income_score": 0.15, "equity_weight": 1.075}}, {"type": "Feature", "geometry": {"type": "Polygon", "coordinates": [[[85.1906, 27.58669], [85.2106, 27.58669], [85.2106, 27.60669], [85.1906, 27.60669], [85.1906, 27.58669]]]}, "properties": {"cell_id": "kat_0390", "flood_depth_m": {"rp10": 0.06, "rp100": 0.14}, "glof_depth_m": 0.0, "landslide_prob": 0.15, "population": 558, "critical_assets": [], "eal_people": 8.158, "eal_usd": 20395.0, "observed_flood_frac": null, "modeled_flood_frac": 0.08, "elev_m": 1947.2, "slope_deg": 18.0, "n_lakes": 0, "n_drains": 0, "low_income_score": 0.15, "equity_weight": 1.075}}, {"type": "Feature", "geometry": {"type": "Polygon", "coordinates": [[[85.2106, 27.58669], [85.2306, 27.58669], [85.2306, 27.60669], [85.2106, 27.60669], [85.2106, 27.58669]]]}, "properties": {"cell_id": "kat_0391", "flood_depth_m": {"rp10": 0.02, "rp100": 0.05}, "glof_depth_m": 0.0, "landslide_prob": 0.096, "population": 743, "critical_assets": [], "eal_people": 7.508, "eal_usd": 18770.0, "observed_flood_frac": null, "modeled_flood_frac": 0.02, "elev_m": 1791.0, "slope_deg": 11.5, "n_lakes": 0, "n_drains": 0, "low_income_score": 0.15, "equity_weight": 1.075}}, {"type": "Feature", "geometry": {"type": "Polygon", "coordinates": [[[85.2306, 27.58669], [85.2506, 27.58669], [85.2506, 27.60669], [85.2306, 27.60669], [85.2306, 27.58669]]]}, "properties": {"cell_id": "kat_0392", "flood_depth_m": {"rp10": 0.07, "rp100": 0.18}, "glof_depth_m": 0.0, "landslide_prob": 0.107, "population": 2386, "critical_assets": [], "eal_people": 38.474, "eal_usd": 96185.0, "observed_flood_frac": null, "modeled_flood_frac": 0.1, "elev_m": 1818.7, "slope_deg": 12.8, "n_lakes": 0, "n_drains": 0, "low_income_score": 0.15, "equity_weight": 1.075}}, {"type": "Feature", "geometry": {"type": "Polygon", "coordinates": [[[85.2506, 27.58669], [85.2706, 27.58669], [85.2706, 27.60669], [85.2506, 27.60669], [85.2506, 27.58669]]]}, "properties": {"cell_id": "kat_0393", "flood_depth_m": {"rp10": 0.02, "rp100": 0.05}, "glof_depth_m": 0.0, "landslide_prob": 0.09, "population": 11440, "critical_assets": [], "eal_people": 109.824, "eal_usd": 274560.0, "observed_flood_frac": null, "modeled_flood_frac": 0.0, "elev_m": 1560.2, "slope_deg": 10.7, "n_lakes": 0, "n_drains": 0, "low_income_score": 0.4, "equity_weight": 1.2}}, {"type": "Feature", "geometry": {"type": "Polygon", "coordinates": [[[85.2706, 27.58669], [85.2906, 27.58669], [85.2906, 27.60669], [85.2706, 27.60669], [85.2706, 27.58669]]]}, "properties": {"cell_id": "kat_0394", "flood_depth_m": {"rp10": 0.02, "rp100": 0.05}, "glof_depth_m": 0.0, "landslide_prob": 0.068, "population": 8210, "critical_assets": [], "eal_people": 78.816, "eal_usd": 197040.0, "observed_flood_frac": null, "modeled_flood_frac": 0.0, "elev_m": 1317.9, "slope_deg": 8.2, "n_lakes": 0, "n_drains": 0, "low_income_score": 0.4, "equity_weight": 1.2}}, {"type": "Feature", "geometry": {"type": "Polygon", "coordinates": [[[85.2906, 27.58669], [85.3106, 27.58669], [85.3106, 27.60669], [85.2906, 27.60669], [85.2906, 27.58669]]]}, "properties": {"cell_id": "kat_0395", "flood_depth_m": {"rp10": 0.24, "rp100": 0.59}, "glof_depth_m": 0.0, "landslide_prob": 0.066, "population": 4638, "critical_assets": ["lake", "school"], "eal_people": 147.488, "eal_usd": 368720.0, "observed_flood_frac": null, "modeled_flood_frac": 0.05, "elev_m": 1363.0, "slope_deg": 7.9, "n_lakes": 2, "n_drains": 0, "low_income_score": 0.4, "equity_weight": 1.2}}, {"type": "Feature", "geometry": {"type": "Polygon", "coordinates": [[[85.3106, 27.58669], [85.3306, 27.58669], [85.3306, 27.60669], [85.3106, 27.60669], [85.3106, 27.58669]]]}, "properties": {"cell_id": "kat_0396", "flood_depth_m": {"rp10": 0.45, "rp100": 1.13}, "glof_depth_m": 0.0, "landslide_prob": 0.044, "population": 10610, "critical_assets": ["lake", "school"], "eal_people": 355.223, "eal_usd": 888058.0, "observed_flood_frac": null, "modeled_flood_frac": 0.07, "elev_m": 1453.0, "slope_deg": 5.3, "n_lakes": 8, "n_drains": 0, "low_income_score": 0.4, "equity_weight": 1.2}}, {"type": "Feature", "geometry": {"type": "Polygon", "coordinates": [[[85.3306, 27.58669], [85.3506, 27.58669], [85.3506, 27.60669], [85.3306, 27.60669], [85.3306, 27.58669]]]}, "properties": {"cell_id": "kat_0397", "flood_depth_m": {"rp10": 0.1, "rp100": 0.25}, "glof_depth_m": 0.0, "landslide_prob": 0.042, "population": 8651, "critical_assets": ["lake"], "eal_people": 238.768, "eal_usd": 596920.0, "observed_flood_frac": null, "modeled_flood_frac": 0.0, "elev_m": 1444.1, "slope_deg": 5.1, "n_lakes": 1, "n_drains": 0, "low_income_score": 0.4, "equity_weight": 1.2}}, {"type": "Feature", "geometry": {"type": "Polygon", "coordinates": [[[85.3506, 27.58669], [85.3706, 27.58669], [85.3706, 27.60669], [85.3506, 27.60669], [85.3506, 27.58669]]]}, "properties": {"cell_id": "kat_0398", "flood_depth_m": {"rp10": 0.14, "rp100": 0.34}, "glof_depth_m": 0.0, "landslide_prob": 0.101, "population": 4956, "critical_assets": ["lake", "school"], "eal_people": 157.601, "eal_usd": 394002.0, "observed_flood_frac": null, "modeled_flood_frac": 0.05, "elev_m": 1555.9, "slope_deg": 12.1, "n_lakes": 1, "n_drains": 0, "low_income_score": 0.4, "equity_weight": 1.2}}, {"type": "Feature", "geometry": {"type": "Polygon", "coordinates": [[[85.3706, 27.58669], [85.39059999999999, 27.58669], [85.39059999999999, 27.60669], [85.3706, 27.60669], [85.3706, 27.58669]]]}, "properties": {"cell_id": "kat_0399", "flood_depth_m": {"rp10": 0.3, "rp100": 0.75}, "glof_depth_m": 0.0, "landslide_prob": 0.106, "population": 3582, "critical_assets": ["lake"], "eal_people": 88.565, "eal_usd": 221412.0, "observed_flood_frac": null, "modeled_flood_frac": 0.0, "elev_m": 1587.2, "slope_deg": 12.7, "n_lakes": 3, "n_drains": 0, "low_income_score": 0.15, "equity_weight": 1.075}}, {"type": "Feature", "geometry": {"type": "Polygon", "coordinates": [[[85.39059999999999, 27.58669], [85.4106, 27.58669], [85.4106, 27.60669], [85.39059999999999, 27.60669], [85.39059999999999, 27.58669]]]}, "properties": {"cell_id": "kat_0400", "flood_depth_m": {"rp10": 0.17, "rp100": 0.43}, "glof_depth_m": 0.0, "landslide_prob": 0.143, "population": 706, "critical_assets": ["lake"], "eal_people": 22.768, "eal_usd": 56920.0, "observed_flood_frac": null, "modeled_flood_frac": 0.1, "elev_m": 1911.5, "slope_deg": 17.2, "n_lakes": 1, "n_drains": 0, "low_income_score": 0.15, "equity_weight": 1.075}}, {"type": "Feature", "geometry": {"type": "Polygon", "coordinates": [[[85.4106, 27.58669], [85.4306, 27.58669], [85.4306, 27.60669], [85.4106, 27.60669], [85.4106, 27.58669]]]}, "properties": {"cell_id": "kat_0401", "flood_depth_m": {"rp10": 0.02, "rp100": 0.05}, "glof_depth_m": 0.0, "landslide_prob": 0.11, "population": 200, "critical_assets": [], "eal_people": 2.021, "eal_usd": 5052.0, "observed_flood_frac": null, "modeled_flood_frac": 0.02, "elev_m": 1905.2, "slope_deg": 13.2, "n_lakes": 0, "n_drains": 0, "low_income_score": 0.15, "equity_weight": 1.075}}, {"type": "Feature", "geometry": {"type": "Polygon", "coordinates": [[[85.4306, 27.58669], [85.4506, 27.58669], [85.4506, 27.60669], [85.4306, 27.60669], [85.4306, 27.58669]]]}, "properties": {"cell_id": "kat_0402", "flood_depth_m": {"rp10": 0.04, "rp100": 0.09}, "glof_depth_m": 0.0, "landslide_prob": 0.101, "population": 311, "critical_assets": [], "eal_people": 3.845, "eal_usd": 9612.0, "observed_flood_frac": null, "modeled_flood_frac": 0.05, "elev_m": 1759.7, "slope_deg": 12.1, "n_lakes": 0, "n_drains": 0, "low_income_score": 0.15, "equity_weight": 1.075}}, {"type": "Feature", "geometry": {"type": "Polygon", "coordinates": [[[85.4506, 27.58669], [85.4706, 27.58669], [85.4706, 27.60669], [85.4506, 27.60669], [85.4506, 27.58669]]]}, "properties": {"cell_id": "kat_0403", "flood_depth_m": {"rp10": 0.02, "rp100": 0.05}, "glof_depth_m": 0.0, "landslide_prob": 0.082, "population": 549, "critical_assets": ["school"], "eal_people": 4.721, "eal_usd": 11802.0, "observed_flood_frac": null, "modeled_flood_frac": 0.0, "elev_m": 1650.1, "slope_deg": 9.9, "n_lakes": 0, "n_drains": 0, "low_income_score": 0.15, "equity_weight": 1.075}}, {"type": "Feature", "geometry": {"type": "Polygon", "coordinates": [[[85.4706, 27.58669], [85.4906, 27.58669], [85.4906, 27.60669], [85.4706, 27.60669], [85.4706, 27.58669]]]}, "properties": {"cell_id": "kat_0404", "flood_depth_m": {"rp10": 0.06, "rp100": 0.16}, "glof_depth_m": 0.0, "landslide_prob": 0.076, "population": 837, "critical_assets": ["school"], "eal_people": 12.867, "eal_usd": 32168.0, "observed_flood_frac": null, "modeled_flood_frac": 0.09, "elev_m": 1631.4, "slope_deg": 9.2, "n_lakes": 0, "n_drains": 0, "low_income_score": 0.15, "equity_weight": 1.075}}, {"type": "Feature", "geometry": {"type": "Polygon", "coordinates": [[[85.4906, 27.58669], [85.5106, 27.58669], [85.5106, 27.60669], [85.4906, 27.60669], [85.4906, 27.58669]]]}, "properties": {"cell_id": "kat_0405", "flood_depth_m": {"rp10": 0.02, "rp100": 0.05}, "glof_depth_m": 0.0, "landslide_prob": 0.06, "population": 306, "critical_assets": [], "eal_people": 3.092, "eal_usd": 7730.0, "observed_flood_frac": null, "modeled_flood_frac": 0.02, "elev_m": 1539.8, "slope_deg": 7.2, "n_lakes": 0, "n_drains": 0, "low_income_score": 0.15, "equity_weight": 1.075}}, {"type": "Feature", "geometry": {"type": "Polygon", "coordinates": [[[85.5106, 27.58669], [85.53059999999999, 27.58669], [85.53059999999999, 27.60669], [85.5106, 27.60669], [85.5106, 27.58669]]]}, "properties": {"cell_id": "kat_0406", "flood_depth_m": {"rp10": 0.2, "rp100": 0.5}, "glof_depth_m": 0.0, "landslide_prob": 0.059, "population": 313, "critical_assets": ["lake", "school", "clinic", "school"], "eal_people": 7.739, "eal_usd": 19348.0, "observed_flood_frac": null, "modeled_flood_frac": 0.0, "elev_m": 1501.3, "slope_deg": 7.1, "n_lakes": 2, "n_drains": 0, "low_income_score": 0.15, "equity_weight": 1.075}}, {"type": "Feature", "geometry": {"type": "Polygon", "coordinates": [[[85.53059999999999, 27.58669], [85.5506, 27.58669], [85.5506, 27.60669], [85.53059999999999, 27.60669], [85.53059999999999, 27.58669]]]}, "properties": {"cell_id": "kat_0407", "flood_depth_m": {"rp10": 0.16, "rp100": 0.41}, "glof_depth_m": 0.0, "landslide_prob": 0.081, "population": 326, "critical_assets": ["lake"], "eal_people": 10.268, "eal_usd": 25670.0, "observed_flood_frac": null, "modeled_flood_frac": 0.09, "elev_m": 1561.4, "slope_deg": 9.8, "n_lakes": 1, "n_drains": 0, "low_income_score": 0.15, "equity_weight": 1.075}}, {"type": "Feature", "geometry": {"type": "Polygon", "coordinates": [[[85.0706, 27.56669], [85.0906, 27.56669], [85.0906, 27.58669], [85.0706, 27.58669], [85.0706, 27.56669]]]}, "properties": {"cell_id": "kat_0408", "flood_depth_m": {"rp10": 0.02, "rp100": 0.05}, "glof_depth_m": 0.0, "landslide_prob": 0.2, "population": 403, "critical_assets": [], "eal_people": 3.769, "eal_usd": 9422.0, "observed_flood_frac": null, "modeled_flood_frac": 0.01, "elev_m": 2042.8, "slope_deg": 23.9, "n_lakes": 0, "n_drains": 0, "low_income_score": 0.15, "equity_weight": 1.075}}, {"type": "Feature", "geometry": {"type": "Polygon", "coordinates": [[[85.0906, 27.56669], [85.1106, 27.56669], [85.1106, 27.58669], [85.0906, 27.58669], [85.0906, 27.56669]]]}, "properties": {"cell_id": "kat_0409", "flood_depth_m": {"rp10": 0.02, "rp100": 0.05}, "glof_depth_m": 0.0, "landslide_prob": 0.2, "population": 269, "critical_assets": [], "eal_people": 2.516, "eal_usd": 6290.0, "observed_flood_frac": null, "modeled_flood_frac": 0.01, "elev_m": 2020.9, "slope_deg": 24.0, "n_lakes": 0, "n_drains": 0, "low_income_score": 0.15, "equity_weight": 1.075}}, {"type": "Feature", "geometry": {"type": "Polygon", "coordinates": [[[85.1106, 27.56669], [85.1306, 27.56669], [85.1306, 27.58669], [85.1106, 27.58669], [85.1106, 27.56669]]]}, "properties": {"cell_id": "kat_0410", "flood_depth_m": {"rp10": 0.04, "rp100": 0.11}, "glof_depth_m": 0.0, "landslide_prob": 0.181, "population": 269, "critical_assets": [], "eal_people": 3.528, "eal_usd": 8820.0, "observed_flood_frac": null, "modeled_flood_frac": 0.06, "elev_m": 2094.2, "slope_deg": 21.7, "n_lakes": 0, "n_drains": 0, "low_income_score": 0.15, "equity_weight": 1.075}}, {"type": "Feature", "geometry": {"type": "Polygon", "coordinates": [[[85.1306, 27.56669], [85.1506, 27.56669], [85.1506, 27.58669], [85.1306, 27.58669], [85.1306, 27.56669]]]}, "properties": {"cell_id": "kat_0411", "flood_depth_m": {"rp10": 0.06, "rp100": 0.14}, "glof_depth_m": 0.0, "landslide_prob": 0.164, "population": 440, "critical_assets": [], "eal_people": 6.433, "eal_usd": 16082.0, "observed_flood_frac": null, "modeled_flood_frac": 0.08, "elev_m": 1971.2, "slope_deg": 19.7, "n_lakes": 0, "n_drains": 0, "low_income_score": 0.15, "equity_weight": 1.075}}, {"type": "Feature", "geometry": {"type": "Polygon", "coordinates": [[[85.1506, 27.56669], [85.1706, 27.56669], [85.1706, 27.58669], [85.1506, 27.58669], [85.1506, 27.56669]]]}, "properties": {"cell_id": "kat_0412", "flood_depth_m": {"rp10": 0.11, "rp100": 0.27}, "glof_depth_m": 0.0, "landslide_prob": 0.172, "population": 703, "critical_assets": ["lake"], "eal_people": 17.911, "eal_usd": 44778.0, "observed_flood_frac": null, "modeled_flood_frac": 0.01, "elev_m": 1552.8, "slope_deg": 20.6, "n_lakes": 1, "n_drains": 0, "low_income_score": 0.15, "equity_weight": 1.075}}, {"type": "Feature", "geometry": {"type": "Polygon", "coordinates": [[[85.1706, 27.56669], [85.1906, 27.56669], [85.1906, 27.58669], [85.1706, 27.58669], [85.1706, 27.56669]]]}, "properties": {"cell_id": "kat_0413", "flood_depth_m": {"rp10": 0.1, "rp100": 0.25}, "glof_depth_m": 0.0, "landslide_prob": 0.178, "population": 644, "critical_assets": ["lake"], "eal_people": 15.923, "eal_usd": 39808.0, "observed_flood_frac": null, "modeled_flood_frac": 0.0, "elev_m": 1480.2, "slope_deg": 21.4, "n_lakes": 1, "n_drains": 3, "low_income_score": 0.15, "equity_weight": 1.075}}, {"type": "Feature", "geometry": {"type": "Polygon", "coordinates": [[[85.1906, 27.56669], [85.2106, 27.56669], [85.2106, 27.58669], [85.1906, 27.58669], [85.1906, 27.56669]]]}, "properties": {"cell_id": "kat_0414", "flood_depth_m": {"rp10": 0.02, "rp100": 0.05}, "glof_depth_m": 0.0, "landslide_prob": 0.166, "population": 585, "critical_assets": [], "eal_people": 5.911, "eal_usd": 14777.0, "observed_flood_frac": null, "modeled_flood_frac": 0.02, "elev_m": 1532.2, "slope_deg": 19.9, "n_lakes": 0, "n_drains": 0, "low_income_score": 0.15, "equity_weight": 1.075}}, {"type": "Feature", "geometry": {"type": "Polygon", "coordinates": [[[85.2106, 27.56669], [85.2306, 27.56669], [85.2306, 27.58669], [85.2106, 27.58669], [85.2106, 27.56669]]]}, "properties": {"cell_id": "kat_0415", "flood_depth_m": {"rp10": 0.02, "rp100": 0.05}, "glof_depth_m": 0.0, "landslide_prob": 0.158, "population": 424, "critical_assets": [], "eal_people": 4.604, "eal_usd": 11510.0, "observed_flood_frac": null, "modeled_flood_frac": 0.03, "elev_m": 1621.9, "slope_deg": 19.0, "n_lakes": 0, "n_drains": 0, "low_income_score": 0.15, "equity_weight": 1.075}}, {"type": "Feature", "geometry": {"type": "Polygon", "coordinates": [[[85.2306, 27.56669], [85.2506, 27.56669], [85.2506, 27.58669], [85.2306, 27.58669], [85.2306, 27.56669]]]}, "properties": {"cell_id": "kat_0416", "flood_depth_m": {"rp10": 0.08, "rp100": 0.2}, "glof_depth_m": 0.0, "landslide_prob": 0.155, "population": 1154, "critical_assets": [], "eal_people": 19.477, "eal_usd": 48692.0, "observed_flood_frac": null, "modeled_flood_frac": 0.11, "elev_m": 1809.9, "slope_deg": 18.6, "n_lakes": 0, "n_drains": 0, "low_income_score": 0.15, "equity_weight": 1.075}}, {"type": "Feature", "geometry": {"type": "Polygon", "coordinates": [[[85.2506, 27.56669], [85.2706, 27.56669], [85.2706, 27.58669], [85.2506, 27.58669], [85.2506, 27.56669]]]}, "properties": {"cell_id": "kat_0417", "flood_depth_m": {"rp10": 0.02, "rp100": 0.05}, "glof_depth_m": 0.0, "landslide_prob": 0.164, "population": 3020, "critical_assets": [], "eal_people": 25.972, "eal_usd": 64930.0, "observed_flood_frac": null, "modeled_flood_frac": 0.0, "elev_m": 1468.5, "slope_deg": 19.7, "n_lakes": 0, "n_drains": 0, "low_income_score": 0.15, "equity_weight": 1.075}}, {"type": "Feature", "geometry": {"type": "Polygon", "coordinates": [[[85.2706, 27.56669], [85.2906, 27.56669], [85.2906, 27.58669], [85.2706, 27.58669], [85.2706, 27.56669]]]}, "properties": {"cell_id": "kat_0418", "flood_depth_m": {"rp10": 0.11, "rp100": 0.27}, "glof_depth_m": 0.0, "landslide_prob": 0.146, "population": 1687, "critical_assets": ["lake"], "eal_people": 42.981, "eal_usd": 107452.0, "observed_flood_frac": null, "modeled_flood_frac": 0.01, "elev_m": 1448.4, "slope_deg": 17.5, "n_lakes": 1, "n_drains": 0, "low_income_score": 0.15, "equity_weight": 1.075}}, {"type": "Feature", "geometry": {"type": "Polygon", "coordinates": [[[85.2906, 27.56669], [85.3106, 27.56669], [85.3106, 27.58669], [85.2906, 27.58669], [85.2906, 27.56669]]]}, "properties": {"cell_id": "kat_0419", "flood_depth_m": {"rp10": 0.03, "rp100": 0.07}, "glof_depth_m": 0.0, "landslide_prob": 0.075, "population": 3432, "critical_assets": [], "eal_people": 39.846, "eal_usd": 99615.0, "observed_flood_frac": null, "modeled_flood_frac": 0.04, "elev_m": 1496.1, "slope_deg": 9.0, "n_lakes": 0, "n_drains": 0, "low_income_score": 0.15, "equity_weight": 1.075}}, {"type": "Feature", "geometry": {"type": "Polygon", "coordinates": [[[85.3106, 27.56669], [85.3306, 27.56669], [85.3306, 27.58669], [85.3106, 27.58669], [85.3106, 27.56669]]]}, "properties": {"cell_id": "kat_0420", "flood_depth_m": {"rp10": 0.03, "rp100": 0.07}, "glof_depth_m": 0.0, "landslide_prob": 0.088, "population": 5411, "critical_assets": [], "eal_people": 70.127, "eal_usd": 175318.0, "observed_flood_frac": null, "modeled_flood_frac": 0.04, "elev_m": 1558.8, "slope_deg": 10.5, "n_lakes": 0, "n_drains": 0, "low_income_score": 0.4, "equity_weight": 1.2}}, {"type": "Feature", "geometry": {"type": "Polygon", "coordinates": [[[85.3306, 27.56669], [85.3506, 27.56669], [85.3506, 27.58669], [85.3306, 27.58669], [85.3306, 27.56669]]]}, "properties": {"cell_id": "kat_0421", "flood_depth_m": {"rp10": 0.06, "rp100": 0.14}, "glof_depth_m": 0.0, "landslide_prob": 0.097, "population": 3383, "critical_assets": ["school"], "eal_people": 49.459, "eal_usd": 123648.0, "observed_flood_frac": null, "modeled_flood_frac": 0.08, "elev_m": 1598.7, "slope_deg": 11.6, "n_lakes": 0, "n_drains": 0, "low_income_score": 0.15, "equity_weight": 1.075}}, {"type": "Feature", "geometry": {"type": "Polygon", "coordinates": [[[85.3506, 27.56669], [85.3706, 27.56669], [85.3706, 27.58669], [85.3506, 27.58669], [85.3506, 27.56669]]]}, "properties": {"cell_id": "kat_0422", "flood_depth_m": {"rp10": 0.23, "rp100": 0.57}, "glof_depth_m": 0.0, "landslide_prob": 0.125, "population": 1089, "critical_assets": ["lake"], "eal_people": 30.203, "eal_usd": 75508.0, "observed_flood_frac": null, "modeled_flood_frac": 0.04, "elev_m": 1697.7, "slope_deg": 15.0, "n_lakes": 2, "n_drains": 0, "low_income_score": 0.15, "equity_weight": 1.075}}, {"type": "Feature", "geometry": {"type": "Polygon", "coordinates": [[[85.3706, 27.56669], [85.39059999999999, 27.56669], [85.39059999999999, 27.58669], [85.3706, 27.58669], [85.3706, 27.56669]]]}, "properties": {"cell_id": "kat_0423", "flood_depth_m": {"rp10": 0.04, "rp100": 0.09}, "glof_depth_m": 0.0, "landslide_prob": 0.168, "population": 723, "critical_assets": [], "eal_people": 8.938, "eal_usd": 22345.0, "observed_flood_frac": null, "modeled_flood_frac": 0.05, "elev_m": 1924.9, "slope_deg": 20.1, "n_lakes": 0, "n_drains": 0, "low_income_score": 0.15, "equity_weight": 1.075}}, {"type": "Feature", "geometry": {"type": "Polygon", "coordinates": [[[85.39059999999999, 27.56669], [85.4106, 27.56669], [85.4106, 27.58669], [85.39059999999999, 27.58669], [85.39059999999999, 27.56669]]]}, "properties": {"cell_id": "kat_0424", "flood_depth_m": {"rp10": 0.06, "rp100": 0.16}, "glof_depth_m": 0.0, "landslide_prob": 0.186, "population": 400, "critical_assets": [], "eal_people": 6.149, "eal_usd": 15372.0, "observed_flood_frac": null, "modeled_flood_frac": 0.09, "elev_m": 2324.4, "slope_deg": 22.3, "n_lakes": 0, "n_drains": 0, "low_income_score": 0.15, "equity_weight": 1.075}}, {"type": "Feature", "geometry": {"type": "Polygon", "coordinates": [[[85.4106, 27.56669], [85.4306, 27.56669], [85.4306, 27.58669], [85.4106, 27.58669], [85.4106, 27.56669]]]}, "properties": {"cell_id": "kat_0425", "flood_depth_m": {"rp10": 0.03, "rp100": 0.07}, "glof_depth_m": 0.0, "landslide_prob": 0.159, "population": 129, "critical_assets": [], "eal_people": 1.498, "eal_usd": 3745.0, "observed_flood_frac": null, "modeled_flood_frac": 0.04, "elev_m": 2202.7, "slope_deg": 19.1, "n_lakes": 0, "n_drains": 0, "low_income_score": 0.15, "equity_weight": 1.075}}, {"type": "Feature", "geometry": {"type": "Polygon", "coordinates": [[[85.4306, 27.56669], [85.4506, 27.56669], [85.4506, 27.58669], [85.4306, 27.58669], [85.4306, 27.56669]]]}, "properties": {"cell_id": "kat_0426", "flood_depth_m": {"rp10": 0.04, "rp100": 0.09}, "glof_depth_m": 0.0, "landslide_prob": 0.147, "population": 183, "critical_assets": [], "eal_people": 2.262, "eal_usd": 5655.0, "observed_flood_frac": null, "modeled_flood_frac": 0.05, "elev_m": 2065.4, "slope_deg": 17.6, "n_lakes": 0, "n_drains": 0, "low_income_score": 0.15, "equity_weight": 1.075}}, {"type": "Feature", "geometry": {"type": "Polygon", "coordinates": [[[85.4506, 27.56669], [85.4706, 27.56669], [85.4706, 27.58669], [85.4506, 27.58669], [85.4506, 27.56669]]]}, "properties": {"cell_id": "kat_0427", "flood_depth_m": {"rp10": 0.06, "rp100": 0.16}, "glof_depth_m": 0.0, "landslide_prob": 0.15, "population": 330, "critical_assets": [], "eal_people": 5.073, "eal_usd": 12683.0, "observed_flood_frac": null, "modeled_flood_frac": 0.09, "elev_m": 1868.9, "slope_deg": 18.0, "n_lakes": 0, "n_drains": 0, "low_income_score": 0.15, "equity_weight": 1.075}}, {"type": "Feature", "geometry": {"type": "Polygon", "coordinates": [[[85.4706, 27.56669], [85.4906, 27.56669], [85.4906, 27.58669], [85.4706, 27.58669], [85.4706, 27.56669]]]}, "properties": {"cell_id": "kat_0428", "flood_depth_m": {"rp10": 0.02, "rp100": 0.05}, "glof_depth_m": 0.0, "landslide_prob": 0.09, "population": 575, "critical_assets": [], "eal_people": 6.243, "eal_usd": 15608.0, "observed_flood_frac": null, "modeled_flood_frac": 0.03, "elev_m": 1643.8, "slope_deg": 10.8, "n_lakes": 0, "n_drains": 0, "low_income_score": 0.15, "equity_weight": 1.075}}, {"type": "Feature", "geometry": {"type": "Polygon", "coordinates": [[[85.4906, 27.56669], [85.5106, 27.56669], [85.5106, 27.58669], [85.4906, 27.58669], [85.4906, 27.56669]]]}, "properties": {"cell_id": "kat_0429", "flood_depth_m": {"rp10": 0.03, "rp100": 0.07}, "glof_depth_m": 0.0, "landslide_prob": 0.062, "population": 268, "critical_assets": ["school"], "eal_people": 3.111, "eal_usd": 7778.0, "observed_flood_frac": null, "modeled_flood_frac": 0.04, "elev_m": 1542.0, "slope_deg": 7.4, "n_lakes": 0, "n_drains": 0, "low_income_score": 0.15, "equity_weight": 1.075}}, {"type": "Feature", "geometry": {"type": "Polygon", "coordinates": [[[85.5106, 27.56669], [85.53059999999999, 27.56669], [85.53059999999999, 27.58669], [85.5106, 27.58669], [85.5106, 27.56669]]]}, "properties": {"cell_id": "kat_0430", "flood_depth_m": {"rp10": 0.22, "rp100": 0.54}, "glof_depth_m": 0.0, "landslide_prob": 0.056, "population": 238, "critical_assets": ["lake", "clinic"], "eal_people": 6.243, "eal_usd": 15608.0, "observed_flood_frac": null, "modeled_flood_frac": 0.02, "elev_m": 1498.6, "slope_deg": 6.7, "n_lakes": 2, "n_drains": 1, "low_income_score": 0.15, "equity_weight": 1.075}}, {"type": "Feature", "geometry": {"type": "Polygon", "coordinates": [[[85.53059999999999, 27.56669], [85.5506, 27.56669], [85.5506, 27.58669], [85.53059999999999, 27.58669], [85.53059999999999, 27.56669]]]}, "properties": {"cell_id": "kat_0431", "flood_depth_m": {"rp10": 0.02, "rp100": 0.05}, "glof_depth_m": 0.0, "landslide_prob": 0.044, "population": 419, "critical_assets": [], "eal_people": 3.603, "eal_usd": 9008.0, "observed_flood_frac": null, "modeled_flood_frac": 0.0, "elev_m": 1463.9, "slope_deg": 5.3, "n_lakes": 0, "n_drains": 0, "low_income_score": 0.15, "equity_weight": 1.075}}, {"type": "Feature", "geometry": {"type": "Polygon", "coordinates": [[[85.0706, 27.54669], [85.0906, 27.54669], [85.0906, 27.56669], [85.0706, 27.56669], [85.0706, 27.54669]]]}, "properties": {"cell_id": "kat_0432", "flood_depth_m": {"rp10": 0.05, "rp100": 0.13}, "glof_depth_m": 0.0, "landslide_prob": 0.21, "population": 317, "critical_assets": [], "eal_people": 4.396, "eal_usd": 10990.0, "observed_flood_frac": null, "modeled_flood_frac": 0.07, "elev_m": 1700.7, "slope_deg": 25.2, "n_lakes": 0, "n_drains": 0, "low_income_score": 0.15, "equity_weight": 1.075}}, {"type": "Feature", "geometry": {"type": "Polygon", "coordinates": [[[85.0906, 27.54669], [85.1106, 27.54669], [85.1106, 27.56669], [85.0906, 27.56669], [85.0906, 27.54669]]]}, "properties": {"cell_id": "kat_0433", "flood_depth_m": {"rp10": 0.02, "rp100": 0.05}, "glof_depth_m": 0.0, "landslide_prob": 0.181, "population": 516, "critical_assets": [], "eal_people": 5.214, "eal_usd": 13035.0, "observed_flood_frac": null, "modeled_flood_frac": 0.02, "elev_m": 1341.5, "slope_deg": 21.7, "n_lakes": 0, "n_drains": 0, "low_income_score": 0.15, "equity_weight": 1.075}}, {"type": "Feature", "geometry": {"type": "Polygon", "coordinates": [[[85.1106, 27.54669], [85.1306, 27.54669], [85.1306, 27.56669], [85.1106, 27.56669], [85.1106, 27.54669]]]}, "properties": {"cell_id": "kat_0434", "flood_depth_m": {"rp10": 0.04, "rp100": 0.09}, "glof_depth_m": 0.0, "landslide_prob": 0.179, "population": 670, "critical_assets": [], "eal_people": 8.283, "eal_usd": 20708.0, "observed_flood_frac": null, "modeled_flood_frac": 0.05, "elev_m": 1469.6, "slope_deg": 21.5, "n_lakes": 0, "n_drains": 0, "low_income_score": 0.15, "equity_weight": 1.075}}, {"type": "Feature", "geometry": {"type": "Polygon", "coordinates": [[[85.1306, 27.54669], [85.1506, 27.54669], [85.1506, 27.56669], [85.1306, 27.56669], [85.1306, 27.54669]]]}, "properties": {"cell_id": "kat_0435", "flood_depth_m": {"rp10": 0.02, "rp100": 0.05}, "glof_depth_m": 0.0, "landslide_prob": 0.181, "population": 600, "critical_assets": [], "eal_people": 5.16, "eal_usd": 12900.0, "observed_flood_frac": null, "modeled_flood_frac": 0.0, "elev_m": 1537.6, "slope_deg": 21.7, "n_lakes": 0, "n_drains": 0, "low_income_score": 0.15, "equity_weight": 1.075}}, {"type": "Feature", "geometry": {"type": "Polygon", "coordinates": [[[85.1506, 27.54669], [85.1706, 27.54669], [85.1706, 27.56669], [85.1506, 27.56669], [85.1506, 27.54669]]]}, "properties": {"cell_id": "kat_0436", "flood_depth_m": {"rp10": 0.06, "rp100": 0.14}, "glof_depth_m": 0.0, "landslide_prob": 0.196, "population": 327, "critical_assets": [], "eal_people": 4.781, "eal_usd": 11952.0, "observed_flood_frac": null, "modeled_flood_frac": 0.08, "elev_m": 1911.4, "slope_deg": 23.5, "n_lakes": 0, "n_drains": 0, "low_income_score": 0.15, "equity_weight": 1.075}}, {"type": "Feature", "geometry": {"type": "Polygon", "coordinates": [[[85.1706, 27.54669], [85.1906, 27.54669], [85.1906, 27.56669], [85.1706, 27.56669], [85.1706, 27.54669]]]}, "properties": {"cell_id": "kat_0437", "flood_depth_m": {"rp10": 0.07, "rp100": 0.18}, "glof_depth_m": 0.0, "landslide_prob": 0.17, "population": 256, "critical_assets": [], "eal_people": 4.128, "eal_usd": 10320.0, "observed_flood_frac": null, "modeled_flood_frac": 0.1, "elev_m": 1969.5, "slope_deg": 20.4, "n_lakes": 0, "n_drains": 0, "low_income_score": 0.15, "equity_weight": 1.075}}, {"type": "Feature", "geometry": {"type": "Polygon", "coordinates": [[[85.1906, 27.54669], [85.2106, 27.54669], [85.2106, 27.56669], [85.1906, 27.56669], [85.1906, 27.54669]]]}, "properties": {"cell_id": "kat_0438", "flood_depth_m": {"rp10": 0.02, "rp100": 0.05}, "glof_depth_m": 0.0, "landslide_prob": 0.21, "population": 511, "critical_assets": [], "eal_people": 5.548, "eal_usd": 13870.0, "observed_flood_frac": null, "modeled_flood_frac": 0.03, "elev_m": 1576.5, "slope_deg": 25.2, "n_lakes": 0, "n_drains": 0, "low_income_score": 0.15, "equity_weight": 1.075}}, {"type": "Feature", "geometry": {"type": "Polygon", "coordinates": [[[85.2106, 27.54669], [85.2306, 27.54669], [85.2306, 27.56669], [85.2106, 27.56669], [85.2106, 27.54669]]]}, "properties": {"cell_id": "kat_0439", "flood_depth_m": {"rp10": 0.02, "rp100": 0.05}, "glof_depth_m": 0.0, "landslide_prob": 0.177, "population": 527, "critical_assets": [], "eal_people": 5.325, "eal_usd": 13312.0, "observed_flood_frac": null, "modeled_flood_frac": 0.02, "elev_m": 1357.0, "slope_deg": 21.2, "n_lakes": 0, "n_drains": 0, "low_income_score": 0.15, "equity_weight": 1.075}}, {"type": "Feature", "geometry": {"type": "Polygon", "coordinates": [[[85.2306, 27.54669], [85.2506, 27.54669], [85.2506, 27.56669], [85.2306, 27.56669], [85.2306, 27.54669]]]}, "properties": {"cell_id": "kat_0440", "flood_depth_m": {"rp10": 0.02, "rp100": 0.05}, "glof_depth_m": 0.0, "landslide_prob": 0.182, "population": 511, "critical_assets": [], "eal_people": 5.164, "eal_usd": 12910.0, "observed_flood_frac": null, "modeled_flood_frac": 0.02, "elev_m": 1379.8, "slope_deg": 21.9, "n_lakes": 0, "n_drains": 0, "low_income_score": 0.15, "equity_weight": 1.075}}, {"type": "Feature", "geometry": {"type": "Polygon", "coordinates": [[[85.2506, 27.54669], [85.2706, 27.54669], [85.2706, 27.56669], [85.2506, 27.56669], [85.2506, 27.54669]]]}, "properties": {"cell_id": "kat_0441", "flood_depth_m": {"rp10": 0.12, "rp100": 0.29}, "glof_depth_m": 0.0, "landslide_prob": 0.173, "population": 750, "critical_assets": ["lake"], "eal_people": 19.672, "eal_usd": 49180.0, "observed_flood_frac": null, "modeled_flood_frac": 0.02, "elev_m": 1486.8, "slope_deg": 20.8, "n_lakes": 1, "n_drains": 0, "low_income_score": 0.15, "equity_weight": 1.075}}, {"type": "Feature", "geometry": {"type": "Polygon", "coordinates": [[[85.2706, 27.54669], [85.2906, 27.54669], [85.2906, 27.56669], [85.2706, 27.56669], [85.2706, 27.54669]]]}, "properties": {"cell_id": "kat_0442", "flood_depth_m": {"rp10": 0.08, "rp100": 0.2}, "glof_depth_m": 0.0, "landslide_prob": 0.157, "population": 662, "critical_assets": [], "eal_people": 11.173, "eal_usd": 27932.0, "observed_flood_frac": null, "modeled_flood_frac": 0.11, "elev_m": 1918.5, "slope_deg": 18.8, "n_lakes": 0, "n_drains": 0, "low_income_score": 0.15, "equity_weight": 1.075}}, {"type": "Feature", "geometry": {"type": "Polygon", "coordinates": [[[85.2906, 27.54669], [85.3106, 27.54669], [85.3106, 27.56669], [85.2906, 27.56669], [85.2906, 27.54669]]]}, "properties": {"cell_id": "kat_0443", "flood_depth_m": {"rp10": 0.02, "rp100": 0.05}, "glof_depth_m": 0.0, "landslide_prob": 0.113, "population": 1448, "critical_assets": [], "eal_people": 14.632, "eal_usd": 36580.0, "observed_flood_frac": null, "modeled_flood_frac": 0.02, "elev_m": 1795.1, "slope_deg": 13.5, "n_lakes": 0, "n_drains": 0, "low_income_score": 0.15, "equity_weight": 1.075}}, {"type": "Feature", "geometry": {"type": "Polygon", "coordinates": [[[85.3106, 27.54669], [85.3306, 27.54669], [85.3306, 27.56669], [85.3106, 27.56669], [85.3106, 27.54669]]]}, "properties": {"cell_id": "kat_0444", "flood_depth_m": {"rp10": 0.12, "rp100": 0.29}, "glof_depth_m": 0.0, "landslide_prob": 0.106, "population": 2124, "critical_assets": ["lake"], "eal_people": 55.713, "eal_usd": 139282.0, "observed_flood_frac": null, "modeled_flood_frac": 0.02, "elev_m": 1677.7, "slope_deg": 12.7, "n_lakes": 1, "n_drains": 0, "low_income_score": 0.15, "equity_weight": 1.075}}, {"type": "Feature", "geometry": {"type": "Polygon", "coordinates": [[[85.3306, 27.54669], [85.3506, 27.54669], [85.3506, 27.56669], [85.3306, 27.56669], [85.3306, 27.54669]]]}, "properties": {"cell_id": "kat_0445", "flood_depth_m": {"rp10": 0.06, "rp100": 0.14}, "glof_depth_m": 0.0, "landslide_prob": 0.089, "population": 1581, "critical_assets": [], "eal_people": 23.114, "eal_usd": 57785.0, "observed_flood_frac": null, "modeled_flood_frac": 0.08, "elev_m": 1719.7, "slope_deg": 10.7, "n_lakes": 0, "n_drains": 0, "low_income_score": 0.15, "equity_weight": 1.075}}, {"type": "Feature", "geometry": {"type": "Polygon", "coordinates": [[[85.3506, 27.54669], [85.3706, 27.54669], [85.3706, 27.56669], [85.3506, 27.56669], [85.3506, 27.54669]]]}, "properties": {"cell_id": "kat_0446", "flood_depth_m": {"rp10": 0.04, "rp100": 0.09}, "glof_depth_m": 0.0, "landslide_prob": 0.113, "population": 1007, "critical_assets": [], "eal_people": 12.449, "eal_usd": 31122.0, "observed_flood_frac": null, "modeled_flood_frac": 0.05, "elev_m": 1827.7, "slope_deg": 13.6, "n_lakes": 0, "n_drains": 0, "low_income_score": 0.15, "equity_weight": 1.075}}, {"type": "Feature", "geometry": {"type": "Polygon", "coordinates": [[[85.3706, 27.54669], [85.39059999999999, 27.54669], [85.39059999999999, 27.56669], [85.3706, 27.56669], [85.3706, 27.54669]]]}, "properties": {"cell_id": "kat_0447", "flood_depth_m": {"rp10": 0.04, "rp100": 0.11}, "glof_depth_m": 0.0, "landslide_prob": 0.153, "population": 1245, "critical_assets": [], "eal_people": 16.328, "eal_usd": 40820.0, "observed_flood_frac": null, "modeled_flood_frac": 0.06, "elev_m": 2075.8, "slope_deg": 18.4, "n_lakes": 0, "n_drains": 0, "low_income_score": 0.15, "equity_weight": 1.075}}, {"type": "Feature", "geometry": {"type": "Polygon", "coordinates": [[[85.39059999999999, 27.54669], [85.4106, 27.54669], [85.4106, 27.56669], [85.39059999999999, 27.56669], [85.39059999999999, 27.54669]]]}, "properties": {"cell_id": "kat_0448", "flood_depth_m": {"rp10": 0.02, "rp100": 0.05}, "glof_depth_m": 0.0, "landslide_prob": 0.145, "population": 425, "critical_assets": [], "eal_people": 4.614, "eal_usd": 11535.0, "observed_flood_frac": null, "modeled_flood_frac": 0.03, "elev_m": 2318.9, "slope_deg": 17.4, "n_lakes": 0, "n_drains": 0, "low_income_score": 0.15, "equity_weight": 1.075}}, {"type": "Feature", "geometry": {"type": "Polygon", "coordinates": [[[85.4106, 27.54669], [85.4306, 27.54669], [85.4306, 27.56669], [85.4106, 27.56669], [85.4106, 27.54669]]]}, "properties": {"cell_id": "kat_0449", "flood_depth_m": {"rp10": 0.02, "rp100": 0.05}, "glof_depth_m": 0.0, "landslide_prob": 0.167, "population": 169, "critical_assets": [], "eal_people": 1.835, "eal_usd": 4588.0, "observed_flood_frac": null, "modeled_flood_frac": 0.03, "elev_m": 2245.4, "slope_deg": 20.0, "n_lakes": 0, "n_drains": 0, "low_income_score": 0.15, "equity_weight": 1.075}}, {"type": "Feature", "geometry": {"type": "Polygon", "coordinates": [[[85.4306, 27.54669], [85.4506, 27.54669], [85.4506, 27.56669], [85.4306, 27.56669], [85.4306, 27.54669]]]}, "properties": {"cell_id": "kat_0450", "flood_depth_m": {"rp10": 0.02, "rp100": 0.05}, "glof_depth_m": 0.0, "landslide_prob": 0.184, "population": 155, "critical_assets": [], "eal_people": 1.333, "eal_usd": 3332.0, "observed_flood_frac": null, "modeled_flood_frac": 0.0, "elev_m": 2146.0, "slope_deg": 22.1, "n_lakes": 0, "n_drains": 0, "low_income_score": 0.15, "equity_weight": 1.075}}, {"type": "Feature", "geometry": {"type": "Polygon", "coordinates": [[[85.4506, 27.54669], [85.4706, 27.54669], [85.4706, 27.56669], [85.4506, 27.56669], [85.4506, 27.54669]]]}, "properties": {"cell_id": "kat_0451", "flood_depth_m": {"rp10": 0.04, "rp100": 0.09}, "glof_depth_m": 0.0, "landslide_prob": 0.172, "population": 184, "critical_assets": [], "eal_people": 2.275, "eal_usd": 5688.0, "observed_flood_frac": null, "modeled_flood_frac": 0.05, "elev_m": 1958.6, "slope_deg": 20.6, "n_lakes": 0, "n_drains": 0, "low_income_score": 0.15, "equity_weight": 1.075}}, {"type": "Feature", "geometry": {"type": "Polygon", "coordinates": [[[85.4706, 27.54669], [85.4906, 27.54669], [85.4906, 27.56669], [85.4706, 27.56669], [85.4706, 27.54669]]]}, "properties": {"cell_id": "kat_0452", "flood_depth_m": {"rp10": 0.02, "rp100": 0.05}, "glof_depth_m": 0.0, "landslide_prob": 0.147, "population": 224, "critical_assets": [], "eal_people": 2.432, "eal_usd": 6080.0, "observed_flood_frac": null, "modeled_flood_frac": 0.03, "elev_m": 1842.4, "slope_deg": 17.6, "n_lakes": 0, "n_drains": 0, "low_income_score": 0.15, "equity_weight": 1.075}}, {"type": "Feature", "geometry": {"type": "Polygon", "coordinates": [[[85.4906, 27.54669], [85.5106, 27.54669], [85.5106, 27.56669], [85.4906, 27.56669], [85.4906, 27.54669]]]}, "properties": {"cell_id": "kat_0453", "flood_depth_m": {"rp10": 0.03, "rp100": 0.07}, "glof_depth_m": 0.0, "landslide_prob": 0.113, "population": 447, "critical_assets": [], "eal_people": 5.19, "eal_usd": 12975.0, "observed_flood_frac": null, "modeled_flood_frac": 0.04, "elev_m": 1723.6, "slope_deg": 13.5, "n_lakes": 0, "n_drains": 0, "low_income_score": 0.15, "equity_weight": 1.075}}, {"type": "Feature", "geometry": {"type": "Polygon", "coordinates": [[[85.5106, 27.54669], [85.53059999999999, 27.54669], [85.53059999999999, 27.56669], [85.5106, 27.56669], [85.5106, 27.54669]]]}, "properties": {"cell_id": "kat_0454", "flood_depth_m": {"rp10": 0.32, "rp100": 0.8}, "glof_depth_m": 0.0, "landslide_prob": 0.091, "population": 288, "critical_assets": ["lake"], "eal_people": 7.771, "eal_usd": 19428.0, "observed_flood_frac": null, "modeled_flood_frac": 0.03, "elev_m": 1600.7, "slope_deg": 10.9, "n_lakes": 3, "n_drains": 0, "low_income_score": 0.15, "equity_weight": 1.075}}, {"type": "Feature", "geometry": {"type": "Polygon", "coordinates": [[[85.53059999999999, 27.54669], [85.5506, 27.54669], [85.5506, 27.56669], [85.53059999999999, 27.56669], [85.53059999999999, 27.54669]]]}, "properties": {"cell_id": "kat_0455", "flood_depth_m": {"rp10": 0.13, "rp100": 0.32}, "glof_depth_m": 0.0, "landslide_prob": 0.072, "population": 419, "critical_assets": ["lake"], "eal_people": 11.621, "eal_usd": 29052.0, "observed_flood_frac": null, "modeled_flood_frac": 0.04, "elev_m": 1488.2, "slope_deg": 8.6, "n_lakes": 1, "n_drains": 2, "low_income_score": 0.15, "equity_weight": 1.075}}, {"type": "Feature", "geometry": {"type": "Polygon", "coordinates": [[[85.0706, 27.526690000000002], [85.0906, 27.526690000000002], [85.0906, 27.54669], [85.0706, 27.54669], [85.0706, 27.526690000000002]]]}, "properties": {"cell_id": "kat_0456", "flood_depth_m": {"rp10": 0.24, "rp100": 0.61}, "glof_depth_m": 0.0, "landslide_prob": 0.162, "population": 446, "critical_assets": [], "eal_people": 15.247, "eal_usd": 38118.0, "observed_flood_frac": null, "modeled_flood_frac": 0.34, "elev_m": 1171.2, "slope_deg": 19.5, "n_lakes": 0, "n_drains": 0, "low_income_score": 0.15, "equity_weight": 1.075}}, {"type": "Feature", "geometry": {"type": "Polygon", "coordinates": [[[85.0906, 27.526690000000002], [85.1106, 27.526690000000002], [85.1106, 27.54669], [85.0906, 27.54669], [85.0906, 27.526690000000002]]]}, "properties": {"cell_id": "kat_0457", "flood_depth_m": {"rp10": 0.46, "rp100": 1.15}, "glof_depth_m": 0.0, "landslide_prob": 0.137, "population": 766, "critical_assets": [], "eal_people": 43.478, "eal_usd": 108695.0, "observed_flood_frac": null, "modeled_flood_frac": 0.64, "elev_m": 1066.6, "slope_deg": 16.5, "n_lakes": 0, "n_drains": 0, "low_income_score": 0.15, "equity_weight": 1.075}}, {"type": "Feature", "geometry": {"type": "Polygon", "coordinates": [[[85.1106, 27.526690000000002], [85.1306, 27.526690000000002], [85.1306, 27.54669], [85.1106, 27.54669], [85.1106, 27.526690000000002]]]}, "properties": {"cell_id": "kat_0458", "flood_depth_m": {"rp10": 0.22, "rp100": 0.56}, "glof_depth_m": 0.0, "landslide_prob": 0.121, "population": 897, "critical_assets": ["lake"], "eal_people": 33.653, "eal_usd": 84132.0, "observed_flood_frac": null, "modeled_flood_frac": 0.17, "elev_m": 1177.9, "slope_deg": 14.5, "n_lakes": 1, "n_drains": 0, "low_income_score": 0.15, "equity_weight": 1.075}}, {"type": "Feature", "geometry": {"type": "Polygon", "coordinates": [[[85.1306, 27.526690000000002], [85.1506, 27.526690000000002], [85.1506, 27.54669], [85.1306, 27.54669], [85.1306, 27.526690000000002]]]}, "properties": {"cell_id": "kat_0459", "flood_depth_m": {"rp10": 0.02, "rp100": 0.05}, "glof_depth_m": 0.0, "landslide_prob": 0.153, "population": 632, "critical_assets": [], "eal_people": 6.386, "eal_usd": 15965.0, "observed_flood_frac": null, "modeled_flood_frac": 0.02, "elev_m": 1370.9, "slope_deg": 18.4, "n_lakes": 0, "n_drains": 0, "low_income_score": 0.15, "equity_weight": 1.075}}, {"type": "Feature", "geometry": {"type": "Polygon", "coordinates": [[[85.1506, 27.526690000000002], [85.1706, 27.526690000000002], [85.1706, 27.54669], [85.1506, 27.54669], [85.1506, 27.526690000000002]]]}, "properties": {"cell_id": "kat_0460", "flood_depth_m": {"rp10": 0.02, "rp100": 0.05}, "glof_depth_m": 0.0, "landslide_prob": 0.182, "population": 270, "critical_assets": [], "eal_people": 2.728, "eal_usd": 6820.0, "observed_flood_frac": null, "modeled_flood_frac": 0.02, "elev_m": 1708.8, "slope_deg": 21.9, "n_lakes": 0, "n_drains": 0, "low_income_score": 0.15, "equity_weight": 1.075}}, {"type": "Feature", "geometry": {"type": "Polygon", "coordinates": [[[85.1706, 27.526690000000002], [85.1906, 27.526690000000002], [85.1906, 27.54669], [85.1706, 27.54669], [85.1706, 27.526690000000002]]]}, "properties": {"cell_id": "kat_0461", "flood_depth_m": {"rp10": 0.04, "rp100": 0.11}, "glof_depth_m": 0.0, "landslide_prob": 0.106, "population": 234, "critical_assets": [], "eal_people": 3.069, "eal_usd": 7672.0, "observed_flood_frac": null, "modeled_flood_frac": 0.06, "elev_m": 1976.7, "slope_deg": 12.7, "n_lakes": 0, "n_drains": 0, "low_income_score": 0.15, "equity_weight": 1.075}}, {"type": "Feature", "geometry": {"type": "Polygon", "coordinates": [[[85.1906, 27.526690000000002], [85.2106, 27.526690000000002], [85.2106, 27.54669], [85.1906, 27.54669], [85.1906, 27.526690000000002]]]}, "properties": {"cell_id": "kat_0462", "flood_depth_m": {"rp10": 0.03, "rp100": 0.07}, "glof_depth_m": 0.0, "landslide_prob": 0.146, "population": 238, "critical_assets": [], "eal_people": 2.763, "eal_usd": 6908.0, "observed_flood_frac": null, "modeled_flood_frac": 0.04, "elev_m": 1850.0, "slope_deg": 17.5, "n_lakes": 0, "n_drains": 0, "low_income_score": 0.15, "equity_weight": 1.075}}, {"type": "Feature", "geometry": {"type": "Polygon", "coordinates": [[[85.2106, 27.526690000000002], [85.2306, 27.526690000000002], [85.2306, 27.54669], [85.2106, 27.54669], [85.2106, 27.526690000000002]]]}, "properties": {"cell_id": "kat_0463", "flood_depth_m": {"rp10": 0.04, "rp100": 0.11}, "glof_depth_m": 0.0, "landslide_prob": 0.192, "population": 263, "critical_assets": [], "eal_people": 3.449, "eal_usd": 8622.0, "observed_flood_frac": null, "modeled_flood_frac": 0.06, "elev_m": 1453.7, "slope_deg": 23.0, "n_lakes": 0, "n_drains": 0, "low_income_score": 0.15, "equity_weight": 1.075}}, {"type": "Feature", "geometry": {"type": "Polygon", "coordinates": [[[85.2306, 27.526690000000002], [85.2506, 27.526690000000002], [85.2506, 27.54669], [85.2306, 27.54669], [85.2306, 27.526690000000002]]]}, "properties": {"cell_id": "kat_0464", "flood_depth_m": {"rp10": 0.22, "rp100": 0.56}, "glof_depth_m": 0.0, "landslide_prob": 0.206, "population": 454, "critical_assets": ["lake"], "eal_people": 17.033, "eal_usd": 42582.0, "observed_flood_frac": null, "modeled_flood_frac": 0.17, "elev_m": 1255.8, "slope_deg": 24.7, "n_lakes": 1, "n_drains": 0, "low_income_score": 0.15, "equity_weight": 1.075}}, {"type": "Feature", "geometry": {"type": "Polygon", "coordinates": [[[85.2506, 27.526690000000002], [85.2706, 27.526690000000002], [85.2706, 27.54669], [85.2506, 27.54669], [85.2506, 27.526690000000002]]]}, "properties": {"cell_id": "kat_0465", "flood_depth_m": {"rp10": 0.02, "rp100": 0.05}, "glof_depth_m": 0.0, "landslide_prob": 0.205, "population": 594, "critical_assets": [], "eal_people": 6.449, "eal_usd": 16122.0, "observed_flood_frac": null, "modeled_flood_frac": 0.03, "elev_m": 1598.7, "slope_deg": 24.7, "n_lakes": 0, "n_drains": 0, "low_income_score": 0.15, "equity_weight": 1.075}}, {"type": "Feature", "geometry": {"type": "Polygon", "coordinates": [[[85.2706, 27.526690000000002], [85.2906, 27.526690000000002], [85.2906, 27.54669], [85.2706, 27.54669], [85.2706, 27.526690000000002]]]}, "properties": {"cell_id": "kat_0466", "flood_depth_m": {"rp10": 0.06, "rp100": 0.14}, "glof_depth_m": 0.0, "landslide_prob": 0.163, "population": 601, "critical_assets": [], "eal_people": 8.787, "eal_usd": 21968.0, "observed_flood_frac": null, "modeled_flood_frac": 0.08, "elev_m": 2073.2, "slope_deg": 19.6, "n_lakes": 0, "n_drains": 0, "low_income_score": 0.15, "equity_weight": 1.075}}, {"type": "Feature", "geometry": {"type": "Polygon", "coordinates": [[[85.2906, 27.526690000000002], [85.3106, 27.526690000000002], [85.3106, 27.54669], [85.2906, 27.54669], [85.2906, 27.526690000000002]]]}, "properties": {"cell_id": "kat_0467", "flood_depth_m": {"rp10": 0.03, "rp100": 0.07}, "glof_depth_m": 0.0, "landslide_prob": 0.18, "population": 610, "critical_assets": [], "eal_people": 7.082, "eal_usd": 17705.0, "observed_flood_frac": null, "modeled_flood_frac": 0.04, "elev_m": 2003.8, "slope_deg": 21.6, "n_lakes": 0, "n_drains": 0, "low_income_score": 0.15, "equity_weight": 1.075}}, {"type": "Feature", "geometry": {"type": "Polygon", "coordinates": [[[85.3106, 27.526690000000002], [85.3306, 27.526690000000002], [85.3306, 27.54669], [85.3106, 27.54669], [85.3106, 27.526690000000002]]]}, "properties": {"cell_id": "kat_0468", "flood_depth_m": {"rp10": 0.03, "rp100": 0.07}, "glof_depth_m": 0.0, "landslide_prob": 0.189, "population": 784, "critical_assets": ["school"], "eal_people": 9.102, "eal_usd": 22755.0, "observed_flood_frac": null, "modeled_flood_frac": 0.04, "elev_m": 1917.9, "slope_deg": 22.7, "n_lakes": 0, "n_drains": 0, "low_income_score": 0.15, "equity_weight": 1.075}}, {"type": "Feature", "geometry": {"type": "Polygon", "coordinates": [[[85.3306, 27.526690000000002], [85.3506, 27.526690000000002], [85.3506, 27.54669], [85.3306, 27.54669], [85.3306, 27.526690000000002]]]}, "properties": {"cell_id": "kat_0469", "flood_depth_m": {"rp10": 0.07, "rp100": 0.18}, "glof_depth_m": 0.0, "landslide_prob": 0.156, "population": 1031, "critical_assets": [], "eal_people": 16.625, "eal_usd": 41562.0, "observed_flood_frac": null, "modeled_flood_frac": 0.1, "elev_m": 1823.2, "slope_deg": 18.7, "n_lakes": 0, "n_drains": 0, "low_income_score": 0.15, "equity_weight": 1.075}}, {"type": "Feature", "geometry": {"type": "Polygon", "coordinates": [[[85.3506, 27.526690000000002], [85.3706, 27.526690000000002], [85.3706, 27.54669], [85.3506, 27.54669], [85.3506, 27.526690000000002]]]}, "properties": {"cell_id": "kat_0470", "flood_depth_m": {"rp10": 0.14, "rp100": 0.34}, "glof_depth_m": 0.0, "landslide_prob": 0.156, "population": 1238, "critical_assets": ["lake"], "eal_people": 35.268, "eal_usd": 88170.0, "observed_flood_frac": null, "modeled_flood_frac": 0.05, "elev_m": 1871.3, "slope_deg": 18.7, "n_lakes": 1, "n_drains": 0, "low_income_score": 0.15, "equity_weight": 1.075}}, {"type": "Feature", "geometry": {"type": "Polygon", "coordinates": [[[85.3706, 27.526690000000002], [85.39059999999999, 27.526690000000002], [85.39059999999999, 27.54669], [85.3706, 27.54669], [85.3706, 27.526690000000002]]]}, "properties": {"cell_id": "kat_0471", "flood_depth_m": {"rp10": 0.14, "rp100": 0.34}, "glof_depth_m": 0.0, "landslide_prob": 0.138, "population": 1440, "critical_assets": ["lake"], "eal_people": 41.022, "eal_usd": 102555.0, "observed_flood_frac": null, "modeled_flood_frac": 0.05, "elev_m": 2006.6, "slope_deg": 16.6, "n_lakes": 1, "n_drains": 0, "low_income_score": 0.15, "equity_weight": 1.075}}, {"type": "Feature", "geometry": {"type": "Polygon", "coordinates": [[[85.39059999999999, 27.526690000000002], [85.4106, 27.526690000000002], [85.4106, 27.54669], [85.39059999999999, 27.54669], [85.39059999999999, 27.526690000000002]]]}, "properties": {"cell_id": "kat_0472", "flood_depth_m": {"rp10": 0.04, "rp100": 0.09}, "glof_depth_m": 0.0, "landslide_prob": 0.128, "population": 858, "critical_assets": [], "eal_people": 10.607, "eal_usd": 26518.0, "observed_flood_frac": null, "modeled_flood_frac": 0.05, "elev_m": 2226.9, "slope_deg": 15.4, "n_lakes": 0, "n_drains": 0, "low_income_score": 0.15, "equity_weight": 1.075}}, {"type": "Feature", "geometry": {"type": "Polygon", "coordinates": [[[85.4106, 27.526690000000002], [85.4306, 27.526690000000002], [85.4306, 27.54669], [85.4106, 27.54669], [85.4106, 27.526690000000002]]]}, "properties": {"cell_id": "kat_0473", "flood_depth_m": {"rp10": 0.04, "rp100": 0.09}, "glof_depth_m": 0.0, "landslide_prob": 0.129, "population": 350, "critical_assets": [], "eal_people": 4.327, "eal_usd": 10818.0, "observed_flood_frac": null, "modeled_flood_frac": 0.05, "elev_m": 2389.0, "slope_deg": 15.5, "n_lakes": 0, "n_drains": 0, "low_income_score": 0.15, "equity_weight": 1.075}}, {"type": "Feature", "geometry": {"type": "Polygon", "coordinates": [[[85.4306, 27.526690000000002], [85.4506, 27.526690000000002], [85.4506, 27.54669], [85.4306, 27.54669], [85.4306, 27.526690000000002]]]}, "properties": {"cell_id": "kat_0474", "flood_depth_m": {"rp10": 0.07, "rp100": 0.18}, "glof_depth_m": 0.0, "landslide_prob": 0.163, "population": 192, "critical_assets": [], "eal_people": 3.096, "eal_usd": 7740.0, "observed_flood_frac": null, "modeled_flood_frac": 0.1, "elev_m": 2612.3, "slope_deg": 19.5, "n_lakes": 0, "n_drains": 0, "low_income_score": 0.15, "equity_weight": 1.075}}, {"type": "Feature", "geometry": {"type": "Polygon", "coordinates": [[[85.4506, 27.526690000000002], [85.4706, 27.526690000000002], [85.4706, 27.54669], [85.4506, 27.54669], [85.4506, 27.526690000000002]]]}, "properties": {"cell_id": "kat_0475", "flood_depth_m": {"rp10": 0.03, "rp100": 0.07}, "glof_depth_m": 0.0, "landslide_prob": 0.184, "population": 195, "critical_assets": [], "eal_people": 2.264, "eal_usd": 5660.0, "observed_flood_frac": null, "modeled_flood_frac": 0.04, "elev_m": 2384.9, "slope_deg": 22.1, "n_lakes": 0, "n_drains": 0, "low_income_score": 0.15, "equity_weight": 1.075}}, {"type": "Feature", "geometry": {"type": "Polygon", "coordinates": [[[85.4706, 27.526690000000002], [85.4906, 27.526690000000002], [85.4906, 27.54669], [85.4706, 27.54669], [85.4706, 27.526690000000002]]]}, "properties": {"cell_id": "kat_0476", "flood_depth_m": {"rp10": 0.06, "rp100": 0.16}, "glof_depth_m": 0.0, "landslide_prob": 0.171, "population": 330, "critical_assets": [], "eal_people": 5.073, "eal_usd": 12683.0, "observed_flood_frac": null, "modeled_flood_frac": 0.09, "elev_m": 2145.8, "slope_deg": 20.5, "n_lakes": 0, "n_drains": 0, "low_income_score": 0.15, "equity_weight": 1.075}}, {"type": "Feature", "geometry": {"type": "Polygon", "coordinates": [[[85.4906, 27.526690000000002], [85.5106, 27.526690000000002], [85.5106, 27.54669], [85.4906, 27.54669], [85.4906, 27.526690000000002]]]}, "properties": {"cell_id": "kat_0477", "flood_depth_m": {"rp10": 0.04, "rp100": 0.09}, "glof_depth_m": 0.0, "landslide_prob": 0.117, "population": 550, "critical_assets": [], "eal_people": 6.799, "eal_usd": 16998.0, "observed_flood_frac": null, "modeled_flood_frac": 0.05, "elev_m": 1843.4, "slope_deg": 14.0, "n_lakes": 0, "n_drains": 0, "low_income_score": 0.15, "equity_weight": 1.075}}, {"type": "Feature", "geometry": {"type": "Polygon", "coordinates": [[[85.5106, 27.526690000000002], [85.53059999999999, 27.526690000000002], [85.53059999999999, 27.54669], [85.5106, 27.54669], [85.5106, 27.526690000000002]]]}, "properties": {"cell_id": "kat_0478", "flood_depth_m": {"rp10": 0.09, "rp100": 0.22}, "glof_depth_m": 0.0, "landslide_prob": 0.129, "population": 495, "critical_assets": [], "eal_people": 8.727, "eal_usd": 21818.0, "observed_flood_frac": null, "modeled_flood_frac": 0.12, "elev_m": 1744.2, "slope_deg": 15.5, "n_lakes": 0, "n_drains": 0, "low_income_score": 0.15, "equity_weight": 1.075}}, {"type": "Feature", "geometry": {"type": "Polygon", "coordinates": [[[85.53059999999999, 27.526690000000002], [85.5506, 27.526690000000002], [85.5506, 27.54669], [85.53059999999999, 27.54669], [85.53059999999999, 27.526690000000002]]]}, "properties": {"cell_id": "kat_0479", "flood_depth_m": {"rp10": 0.03, "rp100": 0.07}, "glof_depth_m": 0.0, "landslide_prob": 0.152, "population": 287, "critical_assets": [], "eal_people": 3.332, "eal_usd": 8330.0, "observed_flood_frac": null, "modeled_flood_frac": 0.04, "elev_m": 1629.7, "slope_deg": 18.3, "n_lakes": 0, "n_drains": 0, "low_income_score": 0.15, "equity_weight": 1.075}}, {"type": "Feature", "geometry": {"type": "Polygon", "coordinates": [[[85.0706, 27.50669], [85.0906, 27.50669], [85.0906, 27.526690000000002], [85.0706, 27.526690000000002], [85.0706, 27.50669]]]}, "properties": {"cell_id": "kat_0480", "flood_depth_m": {"rp10": 0.58, "rp100": 1.46}, "glof_depth_m": 0.0, "landslide_prob": 0.14, "population": 1034, "critical_assets": [], "eal_people": 71.917, "eal_usd": 179792.0, "observed_flood_frac": null, "modeled_flood_frac": 0.81, "elev_m": 877.7, "slope_deg": 16.8, "n_lakes": 0, "n_drains": 0, "low_income_score": 0.15, "equity_weight": 1.075}}, {"type": "Feature", "geometry": {"type": "Polygon", "coordinates": [[[85.0906, 27.50669], [85.1106, 27.50669], [85.1106, 27.526690000000002], [85.0906, 27.526690000000002], [85.0906, 27.50669]]]}, "properties": {"cell_id": "kat_0481", "flood_depth_m": {"rp10": 0.2, "rp100": 0.5}, "glof_depth_m": 0.0, "landslide_prob": 0.181, "population": 467, "critical_assets": [], "eal_people": 13.856, "eal_usd": 34640.0, "observed_flood_frac": null, "modeled_flood_frac": 0.28, "elev_m": 1241.0, "slope_deg": 21.7, "n_lakes": 0, "n_drains": 0, "low_income_score": 0.15, "equity_weight": 1.075}}, {"type": "Feature", "geometry": {"type": "Polygon", "coordinates": [[[85.1106, 27.50669], [85.1306, 27.50669], [85.1306, 27.526690000000002], [85.1106, 27.526690000000002], [85.1106, 27.50669]]]}, "properties": {"cell_id": "kat_0482", "flood_depth_m": {"rp10": 0.06, "rp100": 0.16}, "glof_depth_m": 0.0, "landslide_prob": 0.205, "population": 328, "critical_assets": [], "eal_people": 5.042, "eal_usd": 12605.0, "observed_flood_frac": null, "modeled_flood_frac": 0.09, "elev_m": 1675.2, "slope_deg": 24.6, "n_lakes": 0, "n_drains": 0, "low_income_score": 0.15, "equity_weight": 1.075}}, {"type": "Feature", "geometry": {"type": "Polygon", "coordinates": [[[85.1306, 27.50669], [85.1506, 27.50669], [85.1506, 27.526690000000002], [85.1306, 27.526690000000002], [85.1306, 27.50669]]]}, "properties": {"cell_id": "kat_0483", "flood_depth_m": {"rp10": 0.09, "rp100": 0.22}, "glof_depth_m": 0.0, "landslide_prob": 0.191, "population": 283, "critical_assets": [], "eal_people": 4.989, "eal_usd": 12472.0, "observed_flood_frac": null, "modeled_flood_frac": 0.12, "elev_m": 1852.0, "slope_deg": 23.0, "n_lakes": 0, "n_drains": 0, "low_income_score": 0.15, "equity_weight": 1.075}}, {"type": "Feature", "geometry": {"type": "Polygon", "coordinates": [[[85.1506, 27.50669], [85.1706, 27.50669], [85.1706, 27.526690000000002], [85.1506, 27.526690000000002], [85.1506, 27.50669]]]}, "properties": {"cell_id": "kat_0484", "flood_depth_m": {"rp10": 0.05, "rp100": 0.13}, "glof_depth_m": 0.0, "landslide_prob": 0.197, "population": 178, "critical_assets": [], "eal_people": 2.468, "eal_usd": 6170.0, "observed_flood_frac": null, "modeled_flood_frac": 0.07, "elev_m": 2119.7, "slope_deg": 23.6, "n_lakes": 0, "n_drains": 0, "low_income_score": 0.15, "equity_weight": 1.075}}, {"type": "Feature", "geometry": {"type": "Polygon", "coordinates": [[[85.1706, 27.50669], [85.1906, 27.50669], [85.1906, 27.526690000000002], [85.1706, 27.526690000000002], [85.1706, 27.50669]]]}, "properties": {"cell_id": "kat_0485", "flood_depth_m": {"rp10": 0.06, "rp100": 0.14}, "glof_depth_m": 0.0, "landslide_prob": 0.148, "population": 214, "critical_assets": [], "eal_people": 3.129, "eal_usd": 7822.0, "observed_flood_frac": null, "modeled_flood_frac": 0.08, "elev_m": 1943.0, "slope_deg": 17.8, "n_lakes": 0, "n_drains": 0, "low_income_score": 0.15, "equity_weight": 1.075}}, {"type": "Feature", "geometry": {"type": "Polygon", "coordinates": [[[85.1906, 27.50669], [85.2106, 27.50669], [85.2106, 27.526690000000002], [85.1906, 27.526690000000002], [85.1906, 27.50669]]]}, "properties": {"cell_id": "kat_0486", "flood_depth_m": {"rp10": 0.02, "rp100": 0.05}, "glof_depth_m": 0.0, "landslide_prob": 0.187, "population": 211, "critical_assets": [], "eal_people": 2.291, "eal_usd": 5728.0, "observed_flood_frac": null, "modeled_flood_frac": 0.03, "elev_m": 1515.0, "slope_deg": 22.5, "n_lakes": 0, "n_drains": 0, "low_income_score": 0.15, "equity_weight": 1.075}}, {"type": "Feature", "geometry": {"type": "Polygon", "coordinates": [[[85.2106, 27.50669], [85.2306, 27.50669], [85.2306, 27.526690000000002], [85.2106, 27.526690000000002], [85.2106, 27.50669]]]}, "properties": {"cell_id": "kat_0487", "flood_depth_m": {"rp10": 0.14, "rp100": 0.34}, "glof_depth_m": 0.0, "landslide_prob": 0.162, "population": 299, "critical_assets": [], "eal_people": 6.846, "eal_usd": 17115.0, "observed_flood_frac": null, "modeled_flood_frac": 0.19, "elev_m": 1221.4, "slope_deg": 19.4, "n_lakes": 0, "n_drains": 0, "low_income_score": 0.15, "equity_weight": 1.075}}, {"type": "Feature", "geometry": {"type": "Polygon", "coordinates": [[[85.2306, 27.50669], [85.2506, 27.50669], [85.2506, 27.526690000000002], [85.2306, 27.526690000000002], [85.2306, 27.50669]]]}, "properties": {"cell_id": "kat_0488", "flood_depth_m": {"rp10": 0.33, "rp100": 0.83}, "glof_depth_m": 0.0, "landslide_prob": 0.183, "population": 349, "critical_assets": [], "eal_people": 15.082, "eal_usd": 37705.0, "observed_flood_frac": null, "modeled_flood_frac": 0.46, "elev_m": 1101.2, "slope_deg": 22.0, "n_lakes": 0, "n_drains": 0, "low_income_score": 0.15, "equity_weight": 1.075}}, {"type": "Feature", "geometry": {"type": "Polygon", "coordinates": [[[85.2506, 27.50669], [85.2706, 27.50669], [85.2706, 27.526690000000002], [85.2506, 27.526690000000002], [85.2506, 27.50669]]]}, "properties": {"cell_id": "kat_0489", "flood_depth_m": {"rp10": 0.09, "rp100": 0.23}, "glof_depth_m": 0.0, "landslide_prob": 0.24, "population": 344, "critical_assets": [], "eal_people": 6.324, "eal_usd": 15810.0, "observed_flood_frac": null, "modeled_flood_frac": 0.13, "elev_m": 1447.0, "slope_deg": 28.8, "n_lakes": 0, "n_drains": 0, "low_income_score": 0.15, "equity_weight": 1.075}}, {"type": "Feature", "geometry": {"type": "Polygon", "coordinates": [[[85.2706, 27.50669], [85.2906, 27.50669], [85.2906, 27.526690000000002], [85.2706, 27.526690000000002], [85.2706, 27.50669]]]}, "properties": {"cell_id": "kat_0490", "flood_depth_m": {"rp10": 0.06, "rp100": 0.16}, "glof_depth_m": 0.0, "landslide_prob": 0.215, "population": 470, "critical_assets": [], "eal_people": 7.225, "eal_usd": 18062.0, "observed_flood_frac": null, "modeled_flood_frac": 0.09, "elev_m": 1892.2, "slope_deg": 25.8, "n_lakes": 0, "n_drains": 0, "low_income_score": 0.15, "equity_weight": 1.075}}, {"type": "Feature", "geometry": {"type": "Polygon", "coordinates": [[[85.2906, 27.50669], [85.3106, 27.50669], [85.3106, 27.526690000000002], [85.2906, 27.526690000000002], [85.2906, 27.50669]]]}, "properties": {"cell_id": "kat_0491", "flood_depth_m": {"rp10": 0.02, "rp100": 0.05}, "glof_depth_m": 0.0, "landslide_prob": 0.18, "population": 602, "critical_assets": [], "eal_people": 5.177, "eal_usd": 12942.0, "observed_flood_frac": null, "modeled_flood_frac": 0.0, "elev_m": 1544.3, "slope_deg": 21.6, "n_lakes": 0, "n_drains": 0, "low_income_score": 0.15, "equity_weight": 1.075}}, {"type": "Feature", "geometry": {"type": "Polygon", "coordinates": [[[85.3106, 27.50669], [85.3306, 27.50669], [85.3306, 27.526690000000002], [85.3106, 27.526690000000002], [85.3106, 27.50669]]]}, "properties": {"cell_id": "kat_0492", "flood_depth_m": {"rp10": 0.04, "rp100": 0.11}, "glof_depth_m": 0.0, "landslide_prob": 0.179, "population": 781, "critical_assets": [], "eal_people": 10.243, "eal_usd": 25608.0, "observed_flood_frac": null, "modeled_flood_frac": 0.06, "elev_m": 1523.4, "slope_deg": 21.5, "n_lakes": 0, "n_drains": 0, "low_income_score": 0.15, "equity_weight": 1.075}}, {"type": "Feature", "geometry": {"type": "Polygon", "coordinates": [[[85.3306, 27.50669], [85.3506, 27.50669], [85.3506, 27.526690000000002], [85.3306, 27.526690000000002], [85.3306, 27.50669]]]}, "properties": {"cell_id": "kat_0493", "flood_depth_m": {"rp10": 0.36, "rp100": 0.91}, "glof_depth_m": 0.0, "landslide_prob": 0.162, "population": 934, "critical_assets": ["lake"], "eal_people": 29.419, "eal_usd": 73548.0, "observed_flood_frac": null, "modeled_flood_frac": 0.09, "elev_m": 1640.5, "slope_deg": 19.4, "n_lakes": 3, "n_drains": 0, "low_income_score": 0.15, "equity_weight": 1.075}}, {"type": "Feature", "geometry": {"type": "Polygon", "coordinates": [[[85.3506, 27.50669], [85.3706, 27.50669], [85.3706, 27.526690000000002], [85.3506, 27.526690000000002], [85.3506, 27.50669]]]}, "properties": {"cell_id": "kat_0494", "flood_depth_m": {"rp10": 0.04, "rp100": 0.11}, "glof_depth_m": 0.0, "landslide_prob": 0.179, "population": 1033, "critical_assets": [], "eal_people": 13.548, "eal_usd": 33870.0, "observed_flood_frac": null, "modeled_flood_frac": 0.06, "elev_m": 1839.6, "slope_deg": 21.5, "n_lakes": 0, "n_drains": 0, "low_income_score": 0.15, "equity_weight": 1.075}}, {"type": "Feature", "geometry": {"type": "Polygon", "coordinates": [[[85.3706, 27.50669], [85.39059999999999, 27.50669], [85.39059999999999, 27.526690000000002], [85.3706, 27.526690000000002], [85.3706, 27.50669]]]}, "properties": {"cell_id": "kat_0495", "flood_depth_m": {"rp10": 0.34, "rp100": 0.86}, "glof_depth_m": 0.0, "landslide_prob": 0.18, "population": 960, "critical_assets": ["lake"], "eal_people": 28.07, "eal_usd": 70175.0, "observed_flood_frac": null, "modeled_flood_frac": 0.06, "elev_m": 1927.5, "slope_deg": 21.6, "n_lakes": 3, "n_drains": 0, "low_income_score": 0.15, "equity_weight": 1.075}}, {"type": "Feature", "geometry": {"type": "Polygon", "coordinates": [[[85.39059999999999, 27.50669], [85.4106, 27.50669], [85.4106, 27.526690000000002], [85.39059999999999, 27.526690000000002], [85.39059999999999, 27.50669]]]}, "properties": {"cell_id": "kat_0496", "flood_depth_m": {"rp10": 0.02, "rp100": 0.05}, "glof_depth_m": 0.0, "landslide_prob": 0.149, "population": 868, "critical_assets": [], "eal_people": 7.465, "eal_usd": 18662.0, "observed_flood_frac": null, "modeled_flood_frac": 0.0, "elev_m": 2067.6, "slope_deg": 17.9, "n_lakes": 0, "n_drains": 0, "low_income_score": 0.15, "equity_weight": 1.075}}, {"type": "Feature", "geometry": {"type": "Polygon", "coordinates": [[[85.4106, 27.50669], [85.4306, 27.50669], [85.4306, 27.526690000000002], [85.4106, 27.526690000000002], [85.4106, 27.50669]]]}, "properties": {"cell_id": "kat_0497", "flood_depth_m": {"rp10": 0.06, "rp100": 0.16}, "glof_depth_m": 0.0, "landslide_prob": 0.134, "population": 492, "critical_assets": [], "eal_people": 7.563, "eal_usd": 18908.0, "observed_flood_frac": null, "modeled_flood_frac": 0.09, "elev_m": 2283.8, "slope_deg": 16.1, "n_lakes": 0, "n_drains": 0, "low_income_score": 0.15, "equity_weight": 1.075}}, {"type": "Feature", "geometry": {"type": "Polygon", "coordinates": [[[85.4306, 27.50669], [85.4506, 27.50669], [85.4506, 27.526690000000002], [85.4306, 27.526690000000002], [85.4306, 27.50669]]]}, "properties": {"cell_id": "kat_0498", "flood_depth_m": {"rp10": 0.05, "rp100": 0.13}, "glof_depth_m": 0.0, "landslide_prob": 0.188, "population": 294, "critical_assets": [], "eal_people": 4.077, "eal_usd": 10192.0, "observed_flood_frac": null, "modeled_flood_frac": 0.07, "elev_m": 2460.2, "slope_deg": 22.6, "n_lakes": 0, "n_drains": 0, "low_income_score": 0.15, "equity_weight": 1.075}}, {"type": "Feature", "geometry": {"type": "Polygon", "coordinates": [[[85.4506, 27.50669], [85.4706, 27.50669], [85.4706, 27.526690000000002], [85.4506, 27.526690000000002], [85.4506, 27.50669]]]}, "properties": {"cell_id": "kat_0499", "flood_depth_m": {"rp10": 0.04, "rp100": 0.11}, "glof_depth_m": 0.0, "landslide_prob": 0.167, "population": 244, "critical_assets": [], "eal_people": 3.2, "eal_usd": 8000.0, "observed_flood_frac": null, "modeled_flood_frac": 0.06, "elev_m": 2259.6, "slope_deg": 20.1, "n_lakes": 0, "n_drains": 0, "low_income_score": 0.15, "equity_weight": 1.075}}, {"type": "Feature", "geometry": {"type": "Polygon", "coordinates": [[[85.4706, 27.50669], [85.4906, 27.50669], [85.4906, 27.526690000000002], [85.4706, 27.526690000000002], [85.4706, 27.50669]]]}, "properties": {"cell_id": "kat_0500", "flood_depth_m": {"rp10": 0.1, "rp100": 0.25}, "glof_depth_m": 0.0, "landslide_prob": 0.112, "population": 358, "critical_assets": ["lake"], "eal_people": 8.852, "eal_usd": 22130.0, "observed_flood_frac": null, "modeled_flood_frac": 0.0, "elev_m": 2047.5, "slope_deg": 13.4, "n_lakes": 1, "n_drains": 0, "low_income_score": 0.15, "equity_weight": 1.075}}, {"type": "Feature", "geometry": {"type": "Polygon", "coordinates": [[[85.4906, 27.50669], [85.5106, 27.50669], [85.5106, 27.526690000000002], [85.4906, 27.526690000000002], [85.4906, 27.50669]]]}, "properties": {"cell_id": "kat_0501", "flood_depth_m": {"rp10": 0.02, "rp100": 0.05}, "glof_depth_m": 0.0, "landslide_prob": 0.114, "population": 328, "critical_assets": [], "eal_people": 2.821, "eal_usd": 7052.0, "observed_flood_frac": null, "modeled_flood_frac": 0.0, "elev_m": 1928.8, "slope_deg": 13.7, "n_lakes": 0, "n_drains": 0, "low_income_score": 0.15, "equity_weight": 1.075}}, {"type": "Feature", "geometry": {"type": "Polygon", "coordinates": [[[85.5106, 27.50669], [85.53059999999999, 27.50669], [85.53059999999999, 27.526690000000002], [85.5106, 27.526690000000002], [85.5106, 27.50669]]]}, "properties": {"cell_id": "kat_0502", "flood_depth_m": {"rp10": 0.04, "rp100": 0.11}, "glof_depth_m": 0.0, "landslide_prob": 0.145, "population": 353, "critical_assets": [], "eal_people": 4.63, "eal_usd": 11575.0, "observed_flood_frac": null, "modeled_flood_frac": 0.06, "elev_m": 1871.1, "slope_deg": 17.4, "n_lakes": 0, "n_drains": 0, "low_income_score": 0.15, "equity_weight": 1.075}}, {"type": "Feature", "geometry": {"type": "Polygon", "coordinates": [[[85.53059999999999, 27.50669], [85.5506, 27.50669], [85.5506, 27.526690000000002], [85.53059999999999, 27.526690000000002], [85.53059999999999, 27.50669]]]}, "properties": {"cell_id": "kat_0503", "flood_depth_m": {"rp10": 0.05, "rp100": 0.13}, "glof_depth_m": 0.0, "landslide_prob": 0.127, "population": 325, "critical_assets": [], "eal_people": 4.507, "eal_usd": 11268.0, "observed_flood_frac": null, "modeled_flood_frac": 0.07, "elev_m": 1784.9, "slope_deg": 15.2, "n_lakes": 0, "n_drains": 0, "low_income_score": 0.15, "equity_weight": 1.075}}, {"type": "Feature", "geometry": {"type": "Polygon", "coordinates": [[[85.0706, 27.48669], [85.0906, 27.48669], [85.0906, 27.50669], [85.0706, 27.50669], [85.0706, 27.48669]]]}, "properties": {"cell_id": "kat_0504", "flood_depth_m": {"rp10": 0.33, "rp100": 0.83}, "glof_depth_m": 0.0, "landslide_prob": 0.187, "population": 490, "critical_assets": [], "eal_people": 21.175, "eal_usd": 52938.0, "observed_flood_frac": null, "modeled_flood_frac": 0.46, "elev_m": 1136.6, "slope_deg": 22.5, "n_lakes": 0, "n_drains": 0, "low_income_score": 0.15, "equity_weight": 1.075}}, {"type": "Feature", "geometry": {"type": "Polygon", "coordinates": [[[85.0906, 27.48669], [85.1106, 27.48669], [85.1106, 27.50669], [85.0906, 27.50669], [85.0906, 27.48669]]]}, "properties": {"cell_id": "kat_0505", "flood_depth_m": {"rp10": 0.04, "rp100": 0.11}, "glof_depth_m": 0.0, "landslide_prob": 0.165, "population": 408, "critical_assets": [], "eal_people": 5.351, "eal_usd": 13378.0, "observed_flood_frac": null, "modeled_flood_frac": 0.06, "elev_m": 1249.1, "slope_deg": 19.8, "n_lakes": 0, "n_drains": 0, "low_income_score": 0.15, "equity_weight": 1.075}}, {"type": "Feature", "geometry": {"type": "Polygon", "coordinates": [[[85.1106, 27.48669], [85.1306, 27.48669], [85.1306, 27.50669], [85.1106, 27.50669], [85.1106, 27.48669]]]}, "properties": {"cell_id": "kat_0506", "flood_depth_m": {"rp10": 0.02, "rp100": 0.05}, "glof_depth_m": 0.0, "landslide_prob": 0.169, "population": 323, "critical_assets": [], "eal_people": 3.507, "eal_usd": 8768.0, "observed_flood_frac": null, "modeled_flood_frac": 0.03, "elev_m": 1538.4, "slope_deg": 20.2, "n_lakes": 0, "n_drains": 0, "low_income_score": 0.15, "equity_weight": 1.075}}, {"type": "Feature", "geometry": {"type": "Polygon", "coordinates": [[[85.1306, 27.48669], [85.1506, 27.48669], [85.1506, 27.50669], [85.1306, 27.50669], [85.1306, 27.48669]]]}, "properties": {"cell_id": "kat_0507", "flood_depth_m": {"rp10": 0.02, "rp100": 0.05}, "glof_depth_m": 0.0, "landslide_prob": 0.151, "population": 512, "critical_assets": [], "eal_people": 4.788, "eal_usd": 11970.0, "observed_flood_frac": null, "modeled_flood_frac": 0.01, "elev_m": 1575.9, "slope_deg": 18.1, "n_lakes": 0, "n_drains": 0, "low_income_score": 0.15, "equity_weight": 1.075}}, {"type": "Feature", "geometry": {"type": "Polygon", "coordinates": [[[85.1506, 27.48669], [85.1706, 27.48669], [85.1706, 27.50669], [85.1506, 27.50669], [85.1506, 27.48669]]]}, "properties": {"cell_id": "kat_0508", "flood_depth_m": {"rp10": 0.02, "rp100": 0.05}, "glof_depth_m": 0.0, "landslide_prob": 0.196, "population": 299, "critical_assets": [], "eal_people": 2.571, "eal_usd": 6428.0, "observed_flood_frac": null, "modeled_flood_frac": 0.0, "elev_m": 1587.6, "slope_deg": 23.6, "n_lakes": 0, "n_drains": 0, "low_income_score": 0.15, "equity_weight": 1.075}}, {"type": "Feature", "geometry": {"type": "Polygon", "coordinates": [[[85.1706, 27.48669], [85.1906, 27.48669], [85.1906, 27.50669], [85.1706, 27.50669], [85.1706, 27.48669]]]}, "properties": {"cell_id": "kat_0509", "flood_depth_m": {"rp10": 0.04, "rp100": 0.11}, "glof_depth_m": 0.0, "landslide_prob": 0.195, "population": 192, "critical_assets": [], "eal_people": 2.518, "eal_usd": 6295.0, "observed_flood_frac": null, "modeled_flood_frac": 0.06, "elev_m": 1895.7, "slope_deg": 23.4, "n_lakes": 0, "n_drains": 0, "low_income_score": 0.15, "equity_weight": 1.075}}, {"type": "Feature", "geometry": {"type": "Polygon", "coordinates": [[[85.1906, 27.48669], [85.2106, 27.48669], [85.2106, 27.50669], [85.1906, 27.50669], [85.1906, 27.48669]]]}, "properties": {"cell_id": "kat_0510", "flood_depth_m": {"rp10": 0.03, "rp100": 0.07}, "glof_depth_m": 0.0, "landslide_prob": 0.191, "population": 179, "critical_assets": [], "eal_people": 2.078, "eal_usd": 5195.0, "observed_flood_frac": null, "modeled_flood_frac": 0.04, "elev_m": 1708.4, "slope_deg": 23.0, "n_lakes": 0, "n_drains": 0, "low_income_score": 0.15, "equity_weight": 1.075}}, {"type": "Feature", "geometry": {"type": "Polygon", "coordinates": [[[85.2106, 27.48669], [85.2306, 27.48669], [85.2306, 27.50669], [85.2106, 27.50669], [85.2106, 27.48669]]]}, "properties": {"cell_id": "kat_0511", "flood_depth_m": {"rp10": 0.06, "rp100": 0.16}, "glof_depth_m": 0.0, "landslide_prob": 0.196, "population": 235, "critical_assets": [], "eal_people": 3.613, "eal_usd": 9032.0, "observed_flood_frac": null, "modeled_flood_frac": 0.09, "elev_m": 1335.7, "slope_deg": 23.5, "n_lakes": 0, "n_drains": 0, "low_income_score": 0.15, "equity_weight": 1.075}}, {"type": "Feature", "geometry": {"type": "Polygon", "coordinates": [[[85.2306, 27.48669], [85.2506, 27.48669], [85.2506, 27.50669], [85.2306, 27.50669], [85.2306, 27.48669]]]}, "properties": {"cell_id": "kat_0512", "flood_depth_m": {"rp10": 0.58, "rp100": 1.46}, "glof_depth_m": 0.0, "landslide_prob": 0.179, "population": 502, "critical_assets": ["lake"], "eal_people": 37.722, "eal_usd": 94305.0, "observed_flood_frac": null, "modeled_flood_frac": 0.67, "elev_m": 1012.5, "slope_deg": 21.5, "n_lakes": 1, "n_drains": 0, "low_income_score": 0.15, "equity_weight": 1.075}}, {"type": "Feature", "geometry": {"type": "Polygon", "coordinates": [[[85.2506, 27.48669], [85.2706, 27.48669], [85.2706, 27.50669], [85.2506, 27.50669], [85.2506, 27.48669]]]}, "properties": {"cell_id": "kat_0513", "flood_depth_m": {"rp10": 0.2, "rp100": 0.49}, "glof_depth_m": 0.0, "landslide_prob": 0.209, "population": 484, "critical_assets": [], "eal_people": 13.996, "eal_usd": 34990.0, "observed_flood_frac": null, "modeled_flood_frac": 0.27, "elev_m": 1206.0, "slope_deg": 25.0, "n_lakes": 0, "n_drains": 0, "low_income_score": 0.15, "equity_weight": 1.075}}, {"type": "Feature", "geometry": {"type": "Polygon", "coordinates": [[[85.2706, 27.48669], [85.2906, 27.48669], [85.2906, 27.50669], [85.2706, 27.50669], [85.2706, 27.48669]]]}, "properties": {"cell_id": "kat_0514", "flood_depth_m": {"rp10": 0.19, "rp100": 0.47}, "glof_depth_m": 0.0, "landslide_prob": 0.199, "population": 525, "critical_assets": [], "eal_people": 14.787, "eal_usd": 36968.0, "observed_flood_frac": null, "modeled_flood_frac": 0.26, "elev_m": 1245.7, "slope_deg": 23.9, "n_lakes": 0, "n_drains": 0, "low_income_score": 0.15, "equity_weight": 1.075}}, {"type": "Feature", "geometry": {"type": "Polygon", "coordinates": [[[85.2906, 27.48669], [85.3106, 27.48669], [85.3106, 27.50669], [85.2906, 27.50669], [85.2906, 27.48669]]]}, "properties": {"cell_id": "kat_0515", "flood_depth_m": {"rp10": 0.16, "rp100": 0.41}, "glof_depth_m": 0.0, "landslide_prob": 0.184, "population": 606, "critical_assets": [], "eal_people": 15.7, "eal_usd": 39250.0, "observed_flood_frac": null, "modeled_flood_frac": 0.23, "elev_m": 1187.1, "slope_deg": 22.0, "n_lakes": 0, "n_drains": 0, "low_income_score": 0.15, "equity_weight": 1.075}}, {"type": "Feature", "geometry": {"type": "Polygon", "coordinates": [[[85.3106, 27.48669], [85.3306, 27.48669], [85.3306, 27.50669], [85.3106, 27.50669], [85.3106, 27.48669]]]}, "properties": {"cell_id": "kat_0516", "flood_depth_m": {"rp10": 0.02, "rp100": 0.05}, "glof_depth_m": 0.0, "landslide_prob": 0.209, "population": 761, "critical_assets": [], "eal_people": 7.69, "eal_usd": 19225.0, "observed_flood_frac": null, "modeled_flood_frac": 0.02, "elev_m": 1347.2, "slope_deg": 25.1, "n_lakes": 0, "n_drains": 0, "low_income_score": 0.15, "equity_weight": 1.075}}, {"type": "Feature", "geometry": {"type": "Polygon", "coordinates": [[[85.3306, 27.48669], [85.3506, 27.48669], [85.3506, 27.50669], [85.3306, 27.50669], [85.3306, 27.48669]]]}, "properties": {"cell_id": "kat_0517", "flood_depth_m": {"rp10": 0.02, "rp100": 0.05}, "glof_depth_m": 0.0, "landslide_prob": 0.174, "population": 710, "critical_assets": [], "eal_people": 6.106, "eal_usd": 15265.0, "observed_flood_frac": null, "modeled_flood_frac": 0.0, "elev_m": 1422.5, "slope_deg": 20.9, "n_lakes": 0, "n_drains": 0, "low_income_score": 0.15, "equity_weight": 1.075}}, {"type": "Feature", "geometry": {"type": "Polygon", "coordinates": [[[85.3506, 27.48669], [85.3706, 27.48669], [85.3706, 27.50669], [85.3506, 27.50669], [85.3506, 27.48669]]]}, "properties": {"cell_id": "kat_0518", "flood_depth_m": {"rp10": 0.02, "rp100": 0.05}, "glof_depth_m": 0.0, "landslide_prob": 0.147, "population": 731, "critical_assets": [], "eal_people": 7.387, "eal_usd": 18468.0, "observed_flood_frac": null, "modeled_flood_frac": 0.02, "elev_m": 1505.9, "slope_deg": 17.6, "n_lakes": 0, "n_drains": 0, "low_income_score": 0.15, "equity_weight": 1.075}}, {"type": "Feature", "geometry": {"type": "Polygon", "coordinates": [[[85.3706, 27.48669], [85.39059999999999, 27.48669], [85.39059999999999, 27.50669], [85.3706, 27.50669], [85.3706, 27.48669]]]}, "properties": {"cell_id": "kat_0519", "flood_depth_m": {"rp10": 0.2, "rp100": 0.5}, "glof_depth_m": 0.0, "landslide_prob": 0.138, "population": 911, "critical_assets": ["lake"], "eal_people": 22.524, "eal_usd": 56310.0, "observed_flood_frac": null, "modeled_flood_frac": 0.0, "elev_m": 1602.5, "slope_deg": 16.5, "n_lakes": 2, "n_drains": 0, "low_income_score": 0.15, "equity_weight": 1.075}}, {"type": "Feature", "geometry": {"type": "Polygon", "coordinates": [[[85.39059999999999, 27.48669], [85.4106, 27.48669], [85.4106, 27.50669], [85.39059999999999, 27.50669], [85.39059999999999, 27.48669]]]}, "properties": {"cell_id": "kat_0520", "flood_depth_m": {"rp10": 0.1, "rp100": 0.25}, "glof_depth_m": 0.0, "landslide_prob": 0.133, "population": 933, "critical_assets": ["lake"], "eal_people": 23.068, "eal_usd": 57670.0, "observed_flood_frac": null, "modeled_flood_frac": 0.0, "elev_m": 1767.1, "slope_deg": 15.9, "n_lakes": 1, "n_drains": 0, "low_income_score": 0.15, "equity_weight": 1.075}}, {"type": "Feature", "geometry": {"type": "Polygon", "coordinates": [[[85.4106, 27.48669], [85.4306, 27.48669], [85.4306, 27.50669], [85.4106, 27.50669], [85.4106, 27.48669]]]}, "properties": {"cell_id": "kat_0521", "flood_depth_m": {"rp10": 0.12, "rp100": 0.29}, "glof_depth_m": 0.0, "landslide_prob": 0.16, "population": 460, "critical_assets": ["lake"], "eal_people": 12.066, "eal_usd": 30165.0, "observed_flood_frac": null, "modeled_flood_frac": 0.02, "elev_m": 2025.9, "slope_deg": 19.2, "n_lakes": 1, "n_drains": 0, "low_income_score": 0.15, "equity_weight": 1.075}}, {"type": "Feature", "geometry": {"type": "Polygon", "coordinates": [[[85.4306, 27.48669], [85.4506, 27.48669], [85.4506, 27.50669], [85.4306, 27.50669], [85.4306, 27.48669]]]}, "properties": {"cell_id": "kat_0522", "flood_depth_m": {"rp10": 0.02, "rp100": 0.05}, "glof_depth_m": 0.0, "landslide_prob": 0.215, "population": 374, "critical_assets": [], "eal_people": 3.216, "eal_usd": 8040.0, "observed_flood_frac": null, "modeled_flood_frac": 0.0, "elev_m": 1775.6, "slope_deg": 25.8, "n_lakes": 0, "n_drains": 0, "low_income_score": 0.15, "equity_weight": 1.075}}, {"type": "Feature", "geometry": {"type": "Polygon", "coordinates": [[[85.4506, 27.48669], [85.4706, 27.48669], [85.4706, 27.50669], [85.4506, 27.50669], [85.4506, 27.48669]]]}, "properties": {"cell_id": "kat_0523", "flood_depth_m": {"rp10": 0.03, "rp100": 0.07}, "glof_depth_m": 0.0, "landslide_prob": 0.232, "population": 101, "critical_assets": [], "eal_people": 1.173, "eal_usd": 2932.0, "observed_flood_frac": null, "modeled_flood_frac": 0.04, "elev_m": 2151.1, "slope_deg": 27.9, "n_lakes": 0, "n_drains": 0, "low_income_score": 0.15, "equity_weight": 1.075}}, {"type": "Feature", "geometry": {"type": "Polygon", "coordinates": [[[85.4706, 27.48669], [85.4906, 27.48669], [85.4906, 27.50669], [85.4706, 27.50669], [85.4706, 27.48669]]]}, "properties": {"cell_id": "kat_0524", "flood_depth_m": {"rp10": 0.04, "rp100": 0.11}, "glof_depth_m": 0.0, "landslide_prob": 0.182, "population": 111, "critical_assets": [], "eal_people": 1.456, "eal_usd": 3640.0, "observed_flood_frac": null, "modeled_flood_frac": 0.06, "elev_m": 2542.6, "slope_deg": 21.9, "n_lakes": 0, "n_drains": 0, "low_income_score": 0.15, "equity_weight": 1.075}}, {"type": "Feature", "geometry": {"type": "Polygon", "coordinates": [[[85.4906, 27.48669], [85.5106, 27.48669], [85.5106, 27.50669], [85.4906, 27.50669], [85.4906, 27.48669]]]}, "properties": {"cell_id": "kat_0525", "flood_depth_m": {"rp10": 0.04, "rp100": 0.11}, "glof_depth_m": 0.0, "landslide_prob": 0.171, "population": 148, "critical_assets": [], "eal_people": 1.941, "eal_usd": 4852.0, "observed_flood_frac": null, "modeled_flood_frac": 0.06, "elev_m": 2342.0, "slope_deg": 20.6, "n_lakes": 0, "n_drains": 0, "low_income_score": 0.15, "equity_weight": 1.075}}, {"type": "Feature", "geometry": {"type": "Polygon", "coordinates": [[[85.5106, 27.48669], [85.53059999999999, 27.48669], [85.53059999999999, 27.50669], [85.5106, 27.50669], [85.5106, 27.48669]]]}, "properties": {"cell_id": "kat_0526", "flood_depth_m": {"rp10": 0.03, "rp100": 0.07}, "glof_depth_m": 0.0, "landslide_prob": 0.161, "population": 175, "critical_assets": [], "eal_people": 2.032, "eal_usd": 5080.0, "observed_flood_frac": null, "modeled_flood_frac": 0.04, "elev_m": 2248.6, "slope_deg": 19.3, "n_lakes": 0, "n_drains": 0, "low_income_score": 0.15, "equity_weight": 1.075}}, {"type": "Feature", "geometry": {"type": "Polygon", "coordinates": [[[85.53059999999999, 27.48669], [85.5506, 27.48669], [85.5506, 27.50669], [85.53059999999999, 27.50669], [85.53059999999999, 27.48669]]]}, "properties": {"cell_id": "kat_0527", "flood_depth_m": {"rp10": 0.03, "rp100": 0.07}, "glof_depth_m": 0.0, "landslide_prob": 0.186, "population": 151, "critical_assets": [], "eal_people": 1.753, "eal_usd": 4382.0, "observed_flood_frac": null, "modeled_flood_frac": 0.04, "elev_m": 2085.0, "slope_deg": 22.3, "n_lakes": 0, "n_drains": 0, "low_income_score": 0.15, "equity_weight": 1.075}}], "provenance": {"data_status": "model output \u2014 D8 HAND valleys as pluvial-flood proxy; no SAR CSI for Kathmandu", "generated_utc": "2026-09-19T23:58:23Z", "bbox": [85.0706, 27.476689999999998, 85.5706, 27.92669], "osm_assets": 400, "osm_water": 400, "worldpop": true, "method": "HAND \u2264 515.68 m (18th percentile) on GLO-30"}}